ra,dec,sigra,sigdec,sigradec,glon,glat,elon,elat,w1x,w1y,w2x,w2y,cntr,source_id,frame_num,scan_id,src,w1mpro,w1sigmpro,w1snr,w1rchi2,w2mpro,w2sigmpro,w2snr,w2rchi2,rchi2,nb,na,w1sat,w2sat,satnum,cc_flags,det_bit,ph_qual,sso_flg,qual_frame,qi_fact,saa_sep,moon_masked,w1frtr,w2frtr,mjd,w1cc_map,w1cc_map_str,w2cc_map,w2cc_map_str,w1sky,w1sigsk,w1conf,w2sky,w2sigsk,w2conf,w1flux,w1sigflux,w2flux,w2sigflux,w1fitr,w2fitr,w1mag,w1sigm,w1flg,w1mcor,w2mag,w2sigm,w2flg,w2mcor,w1mag_1,w1sigm_1,w1flg_1,w2mag_1,w2sigm_1,w2flg_1,w1mag_2,w1sigm_2,w1flg_2,w2mag_2,w2sigm_2,w2flg_2,w1mag_3,w1sigm_3,w1flg_3,w2mag_3,w2sigm_3,w2flg_3,w1mag_4,w1sigm_4,w1flg_4,w2mag_4,w2sigm_4,w2flg_4,w1mag_5,w1sigm_5,w1flg_5,w2mag_5,w2sigm_5,w2flg_5,w1mag_6,w1sigm_6,w1flg_6,w2mag_6,w2sigm_6,w2flg_6,w1mag_7,w1sigm_7,w1flg_7,w2mag_7,w2sigm_7,w2flg_7,w1mag_8,w1sigm_8,w1flg_8,w2mag_8,w2sigm_8,w2flg_8,allwise_cntr,r_allwise,pa_allwise,n_allwise,w1mpro_allwise,w1sigmpro_allwise,w2mpro_allwise,w2sigmpro_allwise,w3mpro_allwise,w3sigmpro_allwise,w4mpro_allwise,w4sigmpro_allwise,tmass_key,r_2mass,pa_2mass,n_2mass,xscprox,j_m_2mass,j_msig_2mass,h_m_2mass,h_msig_2mass,k_m_2mass,k_msig_2mass,x,y,z,spt_ind,htm20
74.5797674,-7.7678022,0.1898,0.2209,-0.0318,206.7987315,-28.6472284,72.2406342,-30.2613403,784.115,247.829,781.392,245.971,5233401140000751,52334a140-000751,140,52334a,751,14.393,0.073,14.8,1.65,13.593,0.108,10.1,0.548,1.03,1,0,0.00000,0.00000,0000,0000,3,AA,0,10,1.0,29.731,00,0000,0000,56907.11956230,0,,0,,18.156,4.335,0.000,45.515,4.448,0.000,352,23.71,262.8,26.1,7.50,7.50,14.233,0.222,2,0.257,13.649,0.292,2,0.322,14.934,0.313,2,14.368,0.281,2,14.490,0.222,2,13.971,0.292,2,14.275,0.193,3,13.886,0.349,3,14.148,0.187,3,13.891,0.417,3,14.066,0.191,3,13.890,0.511,3,13.961,0.190,3,13.004,,32,13.800,0.180,3,12.839,,32,13.614,0.168,3,12.706,,32,747007601351013697,0.818114,-143.5,1,14.522,0.031,13.635,0.035,10.862,0.102,8.082,0.286,129874876,0.774914,-149.2,1,,17.189,0.1969,16.481,0.2507,15.618,0.2293,0.2634566676800630,0.9551558433060000,-0.1351587927340340,102322121,9596681613740
74.5795192,-7.7679928,0.2290,0.2343,-0.0161,206.7987994,-28.6475338,72.2403246,-30.2614994,45.132,807.167,49.155,808.520,5232801176000830,52328a176-000830,176,52328a,830,14.613,0.099,11.0,0.947,13.529,0.100,10.8,0.977,0.918,1,0,0.00000,0.00000,0000,0000,3,AA,0,10,1.0,90.005,00,0000,0000,56906.92231567,0,,0,,18.324,3.721,0.000,44.177,4.392,0.000,287.6,26.23,278.6,25.75,7.50,7.50,14.731,0.213,2,0.257,13.460,0.151,0,0.322,15.399,0.236,2,14.261,0.169,0,14.988,0.213,2,13.782,0.151,0,14.837,0.213,2,13.573,0.162,2,14.817,0.240,3,13.442,0.177,3,14.829,0.278,3,13.324,0.188,3,14.786,0.302,3,13.223,0.197,3,14.618,0.290,3,13.114,0.205,3,14.366,0.260,3,12.985,0.211,3,747007601351013697,0.399799,85.9,1,14.522,0.031,13.635,0.035,10.862,0.102,8.082,0.286,129874876,0.488407,87.5,1,,17.189,0.1969,16.481,0.2507,15.618,0.2293,0.2634606857686180,0.9551542685891000,-0.1351620888058160,102322121,9596681614229
74.5796460,-7.7679146,0.2387,0.2455,-0.0825,206.7987842,-28.6473864,72.2404800,-30.2614371,690.318,524.011,689.283,522.573,5234401176000936,52344a176-000936,176,52344a,936,14.662,0.123,8.9,1.22,13.628,0.098,11.0,0.618,0.839,1,0,0.00000,0.00000,0000,0000,3,BA,0,10,1.0,6.910,00,0000,0000,56907.44847634,0,,0,,16.975,4.033,0.000,45.800,4.870,0.000,274.9,31.03,254.4,23.05,7.50,7.50,14.731,0.234,3,0.257,13.684,0.295,3,0.322,15.353,0.213,2,14.423,0.242,0,14.988,0.234,3,14.006,0.295,3,14.884,0.261,3,13.926,0.422,3,14.797,0.280,3,13.231,,32,14.659,0.289,3,13.153,,32,14.495,0.297,3,13.016,,32,14.304,0.308,3,12.931,,32,14.080,0.319,3,12.828,,32,747007601351013697,0.258674,-168.1,1,14.522,0.031,13.635,0.035,10.862,0.102,8.082,0.286,129874876,0.263069,172.2,1,,17.189,0.1969,16.481,0.2507,15.618,0.2293,0.2634586209891250,0.9551550294794831,-0.1351607364827370,102322121,9596681614233
74.5796118,-7.7679848,0.1964,0.2152,-0.0664,206.7988383,-28.6474482,72.2404312,-30.2615027,369.568,670.718,371.104,670.686,5233601176000815,52336a176-000815,176,52336a,815,14.498,0.076,14.3,1.8,13.662,0.123,8.9,0.846,1.31,1,0,0.00000,0.00000,0000,0000,3,AB,0,10,1.0,18.952,00,0000,0000,56907.18539603,0,,0,,17.411,3.742,0.000,45.815,5.201,0.000,319.8,22.3,246.7,27.84,7.50,7.50,14.365,0.091,0,0.257,12.911,,32,0.322,15.086,0.107,0,13.576,,32,14.622,0.091,0,13.233,,32,14.420,0.095,1,13.126,,32,14.305,0.102,1,13.072,,32,14.201,0.111,1,13.048,,32,14.096,0.122,3,13.044,,32,13.981,0.134,3,13.028,,32,13.820,0.136,3,12.939,,32,747007601351013697,0.068487,90.3,1,14.522,0.031,13.635,0.035,10.862,0.102,8.082,0.286,129874876,0.157859,92.9,1,,17.189,0.1969,16.481,0.2507,15.618,0.2293,0.2634591470900270,0.9551547125791920,-0.1351619504607560,102322121,9596681614234
74.5796421,-7.7679647,0.1993,0.1978,-0.0622,206.7988332,-28.6474124,72.2404685,-30.2614864,528.865,597.250,529.146,596.520,5234001176000752,52340a176-000752,176,52340a,752,14.509,0.074,14.6,0.815,13.781,0.148,7.3,0.47,0.607,1,0,0.00000,0.00000,0000,0000,3,AB,0,10,1.0,1.829,00,0000,0000,56907.31693611,0,,0,,19.113,4.334,0.000,45.194,5.340,0.000,316.3,21.67,221.1,30.14,7.50,7.50,14.425,0.115,2,0.257,13.658,0.485,2,0.322,15.060,0.110,0,14.457,0.447,0,14.682,0.115,2,13.980,0.485,2,14.565,0.145,3,13.019,,32,14.537,0.181,3,12.927,,32,14.486,0.207,3,12.846,,32,14.350,0.210,3,12.661,,32,14.122,0.190,3,12.869,0.408,3,13.866,0.171,3,12.214,0.298,3,747007601351013697,0.082800,-151.4,1,14.522,0.031,13.635,0.035,10.862,0.102,8.082,0.286,129874876,0.094356,148.3,1,,17.189,0.1969,16.481,0.2507,15.618,0.2293,0.2634586545788950,0.9551548976147380,-0.1351616028687790,102322121,9596681614235
74.5796675,-7.7679401,0.1950,0.1877,-0.0844,206.7988211,-28.6473788,72.2405009,-30.2614651,204.319,732.700,207.103,733.360,5233201176000783,52332a176-000783,176,52332a,783,14.493,0.069,15.8,1.12,13.611,0.106,10.2,1.01,1.01,1,0,0.00000,0.00000,0000,0000,3,AA,0,10,1.0,48.279,00,0000,0000,56907.05385590,0,,0,,18.135,3.795,0.000,44.323,5.049,0.000,321.2,20.27,258.5,25.34,7.50,7.50,14.387,0.087,2,0.257,13.615,0.174,2,0.322,15.064,0.095,0,14.365,0.176,2,14.644,0.087,2,13.937,0.174,2,14.496,0.098,2,13.790,0.207,2,14.442,0.114,2,13.726,0.252,2,14.385,0.129,3,13.679,0.290,3,14.276,0.138,3,13.625,0.325,3,14.101,0.137,3,13.524,0.356,3,13.855,0.125,3,13.338,0.399,3,747007601351013697,0.207272,-141.1,1,14.522,0.031,13.635,0.035,10.862,0.102,8.082,0.286,129874876,0.173752,-166.3,1,,17.189,0.1969,16.481,0.2507,15.618,0.2293,0.2634582465762040,0.9551550703520580,-0.1351611774576820,102322121,9596681614235
74.5796430,-7.7679400,0.1954,0.1968,-0.0435,206.7988085,-28.6474005,72.2404730,-30.2614620,622.056,320.986,620.623,319.848,5232902200000744,52329b200-000744,200,52329b,744,14.482,0.070,15.5,1.05,13.755,0.127,8.6,0.805,0.889,1,0,0.00000,0.00000,0000,0000,3,AB,0,10,1.0,69.230,00,0000,0000,56906.98802213,0,,0,,19.298,4.470,0.000,45.592,4.543,0.000,324.5,20.87,226.4,26.43,7.50,7.50,14.405,0.146,1,0.257,13.693,0.360,1,0.322,15.079,0.171,0,14.504,0.367,0,14.662,0.146,1,14.015,0.360,1,14.533,0.145,3,13.831,0.371,3,14.486,0.160,3,13.774,0.404,3,14.423,0.186,3,13.745,0.438,3,14.318,0.221,3,13.639,0.443,3,14.137,0.233,3,13.411,0.403,3,13.906,0.254,3,13.115,0.343,3,747007601351013697,0.167211,-165.2,1,14.522,0.031,13.635,0.035,10.862,0.102,8.082,0.286,129874876,0.175439,164.7,1,,17.189,0.1969,16.481,0.2507,15.618,0.2293,0.2634586550686260,0.9551549579231400,-0.1351611757283680,102322121,9596681614235
74.5795771,-7.7678813,0.2500,0.2606,-0.0299,206.7987153,-28.6474324,72.2404063,-30.2613957,948.358,180.316,944.298,177.754,5233702200000845,52337b200-000845,200,52337b,845,14.543,0.087,12.5,0.817,13.997,0.207,5.2,0.832,0.786,1,0,0.00000,0.00000,0000,0000,3,AB,0,10,1.0,12.014,00,0000,0000,56907.25110244,0,,0,,17.836,3.743,0.000,46.181,3.722,0.000,306.8,24.55,181.1,34.59,7.50,7.50,14.580,0.215,3,0.257,13.109,,32,0.322,15.238,0.201,3,13.700,,32,14.837,0.215,3,13.431,,32,14.653,0.228,3,13.288,,32,14.526,0.260,3,13.160,,32,14.384,0.272,3,13.069,,32,14.207,0.249,3,12.977,,32,13.999,0.222,3,12.885,,32,13.789,0.199,3,12.808,,32,747007601351013697,0.419598,152.7,1,14.522,0.031,13.635,0.035,10.862,0.102,8.082,0.286,129874876,0.473287,143.5,1,,17.189,0.1969,16.481,0.2507,15.618,0.2293,0.2634597904809140,0.9551547883880280,-0.1351601606212980,102322121,9596681614237
74.5797591,-7.7680245,0.2084,0.1942,-0.0719,206.7989535,-28.6473357,72.2405932,-30.2615599,138.167,550.494,140.559,551.491,5231702201000902,52317b201-000902,201,52317b,902,14.591,0.070,15.6,0.915,13.583,0.105,10.3,0.772,0.803,1,0,0.00000,0.00000,0000,0000,3,AA,0,10,1.0,43.800,00,0000,0000,56906.59340160,0,,0,,17.352,3.426,0.000,45.159,4.025,0.000,293.3,18.8,265.2,25.71,7.50,7.50,14.663,0.116,2,0.257,13.787,0.191,2,0.322,15.327,0.122,0,14.492,0.196,2,14.920,0.116,2,14.109,0.191,2,14.795,0.145,2,14.003,0.223,2,14.787,0.193,3,13.998,0.286,3,14.794,0.225,3,14.001,0.367,3,14.737,0.243,3,13.971,0.456,3,14.606,0.244,3,13.127,,32,14.395,0.228,3,12.972,,32,747007601351013697,0.478651,-72.7,1,14.522,0.031,13.635,0.035,10.862,0.102,8.082,0.286,129874876,0.391750,-69.8,1,,17.189,0.1969,16.481,0.2507,15.618,0.2293,0.2634566666084500,0.9551552996132540,-0.1351626369980920,102322121,9596681614264
74.5796146,-7.7680331,0.2226,0.2147,-0.0712,206.7988889,-28.6474675,72.2404275,-30.2615509,296.847,472.321,297.994,472.620,5232102201000817,52321b201-000817,201,52321b,817,14.622,0.075,14.5,1.11,13.740,0.127,8.6,1.03,1.02,1,0,0.00000,0.00000,0000,0000,3,AB,0,10,1.0,86.337,00,0000,0000,56906.72494177,0,,0,,17.495,3.169,0.000,45.901,4.406,0.000,285.2,19.73,229.5,26.76,7.50,7.50,14.450,0.091,2,0.257,13.965,0.282,0,0.322,15.164,0.103,2,14.679,0.268,0,14.707,0.091,2,14.287,0.282,0,14.505,0.097,2,14.217,0.351,3,14.424,0.115,2,14.434,0.531,3,14.393,0.143,2,13.784,,32,14.346,0.165,2,13.813,,32,14.234,0.169,2,13.748,,32,14.029,0.158,3,13.647,,32,747007601351013697,0.183115,18.6,1,14.522,0.031,13.635,0.035,10.862,0.102,8.082,0.286,129874876,0.222148,41.7,1,,17.189,0.1969,16.481,0.2507,15.618,0.2293,0.2634590701155320,0.9551546156149450,-0.1351627857190180,102322121,9596681614265
74.5796508,-7.7680959,0.1973,0.2178,-0.0968,206.7989712,-28.6474637,72.2404598,-30.2616177,457.076,393.994,456.940,393.605,5232502200000807,52325b200-000807,200,52325b,807,14.584,0.070,15.4,1.48,13.729,0.148,7.3,0.803,1.11,1,0,0.00000,0.00000,0000,0000,3,AB,0,10,1.0,110.735,00,0000,0101,56906.85648190,0,,0,,17.571,3.773,0.000,45.795,4.316,0.000,295.3,19.15,231.9,31.59,7.50,7.50,14.434,0.137,0,0.257,13.889,0.259,2,0.322,15.136,0.162,0,14.683,0.291,2,14.691,0.137,0,14.211,0.259,2,14.524,0.143,1,14.101,0.317,3,14.471,0.159,3,14.213,0.474,3,14.425,0.173,3,13.477,,32,14.337,0.183,3,13.341,,32,14.161,0.181,3,13.172,,32,13.933,0.169,3,13.007,,32,747007601351013697,0.405793,-10.0,1,14.522,0.031,13.635,0.035,10.862,0.102,8.082,0.286,129874876,0.392479,2.7,1,,17.189,0.1969,16.481,0.2507,15.618,0.2293,0.2634584272476750,0.9551546392557601,-0.1351638717275470,102322121,9596681614269
74.5796748,-7.7678459,0.1988,0.2274,-0.0888,206.7987289,-28.6473300,72.2405226,-30.2613725,743.970,810.400,743.901,808.759,6334902197000717,63349b197-000717,197,63349b,717,14.455,0.069,15.7,1.26,13.649,0.223,4.9,0.568,0.929,1,0,0.00000,0.00000,0000,0000,3,AB,0,10,1.0,114.400,00,0000,0000,57268.85809956,0,,0,,24.820,3.769,0.000,104.632,7.215,0.000,332.7,21.22,250.2,51.33,7.50,7.50,14.402,0.145,1,0.260,12.807,,32,0.326,15.059,0.149,0,13.649,,32,14.662,0.145,1,13.133,,32,14.496,0.196,3,12.876,,32,14.378,0.223,3,12.769,,32,14.262,0.235,3,12.681,,32,14.133,0.230,3,12.605,,32,13.966,0.215,3,12.523,,32,13.779,0.197,3,12.418,,32,747007601351013697,0.524222,-162.7,1,14.522,0.031,13.635,0.035,10.862,0.102,8.082,0.286,129874876,0.512367,-172.5,1,,17.189,0.1969,16.481,0.2507,15.618,0.2293,0.2634581839679410,0.9551553181366200,-0.1351595484442230,102322121,9596681613734
74.5796333,-7.7678418,0.2232,0.2133,-0.0649,206.7987037,-28.6473649,72.2404759,-30.2613634,417.133,389.525,417.208,389.292,6334102197000785,63341b197-000785,197,63341b,785,14.473,0.075,14.4,0.975,13.283,0.120,9.1,0.716,0.808,1,0,0.00000,0.00000,0000,0000,3,AB,0,5,0.5,39.857,00,0000,0000,57268.59565567,0,,0,,34.284,4.234,0.000,137.064,7.389,0.000,327.2,22.69,350.6,38.72,7.50,7.50,14.610,0.135,2,0.260,13.287,0.265,2,0.326,15.230,0.135,0,14.060,0.235,2,14.870,0.135,2,13.613,0.265,2,14.782,0.231,2,13.450,0.349,2,14.796,0.327,2,13.339,0.466,2,14.832,0.385,3,12.344,,32,14.857,0.432,3,12.148,,32,14.768,0.429,3,12.039,,32,14.517,0.367,3,12.667,0.517,3,747007601351013697,0.515225,-179.1,1,14.522,0.031,13.635,0.035,10.862,0.102,8.082,0.286,129874876,0.528954,171.2,1,,17.189,0.1969,16.481,0.2507,15.618,0.2293,0.2634588783697100,0.9551551366341759,-0.1351594775423550,102322121,9596681613742
74.5796649,-7.7679143,0.2140,0.2017,-0.0874,206.7987935,-28.6473695,72.2405016,-30.2614391,94.962,612.200,97.836,613.378,6333302197000764,63333b197-000764,197,63333b,764,14.452,0.069,15.8,0.344,13.706,0.134,8.1,0.432,0.37,1,0,0.00000,0.00000,0000,0000,3,AB,0,5,0.5,1.449,00,0000,0000,57268.33333916,0,,0,,20.521,3.540,0.000,69.153,4.934,0.000,333.6,21.08,237.6,29.4,7.50,7.50,14.304,0.086,2,0.260,13.752,0.241,2,0.326,15.021,0.099,2,14.496,0.265,0,14.564,0.086,2,14.078,0.241,2,14.338,0.087,3,13.994,0.304,3,14.190,0.091,3,14.052,0.401,3,14.077,0.098,3,14.059,0.461,3,13.948,0.102,3,13.953,0.476,3,13.767,0.101,3,13.830,0.485,3,13.556,0.096,3,13.696,0.499,3,747007601351013697,0.281459,-154.6,1,14.522,0.031,13.635,0.035,10.862,0.102,8.082,0.286,129874876,0.263638,-173.1,1,,17.189,0.1969,16.481,0.2507,15.618,0.2293,0.2634583061029450,0.9551551170680200,-0.1351607312947960,102322121,9596681614233
74.5796562,-7.7680171,0.1877,0.1736,-0.0676,206.7988937,-28.6474235,72.2404771,-30.2615401,325.929,675.583,327.726,675.740,6335201172000740,63352a172-000740,172,63352a,740,14.412,0.066,16.4,1.37,13.358,0.116,9.4,0.703,0.988,1,0,0.00000,0.00000,0000,0000,3,AB,0,10,1.0,94.333,00,0000,0000,57268.92367869,0,,0,,20.582,3.373,0.000,83.033,5.417,0.000,346.3,21.17,327.3,34.87,7.50,7.50,14.351,0.082,0,0.260,13.418,0.257,2,0.326,15.049,0.092,0,14.184,0.242,2,14.611,0.082,0,13.744,0.257,2,14.426,0.089,2,13.594,0.306,2,14.369,0.104,2,13.579,0.354,2,14.369,0.122,3,13.587,0.404,3,14.343,0.139,3,13.581,0.446,3,14.191,0.140,3,13.576,0.492,3,13.940,0.130,3,12.787,,32,747007601351013697,0.146687,-37.8,1,14.522,0.031,13.635,0.035,10.862,0.102,8.082,0.286,129874876,0.108362,-0.4,1,,17.189,0.1969,16.481,0.2507,15.618,0.2293,0.2634583866550090,0.9551548432867560,-0.1351625090289210,102322121,9596681614234
74.5796599,-7.7679867,0.1883,0.2023,-0.0777,206.7988647,-28.6474065,72.2404856,-30.2615104,901.467,553.129,899.296,550.782,6335302197000754,63353b197-000754,197,63353b,754,14.424,0.071,15.3,1.3,13.586,0.160,6.8,0.607,0.894,1,0,0.00000,0.00000,0000,0000,3,AB,0,5,0.5,73.366,00,0000,0000,57268.98925787,0,,0,,19.314,3.465,0.000,81.351,5.496,0.000,342.5,22.37,265.2,38.98,7.50,7.50,14.489,0.112,2,0.260,13.708,0.310,0,0.326,15.129,0.117,2,14.427,0.302,0,14.748,0.112,2,14.034,0.310,0,14.600,0.134,3,13.991,0.421,3,14.533,0.178,3,13.390,,32,14.454,0.204,3,13.494,,32,14.307,0.203,3,13.528,,32,14.080,0.185,3,13.431,,32,13.824,0.166,3,13.153,,32,747007601351013697,0.103289,-86.4,1,14.522,0.031,13.635,0.035,10.862,0.102,8.082,0.286,129874876,0.013953,-94.4,1,,17.189,0.1969,16.481,0.2507,15.618,0.2293,0.2634583440425400,0.9551549294329090,-0.1351619833177080,102322121,9596681614234
74.5796450,-7.7679535,0.2663,0.2620,-0.1180,206.7988233,-28.6474048,72.2404734,-30.2614756,9.993,261.236,11.828,262.809,6334401172000826,63344a172-000826,172,63344a,826,14.595,0.085,12.8,1.06,13.790,0.210,5.2,0.72,0.855,1,0,0.00000,0.00000,0000,0000,3,AB,0,5,0.5,61.086,00,0000,0000,57268.66123485,0,,0,,47.823,4.459,0.000,219.147,7.847,0.000,292.4,22.8,219.8,42.58,7.50,7.50,14.567,0.136,0,0.260,13.005,,32,0.326,15.239,0.138,0,13.677,,32,14.826,0.136,0,13.331,,32,14.676,0.160,2,13.146,,32,14.631,0.199,2,13.028,,32,14.578,0.235,2,12.928,,32,14.448,0.246,2,12.805,,32,14.237,0.258,2,12.660,,32,13.965,0.251,2,12.517,,32,747007601351013697,0.123579,-156.2,1,14.522,0.031,13.635,0.035,10.862,0.102,8.082,0.286,129874876,0.126822,162.0,1,,17.189,0.1969,16.481,0.2507,15.618,0.2293,0.2634586132594540,0.9551549364193990,-0.1351614091856810,102322121,9596681614235
74.5797009,-7.7679579,0.1927,0.2213,-0.0829,206.7988562,-28.6473573,72.2405364,-30.2614868,489.752,434.483,489.579,433.940,6335601172000761,63356a172-000761,172,63356a,761,14.484,0.070,15.5,1.12,13.353,0.130,8.4,0.946,0.987,1,0,0.00000,0.00000,0000,0000,3,AB,0,10,1.0,52.660,00,0000,0000,57269.05483700,0,,0,,19.833,3.638,0.000,76.810,6.613,0.000,324.1,20.95,328.7,39.32,7.50,7.50,14.497,0.154,2,0.260,13.370,0.293,2,0.326,15.159,0.168,0,14.128,0.338,2,14.757,0.154,2,13.696,0.293,2,14.599,0.239,3,13.516,0.366,3,14.501,0.311,3,13.425,0.406,3,14.435,0.322,3,13.335,0.420,3,14.396,0.325,3,13.185,0.429,3,14.281,0.309,3,13.017,0.425,3,14.077,0.276,3,12.871,0.409,3,747007601351013697,0.267607,-111.3,1,14.522,0.031,13.635,0.035,10.862,0.102,8.082,0.286,129874876,0.191376,-123.2,1,,17.189,0.1969,16.481,0.2507,15.618,0.2293,0.2634576786129460,0.9551551834534570,-0.1351614852754700,102322121,9596681614235
74.5796659,-7.7679861,0.1982,0.2148,-0.0585,206.7988671,-28.6474009,72.2404926,-30.2615105,803.459,850.784,803.200,848.909,6336401173000728,63364a173-000728,173,63364a,728,14.579,0.072,15.1,1.08,13.731,0.177,6.1,0.846,0.928,1,0,0.00000,0.00000,0000,0000,3,AB,0,10,1.0,3.726,00,0000,0000,57269.31728075,0,,0,,20.729,4.574,0.000,71.339,6.619,0.000,297,19.6,232.1,37.79,7.50,7.50,14.569,0.153,0,0.260,13.672,0.373,2,0.326,15.193,0.146,0,14.464,0.359,2,14.829,0.153,0,13.998,0.373,2,14.737,0.184,0,13.793,0.402,2,14.800,0.239,19,13.769,0.511,3,14.954,0.322,19,12.931,,32,15.165,0.465,19,12.851,,32,14.477,,32,12.795,,32,14.348,,32,12.742,,32,747007601351013697,0.124562,-88.0,1,14.522,0.031,13.635,0.035,10.862,0.102,8.082,0.286,129874876,0.035461,-95.2,1,,17.189,0.1969,16.481,0.2507,15.618,0.2293,0.2634582443953050,0.9551549583866570,-0.1351619729418280,102322121,9596681614235
74.5796566,-7.7679632,0.2054,0.2228,-0.0572,206.7988391,-28.6473989,72.2404852,-30.2614867,583.103,136.724,581.155,135.771,6334502196000730,63345b196-000730,196,63345b,730,14.458,0.075,14.6,1.16,13.718,0.159,6.8,0.753,0.918,1,0,0.00000,0.00000,0000,0000,3,AB,0,5,0.5,82.465,00,0000,0000,57268.72681398,0,,0,,37.074,4.786,0.000,149.924,6.703,0.000,331.8,22.79,234.9,34.35,7.50,7.50,14.435,0.147,2,0.260,13.623,0.419,0,0.326,15.070,0.146,0,14.440,0.473,0,14.695,0.147,2,13.949,0.419,0,14.502,0.162,2,13.778,0.416,0,14.359,0.202,2,13.736,0.465,2,14.219,0.245,3,13.033,,32,14.039,0.249,3,13.000,,32,13.810,0.237,3,12.921,,32,13.555,0.213,3,12.818,,32,747007601351013697,0.120171,-130.5,1,14.522,0.031,13.635,0.035,10.862,0.102,8.082,0.286,129874876,0.085707,-178.6,1,,17.189,0.1969,16.481,0.2507,15.618,0.2293,0.2634584137961050,0.9551549677000510,-0.1351615769290790,102322121,9596681614235
74.5795712,-7.7680002,0.1972,0.2192,-0.0693,206.7988333,-28.6474911,72.2403827,-30.2615130,859.103,594.117,857.416,591.927,4651101101000814,46511a101-000814,101,46511a,814,14.534,0.088,12.4,1.44,13.834,0.122,8.9,0.922,1.15,1,0,0.00000,0.00000,0000,0000,3,AB,0,10,1.0,59.142,00,0000,0000,56715.51545925,0,,0,,19.083,3.416,0.000,45.581,4.688,0.000,312.5,25.24,215.5,24.26,7.50,7.50,14.447,0.146,3,0.257,13.765,0.209,3,0.322,15.125,0.168,0,14.508,0.210,2,14.704,0.146,3,14.087,0.209,3,14.592,0.162,3,14.000,0.293,3,14.642,0.194,3,14.066,0.451,3,14.740,0.237,3,13.381,,32,14.747,0.273,3,13.338,,32,14.602,0.272,3,13.177,,32,14.327,0.240,3,12.943,,32,747007601351013697,0.220301,75.5,1,14.522,0.031,13.635,0.035,10.862,0.102,8.082,0.286,129874876,0.306189,81.1,1,,17.189,0.1969,16.481,0.2507,15.618,0.2293,0.2634598142562370,0.9551544908696910,-0.1351622167749950,102322121,9596681614229
74.5797231,-7.7679980,0.2349,0.2394,-0.1363,206.7989083,-28.6473557,72.2405560,-30.2615293,693.805,173.235,691.351,171.786,4651401101000727,46514a101-000727,101,46514a,727,14.289,0.098,11.1,0.922,13.743,0.109,9.9,0.65,0.723,1,0,0.00000,0.00000,0000,0000,3,AB,0,10,1.0,21.464,00,0000,0000,56715.64712653,0,,0,,20.792,5.055,0.000,44.419,4.381,0.000,391.8,35.26,234.3,23.6,7.50,7.50,14.326,0.351,3,0.257,13.817,0.292,3,0.322,15.013,0.495,2,14.545,0.280,0,14.583,0.351,3,14.139,0.292,3,14.411,0.310,3,14.022,0.351,3,14.310,0.294,3,13.976,0.437,3,14.214,0.288,3,13.893,0.513,3,14.098,0.289,3,13.001,,32,13.983,0.298,3,12.849,,32,13.854,0.294,3,12.713,,32,747007601351013697,0.331885,-81.8,1,14.522,0.031,13.635,0.035,10.862,0.102,8.082,0.286,129874876,0.242597,-80.6,1,,17.189,0.1969,16.481,0.2507,15.618,0.2293,0.2634572833725480,0.9551551943422010,-0.1351621787301040,102322121,9596681614232
74.5796454,-7.7679842,0.1852,0.2029,0.0177,206.7988547,-28.6474182,72.2404695,-30.2615062,432.788,170.977,431.887,170.689,4653301077000703,46533a077-000703,77,46533a,703,14.525,0.072,15.0,0.464,13.525,0.097,11.2,0.759,0.6,1,0,0.00000,0.00000,0000,0000,3,AA,0,10,1.0,90.243,00,0000,0000,56716.23988413,0,,0,,22.133,4.086,0.000,47.294,5.072,0.000,315.3,21.03,286.4,25.5,7.50,7.50,14.484,0.113,2,0.257,13.467,0.243,2,0.322,15.132,0.113,2,14.238,0.253,2,14.741,0.113,2,13.789,0.243,2,14.585,0.132,2,13.667,0.379,2,14.518,0.173,2,12.845,,32,14.468,0.229,3,12.757,,32,14.369,0.252,3,12.722,,32,14.220,0.254,3,12.663,,32,14.009,0.261,3,12.552,,32,747007601351013697,0.051426,-92.8,1,14.522,0.031,13.635,0.035,10.862,0.102,8.082,0.286,129874876,0.039130,104.9,1,,17.189,0.1969,16.481,0.2507,15.618,0.2293,0.2634585873343600,0.9551548684440010,-0.1351619400848760,102322121,9596681614234
74.5796125,-7.7680220,0.1844,0.1824,-0.0176,206.7988765,-28.6474644,72.2404267,-30.2615397,599.497,575.706,599.287,574.663,4652901026000797,46529a026-000797,26,46529a,797,14.418,0.074,14.8,0.722,13.472,0.113,9.6,0.67,0.659,1,0,0.00000,0.00000,0000,0000,3,AB,0,10,1.0,48.136,00,0000,0000,56716.10821685,0,,0,,23.307,4.201,0.000,47.385,5.801,0.000,347.7,23.56,300.6,31.19,7.50,7.50,14.595,0.122,3,0.257,13.511,0.251,3,0.322,15.214,0.127,2,14.303,0.254,2,14.852,0.122,3,13.833,0.251,3,14.775,0.149,3,13.629,0.275,3,14.805,0.210,3,13.525,0.303,3,14.835,0.306,3,13.438,0.357,3,14.798,0.381,3,13.275,0.387,3,14.669,0.397,3,13.032,0.374,3,14.492,0.377,3,12.796,0.352,3,747007601351013697,0.148972,26.3,1,14.522,0.031,13.635,0.035,10.862,0.102,8.082,0.286,129874876,0.199879,50.9,1,,17.189,0.1969,16.481,0.2507,15.618,0.2293,0.2634591120864200,0.9551546312012950,-0.1351625937652640,102322121,9596681614234
74.5796252,-7.7679805,0.2001,0.2022,-0.0791,206.7988407,-28.6474344,72.2404470,-30.2615000,100.083,286.979,101.545,288.221,4654101077000763,46541a077-000763,77,46541a,763,14.508,0.069,15.8,0.824,13.642,0.114,9.5,0.555,0.672,1,0,0.00000,0.00000,0000,0000,3,AB,0,10,1.0,63.220,00,0000,0000,56716.50334615,0,,0,,21.616,3.948,0.000,47.310,5.854,0.000,320.3,20.27,257.1,26.95,7.50,7.50,14.436,0.111,0,0.257,13.479,0.218,2,0.322,15.135,0.110,0,14.327,0.220,0,14.693,0.111,0,13.801,0.218,2,14.480,0.115,0,13.554,0.247,2,14.350,0.122,0,13.434,0.272,2,14.236,0.134,1,13.363,0.365,3,14.112,0.139,3,13.270,0.417,3,13.950,0.136,3,13.131,0.401,3,13.719,0.123,3,12.963,0.364,3,747007601351013697,0.026056,127.4,1,14.522,0.031,13.635,0.035,10.862,0.102,8.082,0.286,129874876,0.112327,102.0,1,,17.189,0.1969,16.481,0.2507,15.618,0.2293,0.2634589264012750,0.9551547839740629,-0.1351618761002840,102322121,9596681614234
74.5796362,-7.7680225,0.2118,0.1790,0.0253,206.7988890,-28.6474436,72.2404536,-30.2615430,763.896,980.304,764.529,978.656,4652501078000638,46525a078-000638,78,46525a,638,14.301,0.075,14.5,0.81,13.496,0.117,9.3,0.72,0.728,1,0,0.00000,0.00000,0000,0000,3,AB,0,10,1.0,12.106,00,0000,0000,56715.97654953,0,,0,,20.382,3.780,0.000,46.184,4.866,0.000,387.4,26.72,294.3,31.72,7.50,7.50,14.267,0.127,3,0.257,13.586,0.244,3,0.322,14.923,0.152,0,14.352,0.301,2,14.524,0.127,3,13.908,0.244,3,14.392,0.130,3,13.767,0.249,3,14.353,0.146,3,13.810,0.300,3,14.303,0.162,3,13.953,0.402,3,14.205,0.170,3,13.321,,32,14.068,0.172,3,13.198,,32,13.863,0.169,3,13.033,,32,747007601351013697,0.136625,-7.8,1,14.522,0.031,13.635,0.035,10.862,0.102,8.082,0.286,129874876,0.146017,28.9,1,,17.189,0.1969,16.481,0.2507,15.618,0.2293,0.2634587166797070,0.9551547390421840,-0.1351626024118300,102322121,9596681614234
74.5796699,-7.7679899,0.1806,0.1737,-0.0733,206.7988730,-28.6473991,72.2404966,-30.2615148,17.493,372.112,19.817,373.738,4653001101000695,46530a101-000695,101,46530a,695,14.395,0.063,17.3,0.817,13.563,0.097,11.2,0.982,0.85,1,0,0.00000,0.00000,0000,0000,3,AA,0,10,1.0,69.778,00,0000,0000,56716.17405051,0,,0,,21.593,3.638,0.000,46.647,3.737,0.000,355.3,20.57,276.5,24.66,7.50,7.50,14.492,0.110,0,0.257,13.775,0.168,2,0.322,15.124,0.115,0,14.483,0.173,0,14.749,0.110,0,14.097,0.168,2,14.618,0.126,1,14.027,0.203,3,14.572,0.153,1,14.111,0.284,3,14.538,0.185,3,14.269,0.430,3,14.472,0.211,3,13.592,,32,14.331,0.216,3,13.485,,32,14.121,0.204,3,13.262,,32,747007601351013697,0.139918,-82.6,1,14.522,0.031,13.635,0.035,10.862,0.102,8.082,0.286,129874876,0.050668,-78.1,1,,17.189,0.1969,16.481,0.2507,15.618,0.2293,0.2634581753293220,0.9551549681379300,-0.1351620386557320,102322121,9596681614235
74.5796454,-7.7679600,0.2083,0.2030,-0.1067,206.7988301,-28.6474073,72.2404729,-30.2614821,522.601,681.245,523.306,680.543,4651801102000733,46518a102-000733,102,46518a,733,14.400,0.067,16.3,1.33,13.635,0.121,9.0,1.09,1.13,1,0,0.00000,0.00000,0000,0000,3,AB,0,10,1.0,5.577,00,0000,0000,56715.77892122,0,,0,,20.326,4.083,0.000,45.626,5.553,0.000,353.6,21.7,258.9,28.89,7.50,7.50,14.403,0.158,2,0.257,13.422,0.276,2,0.322,15.040,0.164,2,14.251,0.289,2,14.660,0.158,2,13.744,0.276,2,14.555,0.174,3,13.502,0.293,3,14.567,0.235,3,13.374,0.313,3,14.582,0.307,3,13.325,0.356,3,14.514,0.327,3,13.307,0.420,3,14.377,0.320,3,13.242,0.454,3,14.182,0.301,3,13.123,0.446,3,747007601351013697,0.103313,-150.2,1,14.522,0.031,13.635,0.035,10.862,0.102,8.082,0.286,129874876,0.104295,158.7,1,,17.189,0.1969,16.481,0.2507,15.618,0.2293,0.2634586025140370,0.9551549234770990,-0.1351615215910510,102322121,9596681614235
74.5796219,-7.7679439,0.1974,0.1947,-0.0817,206.7988018,-28.6474209,72.2404485,-30.2614633,356.470,265.528,356.393,265.614,4652201101001211,46522a101-001211,101,46522a,1211,14.520,0.069,15.8,0.982,13.594,0.112,9.7,1.18,1.02,1,0,0.00000,0.00000,0000,0000,3,AB,0,10,1.0,-0.037,00,0000,0000,56715.91058854,0,,0,,21.009,4.049,0.000,45.783,4.538,0.000,316.8,20.08,268.6,27.84,7.50,7.50,14.516,0.114,1,0.257,13.752,0.241,3,0.322,15.177,0.119,1,14.405,0.210,3,14.773,0.114,1,14.074,0.241,3,14.600,0.125,1,14.041,0.340,3,14.506,0.139,1,14.101,0.450,3,14.466,0.160,3,13.373,,32,14.464,0.188,3,13.230,,32,14.421,0.213,3,13.037,,32,14.272,0.220,3,12.852,,32,747007601351013697,0.151127,167.6,1,14.522,0.031,13.635,0.035,10.862,0.102,8.082,0.286,129874876,0.197153,141.9,1,,17.189,0.1969,16.481,0.2507,15.618,0.2293,0.2634590043719390,0.9551548520316780,-0.1351612431715930,102322121,9596681614235
74.5795344,-7.7679461,0.1646,0.1798,-0.0708,206.7987596,-28.6474993,72.2403485,-30.2614549,934.522,477.217,931.831,474.726,4652101077000843,46521a077-000843,77,46521a,843,14.452,0.063,17.3,1.86,13.569,0.132,8.3,0.477,1.1,1,0,0.00000,0.00000,0000,0000,3,AB,0,10,1.0,-1.801,00,0000,0000,56715.84475487,0,,0,,20.986,3.564,0.000,46.614,5.105,0.000,337,19.49,275.1,33.34,7.50,7.50,14.429,0.089,0,0.257,13.367,0.364,2,0.322,15.100,0.096,0,14.187,0.521,0,14.686,0.089,0,13.689,0.364,2,14.528,0.099,1,13.514,0.332,3,14.515,0.123,3,13.477,0.364,3,14.561,0.159,3,13.465,0.425,3,14.551,0.193,3,13.444,0.465,3,14.437,0.203,3,13.382,0.487,3,14.220,0.192,3,13.257,0.480,3,747007601351013697,0.371804,112.1,1,14.522,0.031,13.635,0.035,10.862,0.102,8.082,0.286,129874876,0.458053,108.8,1,,17.189,0.1969,16.481,0.2507,15.618,0.2293,0.2634604616688970,0.9551544446827060,-0.1351612812164880,102322121,9596681614236
74.5795816,-7.7679715,0.1840,0.1752,-0.0652,206.7988094,-28.6474690,72.2403987,-30.2614858,184.016,774.457,187.088,775.229,4652601102000758,46526a102-000758,102,46526a,758,14.405,0.063,17.3,0.931,13.620,0.111,9.8,0.775,0.821,1,0,0.00000,0.00000,0000,0000,3,AB,0,10,1.0,27.607,00,0000,0000,56716.04238318,0,,0,,23.396,4.438,0.000,46.576,4.355,0.000,352.1,20.41,262.4,26.72,7.50,7.50,14.477,0.094,0,0.257,13.617,0.162,2,0.322,15.104,0.098,0,14.418,0.186,0,14.734,0.094,0,13.939,0.162,2,14.643,0.115,1,13.725,0.181,3,14.626,0.141,3,13.632,0.255,3,14.564,0.165,3,13.605,0.372,3,14.433,0.175,3,13.577,0.494,3,14.261,0.177,3,12.664,,32,14.049,0.170,3,12.465,,32,747007601351013697,0.182692,105.3,1,14.522,0.031,13.635,0.035,10.862,0.102,8.082,0.286,129874876,0.271185,101.9,1,,17.189,0.1969,16.481,0.2507,15.618,0.2293,0.2634596588845380,0.9551546039580040,-0.1351617204620870,102322121,9596681614236
74.5795677,-7.7680332,0.2042,0.1902,-0.0485,206.7988651,-28.6475090,72.2403741,-30.2615454,262.746,688.361,265.006,688.781,4653701078000748,46537a078-000748,78,46537a,748,14.514,0.068,15.9,0.872,13.652,0.116,9.3,1.15,0.947,1,0,0.00000,0.00000,0000,0000,3,AB,0,5,0.5,105.058,00,0000,0000,56716.37167882,0,,0,,19.232,3.059,0.000,45.262,4.425,0.000,318.4,20.08,254.8,27.26,7.50,7.50,14.559,0.116,2,0.257,13.726,0.400,2,0.322,15.179,0.116,0,14.494,0.466,2,14.816,0.116,2,14.048,0.400,2,14.732,0.143,3,13.895,0.423,3,14.746,0.181,3,13.848,0.471,3,14.776,0.220,3,13.839,0.519,3,14.774,0.258,3,13.047,,32,14.701,0.281,3,12.951,,32,14.559,0.282,3,12.812,,32,747007601351013697,0.284982,52.4,1,14.522,0.031,13.635,0.035,10.862,0.102,8.082,0.286,129874876,0.356180,62.2,1,,17.189,0.1969,16.481,0.2507,15.618,0.2293,0.2634598519035250,0.9551543997303110,-0.1351627874483310,102322121,9596681614258
74.5797276,-7.7680582,0.2374,0.2288,-0.0314,206.7989718,-28.6473788,72.2405526,-30.2615896,767.745,65.075,764.431,63.232,4652501077000772,46525a077-000772,77,46525a,772,14.552,0.082,13.2,0.59,13.804,0.117,9.3,0.749,0.647,1,0,0.00000,0.00000,0000,0000,3,AB,0,10,1.0,11.648,00,0000,0000,56715.97642215,0,,0,,21.351,4.587,0.000,45.928,3.991,0.000,307.4,23.2,221.4,23.84,7.50,7.50,14.470,0.173,2,0.257,14.021,0.237,0,0.322,15.118,0.161,2,14.733,0.225,0,14.727,0.173,2,14.343,0.237,0,14.631,0.217,2,14.184,0.281,2,14.689,0.271,2,14.060,0.350,2,14.773,0.343,3,13.961,0.509,3,14.794,0.414,3,13.028,,32,14.695,0.429,3,12.900,,32,14.465,0.385,3,13.505,0.518,3,747007601351013697,0.434005,-52.6,1,14.522,0.031,13.635,0.035,10.862,0.102,8.082,0.286,129874876,0.361837,-44.9,1,,17.189,0.1969,16.481,0.2507,15.618,0.2293,0.2634571705937450,0.9551550781325330,-0.1351632197765870,102322121,9596681614267
74.5797588,-7.7679297,0.1722,0.1933,-0.0435,206.7988569,-28.6472934,72.2406063,-30.2614658,516.913,819.591,518.204,818.922,7456001167000683,74560a167-000683,167,74560a,683,14.477,0.069,15.7,1.48,13.701,0.116,9.4,0.444,0.932,1,0,0.00000,0.00000,0000,0000,3,AB,0,10,1.0,15.069,00,0000,0000,57636.25058950,0,,0,,19.973,4.121,0.000,48.340,4.391,0.000,326.6,20.81,238.4,25.4,7.50,7.50,14.205,0.165,0,0.260,13.501,0.283,2,0.326,14.975,0.197,0,14.364,0.294,0,14.465,0.165,0,13.827,0.283,2,14.202,0.143,2,13.549,0.301,2,14.091,0.140,2,13.425,0.340,2,14.044,0.150,3,13.421,0.405,3,13.973,0.160,3,13.422,0.464,3,13.858,0.161,3,13.349,0.468,3,13.706,0.156,3,13.195,0.434,3,747007601351013697,0.497289,-113.6,1,14.522,0.031,13.635,0.035,10.862,0.102,8.082,0.286,129874876,0.420724,-119.4,1,,17.189,0.1969,16.481,0.2507,15.618,0.2293,0.2634567310734320,0.9551555138182580,-0.1351609976090800,102322121,9596681613732
74.5795809,-7.7680122,0.1643,0.1858,-0.0585,206.7988505,-28.6474879,72.2403921,-30.2615261,679.564,887.467,680.211,886.117,7456401167000774,74564a167-000774,167,74564a,774,14.473,0.066,16.4,1.49,13.736,0.117,9.3,0.49,0.992,1,0,0.00000,0.00000,0000,0000,3,AB,0,10,1.0,-0.620,00,0000,0000,57636.38162043,0,,0,,18.686,3.527,0.000,48.272,5.156,0.000,327.8,20.03,230.8,24.9,7.50,7.50,14.493,0.106,0,0.260,13.756,0.340,2,0.326,15.149,0.112,0,14.487,0.274,2,14.753,0.106,0,14.082,0.340,2,14.619,0.116,1,13.899,0.409,3,14.583,0.137,1,13.814,0.438,3,14.555,0.160,1,13.763,0.466,3,14.493,0.175,1,13.717,0.499,3,14.360,0.184,3,13.648,0.541,3,14.133,0.240,3,12.742,,32,747007601351013697,0.203947,61.2,1,14.522,0.031,13.635,0.035,10.862,0.102,8.082,0.286,129874876,0.282824,71.3,1,,17.189,0.1969,16.481,0.2507,15.618,0.2293,0.2634596450243270,0.9551545081833670,-0.1351624242925770,102322121,9596681614229
74.5794935,-7.7679302,0.2218,0.2103,-0.0941,206.7987226,-28.6475284,72.2403042,-30.2614341,205.620,647.519,208.012,648.201,7455201166000808,74552a166-000808,166,74552a,808,14.523,0.073,14.8,0.824,13.753,0.123,8.8,0.956,0.842,1,0,0.00000,0.00000,0000,0000,3,AB,0,10,1.0,79.149,00,0000,0000,57635.98852766,0,,0,,20.089,4.218,0.000,48.809,4.597,0.000,313.1,21.12,227.3,25.74,7.50,7.50,14.452,0.094,2,0.260,13.519,0.179,2,0.326,15.120,0.102,2,14.415,0.227,2,14.711,0.094,2,13.845,0.179,2,14.545,0.103,3,13.583,0.195,3,14.498,0.128,3,13.469,0.251,3,14.482,0.160,3,13.447,0.297,3,14.408,0.178,3,13.463,0.343,3,14.260,0.177,3,13.425,0.399,3,14.052,0.165,3,13.319,0.447,3,747007601351013697,0.528513,111.9,1,14.522,0.031,13.635,0.035,10.862,0.102,8.082,0.286,129874876,0.614642,109.4,1,,17.189,0.1969,16.481,0.2507,15.618,0.2293,0.2634611534694340,0.9551542927718620,-0.1351610062556470,102322121,9596681614230
74.5796422,-7.7679253,0.2618,0.2894,-0.0886,206.7987932,-28.6473946,72.2404742,-30.2614473,778.904,271.098,776.286,269.269,7455302191000789,74553b191-000789,191,74553b,789,14.502,0.093,11.7,1.69,13.691,0.161,6.7,0.621,1.11,1,0,0.00000,0.00000,0000,0000,3,AB,0,10,1.0,58.377,00,0000,0000,57636.05397947,0,,0,,20.940,4.868,0.000,49.728,5.158,0.000,319.2,27.29,240.6,35.75,7.50,7.50,14.373,0.117,2,0.260,13.705,0.520,2,0.326,15.073,0.135,2,14.506,0.358,2,14.632,0.117,2,14.031,0.520,2,14.463,0.132,3,12.567,,32,14.399,0.166,3,12.254,,32,14.332,0.189,3,12.195,,32,14.228,0.196,3,12.158,,32,14.098,0.199,3,12.081,,32,13.921,0.197,3,11.981,,32,747007601351013697,0.218248,-169.5,1,14.522,0.031,13.635,0.035,10.862,0.102,8.082,0.286,129874876,0.227509,167.5,1,,17.189,0.1969,16.481,0.2507,15.618,0.2293,0.2634586776257740,0.9551549876735900,-0.1351609215192860,102322121,9596681614233
74.5796178,-7.7679733,0.2171,0.2080,-0.0992,206.7988296,-28.6474378,72.2404396,-30.2614920,151.613,896.685,155.379,897.569,7453801127000809,74538a127-000809,127,74538a,809,14.518,0.071,15.2,1.69,13.645,0.139,7.8,0.631,1.12,1,0,0.00000,0.00000,0000,0000,3,AB,0,10,1.0,17.198,00,0000,0000,57635.52998309,0,,0,,21.000,5.223,0.000,48.534,4.797,0.000,314.6,20.68,251,32.1,7.50,7.50,14.406,0.127,0,0.260,13.564,0.194,2,0.326,15.151,0.141,0,14.428,0.244,2,14.666,0.127,0,13.890,0.194,2,14.421,0.131,2,13.635,0.191,2,14.309,0.144,3,13.518,0.210,3,14.260,0.160,3,13.481,0.246,3,14.170,0.174,3,13.495,0.357,3,13.994,0.176,3,13.516,0.524,3,13.778,0.177,3,12.666,,32,747007601351013697,0.062935,131.6,1,14.522,0.031,13.635,0.035,10.862,0.102,8.082,0.286,129874876,0.144909,109.9,1,,17.189,0.1969,16.481,0.2507,15.618,0.2293,0.2634590542799600,0.9551547663206760,-0.1351617515897260,102322121,9596681614234
74.5796315,-7.7679927,0.1929,0.2089,-0.0738,206.7988563,-28.6474344,72.2404525,-30.2615129,828.294,952.064,828.376,950.136,7456801167000708,74568a167-000708,167,74568a,708,14.517,0.075,14.5,1.19,13.545,0.110,9.9,0.679,0.897,1,0,0.00000,0.00000,0000,0000,3,AB,0,10,1.0,13.506,00,0000,0000,57636.51265140,0,,0,,18.553,3.770,0.000,49.420,4.492,0.000,314.9,21.66,275.2,27.85,7.50,7.50,14.442,0.101,2,0.260,12.601,,32,0.326,15.117,0.111,2,13.221,,32,14.701,0.101,2,12.927,,32,14.542,0.114,2,12.820,,32,14.516,0.140,2,12.745,,32,14.533,0.173,3,12.645,,32,14.493,0.220,3,12.560,,32,14.335,0.313,3,12.475,,32,14.088,0.372,3,12.379,,32,747007601351013697,0.028137,-3.6,1,14.522,0.031,13.635,0.035,10.862,0.102,8.082,0.286,129874876,0.089767,76.8,1,,17.189,0.1969,16.481,0.2507,15.618,0.2293,0.2634588137239340,0.9551547851988710,-0.1351620870765030,102322121,9596681614234
74.5797051,-7.7679328,0.1984,0.1900,-0.0843,206.7988328,-28.6473423,72.2405448,-30.2614624,46.182,589.449,49.273,590.848,7454801166000790,74548a166-000790,166,74548a,790,14.511,0.072,15.0,1.41,13.516,0.105,10.3,0.693,1,1,0,0.00000,0.00000,0000,0000,3,AA,0,10,1.0,114.913,00,0000,0000,57635.85749669,0,,0,,19.884,3.640,0.000,48.405,4.008,0.000,316.6,21.1,282.6,27.37,7.50,7.50,14.564,0.099,0,0.260,13.484,0.196,0,0.326,15.252,0.113,0,14.277,0.170,0,14.823,0.099,0,13.810,0.196,0,14.607,0.102,1,13.678,0.271,3,14.499,0.113,1,13.680,0.327,3,14.445,0.129,1,13.680,0.361,3,14.349,0.140,1,13.643,0.383,3,14.188,0.141,1,13.573,0.391,3,13.982,0.134,1,13.497,0.402,3,747007601351013697,0.324098,-125.4,1,14.522,0.031,13.635,0.035,10.862,0.102,8.082,0.286,129874876,0.262193,-138.1,1,,17.189,0.1969,16.481,0.2507,15.618,0.2293,0.2634576243405110,0.9551552598455150,-0.1351610512177980,102322121,9596681614235
74.5797475,-7.7679717,0.2123,0.2052,-0.0893,206.7988939,-28.6473223,72.2405875,-30.2615061,172.436,686.221,175.179,687.040,6342502195000854,63425b195-000854,195,63425b,854,14.582,0.072,15.0,1.8,13.709,0.133,8.1,0.417,1.04,1,0,0.00000,0.00000,0000,0000,3,AB,0,10,1.0,-0.611,00,0000,0000,57271.35074328,0,,0,,18.158,3.342,0.000,55.928,5.107,0.000,296,19.7,236.7,29.1,7.50,7.50,14.421,0.095,2,0.260,13.750,0.239,2,0.326,15.122,0.103,0,14.512,0.260,0,14.680,0.095,2,14.076,0.239,2,14.506,0.106,2,13.899,0.279,2,14.430,0.122,2,13.866,0.367,2,14.388,0.137,3,13.907,0.454,3,14.353,0.153,3,13.921,0.524,3,14.237,0.157,3,13.047,,32,14.002,0.147,3,13.616,0.541,3,747007601351013697,0.418260,-96.5,1,14.522,0.031,13.635,0.035,10.862,0.102,8.082,0.286,129874876,0.330992,-99.6,1,,17.189,0.1969,16.481,0.2507,15.618,0.2293,0.2634568931066520,0.9551553663469470,-0.1351617239207130,102322121,9596681613732
74.5797495,-7.7678726,0.1891,0.1841,-0.0442,206.7987940,-28.6472759,72.2406038,-30.2614080,79.026,988.309,83.585,989.507,6343601170000721,63436a170-000721,170,63436a,721,14.404,0.066,16.6,0.964,14.086,0.186,5.8,0.359,0.644,1,0,0.00000,0.00000,0000,0000,3,AB,0,10,1.0,66.674,00,0000,0000,57271.67876682,0,,0,,17.811,3.927,0.000,52.444,4.398,0.000,348.8,21.05,167.3,28.72,7.50,7.50,14.371,0.102,0,0.260,12.974,,32,0.326,15.012,0.106,0,13.644,,32,14.631,0.102,0,13.300,,32,14.500,0.118,3,13.124,,32,14.450,0.140,19,13.037,,32,14.404,0.160,19,12.975,,32,14.294,0.172,19,12.916,,32,14.096,0.182,19,12.835,,32,13.855,0.180,19,13.473,0.536,3,747007601351013697,0.584898,-133.7,1,14.522,0.031,13.635,0.035,10.862,0.102,8.082,0.286,129874876,0.529945,-141.0,1,,17.189,0.1969,16.481,0.2507,15.618,0.2293,0.2634569219260380,0.9551556009048110,-0.1351600101710050,102322121,9596681613735
74.5797255,-7.7678302,0.2025,0.2208,-0.0262,206.7987387,-28.6472781,72.2405825,-30.2613630,969.915,604.660,967.598,602.007,6336801172000880,63368a172-000880,172,63368a,880,14.601,0.079,13.7,1.31,13.709,0.146,7.5,0.609,0.937,1,0,0.00000,0.00000,0000,0000,3,AB,0,10,1.0,4.459,00,0000,0000,57269.44843902,0,,0,,21.123,4.123,0.000,72.320,4.996,0.000,290.9,21.29,236.9,31.77,7.50,7.50,14.694,0.195,0,0.260,13.618,0.265,2,0.326,15.315,0.242,0,14.405,0.270,0,14.954,0.195,0,13.944,0.265,2,14.839,0.196,3,13.740,0.321,3,14.820,0.214,3,13.606,0.410,3,14.764,0.227,3,13.484,0.430,3,14.632,0.228,3,13.407,0.434,3,14.476,0.226,3,13.348,0.446,3,14.287,0.214,3,13.267,0.454,3,747007601351013697,0.650985,-148.8,1,14.522,0.031,13.635,0.035,10.862,0.102,8.082,0.286,129874876,0.616518,-156.3,1,,17.189,0.1969,16.481,0.2507,15.618,0.2293,0.2634573486159090,0.9551555869683250,-0.1351592769419440,102322121,9596681613740
74.5795112,-7.7679996,0.2750,0.2580,-0.0529,206.7988023,-28.6475439,72.2403145,-30.2615052,720.124,78.227,717.108,76.612,6345201169000992,63452a169-000992,169,63452a,992,14.719,0.129,8.4,1.09,13.704,0.116,9.3,1.15,1.06,1,0,0.00000,0.00000,0000,0000,3,BB,0,5,0.5,19.170,00,0000,0000,57272.20339992,0,,0,,19.330,4.006,0.000,53.469,5.038,0.000,260.9,31.01,238,25.49,7.50,7.50,14.083,,32,0.260,13.646,0.292,2,0.326,14.663,,32,14.480,0.346,0,14.342,,32,13.972,0.292,2,14.186,,32,13.754,0.309,3,14.148,,32,13.682,0.334,3,14.154,,32,13.689,0.376,3,14.103,,32,13.703,0.434,3,13.966,,32,13.628,0.499,3,13.722,,32,12.689,,32,747007601351013697,0.430587,82.9,1,14.522,0.031,13.635,0.035,10.862,0.102,8.082,0.286,129874876,0.518484,85.0,1,,17.189,0.1969,16.481,0.2507,15.618,0.2293,0.2634608148678970,0.9551542163391560,-0.1351622063991150,102322121,9596681614229
74.5797707,-7.7680158,0.2204,0.2308,-0.0770,206.7989505,-28.6473216,72.2406077,-30.2615527,395.657,502.980,396.330,502.840,6344401170000893,63444a170-000893,170,63444a,893,14.627,0.081,13.4,1.05,13.758,0.154,7.1,0.876,0.915,1,0,0.00000,0.00000,0000,0000,3,AB,0,10,1.0,88.952,00,0000,0000,57271.94108339,0,,0,,18.044,3.875,0.000,50.230,5.700,0.000,284.1,21.26,226.5,32.04,7.50,7.50,14.672,0.118,1,0.260,13.798,0.425,3,0.326,15.333,0.125,0,14.603,0.442,0,14.932,0.118,1,14.124,0.425,3,14.817,0.140,3,13.920,0.434,3,14.805,0.172,3,13.851,0.472,3,14.782,0.202,3,13.057,,32,14.694,0.220,3,12.953,,32,14.510,0.216,3,12.848,,32,14.269,0.200,3,12.733,,32,747007601351013697,0.510570,-77.4,1,14.522,0.031,13.635,0.035,10.862,0.102,8.082,0.286,129874876,0.422063,-75.8,1,,17.189,0.1969,16.481,0.2507,15.618,0.2293,0.2634564786865760,0.9551553727369551,-0.1351624865478500,102322121,9596681614232
74.5797077,-7.7680139,0.2029,0.2014,-0.0639,206.7989166,-28.6473765,72.2405362,-30.2615432,239.766,746.260,242.396,746.750,6344001170000805,63440a170-000805,170,63440a,805,14.643,0.076,14.4,0.747,13.528,0.103,10.6,0.467,0.582,1,0,0.00000,0.00000,0000,0000,3,AA,0,10,1.0,107.565,00,0000,0000,57271.80992508,0,,0,,18.676,3.543,0.000,50.607,4.745,0.000,279.9,19.46,279.7,26.47,7.50,7.50,14.657,0.110,0,0.260,13.360,0.254,2,0.326,15.303,0.115,0,14.224,0.252,0,14.917,0.110,0,13.686,0.254,2,14.809,0.129,2,13.422,0.278,2,14.816,0.172,2,13.272,0.280,2,14.845,0.234,3,13.161,0.287,3,14.812,0.278,3,13.059,0.295,3,14.655,0.275,3,12.970,0.299,3,14.391,0.242,3,12.892,0.300,3,747007601351013697,0.292829,-69.1,1,14.522,0.031,13.635,0.035,10.862,0.102,8.082,0.286,129874876,0.208293,-62.3,1,,17.189,0.1969,16.481,0.2507,15.618,0.2293,0.2634575301263970,0.9551550873716550,-0.1351624536909000,102322121,9596681614232
74.5796494,-7.7678927,0.2134,0.2352,-0.0541,206.7987637,-28.6473735,72.2404870,-30.2614158,16.370,928.795,21.049,930.287,6342102195000745,63421b195-000745,195,63421b,745,14.553,0.079,13.7,0.652,13.633,0.114,9.5,0.971,0.764,1,0,0.00000,0.00000,0000,0000,3,AB,0,10,1.0,16.599,00,0000,0000,57271.21958501,0,,0,,18.596,4.919,0.000,55.571,4.467,0.000,304.1,22.2,254,26.67,7.50,7.50,14.457,0.324,3,0.260,13.537,0.193,3,0.326,15.114,0.239,0,14.364,0.233,2,14.717,0.324,3,13.863,0.193,3,14.600,0.517,3,13.640,0.191,3,13.711,,32,13.554,0.211,3,13.622,,32,13.542,0.246,3,13.538,,32,13.563,0.289,3,13.453,,32,13.564,0.331,19,13.317,,32,13.472,0.349,19,747007601351013697,0.338347,-168.8,1,14.522,0.031,13.635,0.035,10.862,0.102,8.082,0.286,129874876,0.340295,176.0,1,,17.189,0.1969,16.481,0.2507,15.618,0.2293,0.2634585780459410,0.9551550949156760,-0.1351603577630570,102322121,9596681614233
74.5796229,-7.7679775,0.1986,0.1900,-0.0640,206.7988365,-28.6474351,72.2404448,-30.2614968,875.476,753.482,874.374,751.249,6345601170000797,63456a170-000797,170,63456a,797,14.527,0.072,15.1,1.06,13.726,0.139,7.8,0.922,0.943,1,0,0.00000,0.00000,0000,0000,3,AB,0,10,1.0,1.275,00,0000,0000,57272.33468554,0,,0,,17.772,3.837,0.000,49.756,4.291,0.000,311.4,20.56,233.1,29.8,7.50,7.50,14.626,0.158,2,0.260,13.667,0.210,2,0.326,15.210,0.154,2,14.533,0.241,2,14.886,0.158,2,13.993,0.210,2,14.830,0.183,2,13.744,0.222,2,14.934,0.257,2,13.606,0.260,2,15.165,0.384,3,13.517,0.315,3,14.649,,32,13.498,0.429,3,14.612,,32,12.754,,32,14.444,,32,12.638,,32,747007601351013697,0.039300,132.7,1,14.522,0.031,13.635,0.035,10.862,0.102,8.082,0.286,129874876,0.122920,106.2,1,,17.189,0.1969,16.481,0.2507,15.618,0.2293,0.2634589666254280,0.9551547802204330,-0.1351618242208860,102322121,9596681614234
74.5796947,-7.7679690,0.1871,0.1821,-0.0377,206.7988643,-28.6473678,72.2405278,-30.2614970,334.029,447.372,334.827,447.517,6342902194000758,63429b194-000758,194,63429b,758,14.408,0.064,17.1,1.62,13.444,0.102,10.6,1.08,1.27,1,0,0.00000,0.00000,0000,0000,3,AA,0,10,1.0,10.818,00,0000,0000,57271.48190211,0,,0,,17.951,3.167,0.000,51.732,5.401,0.000,347.6,20.34,302.4,28.47,7.50,7.50,14.397,0.113,1,0.260,12.509,,32,0.326,15.096,0.132,0,13.394,,32,14.656,0.113,1,12.835,,32,14.460,0.110,1,12.394,,32,14.361,0.116,1,12.257,,32,14.297,0.131,1,12.215,,32,14.191,0.138,1,12.173,,32,14.029,0.135,3,12.128,,32,13.834,0.127,3,12.051,,32,747007601351013697,0.234315,-104.1,1,14.522,0.031,13.635,0.035,10.862,0.102,8.082,0.286,129874876,0.152494,-115.1,1,,17.189,0.1969,16.481,0.2507,15.618,0.2293,0.2634577750081330,0.9551551297021540,-0.1351616772292530,102322121,9596681614235
74.5796671,-7.7679935,0.1762,0.2015,-0.0845,206.7988752,-28.6474032,72.2404929,-30.2615180,976.357,386.736,972.971,384.064,6344502194000785,63445b194-000785,194,63445b,785,14.550,0.069,15.7,1.17,13.713,0.120,9.0,0.704,0.902,1,0,0.00000,0.00000,0000,0000,3,AB,0,10,1.0,67.929,00,0000,0000,57272.00666252,0,,0,,18.879,3.682,0.000,52.701,4.197,0.000,304.8,19.36,236.1,26.09,7.50,7.50,14.486,0.095,0,0.260,13.605,0.172,2,0.326,15.132,0.099,0,14.422,0.195,0,14.746,0.095,0,13.931,0.172,2,14.640,0.118,3,13.734,0.180,3,14.652,0.159,3,13.693,0.227,3,14.683,0.235,3,13.754,0.332,3,14.668,0.286,3,13.836,0.446,3,14.543,0.285,3,13.108,,32,14.279,0.253,3,13.050,,32,747007601351013697,0.132437,-76.5,1,14.522,0.031,13.635,0.035,10.862,0.102,8.082,0.286,129874876,0.045991,-59.4,1,,17.189,0.1969,16.481,0.2507,15.618,0.2293,0.2634582197488620,0.9551549470761710,-0.1351621009110090,102322121,9596681614235
74.5796057,-7.7679430,0.1754,0.1848,-0.0595,206.7987927,-28.6474348,72.2404301,-30.2614604,717.410,993.845,718.341,992.371,6345201170000711,63452a170-000711,170,63452a,711,14.506,0.066,16.6,0.955,13.666,0.131,8.3,0.768,0.828,1,0,0.00000,0.00000,0000,0000,3,AB,0,10,1.0,18.405,00,0000,0000,57272.20352723,0,,0,,19.469,3.613,0.000,52.873,5.217,0.000,317.5,19.18,246.4,29.67,7.50,7.50,14.586,0.105,1,0.260,13.644,0.326,3,0.326,15.190,0.103,0,14.357,0.333,2,14.846,0.105,1,13.970,0.326,3,14.767,0.141,3,13.812,0.343,3,14.788,0.205,3,13.709,0.360,3,14.856,0.284,3,13.612,0.385,3,14.971,0.370,3,13.503,0.413,3,15.056,0.466,3,13.358,0.426,3,15.039,0.528,3,13.163,0.422,3,747007601351013697,0.175775,149.1,1,14.522,0.031,13.635,0.035,10.862,0.102,8.082,0.286,129874876,0.239336,131.4,1,,17.189,0.1969,16.481,0.2507,15.618,0.2293,0.2634592750001330,0.9551547795870390,-0.1351612276077720,102322121,9596681614236
74.5795929,-7.7679872,0.2198,0.1985,-0.0782,206.7988311,-28.6474660,72.2404093,-30.2615028,558.312,317.095,557.246,316.242,6344801170000737,63448a170-000737,170,63448a,737,14.523,0.072,15.0,1.74,13.521,0.111,9.8,0.995,1.29,1,0,0.00000,0.00000,0000,0000,3,AB,0,10,1.0,47.425,00,0000,0000,57272.07224170,0,,0,,19.790,4.088,0.000,54.632,4.983,0.000,312.6,20.78,281.6,28.79,7.50,7.50,14.405,0.137,2,0.260,13.376,0.262,2,0.326,15.077,0.145,2,14.218,0.264,0,14.664,0.137,2,13.702,0.262,2,14.539,0.153,3,13.488,0.297,3,14.515,0.191,3,13.413,0.345,3,14.507,0.233,3,13.383,0.396,3,14.461,0.275,3,13.344,0.451,3,14.359,0.298,3,13.314,0.524,3,14.174,0.294,3,12.540,,32,747007601351013697,0.136153,86.5,1,14.522,0.031,13.635,0.035,10.862,0.102,8.082,0.286,129874876,0.225077,89.8,1,,17.189,0.1969,16.481,0.2507,15.618,0.2293,0.2634594606588210,0.9551546202147650,-0.1351619919642740,102322121,9596681614236
74.5796053,-7.7679784,0.1803,0.1863,-0.0561,206.7988285,-28.6474511,72.2404247,-30.2614955,19.368,15.858,20.084,17.393,6342102194000659,63421b194-000659,194,63421b,659,14.372,0.068,15.9,0.912,13.533,0.112,9.7,1.4,1.1,1,0,0.00000,0.00000,0000,0000,3,AB,0,5,0.5,17.364,00,0000,0000,57271.21945765,0,,0,,20.585,4.619,0.000,59.458,4.123,0.000,359.2,22.65,278.4,28.8,7.50,7.50,14.390,0.144,0,0.260,13.616,0.456,2,0.326,15.032,0.145,0,13.545,,32,14.650,0.144,0,13.942,0.456,2,14.484,0.148,1,13.773,0.411,3,14.398,0.162,3,13.705,0.412,3,14.339,0.192,3,13.686,0.441,3,14.235,0.230,3,13.696,0.487,3,14.061,0.260,3,12.942,,32,13.870,0.274,3,12.871,,32,747007601351013697,0.094610,104.3,1,14.522,0.031,13.635,0.035,10.862,0.102,8.082,0.286,129874876,0.183476,99.7,1,,17.189,0.1969,16.481,0.2507,15.618,0.2293,0.2634592594633660,0.9551546972449170,-0.1351618397847050,102322121,9596681614236
74.5795722,-7.7679698,0.1926,0.1936,-0.0796,206.7988029,-28.6474765,72.2403882,-30.2614830,816.778,630.206,815.466,628.223,6344102195000783,63441b195-000783,195,63441b,783,14.482,0.066,16.5,1.23,14.034,0.203,5.3,0.631,0.914,1,0,0.00000,0.00000,0000,0000,3,AB,0,10,1.0,109.321,00,0000,0000,57271.87550426,0,,0,,18.442,3.797,0.000,51.303,4.849,0.000,324.7,19.67,175.5,32.89,7.50,7.50,14.418,0.143,0,0.260,13.052,,32,0.326,15.072,0.133,0,13.594,,32,14.678,0.143,0,13.378,,32,14.542,0.170,2,13.322,,32,14.495,0.194,3,13.366,,32,14.462,0.217,3,13.456,,32,14.397,0.248,3,13.437,,32,14.291,0.256,3,13.240,,32,14.113,0.238,3,12.936,,32,747007601351013697,0.216668,104.5,1,14.522,0.031,13.635,0.035,10.862,0.102,8.082,0.286,129874876,0.305258,101.7,1,,17.189,0.1969,16.481,0.2507,15.618,0.2293,0.2634598166544510,0.9551545646005090,-0.1351616910637600,102322121,9596681614236
74.5795727,-7.7679672,0.2391,0.2624,-0.1140,206.7988005,-28.6474749,72.2403891,-30.2614805,81.089,74.689,81.761,75.982,6343601169000796,63436a169-000796,169,63436a,796,14.570,0.094,11.6,1.27,13.531,0.101,10.8,0.791,0.968,1,0,0.00000,0.00000,0000,0000,3,AA,0,10,1.0,66.772,00,0000,0000,57271.67863946,0,,0,,17.985,3.625,0.000,51.790,4.613,0.000,299.4,25.86,279.1,25.84,7.50,7.50,14.496,0.211,3,0.260,13.588,0.178,3,0.326,15.180,0.261,2,14.334,0.197,0,14.756,0.211,3,13.914,0.178,3,14.575,0.191,3,13.775,0.197,3,14.479,0.188,3,13.723,0.226,3,14.406,0.194,3,13.654,0.250,3,14.333,0.204,3,13.543,0.261,3,14.186,0.199,3,13.392,0.265,3,13.968,0.182,3,13.216,0.294,3,747007601351013697,0.217497,107.0,1,14.522,0.031,13.635,0.035,10.862,0.102,8.082,0.286,129874876,0.305558,103.5,1,,17.189,0.1969,16.481,0.2507,15.618,0.2293,0.2634598099500360,0.9551545728122720,-0.1351616461016130,102322121,9596681614236
74.5795893,-7.7679249,0.1732,0.2179,-0.0711,206.7987659,-28.6474412,72.2404140,-30.2614405,496.825,200.269,495.640,199.701,6343302194000765,63433b194-000765,194,63433b,765,14.417,0.065,16.6,1.37,13.707,0.125,8.7,0.557,0.936,1,0,0.00000,0.00000,0000,0000,3,AB,0,10,1.0,45.313,00,0000,0000,57271.61306032,0,,0,,19.762,4.850,0.000,52.578,4.879,0.000,344.6,20.72,237.2,27.4,7.50,7.50,14.422,0.152,2,0.260,13.551,0.352,2,0.326,15.044,0.145,2,14.396,0.339,0,14.682,0.152,2,13.877,0.352,2,14.624,0.185,3,13.661,0.386,3,14.645,0.227,3,13.602,0.425,3,14.654,0.278,3,13.587,0.471,3,14.631,0.321,3,13.533,0.517,3,14.514,0.337,3,13.433,0.540,3,14.254,0.319,3,13.312,0.524,3,747007601351013697,0.262260,145.4,1,14.522,0.031,13.635,0.035,10.862,0.102,8.082,0.286,129874876,0.326471,133.2,1,,17.189,0.1969,16.481,0.2507,15.618,0.2293,0.2634595597512730,0.9551547453369050,-0.1351609146020310,102322121,9596681614239
74.5796382,-7.7680344,0.2059,0.2257,0.0135,206.7989022,-28.6474472,72.2404542,-30.2615551,648.084,867.598,648.833,866.383,6343702195000797,63437b195-000797,195,63437b,797,14.605,0.091,12.0,0.917,14.008,0.174,6.3,0.54,0.706,1,0,0.00000,0.00000,0000,0000,3,AB,0,10,1.0,87.557,00,0000,0000,57271.74434595,0,,0,,16.950,3.117,0.000,51.489,4.349,0.000,289.9,24.23,179.8,28.74,7.50,7.50,14.490,0.113,3,0.260,13.187,,32,0.326,15.204,0.118,2,13.719,,32,14.750,0.113,3,13.513,,32,14.578,0.129,3,13.401,,32,14.516,0.153,3,13.271,,32,14.468,0.186,3,13.147,,32,14.393,0.233,3,13.046,,32,14.249,0.243,3,12.923,,32,14.061,0.221,3,12.799,,32,747007601351013697,0.180041,-8.2,1,14.522,0.031,13.635,0.035,10.862,0.102,8.082,0.286,129874876,0.182069,20.4,1,,17.189,0.1969,16.481,0.2507,15.618,0.2293,0.2634586758740730,0.9551547211767040,-0.1351628082000880,102322121,9596681614265
74.5795689,-7.7674952,0.1473,0.2501,-0.0894,206.7983182,-28.6472659,72.2404517,-30.2610116,241.804,951.472,245.283,951.947,8567601166000473,85676a166-000473,166,85676a,473,13.995,0.079,13.8,1.09,13.658,0.116,9.4,0.992,0.974,1,0,0.00000,0.00000,0000,0000,3,AB,0,10,1.0,19.183,00,0000,0000,58000.22642531,0,,0,,19.105,4.483,0.000,50.884,4.209,0.000,508.6,36.96,247.9,26.41,7.50,7.50,13.935,0.260,3,0.260,13.591,0.199,1,0.326,14.563,0.334,2,14.437,0.213,0,14.194,0.260,3,13.917,0.199,1,14.030,0.246,3,13.681,0.232,3,13.952,0.253,3,13.585,0.323,3,13.904,0.268,3,13.530,0.394,3,13.865,0.285,3,13.484,0.430,3,13.806,0.297,3,13.441,0.463,3,13.697,0.308,3,13.356,0.483,3,747007601351013697,1.776782,172.8,1,14.522,0.031,13.635,0.035,10.862,0.102,8.082,0.286,129874876,1.797533,170.0,1,,17.189,0.1969,16.481,0.2507,15.618,0.2293,0.2634601693570200,0.9551556286783019,-0.1351534837380390,102322121,9596681613773
74.5798259,-7.7680843,0.2690,0.2170,-0.0928,206.7990483,-28.6473035,72.2406608,-30.2616274,330.821,609.781,332.324,609.903,8566502190000831,85665b190-000831,190,85665b,831,14.485,0.080,13.5,1.97,13.897,0.189,5.8,0.706,1.26,1,0,0.00000,0.00000,0000,0000,3,AB,0,5,0.5,112.072,00,0000,0000,57999.89903976,0,,0,,19.658,3.765,0.000,51.159,3.651,0.000,323.8,23.99,198.9,34.56,7.50,7.50,14.625,0.395,0,0.260,13.854,0.535,2,0.326,14.518,,32,13.825,,32,14.885,0.395,0,14.180,0.535,2,14.743,0.355,1,14.010,0.520,3,14.679,0.345,3,13.163,,32,14.605,0.337,3,12.958,,32,14.476,0.315,3,12.771,,32,14.256,0.271,3,12.699,,32,14.000,0.230,3,12.639,,32,747007601351013697,0.781892,-62.8,1,14.522,0.031,13.635,0.035,10.862,0.102,8.082,0.286,129874876,0.699975,-60.0,1,,17.189,0.1969,16.481,0.2507,15.618,0.2293,0.2634555155017900,0.9551554707790190,-0.1351636711272580,102322121,9596681614212
74.5795743,-7.7678200,0.1824,0.1841,-0.0808,206.7986515,-28.6474073,72.2404118,-30.2613346,24.638,191.635,26.174,193.140,8565702190000757,85657b190-000757,190,85657b,757,14.471,0.066,16.5,1.24,13.530,0.102,10.7,0.896,1.02,1,0,0.00000,0.00000,0000,0000,3,AA,0,5,0.5,42.471,00,0000,0000,57999.63710580,0,,0,,18.638,3.318,0.000,51.405,4.541,0.000,328.1,19.92,278.9,26.09,7.50,7.50,14.413,0.192,0,0.260,13.552,0.222,2,0.326,15.081,0.127,0,14.317,0.210,0,14.672,0.192,0,13.878,0.222,2,14.524,0.222,1,13.746,0.295,3,14.413,0.221,3,13.744,0.402,3,14.283,0.240,3,13.728,0.458,3,14.147,0.246,3,13.668,0.467,3,13.983,0.223,3,13.617,0.482,3,13.789,0.196,3,13.589,0.511,3,747007601351013697,0.627146,161.2,1,14.522,0.031,13.635,0.035,10.862,0.102,8.082,0.286,129874876,0.668108,154.1,1,,17.189,0.1969,16.481,0.2507,15.618,0.2293,0.2634598756091570,0.9551549149127599,-0.1351591005519230,102322121,9596681614226
74.5796522,-7.7679762,0.2238,0.2105,-0.0354,206.7988501,-28.6474086,72.2404784,-30.2614990,619.637,163.944,617.586,162.791,7454902190000871,74549b190-000871,190,74549b,871,14.589,0.086,12.6,1.91,13.709,0.125,8.7,0.456,1.1,1,0,0.00000,0.00000,0000,0000,3,AB,0,10,1.0,100.119,00,0000,0000,57635.92294850,0,,0,,19.373,4.367,0.000,49.502,4.921,0.000,294.5,23.45,236.7,27.33,7.50,7.50,14.889,0.152,2,0.260,13.797,0.468,0,0.326,15.417,0.140,2,13.734,,32,15.148,0.152,2,14.123,0.468,0,15.168,0.210,2,13.986,0.472,2,15.385,0.357,2,13.910,0.505,2,14.859,,32,13.867,0.540,3,14.890,,32,12.990,,32,14.832,,32,12.784,,32,14.588,,32,12.635,,32,747007601351013697,0.081849,-112.5,1,14.522,0.031,13.635,0.035,10.862,0.102,8.082,0.286,129874876,0.041175,160.8,1,,17.189,0.1969,16.481,0.2507,15.618,0.2293,0.2634584789923740,0.9551549179046680,-0.1351618017398130,102322121,9596681614235
74.5795432,-7.7679643,0.1902,0.2225,-0.0470,206.7987826,-28.6474997,72.2403560,-30.2614740,305.501,949.621,308.585,949.860,7454102191000701,74541b191-000701,191,74541b,701,14.554,0.085,12.8,1.42,13.514,0.103,10.5,0.636,0.986,1,0,0.00000,0.00000,0000,0000,3,AA,0,10,1.0,55.108,00,0000,0000,57635.66101397,0,,0,,18.716,3.921,0.000,49.062,3.908,0.000,304.4,23.85,283,26.92,7.50,7.50,14.417,0.115,3,0.260,13.489,0.241,3,0.326,15.126,0.134,2,14.255,0.245,0,14.677,0.115,3,13.815,0.241,3,14.476,0.131,3,13.644,0.372,3,14.394,0.159,3,13.524,0.505,3,14.349,0.185,3,12.678,,32,14.272,0.221,3,12.617,,32,14.099,0.250,3,13.282,0.533,3,13.853,0.234,3,13.133,0.493,3,747007601351013697,0.321840,103.3,1,14.522,0.031,13.635,0.035,10.862,0.102,8.082,0.286,129874876,0.410569,101.5,1,,17.189,0.1969,16.481,0.2507,15.618,0.2293,0.2634603035515330,0.9551544437588980,-0.1351615959515260,102322121,9596681614236
74.5795928,-7.7680053,0.2383,0.2808,-0.0514,206.7988495,-28.6474743,72.2404066,-30.2615207,831.309,36.339,827.400,34.260,7456801166000780,74568a166-000780,166,74568a,780,14.504,0.106,10.3,0.77,13.613,0.104,10.4,0.698,0.69,1,0,0.00000,0.00000,0000,0000,3,AA,0,10,1.0,13.845,00,0000,0000,57636.51252403,0,,0,,17.452,3.933,0.000,48.779,4.800,0.000,318.7,31.03,258.5,24.82,7.50,7.50,14.551,0.223,4,0.260,13.633,0.181,0,0.326,15.214,0.227,4,14.389,0.187,0,14.811,0.223,4,13.959,0.181,0,14.692,0.227,4,13.858,0.218,2,14.686,0.252,4,13.901,0.273,2,14.701,0.308,5,14.012,0.363,3,14.662,0.345,5,14.167,0.531,3,14.510,0.342,5,13.386,,32,14.275,0.310,5,13.326,,32,747007601351013697,0.154789,61.7,1,14.522,0.031,13.635,0.035,10.862,0.102,8.082,0.286,129874876,0.234861,73.7,1,,17.189,0.1969,16.481,0.2507,15.618,0.2293,0.2634594509724120,0.9551545785937060,-0.1351623049699680,102322121,9596681614236
74.5795953,-7.7678970,0.1905,0.2003,-0.0694,206.7987406,-28.6474233,72.2404248,-30.2614135,364.942,761.203,366.878,761.193,7455601167000748,74556a167-000748,167,74556a,748,14.547,0.073,14.9,0.909,13.592,0.103,10.5,0.703,0.769,1,0,0.00000,0.00000,0000,0000,3,AA,0,10,1.0,38.183,00,0000,0000,57636.11955859,0,,0,,18.841,3.566,0.000,48.511,4.464,0.000,306.2,20.51,263.4,25.04,7.50,7.50,14.544,0.110,0,0.260,13.667,0.184,2,0.326,15.165,0.111,0,14.397,0.184,0,14.804,0.110,0,13.993,0.184,2,14.696,0.129,2,13.912,0.264,2,14.653,0.151,2,13.945,0.400,2,14.600,0.174,3,13.983,0.516,3,14.496,0.189,3,13.161,,32,14.347,0.196,3,13.046,,32,14.137,0.187,3,12.926,,32,747007601351013697,0.341101,158.1,1,14.522,0.031,13.635,0.035,10.862,0.102,8.082,0.286,129874876,0.389685,146.2,1,,17.189,0.1969,16.481,0.2507,15.618,0.2293,0.2634594772281550,0.9551548363730580,-0.1351604321235440,102322121,9596681614237
74.5796826,-7.7680513,0.1912,0.2410,0.0580,206.7989419,-28.6474155,72.2405023,-30.2615773,466.034,99.252,464.668,98.778,7454502190000699,74545b190-000699,190,74545b,699,14.510,0.078,13.9,0.64,13.618,0.120,9.1,1.16,0.867,1,0,0.00000,0.00000,0000,0000,3,AB,0,5,0.5,97.159,00,0000,0000,57635.79191757,0,,0,,19.327,4.622,0.000,49.415,5.277,0.000,316.8,22.78,257.2,28.34,7.50,7.50,14.477,0.151,3,0.260,13.601,0.220,3,0.326,15.122,0.138,2,14.377,0.248,2,14.737,0.151,3,13.927,0.220,3,14.557,0.175,3,13.802,0.288,3,14.395,0.193,3,13.853,0.428,3,14.220,0.204,3,13.128,,32,14.067,0.237,3,13.118,,32,13.932,0.291,3,13.093,,32,13.749,0.288,3,13.007,,32,747007601351013697,0.301689,-37.6,1,14.522,0.031,13.635,0.035,10.862,0.102,8.082,0.286,129874876,0.250171,-22.3,1,,17.189,0.1969,16.481,0.2507,15.618,0.2293,0.2634579250988330,0.9551548869048840,-0.1351631004539910,102322121,9596681614265
74.5796060,-7.7680431,0.2319,0.2181,-0.0773,206.7988947,-28.6474796,72.2404163,-30.2615598,307.649,35.320,306.900,35.559,7454102190000690,74541b190-000690,190,74541b,690,14.518,0.082,13.2,0.886,13.686,0.128,8.5,0.743,0.776,1,0,0.00000,0.00000,0000,0000,3,AB,0,10,1.0,55.273,00,0000,0001,57635.66088661,0,,0,,17.898,3.638,0.000,48.408,4.343,0.000,314.4,23.74,241.7,28.39,7.50,7.50,14.492,0.188,3,0.260,13.665,0.245,3,0.326,15.133,0.222,2,14.493,0.240,2,14.751,0.188,3,13.991,0.245,3,14.615,0.185,3,13.762,0.257,3,14.584,0.200,3,13.675,0.281,3,14.544,0.216,3,13.623,0.315,3,14.434,0.220,3,13.589,0.344,3,14.239,0.212,3,13.545,0.366,3,13.989,0.205,3,13.413,0.374,3,747007601351013697,0.227707,23.1,1,14.522,0.031,13.635,0.035,10.862,0.102,8.082,0.286,129874876,0.269436,41.4,1,,17.189,0.1969,16.481,0.2507,15.618,0.2293,0.2634592072099660,0.9551545533290340,-0.1351629586503230,102322121,9596681614269
74.5795979,-7.7680733,0.1679,0.2004,-0.0727,206.7989213,-28.6475003,72.2404028,-30.2615888,934.779,336.817,931.450,334.302,7455702191000705,74557b191-000705,191,74557b,705,14.479,0.070,15.5,1.19,13.423,0.098,11.1,0.76,0.922,1,0,0.00000,0.00000,0000,0000,3,AA,0,10,1.0,22.903,00,0000,0000,57636.18501034,0,,0,,18.260,3.376,0.000,49.339,4.300,0.000,325.9,21.03,307.8,27.71,7.50,7.50,14.534,0.264,0,0.260,13.308,0.229,2,0.326,15.129,0.234,0,14.113,0.299,2,14.793,0.264,0,13.634,0.229,2,14.760,0.283,3,13.443,0.249,3,14.846,0.324,3,13.370,0.334,3,14.925,0.379,3,13.356,0.403,3,14.867,0.397,3,13.339,0.424,3,14.699,0.370,3,13.277,0.433,3,14.515,0.337,3,13.146,0.420,3,747007601351013697,0.339435,20.4,1,14.522,0.031,13.635,0.035,10.862,0.102,8.082,0.286,129874876,0.373458,33.7,1,,17.189,0.1969,16.481,0.2507,15.618,0.2293,0.2634593232982580,0.9551544474049480,-0.1351634809028400,102322121,9596681614269
74.5796065,-7.7681183,0.2338,0.2262,0.0695,206.7989715,-28.6475130,72.2404062,-30.2616345,990.739,101.515,986.060,98.757,7457201166000510,74572a166-000510,166,74572a,510,14.004,0.110,9.9,1.11,13.601,0.119,9.1,1.1,1.05,1,0,0.00000,0.00000,0000,0000,3,BB,0,10,1.0,49.577,00,0000,0000,57636.64355495,0,,0,,18.950,3.643,0.000,48.244,4.186,0.000,505.1,50.98,261.4,28.73,7.50,7.50,14.063,0.302,2,0.260,13.520,0.163,2,0.326,14.689,0.414,2,14.355,0.197,0,14.323,0.302,2,13.846,0.163,2,14.191,0.273,2,13.614,0.166,2,14.165,0.274,2,13.488,0.180,2,14.165,0.289,3,13.375,0.195,3,14.125,0.300,3,13.240,0.217,3,13.991,0.285,3,13.107,0.265,3,13.776,0.258,3,12.991,0.299,3,747007601351013697,0.488127,10.3,1,14.522,0.031,13.635,0.035,10.862,0.102,8.082,0.286,129874876,0.504581,20.5,1,,17.189,0.1969,16.481,0.2507,15.618,0.2293,0.2634591517039930,0.9551543846138640,-0.1351642590936070,102322121,9596681614269
74.5797055,-7.7678995,0.1529,0.1664,-0.0391,206.7987991,-28.6473269,72.2405499,-30.2614294,651.664,1001.862,652.998,1000.650,7960101073000646,79601a073-000646,73,79601a,646,14.432,0.065,16.7,1.14,13.500,0.097,11.2,0.549,0.812,1,0,0.00000,0.00000,0000,0000,3,AA,0,10,1.0,105.742,00,0000,0000,57801.33563721,0,,0,,16.087,3.968,0.000,39.591,4.454,0.000,340.5,20.43,286.7,25.7,7.50,7.50,14.137,0.105,2,0.260,13.433,0.305,2,0.326,14.881,0.111,0,14.232,0.435,2,14.396,0.105,2,13.759,0.305,2,14.155,0.104,2,13.577,0.282,2,14.025,0.107,2,13.512,0.303,2,13.947,0.118,3,13.441,0.331,3,13.842,0.143,3,13.344,0.370,3,13.673,0.156,3,13.260,0.418,3,13.448,0.140,3,13.199,0.461,3,747007601351013697,0.406370,-139.2,1,14.522,0.031,13.635,0.035,10.862,0.102,8.082,0.286,129874876,0.361110,-150.7,1,,17.189,0.1969,16.481,0.2507,15.618,0.2293,0.2634576385597770,0.9551553374116390,-0.1351604753563840,102322121,9596681613734
74.5795390,-7.7680072,0.2172,0.2221,0.0268,206.7988241,-28.6475227,72.2403451,-30.2615161,726.692,176.957,724.014,175.365,7958601096000768,79586a096-000768,96,79586a,768,14.449,0.087,12.5,1.28,13.553,0.094,11.5,0.737,0.931,1,0,0.00000,0.00000,0000,0000,3,AA,0,10,1.0,-2.255,00,0010,0000,57800.87709155,0,,0,,15.159,3.945,0.000,39.337,4.543,0.000,335.1,26.71,273.2,23.76,7.50,7.50,14.493,0.238,3,0.260,13.435,0.217,1,0.326,15.143,0.191,3,14.264,0.209,1,14.753,0.238,3,13.761,0.217,1,14.620,0.284,3,13.591,0.264,3,14.600,0.307,3,13.575,0.348,3,14.620,0.335,3,13.586,0.410,3,14.639,0.379,3,13.608,0.471,3,14.572,0.416,3,12.895,,32,14.337,0.378,3,12.851,,32,747007601351013697,0.337838,76.3,1,14.522,0.031,13.635,0.035,10.862,0.102,8.082,0.286,129874876,0.423623,80.1,1,,17.189,0.1969,16.481,0.2507,15.618,0.2293,0.2634603466583540,0.9551543268874521,-0.1351623378269180,102322121,9596681614229
74.5796342,-7.7679644,0.1580,0.1709,-0.0676,206.7988289,-28.6474192,72.2404596,-30.2614851,971.324,262.830,967.419,260.189,7959301072000724,79593a072-000724,72,79593a,724,14.338,0.060,18.0,0.824,13.556,0.103,10.5,0.674,0.718,1,0,0.00000,0.00000,0000,0000,3,AA,0,10,1.0,23.186,00,0000,0000,57801.07357473,0,,0,,16.176,3.516,0.000,39.668,4.269,0.000,371.2,20.6,272.4,25.91,7.50,7.50,14.334,0.134,1,0.260,13.403,0.131,3,0.326,15.009,0.132,1,14.239,0.153,3,14.594,0.134,1,13.729,0.131,3,14.417,0.133,3,13.463,0.134,3,14.326,0.136,3,13.267,0.149,3,14.229,0.140,3,13.088,0.164,3,14.077,0.141,3,12.929,0.173,3,13.879,0.139,3,12.792,0.181,3,13.639,0.136,3,12.664,0.189,3,747007601351013697,0.074677,-171.2,1,14.522,0.031,13.635,0.035,10.862,0.102,8.082,0.286,129874876,0.112544,136.3,1,,17.189,0.1969,16.481,0.2507,15.618,0.2293,0.2634587864647930,0.9551548619710110,-0.1351615976808390,102322121,9596681614234
74.5796423,-7.7679876,0.2038,0.2013,-0.0939,206.7988566,-28.6474225,72.2404655,-30.2615092,72.322,722.706,75.819,723.976,7960201097000758,79602a097-000758,97,79602a,758,14.583,0.076,14.4,1.63,13.542,0.093,11.7,1.23,1.34,1,0,0.00000,0.00000,0000,0000,3,AA,0,10,1.0,110.009,00,0000,0000,57801.40108916,0,,0,,17.100,4.100,0.000,40.019,4.020,0.000,296.3,20.62,275.8,23.63,7.50,7.50,14.395,0.155,2,0.260,13.497,0.141,2,0.326,15.071,0.177,0,14.318,0.161,0,14.655,0.155,2,13.823,0.141,2,14.521,0.159,2,13.617,0.156,2,14.466,0.183,3,13.518,0.184,3,14.395,0.196,3,13.413,0.211,3,14.273,0.192,3,13.236,0.214,3,14.100,0.177,3,13.014,0.204,3,13.901,0.161,3,12.817,0.191,3,747007601351013697,0.041462,-76.4,1,14.522,0.031,13.635,0.035,10.862,0.102,8.082,0.286,129874876,0.048915,87.5,1,,17.189,0.1969,16.481,0.2507,15.618,0.2293,0.2634586368805250,0.9551548464575810,-0.1351619988815270,102322121,9596681614234
74.5796059,-7.7679858,0.1700,0.1771,-0.0461,206.7988363,-28.6474539,72.2404243,-30.2615029,326.832,822.531,329.266,822.649,7960901073000705,79609a073-000705,73,79609a,705,14.460,0.066,16.5,0.734,13.696,0.112,9.7,0.819,0.741,1,0,0.00000,0.00000,0000,0000,3,AB,0,10,1.0,48.014,00,0000,0000,57801.59757234,0,,0,,13.552,2.848,0.000,40.361,4.405,0.000,331.8,20.06,239.5,24.75,7.50,7.50,14.326,0.084,1,0.260,13.792,0.228,1,0.326,15.027,0.094,0,14.489,0.200,0,14.585,0.084,1,14.118,0.228,1,14.389,0.088,3,14.115,0.380,1,14.278,0.101,3,13.506,,32,14.170,0.118,3,13.575,,32,14.028,0.130,3,13.623,,32,13.837,0.124,19,13.556,,32,13.603,0.112,19,13.387,,32,747007601351013697,0.089589,87.9,1,14.522,0.031,13.635,0.035,10.862,0.102,8.082,0.286,129874876,0.178757,91.4,1,,17.189,0.1969,16.481,0.2507,15.618,0.2293,0.2634592448192720,0.9551546831755350,-0.1351619677538880,102322121,9596681614234
74.5796435,-7.7680213,0.2352,0.2481,0.0758,206.7988915,-28.6474366,72.2404621,-30.2615427,161.309,257.385,162.339,258.325,7961301072000784,79613a072-000784,72,79613a,784,14.425,0.099,10.9,0.55,13.599,0.146,7.4,0.659,0.57,1,0,0.00000,0.00000,0000,0000,3,AB,0,10,1.0,17.570,00,0000,0000,57801.72847626,0,,0,,14.683,3.250,0.000,40.321,5.596,0.000,342.7,31.35,261.8,35.2,7.50,7.50,14.451,0.267,2,0.260,13.426,0.392,2,0.326,15.155,0.324,2,14.271,0.496,2,14.711,0.267,2,13.752,0.392,2,14.519,0.237,3,13.583,0.396,3,14.418,0.226,3,13.587,0.463,3,14.318,0.216,3,13.652,0.529,3,14.185,0.202,3,12.904,,32,13.999,0.181,3,12.858,,32,13.761,0.157,3,12.792,,32,747007601351013697,0.138418,-18.8,1,14.522,0.031,13.635,0.035,10.862,0.102,8.082,0.286,129874876,0.131283,19.9,1,,17.189,0.1969,16.481,0.2507,15.618,0.2293,0.2634585957370770,0.9551547753381290,-0.1351625816600730,102322121,9596681614234
74.5796563,-7.7679603,0.1649,0.1666,-0.0462,206.7988360,-28.6473978,72.2404853,-30.2614838,894.077,728.878,892.725,726.568,7958201097000685,79582a097-000685,97,79582a,685,14.395,0.064,17.0,1.53,13.423,0.106,10.3,1.01,1.23,1,0,0.00000,0.00000,0000,0000,3,AA,0,10,1.0,15.932,00,0000,0001,57800.74618763,0,,0,,15.892,3.611,1.953,39.436,4.587,0.000,352.2,20.72,307.9,30,7.50,7.50,14.340,0.101,1,0.260,13.497,0.284,3,0.326,14.999,0.094,0,14.260,0.259,2,14.600,0.101,1,13.823,0.284,3,14.443,0.126,3,13.623,0.331,3,14.380,0.142,3,13.508,0.423,3,14.309,0.151,3,13.427,0.499,3,14.190,0.154,3,13.378,0.520,3,14.018,0.158,3,12.615,,32,13.798,0.161,3,12.594,,32,747007601351013697,0.126439,-134.5,1,14.522,0.031,13.635,0.035,10.862,0.102,8.082,0.286,129874876,0.096126,-179.4,1,,17.189,0.1969,16.481,0.2507,15.618,0.2293,0.2634584206163330,0.9551549729154530,-0.1351615267789910,102322121,9596681614235
74.5796635,-7.7679468,0.2054,0.2002,-0.1011,206.7988259,-28.6473854,72.2404954,-30.2614712,400.144,908.353,402.518,908.181,7959501031000726,79595a031-000726,31,79595a,726,14.506,0.080,13.5,1.79,13.645,0.119,9.1,0.502,1.12,1,0,0.00000,0.00000,0000,0000,3,AB,0,10,1.0,43.480,00,0000,0000,57801.13915409,0,,0,,15.931,3.600,0.000,39.788,3.923,0.000,318,23.52,250.9,27.58,7.50,7.50,14.597,0.239,2,0.260,13.761,0.344,0,0.326,15.232,0.211,2,14.473,0.328,0,14.857,0.239,2,14.087,0.344,0,14.704,0.239,2,14.000,0.424,2,14.647,0.250,2,14.035,0.504,2,14.591,0.258,3,13.317,,32,14.479,0.252,3,13.330,,32,14.291,0.231,3,13.312,,32,14.027,0.201,3,13.225,,32,747007601351013697,0.179588,-139.8,1,14.522,0.031,13.635,0.035,10.862,0.102,8.082,0.286,129874876,0.147172,-169.5,1,,17.189,0.1969,16.481,0.2507,15.618,0.2293,0.2634583090559890,0.9551550367228190,-0.1351612933216820,102322121,9596681614235
74.5795674,-7.7679116,0.1856,0.2227,0.0537,206.7987412,-28.6474546,72.2403910,-30.2614246,653.901,86.351,651.308,85.055,7960101072000712,79601a072-000712,72,79601a,712,14.540,0.076,14.2,0.65,13.538,0.099,11.0,0.508,0.557,1,0,0.00000,0.00000,0000,0000,3,AA,0,10,1.0,105.192,00,0000,0000,57801.33550985,0,,0,,15.815,4.347,0.000,39.788,4.289,0.000,308.2,21.72,276.8,25.27,7.50,7.50,14.455,0.239,1,0.260,13.609,0.294,3,0.326,15.119,0.209,0,14.340,0.276,0,14.714,0.239,1,13.935,0.294,3,14.547,0.279,1,13.818,0.360,3,14.464,0.305,3,13.838,0.420,3,14.355,0.317,3,13.914,0.492,3,14.217,0.324,3,13.178,,32,14.091,0.326,3,13.092,,32,13.866,0.285,3,12.975,,32,747007601351013697,0.347991,139.3,1,14.522,0.031,13.635,0.035,10.862,0.102,8.082,0.286,129874876,0.416601,130.7,1,,17.189,0.1969,16.481,0.2507,15.618,0.2293,0.2634599331798210,0.9551546748806931,-0.1351606846033300,102322121,9596681614239
74.5794999,-7.7680560,0.2269,0.2511,0.0597,206.7988539,-28.6475793,72.2402937,-30.2615598,488.119,453.394,488.032,452.868,7960501072000800,79605a072-000800,72,79605a,800,14.631,0.083,13.1,1.54,13.712,0.154,7.1,0.212,0.883,1,0,0.00000,0.00000,0000,0000,3,AB,0,10,1.0,89.579,00,0000,0000,57801.46654113,0,,0,,16.342,3.919,0.000,39.271,4.288,0.000,283.3,21.62,235.9,33.42,7.50,7.50,14.555,0.148,2,0.260,13.753,0.270,2,0.326,15.196,0.154,0,14.536,0.287,2,14.814,0.148,2,14.079,0.270,2,14.707,0.164,2,13.879,0.296,2,14.692,0.202,2,13.769,0.363,2,14.705,0.277,3,13.689,0.463,3,14.681,0.346,3,12.677,,32,14.567,0.368,3,12.267,,32,14.353,0.360,3,12.149,,32,747007601351013697,0.533097,61.3,1,14.522,0.031,13.635,0.035,10.862,0.102,8.082,0.286,129874876,0.609699,66.0,1,,17.189,0.1969,16.481,0.2507,15.618,0.2293,0.2634609678675060,0.9551540361190340,-0.1351631817317010,102322121,9596681614256
74.5796334,-7.7680416,0.1919,0.2284,-0.1246,206.7989071,-28.6474547,72.2404477,-30.2615617,812.176,640.416,810.908,638.450,7959701073000700,79597a073-000700,73,79597a,700,14.352,0.066,16.4,2.14,13.611,0.142,7.7,0.426,1.2,1,0,0.00000,0.00000,0000,0000,3,AB,0,10,1.0,64.747,00,0000,0000,57801.20460597,0,,0,,15.744,3.806,0.000,40.137,5.080,0.000,366.3,22.4,258.8,33.76,7.50,7.50,14.259,0.107,2,0.260,13.719,0.516,2,0.326,14.938,0.126,2,14.409,0.422,0,14.518,0.107,2,14.045,0.516,2,14.382,0.122,2,13.035,,32,14.339,0.153,3,12.932,,32,14.339,0.196,3,12.832,,32,14.351,0.232,3,12.660,,32,14.262,0.237,3,12.495,,32,14.059,0.217,3,12.337,,32,747007601351013697,0.204299,-2.4,1,14.522,0.031,13.635,0.035,10.862,0.102,8.082,0.286,129874876,0.212448,22.3,1,,17.189,0.1969,16.481,0.2507,15.618,0.2293,0.2634587513766180,0.9551546827316170,-0.1351629327106280,102322121,9596681614265
74.5796184,-7.7680775,0.2180,0.2172,-0.0752,206.7989360,-28.6474841,72.2404255,-30.2615955,232.501,355.197,233.517,355.800,7959801096000770,79598a096-000770,96,79598a,770,14.516,0.070,15.5,0.979,13.882,0.207,5.2,0.664,0.789,1,0,0.00000,0.00000,0000,0000,3,AB,0,10,1.0,85.438,00,0000,0000,57801.27005792,0,,0,,15.677,3.701,0.000,38.983,4.594,0.000,315.1,20.33,201.7,38.43,7.50,7.50,14.354,0.084,18,0.260,13.134,,32,0.326,15.047,0.094,0,13.756,,32,14.614,0.084,18,13.460,,32,14.468,0.093,19,13.295,,32,14.450,0.115,19,13.216,,32,14.444,0.136,19,13.157,,32,14.360,0.147,19,13.067,,32,14.196,0.154,19,12.926,,32,13.993,0.152,19,12.744,,32,747007601351013697,0.336376,7.7,1,14.522,0.031,13.635,0.035,10.862,0.102,8.082,0.286,129874876,0.352325,22.4,1,,17.189,0.1969,16.481,0.2507,15.618,0.2293,0.2634589789166180,0.9551545321173320,-0.1351635535339820,102322121,9596681614269
74.5796964,-7.7678330,0.2265,0.2260,-0.0237,206.7987268,-28.6473051,72.2405490,-30.2613623,652.163,315.795,650.502,314.529,9690401162000720,96904a162-000720,162,96904a,720,14.412,0.080,13.6,0.724,13.669,0.140,7.7,0.458,0.553,1,0,0.00000,0.00000,0000,0000,3,AB,0,5,0.5,45.201,00,0000,0000,58367.66108007,0,,0,,18.092,3.785,0.000,51.624,5.215,0.000,346.5,25.41,245.3,31.68,7.50,7.50,14.656,0.164,2,0.260,13.715,0.283,2,0.326,15.168,0.147,2,14.511,0.244,2,14.915,0.164,2,14.041,0.283,2,14.944,0.226,2,13.865,0.465,2,15.091,0.339,2,12.968,,32,15.222,0.463,3,12.862,,32,15.185,0.535,3,12.775,,32,14.228,,32,12.709,,32,13.963,,32,12.615,,32,747007601351013697,0.594519,-156.9,1,14.522,0.031,13.635,0.035,10.862,0.102,8.082,0.286,129874876,0.572823,-165.4,1,,17.189,0.1969,16.481,0.2507,15.618,0.2293,0.2634578319743330,0.9551554467932820,-0.1351593253627340,102322121,9596681613742
74.5795289,-7.7679867,0.1957,0.1940,-0.0699,206.7987981,-28.6475224,72.2403365,-30.2614945,425.910,369.232,425.839,368.957,9688601186000796,96886a186-000796,186,96886a,796,14.476,0.067,16.2,1.28,13.688,0.123,8.8,0.717,0.955,1,0,0.00000,0.00000,0000,0000,3,AB,0,5,0.5,59.649,00,0000,0000,58367.07214292,0,,0,,18.299,3.338,0.000,51.572,5.017,0.000,326.6,20.12,241.1,27.28,7.50,7.50,14.515,0.094,1,0.260,13.796,0.226,3,0.326,15.164,0.100,1,14.526,0.236,1,14.774,0.094,1,14.122,0.226,3,14.675,0.109,1,14.066,0.310,3,14.699,0.140,1,14.161,0.439,3,14.739,0.177,1,13.487,,32,14.725,0.205,3,13.387,,32,14.558,0.203,3,13.118,,32,14.233,0.174,3,12.878,,32,747007601351013697,0.364245,89.0,1,14.522,0.031,13.635,0.035,10.862,0.102,8.082,0.286,129874876,0.453362,90.1,1,,17.189,0.1969,16.481,0.2507,15.618,0.2293,0.2634605278902400,0.9551543270641760,-0.1351619833177080,102322121,9596681614229
74.5796660,-7.7679056,0.1782,0.1995,-0.0534,206.7987852,-28.6473646,72.2405041,-30.2614306,575.865,574.622,575.730,573.688,9689001186000790,96890a186-000790,186,96890a,790,14.586,0.072,15.1,1.47,13.592,0.101,10.7,0.661,0.988,1,0,0.00000,0.00000,0000,0000,3,AA,0,10,1.0,21.325,00,0000,0000,58367.20304615,0,,0,,17.855,3.465,0.000,51.762,5.022,0.000,295.1,19.52,263.3,24.6,7.50,7.50,14.460,0.114,3,0.260,13.814,0.399,3,0.326,15.166,0.113,1,14.442,0.260,3,14.720,0.114,3,14.140,0.399,3,14.486,0.131,3,13.321,,32,14.299,0.152,3,13.169,,32,14.145,0.191,3,13.020,,32,14.013,0.203,3,12.917,,32,13.870,0.200,3,12.804,,32,13.692,0.196,3,12.587,,32,747007601351013697,0.311584,-156.4,1,14.522,0.031,13.635,0.035,10.862,0.102,8.082,0.286,129874876,0.295203,-173.1,1,,17.189,0.1969,16.481,0.2507,15.618,0.2293,0.2634582932223890,0.9551551419105270,-0.1351605808445150,102322121,9596681614233
74.5796383,-7.7679188,0.2041,0.1941,-0.0446,206.7987846,-28.6473951,72.2404707,-30.2614404,895.843,995.813,895.751,993.651,9689801187001701,96898a187-001701,187,96898a,1701,14.519,0.074,14.7,0.932,13.767,0.134,8.1,1.01,0.924,1,0,0.00000,0.00000,0000,0000,3,AB,0,10,1.0,-2.765,00,0000,0000,58367.46485260,0,,0,,18.920,3.794,0.000,52.026,4.122,0.000,313.9,21.32,224.2,27.67,7.50,7.50,14.565,0.123,0,0.260,13.767,0.378,0,0.326,15.161,0.126,0,14.528,0.435,0,14.825,0.123,0,14.093,0.378,0,14.736,0.139,3,13.963,0.390,3,14.715,0.168,3,13.941,0.439,3,14.721,0.202,3,13.854,0.478,3,14.671,0.229,3,13.659,0.461,3,14.506,0.231,3,13.432,0.420,3,14.255,0.210,3,13.221,0.386,3,747007601351013697,0.239380,-173.8,1,14.522,0.031,13.635,0.035,10.862,0.102,8.082,0.286,129874876,0.253508,165.6,1,,17.189,0.1969,16.481,0.2507,15.618,0.2293,0.2634587467182720,0.9551549845220469,-0.1351608091139060,102322121,9596681614233
74.5796566,-7.7679068,0.2034,0.1949,-0.0537,206.7987817,-28.6473735,72.2404932,-30.2614307,806.819,523.237,805.027,521.310,9690801162000761,96908a162-000761,162,96908a,761,14.564,0.074,14.7,1.47,13.534,0.116,9.4,0.621,1,1,0,0.00000,0.00000,0000,0000,3,AB,0,5,0.5,87.083,00,0000,0001,58367.79198330,0,,0,,18.449,3.725,0.000,51.098,5.409,0.000,301.1,20.42,277.9,29.62,7.50,7.50,14.462,0.123,0,0.260,13.665,0.231,2,0.326,15.161,0.123,0,14.357,0.223,2,14.722,0.123,0,13.991,0.231,2,14.548,0.147,2,13.899,0.298,2,14.464,0.172,2,13.860,0.395,2,14.385,0.191,3,13.847,0.497,3,14.292,0.213,3,13.070,,32,14.181,0.229,3,12.994,,32,14.010,0.229,3,12.931,,32,747007601351013697,0.295617,-162.0,1,14.522,0.031,13.635,0.035,10.862,0.102,8.082,0.286,129874876,0.288728,-179.6,1,,17.189,0.1969,16.481,0.2507,15.618,0.2293,0.2634584491733410,0.9551550959584050,-0.1351606015962780,102322121,9596681614233
74.5796332,-7.7679952,0.1662,0.1819,-0.0432,206.7988597,-28.6474340,72.2404540,-30.2615156,479.337,897.584,481.173,897.071,9690001121000698,96900a121-000698,121,96900a,698,14.438,0.064,16.8,1.12,13.691,0.119,9.1,0.974,0.999,1,0,0.00000,0.00000,0000,0000,3,AB,0,5,0.5,10.569,00,0000,0010,58367.52979484,0,,0,,18.740,3.589,0.000,52.265,4.665,0.000,338.2,20.08,240.4,26.33,7.50,7.50,14.587,0.156,0,0.260,13.731,0.251,2,0.326,15.126,0.140,0,14.492,0.274,2,14.847,0.156,0,14.057,0.251,2,14.874,0.206,0,13.887,0.273,2,15.042,0.321,2,13.797,0.317,2,15.316,0.518,3,13.713,0.347,3,14.704,,32,13.622,0.361,3,14.674,,32,13.543,0.389,3,14.398,,32,13.467,0.445,3,747007601351013697,0.037901,-11.9,1,14.522,0.031,13.635,0.035,10.862,0.102,8.082,0.286,129874876,0.086519,70.1,1,,17.189,0.1969,16.481,0.2507,15.618,0.2293,0.2634587838157670,0.9551547873305980,-0.1351621303093340,102322121,9596681614234
74.5796945,-7.7680165,0.2249,0.2107,-0.0684,206.7989126,-28.6473893,72.2405208,-30.2615442,87.112,859.482,91.120,860.636,9687801187000775,96878a187-000775,187,96878a,775,14.531,0.081,13.4,1.52,13.640,0.109,10.0,0.978,1.19,1,0,0.00000,0.00000,0000,0000,3,AA,0,5,0.5,92.713,00,0000,0000,58366.81046372,0,,0,,18.764,3.641,0.000,51.916,4.551,0.000,310.5,23.25,251.9,25.18,7.50,7.50,14.417,0.112,2,0.260,13.774,0.202,2,0.326,15.141,0.127,2,14.488,0.201,0,14.676,0.112,2,14.100,0.202,2,14.456,0.122,2,13.959,0.228,2,14.341,0.140,3,13.899,0.264,3,14.286,0.168,3,13.887,0.318,3,14.206,0.219,3,13.912,0.384,3,14.056,0.239,3,13.892,0.456,3,13.852,0.218,3,13.730,0.519,3,747007601351013697,0.253465,-63.3,1,14.522,0.031,13.635,0.035,10.862,0.102,8.082,0.286,129874876,0.173601,-52.3,1,,17.189,0.1969,16.481,0.2507,15.618,0.2293,0.2634577485474460,0.9551550207626910,-0.1351624986530420,102322121,9596681614235
74.5796598,-7.7679679,0.2204,0.2012,-0.0836,206.7988455,-28.6473982,72.2404882,-30.2614917,263.315,154.594,263.296,155.062,9688201186000784,96882a186-000784,186,96882a,784,14.529,0.082,13.2,1.43,13.564,0.111,9.8,0.703,1.05,1,0,0.00000,0.00000,0000,0000,3,AB,0,10,1.0,101.176,00,0000,0000,58366.94123968,0,,0,,19.245,3.536,0.000,51.873,4.434,0.000,311,23.57,270.2,27.67,7.50,7.50,14.484,0.136,2,0.260,13.513,0.270,2,0.326,15.165,0.161,0,14.302,0.364,2,14.744,0.136,2,13.839,0.270,2,14.541,0.139,2,13.680,0.257,2,14.431,0.162,2,13.649,0.277,2,14.365,0.180,3,13.660,0.314,3,14.291,0.194,3,13.646,0.352,3,14.160,0.197,3,13.576,0.380,3,13.985,0.185,3,13.465,0.403,3,747007601351013697,0.119577,-120.8,1,14.522,0.031,13.635,0.035,10.862,0.102,8.082,0.286,129874876,0.070083,-168.8,1,,17.189,0.1969,16.481,0.2507,15.618,0.2293,0.2634583575020740,0.9551549717261050,-0.1351616582068070,102322121,9596681614235
74.5796505,-7.7679369,0.2334,0.2171,-0.0955,206.7988092,-28.6473924,72.2404820,-30.2614598,169.432,570.865,171.730,571.715,9689201162000920,96892a162-000920,162,96892a,920,14.633,0.074,14.7,0.906,13.969,0.181,6.0,0.592,0.724,1,0,0.00000,0.00000,0000,0000,3,AB,0,10,1.0,12.970,00,0000,0000,58367.26849768,0,,0,,19.717,4.010,0.000,51.397,4.491,0.000,282.7,19.27,186.1,30.99,7.50,7.50,14.656,0.110,1,0.260,13.793,0.341,3,0.326,15.319,0.114,0,14.665,0.426,2,14.915,0.110,1,14.119,0.341,3,14.782,0.129,1,13.883,0.339,3,14.748,0.155,1,13.811,0.383,3,14.759,0.185,1,13.764,0.426,3,14.740,0.212,3,13.662,0.439,3,14.631,0.223,3,13.505,0.426,3,14.442,0.218,3,13.330,0.429,3,747007601351013697,0.186274,-158.1,1,14.522,0.031,13.635,0.035,10.862,0.102,8.082,0.286,129874876,0.181424,173.8,1,,17.189,0.1969,16.481,0.2507,15.618,0.2293,0.2634585319836280,0.9551549994594540,-0.1351611221196510,102322121,9596681614235
74.5796971,-7.7680079,0.2918,0.2678,0.1031,206.7989051,-28.6473831,72.2405250,-30.2615359,897.915,79.795,893.731,77.431,9689801186001545,96898a186-001545,186,96898a,1545,14.506,0.120,9.0,0.495,13.545,0.133,8.2,0.91,0.684,1,0,0.00000,0.00000,0000,0000,3,BB,0,5,0.5,-2.125,00,0000,0000,58367.46472524,0,,0,,18.832,4.042,0.000,52.550,4.709,0.000,317.6,35.12,275,33.67,7.50,7.50,14.512,0.212,2,0.260,13.542,0.239,0,0.326,15.183,0.266,2,14.329,0.239,0,14.772,0.212,2,13.868,0.239,0,14.632,0.222,2,13.679,0.282,2,14.613,0.288,3,13.595,0.331,3,14.625,0.400,3,13.589,0.400,3,14.533,0.417,3,13.626,0.541,3,14.285,0.355,3,12.763,,32,14.010,0.293,3,12.655,,32,747007601351013697,0.249893,-70.6,1,14.522,0.031,13.635,0.035,10.862,0.102,8.082,0.286,129874876,0.164783,-62.8,1,,17.189,0.1969,16.481,0.2507,15.618,0.2293,0.2634577105983270,0.9551550522753450,-0.1351623499321100,102322121,9596681614235
74.5795710,-7.7679526,0.2219,0.2089,0.0507,206.7987848,-28.6474699,72.2403893,-30.2614658,321.146,782.194,323.409,782.357,9689601162000749,96896a162-000749,162,96896a,749,14.379,0.074,14.7,0.952,13.716,0.122,8.9,0.693,0.781,1,0,0.00000,0.00000,0000,0000,3,AB,0,10,1.0,-4.024,00,0000,0000,58367.39940096,0,,0,,17.917,3.268,0.000,51.099,5.680,0.000,357.2,24.27,235,26.49,7.50,7.50,14.521,0.113,2,0.260,13.895,0.321,2,0.326,15.130,0.127,2,14.599,0.314,0,14.780,0.113,2,14.221,0.321,2,14.640,0.120,2,14.074,0.386,2,14.586,0.136,2,13.990,0.440,2,14.574,0.160,3,13.910,0.459,3,14.532,0.182,3,13.802,0.457,3,14.403,0.188,3,13.641,0.432,3,14.173,0.174,3,13.445,0.396,3,747007601351013697,0.243567,118.5,1,14.522,0.031,13.635,0.035,10.862,0.102,8.082,0.286,129874876,0.327508,112.2,1,,17.189,0.1969,16.481,0.2507,15.618,0.2293,0.2634598474480590,0.9551545981969840,-0.1351613936218600,102322121,9596681614236
74.5796057,-7.7678929,0.1589,0.1683,-0.0575,206.7987417,-28.6474123,72.2404372,-30.2614107,750.527,794.312,750.303,792.643,9689401187000670,96894a187-000670,187,96894a,670,14.289,0.057,18.9,1.82,13.737,0.166,6.5,0.715,1.2,1,0,0.00000,0.00000,0000,0000,3,AB,0,10,1.0,4.924,00,0000,0000,58367.33394933,0,,0,,20.670,4.812,0.000,51.745,5.788,0.000,388.1,20.5,230.6,35.24,7.50,7.50,14.293,0.126,3,0.260,13.662,0.408,3,0.326,14.975,0.125,1,14.521,0.403,3,14.553,0.126,3,13.988,0.408,3,14.380,0.128,3,13.716,0.418,3,14.312,0.135,3,13.559,0.416,3,14.275,0.147,3,13.440,0.478,3,14.218,0.161,3,12.466,,32,14.083,0.176,3,12.282,,32,13.881,0.210,3,12.216,,32,747007601351013697,0.343275,164.8,1,14.522,0.031,13.635,0.035,10.862,0.102,8.082,0.286,129874876,0.383340,152.1,1,,17.189,0.1969,16.481,0.2507,15.618,0.2293,0.2634593064256890,0.9551548935183860,-0.1351603612216840,102322121,9596681614237
74.5796048,-7.7678677,0.1632,0.1670,-0.0791,206.7987156,-28.6474017,72.2404398,-30.2613856,971.203,726.110,969.380,723.465,9691201162000646,96912a162-000646,162,96912a,646,14.288,0.066,16.4,1.57,13.614,0.097,11.2,0.755,1.11,1,0,0.00000,0.00000,0000,0000,3,AA,0,10,1.0,106.474,00,0010,0000,58367.92288657,0,,0,,18.144,2.927,0.000,51.222,4.533,0.000,388.2,23.62,258.1,23.13,7.50,7.50,14.480,0.101,2,0.260,13.597,0.335,2,0.326,15.097,0.106,2,14.379,0.319,0,14.740,0.101,2,13.923,0.335,2,14.615,0.112,3,13.757,0.364,3,14.594,0.134,3,13.728,0.391,3,14.610,0.162,3,13.768,0.442,3,14.578,0.188,3,13.807,0.506,3,14.409,0.188,3,13.741,0.533,3,14.185,0.180,3,13.605,0.527,3,747007601351013697,0.432146,167.5,1,14.522,0.031,13.635,0.035,10.862,0.102,8.082,0.286,129874876,0.466697,157.0,1,,17.189,0.1969,16.481,0.2507,15.618,0.2293,0.2634593372360190,0.9551549466864850,-0.1351599254346310,102322121,9596681614237
74.5795771,-7.7678346,0.1164,0.1304,-0.0529,206.7986678,-28.6474114,72.2404129,-30.2613494,133.535,107.345,134.019,108.375,922018161000505,09220r161-000505,161,09220r,505,13.950,0.049,22.2,1.73,12.801,0.066,16.4,0.758,1.22,1,0,0.00000,0.00000,0000,0000,3,AA,0,5,0.5,11.761,00,0000,0000,58731.29127236,0,,0,,19.022,3.599,0.000,54.281,4.260,0.000,530.1,23.91,545.5,33.36,7.50,7.50,13.870,0.065,3,0.260,12.662,0.111,3,0.326,14.548,0.072,0,13.477,0.147,2,14.130,0.065,3,12.988,0.111,3,13.974,0.070,3,12.784,0.106,3,13.916,0.080,3,12.665,0.117,3,13.887,0.092,3,12.555,0.133,3,13.836,0.101,3,12.443,0.141,3,13.711,0.105,3,12.330,0.143,3,13.539,0.104,3,12.204,0.145,3,747007601351013697,0.574222,160.4,1,14.522,0.031,13.635,0.035,10.862,0.102,8.082,0.286,129874876,0.616612,152.8,1,,17.189,0.1969,16.481,0.2507,15.618,0.2293,0.2634598197736250,0.9551548945866770,-0.1351593530317560,102322121,9596681614226
74.5797407,-7.7680204,0.1717,0.1791,-0.0836,206.7989400,-28.6473502,72.2405729,-30.2615536,698.871,466.453,697.540,464.974,922218186000552,09222r186-000552,186,09222r,552,14.049,0.065,16.6,1.58,12.971,0.105,10.4,0.491,1.06,1,0,0.00000,0.00000,0000,0000,3,AA,0,10,1.0,2.726,00,0000,0000,58731.35672395,0,,0,,18.934,3.806,0.000,54.133,5.961,0.000,483.7,29.08,466.8,45.06,7.50,7.50,13.985,0.185,3,0.260,13.115,0.430,3,0.326,14.660,0.244,0,13.092,,32,14.245,0.185,3,13.441,0.430,3,14.093,0.189,3,13.310,0.405,3,14.027,0.206,3,13.301,0.430,3,13.954,0.216,3,13.323,0.478,3,13.852,0.236,3,12.618,,32,13.705,0.239,3,12.600,,32,13.513,0.216,3,12.543,,32,747007601351013697,0.411637,-71.9,1,14.522,0.031,13.635,0.035,10.862,0.102,8.082,0.286,129874876,0.325170,-68.3,1,,17.189,0.1969,16.481,0.2507,15.618,0.2293,0.2634569759193300,0.9551552243304320,-0.1351625660962540,102322121,9596681614232
74.5796515,-7.7679091,0.1269,0.1349,-0.0428,206.7987814,-28.6473790,72.2404871,-30.2614324,867.141,989.966,867.200,987.888,922618187001353,09226r187-001353,187,09226r,1353,14.008,0.053,20.7,0.892,13.107,0.069,15.7,0.523,0.683,1,0,0.00000,0.00000,0000,0000,3,AA,0,10,1.0,-0.819,00,0000,0000,58731.48762719,0,,0,,19.402,4.011,0.000,53.979,4.644,0.000,502.4,24.3,411.9,26.3,7.50,7.50,13.894,0.102,2,0.260,13.009,0.284,2,0.326,14.568,0.104,0,13.795,0.157,0,14.153,0.102,2,13.335,0.284,2,14.004,0.105,3,12.337,,32,13.955,0.113,3,11.995,,32,13.917,0.122,3,11.933,,32,13.822,0.129,3,11.924,,32,13.658,0.128,3,11.901,,32,13.459,0.120,3,11.854,,32,747007601351013697,0.282507,-165.0,1,14.522,0.031,13.635,0.035,10.862,0.102,8.082,0.286,129874876,0.280899,176.7,1,,17.189,0.1969,16.481,0.2507,15.618,0.2293,0.2634585327507220,0.9551550672771170,-0.1351606413704900,102322121,9596681614233
74.5796441,-7.7679879,0.1368,0.1531,-0.0207,206.7988578,-28.6474210,72.2404675,-30.2615097,550.219,861.497,551.466,860.716,921818187000487,09218r187-000487,187,09218r,487,13.973,0.063,17.3,1.21,13.081,0.091,11.9,0.824,0.972,1,0,0.00000,0.00000,0000,0000,3,AA,0,10,1.0,18.492,00,0000,0000,58731.22594813,0,,0,,20.923,4.126,0.000,54.722,5.418,0.000,519.2,29.98,421.5,35.48,7.50,7.50,13.869,0.071,0,0.260,13.215,0.156,2,0.326,14.519,0.086,0,13.925,0.148,2,14.128,0.071,0,13.541,0.156,2,13.974,0.075,1,13.415,0.225,3,13.911,0.085,3,13.367,0.329,3,13.876,0.095,3,13.324,0.410,3,13.816,0.102,3,13.279,0.437,3,13.690,0.104,3,13.234,0.461,3,13.518,0.101,3,13.168,0.514,3,747007601351013697,0.047959,-77.0,1,14.522,0.031,13.635,0.035,10.862,0.102,8.082,0.286,129874876,0.042570,85.6,1,,17.189,0.1969,16.481,0.2507,15.618,0.2293,0.2634586066852720,0.9551548540521480,-0.1351620040694670,102322121,9596681614234
74.5796126,-7.7679563,0.1513,0.1700,-0.0639,206.7988097,-28.6474347,72.2404361,-30.2614745,919.094,851.634,918.166,849.273,924018162000510,09240r162-000510,162,09240r,510,14.011,0.070,15.5,1.35,13.002,0.078,14.0,1.33,1.27,1,0,0.00000,0.00000,0000,0000,3,AA,0,10,1.0,101.646,00,0000,0000,58731.94553389,0,,0,,18.483,3.285,0.000,55.837,5.656,0.000,501.3,32.27,453.5,32.47,7.50,7.50,14.043,0.079,2,0.260,12.977,0.197,2,0.326,14.704,0.089,2,13.729,0.176,2,14.303,0.079,2,13.303,0.197,2,14.149,0.086,2,13.118,0.225,2,14.113,0.103,2,13.014,0.243,2,14.123,0.126,3,12.945,0.257,3,14.122,0.145,3,12.902,0.277,3,14.028,0.151,3,12.846,0.296,3,13.835,0.143,3,12.741,0.295,3,747007601351013697,0.122100,147.5,1,14.522,0.031,13.635,0.035,10.862,0.102,8.082,0.286,129874876,0.190209,125.5,1,,17.189,0.1969,16.481,0.2507,15.618,0.2293,0.2634591516304770,0.9551547810694599,-0.1351614576064560,102322121,9596681614234
74.5796519,-7.7679519,0.1539,0.1516,-0.0504,206.7988252,-28.6473979,72.2404815,-30.2614749,870.498,74.335,866.474,72.081,922618186001280,09226r186-001280,186,09226r,1280,13.863,0.054,20.0,0.841,13.040,0.075,14.4,0.642,0.698,1,0,0.00000,0.00000,0000,0000,3,AA,0,5,0.5,-0.180,00,0000,0000,58731.48749987,0,,0,,18.693,3.646,0.000,54.178,4.087,0.000,574.1,28.75,438,30.33,7.50,7.50,13.903,0.126,3,0.260,12.926,0.230,2,0.326,14.531,0.128,2,13.759,0.229,2,14.163,0.126,3,13.252,0.230,2,14.042,0.132,3,13.015,0.239,2,13.982,0.140,3,12.891,0.231,3,13.924,0.154,3,12.800,0.227,3,13.854,0.173,3,12.712,0.224,3,13.720,0.169,3,12.615,0.220,3,13.516,0.156,3,12.496,0.219,3,747007601351013697,0.140254,-147.9,1,14.522,0.031,13.635,0.035,10.862,0.102,8.082,0.286,129874876,0.127203,173.4,1,,17.189,0.1969,16.481,0.2507,15.618,0.2293,0.2634584992359340,0.9551549717856550,-0.1351613815166670,102322121,9596681614235
74.5796672,-7.7679616,0.1478,0.1592,-0.0706,206.7988428,-28.6473888,72.2404975,-30.2614864,760.982,340.340,758.741,338.585,923618162000517,09236r162-000517,162,09236r,517,14.042,0.055,19.8,1.26,12.947,0.077,14.2,0.541,0.873,1,0,0.00000,0.00000,0000,0000,3,AA,0,10,1.0,91.671,00,0000,0000,58731.81463061,0,,0,,19.947,4.590,0.000,54.795,6.000,0.000,486.9,24.55,477.1,33.64,7.50,7.50,14.034,0.085,2,0.260,12.874,0.160,2,0.326,14.666,0.082,2,13.658,0.189,0,14.294,0.085,2,13.200,0.160,2,14.203,0.105,2,13.050,0.176,2,14.245,0.135,2,13.022,0.230,2,14.345,0.182,3,13.041,0.292,3,14.436,0.257,3,13.052,0.353,3,14.478,0.331,3,13.032,0.414,3,14.416,0.364,3,12.978,0.445,3,747007601351013697,0.153977,-123.0,1,14.522,0.031,13.635,0.035,10.862,0.102,8.082,0.286,129874876,0.099786,-156.4,1,,17.189,0.1969,16.481,0.2507,15.618,0.2293,0.2634582380913630,0.9551550200796800,-0.1351615492600650,102322121,9596681614235
74.5796163,-7.7678172,0.2397,0.2337,-0.0268,206.7986700,-28.6473689,72.2404600,-30.2613369,1003.246,18.789,998.092,16.000,9050101014000834,90501a014-000834,14,90501a,834,14.640,0.080,13.6,1.33,13.740,0.113,9.6,0.917,1.07,1,0,0.00000,0.00000,0000,0000,3,AB,0,5,0.5,38.965,00,0000,0000,58158.14107081,0,,0,,14.402,3.593,0.000,37.898,4.049,0.000,280.8,20.64,229.8,23.94,7.50,7.50,14.479,0.143,2,0.260,13.612,0.142,0,0.326,15.210,0.172,0,14.477,0.166,0,14.738,0.143,2,13.938,0.142,0,14.584,0.150,2,13.663,0.151,0,14.524,0.173,2,13.483,0.198,0,14.430,0.208,2,13.362,0.405,0,14.258,0.254,2,12.441,,32,14.058,0.280,3,12.352,,32,13.860,0.273,3,12.293,,32,747007601351013697,0.605993,175.0,1,14.522,0.031,13.635,0.035,10.862,0.102,8.082,0.286,129874876,0.627468,167.0,1,,17.189,0.1969,16.481,0.2507,15.618,0.2293,0.2634591772002600,0.9551551144060190,-0.1351590521311330,102322121,9596681613729
74.5795739,-7.7680276,0.2222,0.2224,-0.0424,206.7988626,-28.6475010,72.2403819,-30.2615406,574.635,183.739,572.912,182.825,9049901090000741,90499a090-000741,90,90499a,741,14.596,0.084,12.9,0.804,13.589,0.104,10.4,0.852,0.783,1,0,0.00000,0.00000,0000,0000,3,AA,0,10,1.0,22.121,00,0000,0000,58158.07612802,0,,0,,16.002,4.579,0.000,38.862,3.904,0.000,292.3,22.72,264,25.35,7.50,7.50,14.455,0.180,2,0.260,13.600,0.169,2,0.326,15.141,0.197,0,14.392,0.184,2,14.715,0.180,2,13.926,0.169,2,14.524,0.185,2,13.738,0.199,2,14.459,0.205,2,13.717,0.257,2,14.461,0.254,3,13.804,0.334,3,14.458,0.297,3,13.886,0.426,3,14.380,0.335,3,13.874,0.503,3,14.198,0.356,3,13.761,0.535,3,747007601351013697,0.255172,53.0,1,14.522,0.031,13.635,0.035,10.862,0.102,8.082,0.286,129874876,0.327296,63.5,1,,17.189,0.1969,16.481,0.2507,15.618,0.2293,0.2634597520585650,0.9551544409744270,-0.1351626906067980,102322121,9596681614229
74.5796752,-7.7680040,0.2352,0.2481,-0.0886,206.7988900,-28.6474008,72.2405006,-30.2615294,835.108,144.820,831.597,142.760,9050501066000766,90505a066-000766,66,90505a,766,14.593,0.090,12.1,0.737,13.619,0.121,8.9,0.621,0.641,1,0,0.00000,0.00000,0000,0000,3,AB,0,10,1.0,83.254,00,0000,0000,58158.27248427,0,,0,,14.700,3.863,0.000,38.378,4.252,0.000,293.3,24.21,256.8,28.73,7.50,7.50,14.253,0.128,2,0.260,13.859,0.286,2,0.326,14.989,0.145,2,14.544,0.277,2,14.513,0.128,2,14.185,0.286,2,14.321,0.126,2,14.145,0.360,2,14.231,0.138,3,14.225,0.502,3,14.173,0.155,3,13.331,,32,14.104,0.163,3,13.097,,32,13.970,0.163,3,12.932,,32,13.750,0.150,3,12.814,,32,747007601351013697,0.172002,-66.4,1,14.522,0.031,13.635,0.035,10.862,0.102,8.082,0.286,129874876,0.091846,-48.2,1,,17.189,0.1969,16.481,0.2507,15.618,0.2293,0.2634580781307770,0.9551549604436070,-0.1351622824888960,102322121,9596681614234
74.5796098,-7.7679591,0.1547,0.1890,-0.0626,206.7988111,-28.6474384,72.2404325,-30.2614769,516.504,914.212,518.222,913.548,9051301023000711,90513a023-000711,23,90513a,711,14.495,0.067,16.3,1.75,13.730,0.139,7.8,0.589,1.13,1,0,0.00000,0.00000,0000,0000,3,AB,0,10,1.0,72.525,00,0000,0000,58158.53391065,0,,0,,13.742,3.689,0.000,39.379,4.820,0.000,320.9,19.66,231.9,29.61,7.50,7.50,14.390,0.159,3,0.260,13.653,0.228,1,0.326,15.048,0.117,0,14.421,0.273,0,14.650,0.159,3,13.979,0.228,1,14.507,0.199,3,13.841,0.247,3,14.421,0.204,3,13.832,0.309,3,14.335,0.203,3,13.854,0.375,3,14.276,0.215,3,13.890,0.439,3,14.184,0.240,3,13.901,0.520,3,13.981,0.240,3,13.042,,32,747007601351013697,0.119771,140.8,1,14.522,0.031,13.635,0.035,10.862,0.102,8.082,0.286,129874876,0.192990,121.4,1,,17.189,0.1969,16.481,0.2507,15.618,0.2293,0.2634591965518180,0.9551547618269620,-0.1351615060272310,102322121,9596681614234
74.5796392,-7.7679537,0.1773,0.1933,-0.0780,206.7988206,-28.6474100,72.2404668,-30.2614751,15.967,105.306,17.137,106.960,9052501066000873,90525a066-000873,66,90525a,873,14.549,0.071,15.4,0.749,13.717,0.106,10.3,0.737,0.707,1,0,0.00000,0.00000,0000,0000,3,AA,0,10,1.0,0.397,00,0000,0000,58158.92700516,0,,0,,15.190,3.836,0.000,37.644,4.066,0.000,305.4,19.89,234.8,22.83,7.50,7.50,14.401,0.094,1,0.260,13.781,0.188,3,0.326,15.113,0.107,0,14.527,0.217,0,14.661,0.094,1,14.107,0.188,3,14.477,0.102,1,13.964,0.206,3,14.437,0.125,3,13.961,0.249,3,14.433,0.155,3,13.987,0.309,3,14.380,0.184,3,13.926,0.359,3,14.238,0.192,3,13.744,0.401,3,14.005,0.178,19,13.516,0.432,3,747007601351013697,0.116066,-165.4,1,14.522,0.031,13.635,0.035,10.862,0.102,8.082,0.286,129874876,0.134023,153.4,1,,17.189,0.1969,16.481,0.2507,15.618,0.2293,0.2634587098234720,0.9551549092948990,-0.1351614126443080,102322121,9596681614235
74.5796007,-7.7680074,0.1854,0.1933,-0.0735,206.7988556,-28.6474682,72.2404153,-30.2615238,351.618,122.279,350.984,122.348,9051701066000698,90517a066-000698,66,90517a,698,14.424,0.065,16.7,1.04,13.874,0.197,5.5,0.63,0.81,1,0,0.00000,0.00000,0000,0000,3,AB,0,10,1.0,33.089,00,0000,0000,58158.66519676,0,,0,,13.718,3.482,0.000,37.887,3.770,0.000,342.6,20.55,203.1,36.82,7.50,7.50,14.462,0.113,0,0.260,13.866,0.342,2,0.326,15.087,0.123,0,14.703,0.488,2,14.722,0.113,0,14.192,0.342,2,14.628,0.135,2,13.982,0.317,2,14.642,0.213,2,13.877,0.331,2,14.716,0.450,3,13.814,0.351,3,13.939,,32,13.752,0.374,3,13.901,,32,13.672,0.403,3,13.804,,32,13.518,0.400,3,747007601351013697,0.135063,53.2,1,14.522,0.031,13.635,0.035,10.862,0.102,8.082,0.286,129874876,0.210481,69.6,1,,17.189,0.1969,16.481,0.2507,15.618,0.2293,0.2634593179574770,0.9551546101441331,-0.1351623412855450,102322121,9596681614236
74.5796086,-7.7679210,0.1782,0.1962,-0.0741,206.7987717,-28.6474224,72.2404366,-30.2614390,256.118,165.322,256.173,165.867,9050701090000696,90507a090-000696,90,90507a,696,14.486,0.065,16.6,1.21,13.392,0.114,9.5,1.11,1.11,1,0,0.00000,0.00000,0000,0000,3,AB,0,10,1.0,103.238,00,0000,0000,58158.33793638,0,,0,,13.544,3.216,0.000,38.624,4.722,0.000,323.6,19.5,316.6,33.22,7.50,7.50,14.374,0.082,0,0.260,13.396,0.391,2,0.326,15.087,0.092,0,13.441,,32,14.634,0.082,0,13.722,0.391,2,14.417,0.087,0,13.512,0.346,2,14.297,0.100,2,13.443,0.350,2,14.196,0.111,3,13.435,0.368,3,14.066,0.132,3,13.396,0.380,3,13.879,0.154,3,13.290,0.376,3,13.647,0.142,3,13.130,0.358,3,747007601351013697,0.243521,160.8,1,14.522,0.031,13.635,0.035,10.862,0.102,8.082,0.286,129874876,0.291616,144.6,1,,17.189,0.1969,16.481,0.2507,15.618,0.2293,0.2634592404550730,0.9551548429517330,-0.1351608471588040,102322121,9596681614237
74.5795691,-7.7678883,0.1911,0.1905,-0.0623,206.7987184,-28.6474426,72.2403962,-30.2614017,191.674,116.856,191.941,117.679,9052101066000706,90521a066-000706,66,90521a,706,14.495,0.070,15.6,1.13,13.521,0.115,9.4,1.34,1.17,1,0,0.00000,0.00000,0000,0000,3,AB,0,5,0.5,13.799,00,0000,0000,58158.79610096,0,,0,,14.101,3.495,0.000,37.865,3.870,0.000,321,20.57,281.3,29.91,7.50,7.50,14.494,0.104,3,0.260,13.510,0.275,3,0.326,15.157,0.111,0,14.313,0.330,2,14.753,0.104,3,13.836,0.275,3,14.583,0.115,3,13.683,0.275,3,14.525,0.138,3,13.666,0.298,3,14.555,0.182,3,13.683,0.342,3,14.594,0.230,3,13.650,0.384,3,14.535,0.249,3,13.580,0.404,3,14.337,0.238,3,13.472,0.407,3,747007601351013697,0.411931,147.6,1,14.522,0.031,13.635,0.035,10.862,0.102,8.082,0.286,129874876,0.471522,138.9,1,,17.189,0.1969,16.481,0.2507,15.618,0.2293,0.2634599194548910,0.9551547356836110,-0.1351602816732560,102322121,9596681614237
74.5795745,-7.7680312,0.1819,0.1963,-0.0393,206.7988666,-28.6475021,72.2403821,-30.2615442,1001.175,935.779,1000.095,933.078,9050101015000753,90501a015-000753,15,90501a,753,14.591,0.074,14.6,1.87,13.549,0.107,10.2,0.814,1.29,1,0,0.00000,0.00000,0000,0000,3,AA,0,5,0.5,39.433,00,0000,0000,58158.14119813,0,,0,,12.487,2.536,0.000,37.855,3.715,0.000,293.7,20.15,274,26.91,7.50,7.50,14.476,0.089,0,0.260,13.606,0.358,2,0.326,15.135,0.095,0,14.332,0.425,2,14.736,0.089,0,13.932,0.358,2,14.593,0.100,19,13.800,0.342,3,14.549,0.118,19,13.735,0.347,3,14.525,0.138,19,13.678,0.358,3,14.429,0.150,19,13.592,0.366,3,14.224,0.147,19,13.407,0.346,3,13.941,0.131,19,13.140,0.307,3,747007601351013697,0.261530,50.4,1,14.522,0.031,13.635,0.035,10.862,0.102,8.082,0.286,129874876,0.331406,61.3,1,,17.189,0.1969,16.481,0.2507,15.618,0.2293,0.2634597397980510,0.9551544355465720,-0.1351627528620700,102322121,9596681614258
74.5795793,-7.7680543,0.1894,0.2117,0.0612,206.7988925,-28.6475083,72.2403843,-30.2615677,677.045,135.019,674.515,133.619,9050901066000689,90509a066-000689,66,90509a,689,14.473,0.072,15.0,0.845,13.781,0.113,9.6,0.83,0.792,1,0,0.00000,0.00000,0000,0000,3,AB,0,10,1.0,114.268,00,0000,0000,58158.40338843,0,,0,,14.446,3.864,0.000,38.269,4.872,0.000,327.6,21.85,221.3,23.13,7.50,7.50,14.416,0.135,2,0.260,13.281,,32,0.326,15.066,0.155,2,14.662,0.403,0,14.676,0.135,2,13.607,,32,14.517,0.146,2,13.460,,32,14.439,0.162,2,13.411,,32,14.407,0.225,3,13.375,,32,14.409,0.338,3,13.243,,32,14.395,0.392,3,13.062,,32,14.215,0.361,3,12.905,,32,747007601351013697,0.310528,36.4,1,14.522,0.031,13.635,0.035,10.862,0.102,8.082,0.286,129874876,0.365444,48.5,1,,17.189,0.1969,16.481,0.2507,15.618,0.2293,0.2634596452893360,0.9551544050860680,-0.1351631523333800,102322121,9596681614258
74.5796223,-7.7680309,0.2079,0.2010,-0.0412,206.7988905,-28.6474597,72.2404366,-30.2615497,421.041,177.715,420.221,177.473,9050301090000678,90503a090-000678,90,90503a,678,14.587,0.084,12.9,1.22,13.394,0.099,11.0,1.18,1.14,1,0,0.00000,0.00000,0000,0000,3,AA,0,10,1.0,61.977,00,0000,0000,58158.20703218,0,,0,,12.507,3.261,0.000,38.469,4.212,0.000,294.7,22.83,316,28.7,7.50,7.50,14.574,0.180,2,0.260,13.387,0.273,2,0.326,15.194,0.193,0,14.162,0.314,0,14.834,0.180,2,13.713,0.273,2,14.762,0.227,3,13.543,0.260,3,14.822,0.296,3,13.450,0.257,3,14.910,0.389,3,13.368,0.263,3,14.932,0.501,3,13.262,0.270,3,14.039,,32,13.118,0.281,3,13.859,,32,12.949,0.295,3,747007601351013697,0.168483,10.6,1,14.522,0.031,13.635,0.035,10.862,0.102,8.082,0.286,129874876,0.198561,37.3,1,,17.189,0.1969,16.481,0.2507,15.618,0.2293,0.2634589431319480,0.9551546560243400,-0.1351627476741300,102322121,9596681614265
74.5797067,-7.7681902,0.1767,0.1944,-0.0899,206.7990955,-28.6474567,72.2405101,-30.2617180,98.580,167.247,99.524,168.458,9051101090000731,90511a090-000731,90,90511a,731,14.394,0.071,15.2,1.62,13.717,0.103,10.5,1.02,1.26,1,0,0.00000,0.00000,0000,0000,3,AA,0,10,1.0,94.028,00,0000,0000,58158.46884058,0,,0,,13.589,3.342,0.000,38.408,4.093,0.000,352.1,23.11,234.7,22.3,7.50,7.50,14.436,0.178,0,0.260,13.674,0.460,2,0.326,15.069,0.220,0,14.500,0.485,2,14.695,0.178,0,14.000,0.460,2,14.572,0.180,1,13.759,0.436,3,14.544,0.309,3,13.667,0.440,3,14.539,0.490,3,13.669,0.476,3,14.447,0.500,3,13.673,0.515,3,14.222,0.417,3,13.610,0.516,3,13.950,0.333,3,13.460,0.478,3,747007601351013697,0.786861,-20.1,1,14.522,0.031,13.635,0.035,10.862,0.102,8.082,0.286,129874876,0.753543,-13.9,1,,17.189,0.1969,16.481,0.2507,15.618,0.2293,0.2634574362097590,0.9551546818437260,-0.1351655024693490,102322121,9596681614268
74.5795995,-7.7680417,0.1755,0.1923,-0.0758,206.7988899,-28.6474847,72.2404091,-30.2615577,917.771,199.454,913.985,197.014,9049101090000739,90491a090-000739,90,90491a,739,14.398,0.070,15.6,1.85,13.496,0.088,12.4,1.04,1.38,1,0,0.00000,0.00000,0000,0000,3,AA,0,10,1.0,11.215,00,0000,0000,58157.81431910,0,,0,,14.416,3.662,0.000,38.705,4.674,0.000,350.8,22.5,287.9,23.28,7.50,7.50,14.313,0.092,3,0.260,13.403,0.155,1,0.326,15.034,0.111,0,14.245,0.158,0,14.573,0.092,3,13.729,0.155,1,14.360,0.097,3,13.479,0.164,3,14.233,0.112,3,13.337,0.178,3,14.137,0.131,3,13.228,0.192,3,14.052,0.140,3,13.122,0.204,3,13.943,0.145,3,12.990,0.221,3,13.763,0.144,3,12.828,0.232,3,747007601351013697,0.233317,28.8,1,14.522,0.031,13.635,0.035,10.862,0.102,8.082,0.286,129874876,0.281768,45.7,1,,17.189,0.1969,16.481,0.2507,15.618,0.2293,0.2634593164469850,0.9551545266242900,-0.1351629344399410,102322121,9596681614269
74.5796150,-7.7681778,0.1937,0.2221,0.0315,206.7990363,-28.6475322,72.2404074,-30.2616946,743.943,186.337,741.191,184.662,9049501090001072,90495a090-001072,90,90495a,1072,14.471,0.073,14.9,1.17,13.694,0.148,7.3,0.438,0.762,1,0,0.00000,0.00000,0000,0000,3,AB,0,10,1.0,0.686,00,0000,0000,58157.94522387,0,,0,,13.534,4.085,0.000,36.843,5.462,0.000,328.2,21.96,239.8,32.65,7.50,7.50,14.361,0.103,2,0.260,13.752,0.487,2,0.326,15.061,0.112,0,14.519,0.513,2,14.620,0.103,2,14.078,0.487,2,14.455,0.118,2,13.918,0.467,2,14.382,0.142,3,13.898,0.516,3,14.355,0.165,3,13.069,,32,14.343,0.188,3,12.949,,32,14.282,0.208,3,12.826,,32,14.138,0.217,3,12.702,,32,747007601351013697,0.696781,4.7,1,14.522,0.031,13.635,0.035,10.862,0.102,8.082,0.286,129874876,0.702276,12.0,1,,17.189,0.1969,16.481,0.2507,15.618,0.2293,0.2634589726811400,0.9551542883871280,-0.1351652880346050,102322121,9596681614270
74.5796009,-7.7678394,0.1125,0.1341,-0.0518,206.7986848,-28.6473925,72.2404394,-30.2613570,908.011,253.848,904.467,251.470,283718066000576,02837r066-000576,66,02837r,576,13.666,0.051,21.2,2.14,12.919,0.061,17.8,1.34,1.64,1,0,0.00000,0.00000,0000,0000,3,AA,0,10,1.0,87.214,00,0000,0000,58522.50090273,0,,0,,14.564,3.687,0.000,39.994,5.037,0.000,688.7,32.48,489.7,27.48,7.50,7.50,13.638,0.124,2,0.260,12.792,0.088,2,0.326,14.303,0.171,0,13.607,0.095,2,13.897,0.124,2,13.118,0.088,2,13.754,0.114,3,12.920,0.106,3,13.703,0.119,3,12.851,0.128,3,13.674,0.130,3,12.827,0.150,3,13.629,0.149,3,12.785,0.180,3,13.553,0.156,3,12.702,0.208,3,13.448,0.155,3,12.610,0.221,3,747007601351013697,0.534690,168.4,1,14.522,0.031,13.635,0.035,10.862,0.102,8.082,0.286,129874876,0.566543,159.7,1,,17.189,0.1969,16.481,0.2507,15.618,0.2293,0.2634594200025740,0.9551549931092730,-0.1351594360388220,102322121,9596681614226
74.5797115,-7.7679345,0.1226,0.1411,0.0471,206.7988377,-28.6473374,72.2405518,-30.2614648,589.645,35.085,587.234,34.108,284518066000450,02845r066-000450,66,02845r,450,13.786,0.070,15.4,1.2,12.814,0.055,19.6,0.585,0.79,1,0,0.00000,0.00000,0000,0000,3,AA,0,10,1.0,18.806,00,0000,0000,58522.76258264,0,,0,,13.892,4.159,0.000,39.648,4.448,0.000,616.5,39.99,539.2,27.53,7.50,7.50,13.745,0.145,2,0.260,12.746,0.076,2,0.326,14.410,0.182,2,13.531,0.083,0,14.004,0.145,2,13.072,0.076,2,13.842,0.140,3,12.889,0.081,3,13.782,0.156,3,12.812,0.094,3,13.798,0.200,3,12.765,0.118,3,13.825,0.272,3,12.717,0.138,3,13.754,0.304,3,12.654,0.150,3,13.589,0.282,3,12.578,0.162,3,747007601351013697,0.339662,-122.3,1,14.522,0.031,13.635,0.035,10.862,0.102,8.082,0.286,129874876,0.273700,-133.7,1,,17.189,0.1969,16.481,0.2507,15.618,0.2293,0.2634575165823110,0.9551552854080650,-0.1351610806161270,102322121,9596681614232
74.5796168,-7.7679246,0.1068,0.1099,-0.0446,206.7987796,-28.6474167,72.2404454,-30.2614435,819.903,338.013,817.247,336.027,282718090000435,02827r090-000435,90,02827r,435,13.613,0.041,26.4,0.928,12.998,0.067,16.2,0.443,0.642,1,0,0.00000,0.00000,0000,0000,3,AA,0,5,0.5,47.870,00,0000,0000,58522.17377094,0,,0,,13.714,3.762,0.000,39.579,4.696,0.000,723.2,27.42,455.2,28.18,7.50,7.50,13.583,0.049,2,0.260,13.005,0.160,2,0.326,14.229,0.053,0,13.764,0.148,0,13.842,0.049,2,13.331,0.160,2,13.733,0.058,3,13.182,0.193,3,13.707,0.070,3,13.142,0.227,3,13.677,0.083,3,13.147,0.279,3,13.611,0.096,3,13.157,0.370,3,13.524,0.111,3,13.140,0.419,3,13.430,0.129,3,13.079,0.435,3,747007601351013697,0.222911,166.9,1,14.522,0.031,13.635,0.035,10.862,0.102,8.082,0.286,129874876,0.264602,148.1,1,,17.189,0.1969,16.481,0.2507,15.618,0.2293,0.2634591014980520,0.9551548724705300,-0.1351609094140910,102322121,9596681614233
74.5796678,-7.7680189,0.0898,0.0959,-0.0292,206.7989014,-28.6474140,72.2404901,-30.2615433,975.185,900.149,974.099,897.600,282318091000386,02823r091-000386,91,02823r,386,13.552,0.039,27.5,1.5,12.876,0.059,18.5,1.43,1.4,1,0,0.00000,0.00000,0000,0000,3,AA,0,5,0.5,13.565,00,0000,0000,58522.04299464,0,,0,,15.586,3.680,0.000,39.456,5.581,0.000,764.7,27.79,509.3,27.5,7.50,7.50,13.504,0.040,1,0.260,12.928,0.160,3,0.326,14.159,0.045,0,13.681,0.119,0,13.763,0.040,1,13.254,0.160,3,13.608,0.042,1,13.104,0.215,3,13.534,0.048,1,13.062,0.254,3,13.477,0.059,1,13.060,0.280,3,13.404,0.069,1,13.063,0.305,3,13.301,0.073,3,13.029,0.316,3,13.164,0.072,3,12.954,0.314,3,747007601351013697,0.179477,-47.0,1,14.522,0.031,13.635,0.035,10.862,0.102,8.082,0.286,129874876,0.122310,-20.1,1,,17.189,0.1969,16.481,0.2507,15.618,0.2293,0.2634581921470080,0.9551548925326490,-0.1351625401565580,102322121,9596681614234
74.5796420,-7.7679743,0.1046,0.1079,-0.0415,206.7988429,-28.6474168,72.2404670,-30.2614959,652.108,672.914,651.939,671.688,283118091000646,02831r091-000646,91,02831r,646,13.504,0.041,26.3,0.751,12.848,0.074,14.7,0.756,0.712,1,0,0.00000,0.00000,0000,0000,3,AA,0,5,0.5,90.409,00,0000,0000,58522.30467460,0,,0,,14.589,3.498,0.000,40.336,4.978,0.000,799.1,30.33,522.8,35.69,7.50,7.50,13.451,0.105,2,0.260,12.732,0.173,2,0.326,14.100,0.132,0,13.521,0.199,2,13.711,0.105,2,13.058,0.173,2,13.591,0.102,2,12.917,0.182,2,13.564,0.109,2,12.928,0.223,2,13.549,0.117,3,13.011,0.293,3,13.513,0.127,3,13.100,0.384,3,13.444,0.147,3,13.194,0.490,3,13.323,0.157,3,12.501,,32,747007601351013697,0.054733,-134.2,1,14.522,0.031,13.635,0.035,10.862,0.102,8.082,0.286,129874876,0.067706,132.5,1,,17.189,0.1969,16.481,0.2507,15.618,0.2293,0.2634586502242650,0.9551548753236120,-0.1351617688828600,102322121,9596681614234
74.5796761,-7.7680117,0.1133,0.1045,0.0022,206.7988983,-28.6474034,72.2405005,-30.2615372,498.345,115.542,496.815,114.953,283518090000386,02835r090-000386,90,02835r,386,13.613,0.041,26.4,1.36,12.824,0.064,16.9,0.746,1.02,1,0,0.00000,0.00000,0000,0000,3,AA,0,10,1.0,107.827,00,0000,0001,58522.43545084,0,,0,,13.875,3.865,0.000,38.762,4.848,0.000,722.9,27.39,534.2,31.52,7.50,7.50,13.587,0.324,2,0.260,12.884,0.145,2,0.326,14.238,0.277,0,13.655,0.154,2,13.847,0.324,2,13.210,0.145,2,13.727,0.334,2,13.043,0.148,2,13.712,0.336,3,12.974,0.182,3,13.755,0.358,3,12.943,0.232,3,13.782,0.375,3,12.931,0.262,3,13.719,0.370,3,12.907,0.279,3,13.598,0.371,3,12.865,0.287,3,747007601351013697,0.187584,-59.0,1,14.522,0.031,13.635,0.035,10.862,0.102,8.082,0.286,129874876,0.114224,-38.9,1,,17.189,0.1969,16.481,0.2507,15.618,0.2293,0.2634580582973280,0.9551549470713830,-0.1351624156460110,102322121,9596681614234
74.5797441,-7.7679568,0.2036,0.2145,-0.0714,206.7988770,-28.6473186,72.2405857,-30.2614909,707.700,209.654,705.270,208.134,8568801165000742,85688a165-000742,165,85688a,742,14.485,0.073,14.8,1.53,13.636,0.139,7.8,0.752,1.08,1,0,0.00000,0.00000,0000,0000,3,AB,0,10,1.0,36.805,00,0000,0001,58000.61913560,0,,0,,19.425,3.871,0.000,51.448,5.317,0.000,323.9,21.83,252.9,32.31,7.50,7.50,14.364,0.147,2,0.260,13.587,0.243,2,0.326,15.043,0.142,2,14.387,0.232,2,14.624,0.147,2,13.913,0.243,2,14.480,0.182,2,13.711,0.282,2,14.468,0.246,2,13.588,0.309,2,14.511,0.325,3,13.432,0.307,3,14.523,0.398,3,13.269,0.306,3,14.425,0.403,3,13.133,0.316,3,14.206,0.368,3,13.016,0.329,3,747007601351013697,0.415914,-104.1,1,14.522,0.031,13.635,0.035,10.862,0.102,8.082,0.286,129874876,0.332525,-109.1,1,,17.189,0.1969,16.481,0.2507,15.618,0.2293,0.2634569591328090,0.9551553845970960,-0.1351614662530230,102322121,9596681613732
74.5796439,-7.7680254,0.1679,0.1999,0.0366,206.7988959,-28.6474381,72.2404619,-30.2615469,870.415,880.954,869.898,878.825,8569201166000735,85692a166-000735,166,85692a,735,14.348,0.065,16.6,1.2,13.725,0.143,7.6,0.738,0.914,1,0,0.00000,0.00000,0000,0000,3,AB,0,10,1.0,79.044,00,0000,0000,58000.75016620,0,,0,,20.936,4.457,0.000,50.501,5.241,0.000,367.4,22.14,232.9,30.78,7.50,7.50,14.429,0.118,3,0.260,13.784,0.256,3,0.326,15.089,0.132,1,14.631,0.249,3,14.689,0.118,3,14.110,0.256,3,14.574,0.135,3,13.833,0.339,3,14.569,0.164,3,13.624,0.432,3,14.574,0.193,3,13.443,0.466,3,14.530,0.221,3,13.254,0.439,3,14.360,0.227,3,13.043,0.401,3,14.114,0.216,19,12.815,0.362,3,747007601351013697,0.152889,-17.5,1,14.522,0.031,13.635,0.035,10.862,0.102,8.082,0.286,129874876,0.144821,17.3,1,,17.189,0.1969,16.481,0.2507,15.618,0.2293,0.2634585864970590,0.9551547678535660,-0.1351626525619100,102322121,9596681614234
74.5796047,-7.7679020,0.2306,0.2461,-0.1164,206.7987504,-28.6474173,72.2404348,-30.2614196,546.749,451.568,546.300,450.762,8568401127000931,85684a127-000931,127,85684a,931,14.440,0.080,13.5,1.23,13.836,0.164,6.6,0.757,0.942,1,0,0.00000,0.00000,0000,0000,3,AB,0,10,1.0,5.258,00,0000,0000,58000.48823238,0,,0,,18.041,3.635,0.000,50.591,3.794,0.000,337.7,24.93,210.3,31.78,7.50,7.50,14.561,0.172,2,0.260,13.984,0.464,0,0.326,15.183,0.197,2,14.693,0.484,0,14.820,0.172,2,14.310,0.464,0,14.693,0.179,3,13.421,,32,14.643,0.198,3,13.287,,32,14.608,0.219,3,13.079,,32,14.544,0.242,3,12.832,,32,14.426,0.254,3,12.673,,32,14.258,0.245,3,12.576,,32,747007601351013697,0.312837,162.6,1,14.522,0.031,13.635,0.035,10.862,0.102,8.082,0.286,129874876,0.356538,149.1,1,,17.189,0.1969,16.481,0.2507,15.618,0.2293,0.2634593173882670,0.9551548682260910,-0.1351605185892250,102322121,9596681614237
74.5796166,-7.7679393,0.2073,0.2162,-0.0595,206.7987944,-28.6474235,72.2404431,-30.2614581,467.913,619.061,468.623,618.587,9679001188000803,96790a188-000803,188,96790a,803,14.565,0.073,14.9,0.56,13.825,0.172,6.3,0.876,0.68,1,0,0.00000,0.00000,0000,0000,3,AB,0,5,0.5,105.893,00,0000,0000,58363.93071957,0,,0,,22.101,3.596,0.000,77.304,7.561,0.000,300.9,20.2,212.5,33.73,7.50,7.50,14.575,0.104,1,0.260,12.971,,32,0.326,15.229,0.111,0,13.498,,32,14.835,0.104,1,13.297,,32,14.676,0.117,3,13.222,,32,14.642,0.143,3,13.091,,32,14.669,0.186,3,12.934,,32,14.684,0.278,3,12.741,,32,14.588,0.436,3,12.588,,32,14.321,0.433,3,12.474,,32,747007601351013697,0.172008,162.6,1,14.522,0.031,13.635,0.035,10.862,0.102,8.082,0.286,129874876,0.221898,140.7,1,,17.189,0.1969,16.481,0.2507,15.618,0.2293,0.2634590956114890,0.9551548381218650,-0.1351611636231740,102322121,9596681614235
74.5796955,-7.7681038,0.2023,0.1898,-0.0800,206.7990019,-28.6474277,72.2405096,-30.2616309,9.424,401.665,12.018,403.240,9678601187000680,96786a187-000680,187,96786a,680,14.397,0.066,16.4,0.678,13.514,0.121,9.0,0.9,0.748,1,0,0.00000,0.00000,0000,0000,3,AB,0,5,0.5,90.752,00,0000,0000,58363.79981630,0,,0,,22.071,3.274,0.000,80.395,5.973,0.000,351.2,21.42,283,31.53,7.50,7.50,14.290,0.087,0,0.260,13.325,0.309,0,0.326,14.968,0.093,0,14.218,0.279,0,14.549,0.087,0,13.651,0.309,0,14.386,0.095,2,13.359,0.306,0,14.300,0.110,2,13.201,0.292,2,14.255,0.129,2,13.092,0.290,2,14.234,0.152,2,12.973,0.283,2,14.157,0.168,2,12.821,0.270,2,13.995,0.168,2,12.670,0.259,2,747007601351013697,0.485953,-28.3,1,14.522,0.031,13.635,0.035,10.862,0.102,8.082,0.286,129874876,0.443458,-18.5,1,,17.189,0.1969,16.481,0.2507,15.618,0.2293,0.2634576771166590,0.9551548268301210,-0.1351640083432580,102322121,9596681614267
74.5797069,-7.7678737,0.1670,0.1710,-0.0500,206.7987735,-28.6473141,72.2405552,-30.2614039,891.186,471.428,888.638,469.138,2036618187000637,20366r187-000637,187,20366r,637,14.247,0.073,14.9,1.22,13.419,0.098,11.0,0.458,0.823,1,0,0.00000,0.00000,0000,0000,3,AA,0,5,0.5,82.075,00,0000,0000,59095.78298891,0,,0,,22.673,5.138,0.000,57.385,5.219,0.000,403.2,27.11,309,27.99,7.50,7.50,14.307,0.264,0,0.260,13.422,0.453,2,0.326,14.933,0.161,0,14.175,0.326,0,14.567,0.264,0,13.748,0.453,2,14.414,0.311,1,12.673,,32,14.347,0.314,3,12.430,,32,14.312,0.316,3,12.347,,32,14.216,0.302,3,12.311,,32,14.024,0.268,3,12.242,,32,13.811,0.234,3,12.156,,32,747007601351013697,0.483272,-145.9,1,14.522,0.031,13.635,0.035,10.862,0.102,8.082,0.286,129874876,0.446463,-156.0,1,,17.189,0.1969,16.481,0.2507,15.618,0.2293,0.2634576314039820,0.9551554025201490,-0.1351600291934560,102322121,9596681613734
74.5795112,-7.7679662,0.1847,0.1894,-0.1004,206.7987683,-28.6475289,72.2403193,-30.2614720,31.476,151.010,32.763,152.499,2035618162001060,20356r162-001060,162,20356r,1060,14.230,0.070,15.6,2.04,13.199,0.105,10.3,0.537,1.22,1,0,0.00000,0.00000,0000,0000,3,AA,0,5,0.5,-0.346,00,0000,0000,59095.45598149,0,,0,,19.825,3.574,0.000,56.788,4.746,0.000,409.5,26.29,378.1,36.58,7.50,7.50,14.130,0.128,2,0.260,13.231,0.482,2,0.326,14.830,0.153,0,13.096,,32,14.389,0.128,2,13.557,0.482,2,14.229,0.170,3,13.398,0.435,3,14.164,0.190,3,13.329,0.428,3,14.117,0.197,3,13.272,0.424,3,14.031,0.223,3,13.164,0.405,3,13.884,0.274,3,12.966,0.362,3,13.703,0.275,3,12.737,0.318,3,747007601351013697,0.432593,99.0,1,14.522,0.031,13.635,0.035,10.862,0.102,8.082,0.286,129874876,0.521896,98.2,1,,17.189,0.1969,16.481,0.2507,15.618,0.2293,0.2634608358185670,0.9551542922939840,-0.1351616288084800,102322121,9596681614231
74.5796497,-7.7679287,0.1565,0.1560,-0.0779,206.7988004,-28.6473895,72.2404823,-30.2614516,115.609,803.815,119.177,804.846,2034618188000634,20346r188-000634,188,20346r,634,14.228,0.058,18.8,1.84,13.107,0.083,13.2,0.856,1.23,1,0,0.00000,0.00000,0000,0000,3,AA,0,10,1.0,46.074,00,0000,0000,59095.12910557,0,,0,,17.890,3.192,0.000,57.420,5.290,0.000,410.4,21.78,411.9,31.3,7.50,7.50,14.165,0.076,2,0.260,13.032,0.190,0,0.326,14.856,0.082,2,13.846,0.262,0,14.425,0.076,2,13.358,0.190,0,14.229,0.082,3,13.162,0.178,3,14.112,0.092,3,13.058,0.182,3,14.009,0.103,3,12.952,0.184,3,13.887,0.117,3,12.838,0.189,3,13.732,0.125,3,12.733,0.213,3,13.565,0.122,3,12.646,0.238,3,747007601351013697,0.213032,-161.8,1,14.522,0.031,13.635,0.035,10.862,0.102,8.082,0.286,129874876,0.211080,173.9,1,,17.189,0.1969,16.481,0.2507,15.618,0.2293,0.2634585504636070,0.9551550144283640,-0.1351609803159450,102322121,9596681614233
74.5796309,-7.7679294,0.1405,0.1507,-0.0336,206.7987916,-28.6474064,72.2404608,-30.2614500,342.089,974.175,345.022,974.286,2036418163000586,20364r163-000586,163,20364r,586,14.236,0.058,18.6,1.22,13.293,0.080,13.5,0.833,0.963,1,0,0.00000,0.00000,0000,0000,3,AA,0,10,1.0,60.921,00,0000,0000,59095.71766466,0,,0,,19.339,4.150,0.000,56.694,4.926,0.000,407.3,21.87,346.9,25.63,7.50,7.50,14.245,0.138,2,0.260,13.376,0.201,0,0.326,14.883,0.137,2,14.101,0.183,0,14.504,0.138,2,13.702,0.201,0,14.394,0.158,3,13.593,0.303,1,14.385,0.194,3,13.571,0.425,3,14.408,0.245,3,13.576,0.516,3,14.501,0.345,3,12.808,,32,14.584,0.448,3,12.750,,32,14.496,0.465,3,12.681,,32,747007601351013697,0.199800,179.9,1,14.522,0.031,13.635,0.035,10.862,0.102,8.082,0.286,129874876,0.225863,156.6,1,,17.189,0.1969,16.481,0.2507,15.618,0.2293,0.2634588634317910,0.9551549263899350,-0.1351609924211390,102322121,9596681614233
74.5796538,-7.7679983,0.1510,0.1463,-0.0384,206.7988734,-28.6474171,72.2404771,-30.2615212,270.950,715.898,273.223,716.282,2035018188000622,20350r188-000622,188,20350r,622,14.221,0.057,19.1,0.636,13.250,0.079,13.7,1,0.778,1,0,0.00000,0.00000,0000,0000,3,AA,0,10,1.0,17.667,00,0000,0000,59095.25988142,0,,0,,19.333,3.591,0.000,56.078,4.955,0.000,413.2,21.58,360.9,26.38,7.50,7.50,14.204,0.076,1,0.260,13.085,0.119,3,0.326,14.869,0.082,0,13.960,0.133,2,14.464,0.076,1,13.411,0.119,3,14.302,0.083,1,13.133,0.124,3,14.247,0.099,3,12.972,0.144,3,14.217,0.118,3,12.853,0.179,3,14.143,0.130,3,12.753,0.216,3,13.978,0.132,3,12.664,0.234,3,13.760,0.130,3,12.589,0.241,3,747007601351013697,0.094558,-59.3,1,14.522,0.031,13.635,0.035,10.862,0.102,8.082,0.286,129874876,0.041430,10.9,1,,17.189,0.1969,16.481,0.2507,15.618,0.2293,0.2634584384569650,0.9551548750042170,-0.1351621839180440,102322121,9596681614234
74.5796163,-7.7679547,0.1541,0.1728,-0.0461,206.7988099,-28.6474307,72.2404405,-30.2614733,483.197,889.764,484.949,889.225,2036818163000594,20368r163-000594,163,20368r,594,14.349,0.065,16.8,0.631,13.232,0.082,13.2,0.712,0.64,1,0,0.00000,0.00000,0000,0000,3,AA,0,5,0.5,102.062,00,0000,0000,59095.84844044,0,,0,,19.656,4.108,0.000,56.294,5.008,0.000,367,21.9,367,27.72,7.50,7.50,14.344,0.420,2,0.260,13.389,0.258,0,0.326,14.994,0.491,2,14.081,0.237,0,14.603,0.420,2,13.715,0.258,0,14.351,0.350,3,13.610,0.292,3,13.930,0.246,3,13.582,0.330,3,13.335,0.148,3,13.560,0.369,3,12.824,0.096,3,13.495,0.412,3,12.513,0.076,3,13.430,0.443,3,12.349,0.068,3,13.385,0.493,3,747007601351013697,0.120704,154.3,1,14.522,0.031,13.635,0.035,10.862,0.102,8.082,0.286,129874876,0.183232,129.4,1,,17.189,0.1969,16.481,0.2507,15.618,0.2293,0.2634590909528870,0.9551548017214510,-0.1351614299374420,102322121,9596681614234
74.5796429,-7.7679982,0.1459,0.1632,-0.0567,206.7988677,-28.6474267,72.2404647,-30.2615197,977.948,645.945,975.676,643.266,2038018163000598,20380r163-000598,163,20380r,598,14.245,0.058,18.8,0.983,13.180,0.133,8.2,1.13,0.988,1,0,0.00000,0.00000,0000,0000,3,AB,0,10,1.0,19.507,00,0000,0001,59096.24076797,0,,0,,20.729,3.876,0.000,57.321,4.701,0.000,404,21.54,384.8,47.04,7.50,7.50,14.178,0.072,0,0.260,13.448,0.196,2,0.326,14.846,0.080,0,14.239,0.239,2,14.438,0.072,0,13.774,0.196,2,14.253,0.078,1,13.572,0.201,3,14.151,0.090,1,13.438,0.228,3,14.087,0.140,3,13.354,0.279,3,14.017,0.194,3,13.299,0.317,3,13.883,0.193,3,13.251,0.372,3,13.682,0.171,3,13.195,0.417,3,747007601351013697,0.063986,-41.6,1,14.522,0.031,13.635,0.035,10.862,0.102,8.082,0.286,129874876,0.061718,49.2,1,,17.189,0.1969,16.481,0.2507,15.618,0.2293,0.2634586202291990,0.9551548251110430,-0.1351621821887300,102322121,9596681614234
74.5796301,-7.7679480,0.1836,0.1795,-0.0715,206.7988101,-28.6474155,72.2404572,-30.2614684,442.686,654.357,443.689,653.985,2035418188000656,20354r188-000656,188,20354r,656,14.277,0.067,16.3,0.724,13.296,0.110,9.8,0.45,0.567,1,0,0.00000,0.00000,0000,0000,3,AB,0,5,0.5,0.383,00,0000,0000,59095.39065720,0,,0,,19.708,3.959,0.000,56.580,5.378,0.000,392.4,24.05,346,35.21,7.50,7.50,14.341,0.165,3,0.260,13.340,0.238,3,0.326,14.938,0.156,3,14.090,0.262,3,14.601,0.165,3,13.666,0.238,3,14.553,0.188,3,13.512,0.292,3,14.620,0.232,3,13.433,0.381,3,14.682,0.273,3,12.628,,32,14.641,0.306,3,12.156,,32,14.496,0.341,3,11.878,,32,14.299,0.332,3,11.802,,32,747007601351013697,0.132879,178.6,1,14.522,0.031,13.635,0.035,10.862,0.102,8.082,0.286,129874876,0.168069,146.7,1,,17.189,0.1969,16.481,0.2507,15.618,0.2293,0.2634588651012830,0.9551548804133720,-0.1351613140734430,102322121,9596681614235
74.5796618,-7.7679513,0.1537,0.1604,-0.0703,206.7988296,-28.6473889,72.2404928,-30.2614755,160.741,119.884,161.149,120.771,2036018162000639,20360r162-000639,162,20360r,639,14.236,0.059,18.6,0.711,13.264,0.083,13.0,0.761,0.699,1,0,0.00000,0.00000,0000,0000,3,AA,0,5,0.5,21.124,00,0000,0000,59095.58676147,0,,0,,21.772,4.669,0.000,56.967,3.296,0.000,407.2,21.95,356.4,27.36,7.50,7.50,14.343,0.136,3,0.260,13.388,0.145,3,0.326,14.962,0.142,1,14.130,0.154,1,14.602,0.136,3,13.714,0.145,3,14.489,0.147,3,13.586,0.166,3,14.483,0.188,3,13.543,0.196,3,14.477,0.232,3,13.491,0.226,3,14.404,0.249,3,13.428,0.258,3,14.275,0.253,3,13.362,0.284,3,14.094,0.259,3,13.282,0.307,3,747007601351013697,0.163405,-137.8,1,14.522,0.031,13.635,0.035,10.862,0.102,8.082,0.286,129874876,0.130174,-170.9,1,,17.189,0.1969,16.481,0.2507,15.618,0.2293,0.2634583345733540,0.9551550186724550,-0.1351613711407860,102322121,9596681614235
74.5796381,-7.7679541,0.1435,0.1624,-0.0262,206.7988204,-28.6474111,72.2404655,-30.2614754,343.565,59.644,342.714,59.720,2036418162000585,20364r162-000585,162,20364r,585,14.201,0.057,19.2,1.69,13.447,0.100,10.9,0.549,1.11,1,0,0.00000,0.00000,0000,0000,3,AA,0,10,1.0,61.071,00,0000,0000,59095.71753730,0,,0,,19.043,3.270,0.000,57.645,4.595,0.000,420.8,21.95,301,27.67,7.50,7.50,14.191,0.221,2,0.260,13.415,0.152,2,0.326,14.832,0.126,0,14.185,0.164,2,14.451,0.221,2,13.741,0.152,2,14.349,0.327,2,13.595,0.173,2,14.376,0.381,2,13.583,0.221,2,14.474,0.456,3,13.658,0.286,3,14.593,0.531,3,13.794,0.379,3,13.854,,32,13.833,0.482,3,14.510,0.529,3,12.846,,32,747007601351013697,0.113735,-167.1,1,14.522,0.031,13.635,0.035,10.862,0.102,8.082,0.286,129874876,0.134554,151.7,1,,17.189,0.1969,16.481,0.2507,15.618,0.2293,0.2634587279102270,0.9551549033272190,-0.1351614195615610,102322121,9596681614235
74.5795962,-7.7679551,0.1328,0.1553,-0.0426,206.7988001,-28.6474487,72.2404176,-30.2614713,642.693,813.357,643.157,812.152,2037218163000567,20372r163-000567,163,20372r,567,14.173,0.056,19.3,2.15,13.226,0.087,12.5,0.869,1.48,1,0,0.00000,0.00000,0000,0000,3,AA,0,5,0.5,93.727,00,0000,0000,59095.97921632,0,,0,,20.515,3.840,0.000,57.516,5.216,0.000,431.5,22.32,368.9,29.63,7.50,7.50,14.114,0.132,1,0.260,13.279,0.240,3,0.326,14.808,0.131,1,13.996,0.217,3,14.373,0.132,1,13.605,0.240,3,14.210,0.139,3,13.487,0.295,3,14.140,0.165,3,13.527,0.384,3,14.073,0.204,3,13.642,0.535,3,13.971,0.207,3,12.825,,32,13.789,0.190,3,12.725,,32,13.555,0.173,3,12.566,,32,747007601351013697,0.164065,130.8,1,14.522,0.031,13.635,0.035,10.862,0.102,8.082,0.286,129874876,0.242254,118.3,1,,17.189,0.1969,16.481,0.2507,15.618,0.2293,0.2634594257809500,0.9551547083873621,-0.1351614368546950,102322121,9596681614236
74.5796104,-7.7678616,0.1658,0.1827,-0.0714,206.7987122,-28.6473940,72.2404470,-30.2613802,794.599,710.042,793.677,708.170,2037618163000640,20376r163-000640,163,20376r,640,14.268,0.065,16.6,1.07,13.334,0.130,8.4,0.455,0.725,1,0,0.00000,0.00000,0000,0000,3,AB,0,5,0.5,52.028,00,0000,0000,59096.10999215,0,,0,,20.268,3.785,0.000,57.320,5.873,0.000,395.6,23.86,334.1,39.92,7.50,7.50,14.264,0.141,3,0.260,12.510,,32,0.326,14.907,0.117,2,13.235,,32,14.523,0.141,3,12.836,,32,14.400,0.168,3,12.657,,32,14.363,0.188,3,12.533,,32,14.345,0.203,3,12.382,,32,14.276,0.212,3,12.144,,32,14.156,0.216,3,11.799,,32,14.001,0.210,3,11.568,,32,747007601351013697,0.449921,170.6,1,14.522,0.031,13.635,0.035,10.862,0.102,8.082,0.286,129874876,0.479848,160.2,1,,17.189,0.1969,16.481,0.2507,15.618,0.2293,0.2634592477069030,0.9551549863083710,-0.1351598199464910,102322121,9596681614237
74.5796586,-7.7680362,0.1524,0.1725,-0.0611,206.7989144,-28.6474299,72.2404772,-30.2615594,591.109,553.374,590.784,552.373,2035818187000704,20358r187-000704,187,20358r,704,14.097,0.055,19.8,1.96,13.410,0.159,6.8,0.726,1.3,1,0,0.00000,0.00000,0000,0000,3,AB,0,5,0.5,6.602,00,0000,0000,59095.52143730,0,,0,,20.842,4.315,0.000,56.262,5.178,0.000,462.8,23.36,311.4,45.64,7.50,7.50,13.955,0.073,2,0.260,12.393,,32,0.326,14.657,0.079,0,12.947,,32,14.215,0.073,2,12.719,,32,14.024,0.078,3,12.572,,32,13.934,0.089,3,12.442,,32,13.858,0.099,3,12.346,,32,13.752,0.104,3,12.276,,32,13.600,0.103,3,12.190,,32,13.412,0.103,3,12.070,,32,747007601351013697,0.209282,-28.1,1,14.522,0.031,13.635,0.035,10.862,0.102,8.082,0.286,129874876,0.177363,-3.0,1,,17.189,0.1969,16.481,0.2507,15.618,0.2293,0.2634583346648490,0.9551548108869540,-0.1351628393277230,102322121,9596681614265
74.5797174,-7.7680770,0.2023,0.2384,-0.1121,206.7989858,-28.6473963,72.2405383,-30.2616070,737.309,542.691,736.029,541.063,2036218187000660,20362r187-000660,187,20362r,660,14.392,0.072,15.2,0.706,13.158,0.195,5.6,0.436,0.552,1,0,0.00000,0.00000,0000,0000,3,AB,0,5,0.5,39.707,00,0000,0000,59095.65221304,0,,0,,20.046,4.172,0.000,57.425,5.547,0.000,352.8,23.24,392.8,70.64,7.50,7.50,14.299,0.114,2,0.260,12.573,,32,0.326,14.982,0.119,2,13.251,,32,14.559,0.114,2,12.899,,32,14.398,0.127,2,12.225,,32,14.390,0.155,3,11.339,,32,14.481,0.210,3,10.710,,32,14.601,0.292,3,10.558,,32,14.674,0.459,3,10.542,,32,13.831,,32,10.534,,32,747007601351013697,0.452670,-42.9,1,14.522,0.031,13.635,0.035,10.862,0.102,8.082,0.286,129874876,0.391078,-34.1,1,,17.189,0.1969,16.481,0.2507,15.618,0.2293,0.2634573288413040,0.9551549884774050,-0.1351635448874180,102322121,9596681614267
74.5796620,-7.7676595,0.1554,0.1931,-0.0530,206.7985327,-28.6472575,72.2405344,-30.2611859,917.536,353.287,914.308,350.886,3161218161000618,31612r161-000618,161,31612r,618,14.285,0.061,17.7,2.91,13.463,0.114,9.5,0.775,1.75,1,0,0.00000,0.00000,0000,0000,3,AB,0,5,0.5,-1.196,00,0000,0000,59463.37929787,0,,0,,19.511,3.724,0.000,55.010,5.247,0.000,389.5,21.98,296.6,31.25,7.50,7.50,13.993,0.102,2,0.260,13.460,0.358,2,0.326,14.752,0.094,2,14.203,0.209,2,14.253,0.102,2,13.786,0.358,2,14.053,0.131,2,12.820,,32,14.010,0.149,2,12.675,,32,14.005,0.162,3,12.537,,32,13.970,0.174,3,12.431,,32,13.890,0.178,3,12.343,,32,13.773,0.181,3,12.248,,32,747007601351013697,1.176647,-174.6,1,14.522,0.031,13.635,0.035,10.862,0.102,8.082,0.286,129874876,1.179194,-179.0,1,,17.189,0.1969,16.481,0.2507,15.618,0.2293,0.2634585142694240,0.9551556831589110,-0.1351563250025020,102322121,9596681613737
74.5795291,-7.7679929,0.2070,0.1928,-0.0617,206.7988045,-28.6475251,72.2403359,-30.2615007,287.282,542.742,288.758,543.060,3159618162000733,31596r162-000733,162,31596r,733,14.388,0.066,16.5,1.14,13.642,0.143,7.6,0.953,1.01,1,0,0.00000,0.00000,0000,0000,3,AB,0,5,0.5,103.972,00,0000,0000,59462.85644859,0,,0,,18.491,3.209,0.000,54.645,4.660,0.000,354.1,21.48,251.5,33.19,7.50,7.50,14.308,0.084,0,0.260,13.853,0.269,2,0.326,14.990,0.090,0,14.612,0.293,2,14.567,0.084,0,14.179,0.269,2,14.404,0.095,0,14.029,0.291,2,14.345,0.110,2,14.026,0.352,2,14.313,0.127,3,14.074,0.462,3,14.264,0.141,3,13.265,,32,14.149,0.146,3,13.037,,32,13.959,0.141,3,12.885,,32,747007601351013697,0.364613,85.5,1,14.522,0.031,13.635,0.035,10.862,0.102,8.082,0.286,129874876,0.453146,87.3,1,,17.189,0.1969,16.481,0.2507,15.618,0.2293,0.2634605206670770,0.9551543138844140,-0.1351620905351290,102322121,9596681614229
74.5794973,-7.7679411,0.1444,0.1599,-0.0586,206.7987357,-28.6475299,72.2403070,-30.2614454,691.805,850.636,692.150,849.206,3159418187000555,31594r187-000555,187,31594r,555,14.168,0.057,19.0,1.34,13.346,0.093,11.7,1.26,1.23,1,0,0.00000,0.00000,0000,0000,3,AA,0,5,0.5,84.232,00,0000,0000,59462.79112432,0,,0,,19.349,3.653,0.000,55.334,5.251,0.000,433.7,22.86,330.2,28.16,7.50,7.50,13.915,0.109,3,0.260,12.580,,32,0.326,14.651,0.143,1,13.263,,32,14.175,0.109,3,12.906,,32,13.952,0.098,3,12.777,,32,13.810,0.096,3,12.720,,32,13.704,0.099,3,12.611,,32,13.609,0.105,3,12.460,,32,13.497,0.108,3,12.358,,32,13.358,0.106,3,12.264,,32,747007601351013697,0.502294,108.3,1,14.522,0.031,13.635,0.035,10.862,0.102,8.082,0.286,129874876,0.589701,106.3,1,,17.189,0.1969,16.481,0.2507,15.618,0.2293,0.2634610832840430,0.9551542854577630,-0.1351611947508160,102322121,9596681614230
74.5797145,-7.7679987,0.1775,0.1729,-0.0633,206.7989046,-28.6473636,72.2405461,-30.2615289,233.100,291.460,233.856,292.096,3158218186000692,31582r186-000692,186,31582r,692,14.410,0.066,16.5,0.956,13.309,0.083,13.1,1.01,0.936,1,0,0.00000,0.00000,0000,0000,3,AA,0,5,0.5,-3.679,00,0000,0000,59462.39892413,0,,0,,19.227,3.398,0.000,56.298,4.224,0.000,347,21.02,341.8,26.08,7.50,7.50,14.250,0.087,1,0.260,13.133,0.145,3,0.326,15.019,0.099,1,13.983,0.160,1,14.510,0.087,1,13.459,0.145,3,14.209,0.085,3,13.249,0.156,3,14.027,0.088,3,13.181,0.207,3,13.926,0.100,3,13.153,0.289,3,13.858,0.113,3,13.131,0.349,3,13.769,0.120,3,13.144,0.402,3,13.629,0.120,3,13.204,0.459,3,747007601351013697,0.301956,-80.5,1,14.522,0.031,13.635,0.035,10.862,0.102,8.082,0.286,129874876,0.212876,-78.6,1,,17.189,0.1969,16.481,0.2507,15.618,0.2293,0.2634574263006500,0.9551551532058240,-0.1351621908352960,102322121,9596681614232
74.5796427,-7.7679735,0.1689,0.1642,-0.0768,206.7988425,-28.6474158,72.2404679,-30.2614952,525.590,347.920,524.824,347.213,3159018186000657,31590r186-000657,186,31590r,657,14.310,0.061,17.8,1.03,13.375,0.090,12.0,0.366,0.68,1,0,0.00000,0.00000,0000,0000,3,AA,0,10,1.0,42.253,00,0000,0000,59462.66034847,0,,0,,18.875,3.566,0.000,55.904,5.042,0.000,380.6,21.43,321.6,26.74,7.50,7.50,14.229,0.119,2,0.260,13.394,0.176,2,0.326,14.904,0.117,0,14.139,0.165,2,14.489,0.119,2,13.720,0.176,2,14.312,0.127,2,13.555,0.285,2,14.203,0.164,2,13.469,0.475,2,14.103,0.200,3,12.618,,32,14.003,0.200,3,12.519,,32,13.871,0.191,3,12.379,,32,13.714,0.176,3,12.220,,32,747007601351013697,0.058532,-134.5,1,14.522,0.031,13.635,0.035,10.862,0.102,8.082,0.286,129874876,0.067916,135.7,1,,17.189,0.1969,16.481,0.2507,15.618,0.2293,0.2634586390566550,0.9551548803616430,-0.1351617550483530,102322121,9596681614234
74.5796436,-7.7679516,0.1910,0.1944,-0.0830,206.7988207,-28.6474052,72.2404721,-30.2614736,47.466,688.427,51.050,689.763,3157818186000727,31578r186-000727,186,31578r,727,14.470,0.069,15.8,1.53,13.407,0.106,10.2,0.69,1.03,1,0,0.00000,0.00000,0000,0000,3,AA,0,5,0.5,13.638,00,0000,0000,59462.26827565,0,,0,,18.977,3.579,0.000,54.843,4.000,0.000,328.3,20.8,312.2,30.56,7.50,7.50,14.365,0.104,2,0.260,13.429,0.138,2,0.326,15.046,0.117,0,14.214,0.156,2,14.625,0.104,2,13.755,0.138,2,14.480,0.109,3,13.586,0.154,3,14.447,0.123,3,13.544,0.187,3,14.420,0.142,3,13.551,0.234,3,14.305,0.150,3,13.544,0.295,3,14.123,0.146,3,13.488,0.384,3,13.904,0.135,3,13.373,0.431,3,747007601351013697,0.128028,-159.4,1,14.522,0.031,13.635,0.035,10.862,0.102,8.082,0.286,129874876,0.134897,160.9,1,,17.189,0.1969,16.481,0.2507,15.618,0.2293,0.2634586377900820,0.9551549343026600,-0.1351613763287260,102322121,9596681614235
74.5796881,-7.7679821,0.1731,0.1835,-0.0870,206.7988743,-28.6473795,72.2405184,-30.2615092,432.977,117.970,431.844,117.674,3160018161000652,31600r161-000652,161,31600r,652,14.258,0.066,16.3,0.651,13.433,0.090,12.0,0.928,0.755,1,0,0.00000,0.00000,0000,0000,3,AA,0,5,0.5,89.215,00,0000,0000,59462.98709712,0,,0,,18.163,3.385,0.000,55.094,4.999,0.000,399,24.42,304.9,25.33,7.50,7.50,14.324,0.154,2,0.260,13.485,0.226,0,0.326,14.963,0.169,2,14.252,0.173,0,14.584,0.154,2,13.811,0.226,0,14.435,0.165,2,13.693,0.345,2,14.334,0.184,3,13.702,0.439,3,14.250,0.202,3,13.697,0.481,3,14.171,0.218,3,13.642,0.508,3,14.042,0.219,3,13.511,0.505,3,13.867,0.220,3,13.363,0.498,3,747007601351013697,0.203923,-92.8,1,14.522,0.031,13.635,0.035,10.862,0.102,8.082,0.286,129874876,0.115850,-98.8,1,,17.189,0.1969,16.481,0.2507,15.618,0.2293,0.2634578768170240,0.9551550695633280,-0.1351619037692970,102322121,9596681614235
74.5796621,-7.7679607,0.1628,0.1814,0.0171,206.7988393,-28.6473929,72.2404918,-30.2614849,775.963,801.132,775.594,799.378,3160818162000644,31608r162-000644,162,31608r,644,14.276,0.063,17.2,0.699,13.391,0.129,8.4,0.708,0.661,1,0,0.00000,0.00000,0000,0000,3,AB,0,5,0.5,15.295,00,0000,0000,59463.24864877,0,,0,,18.778,3.591,0.000,54.165,5.995,0.000,392.7,22.83,317,37.55,7.50,7.50,14.354,0.120,2,0.260,13.253,0.386,2,0.326,14.986,0.115,0,14.080,0.329,2,14.614,0.120,2,13.579,0.386,2,14.526,0.155,3,13.366,0.433,3,14.571,0.199,3,12.527,,32,14.659,0.268,3,12.393,,32,14.701,0.310,3,12.371,,32,14.633,0.324,3,12.323,,32,14.447,0.314,3,12.211,,32,747007601351013697,0.141053,-128.1,1,14.522,0.031,13.635,0.035,10.862,0.102,8.082,0.286,129874876,0.097148,-167.1,1,,17.189,0.1969,16.481,0.2507,15.618,0.2293,0.2634583236759540,0.9551549986754690,-0.1351615336962450,102322121,9596681614235
74.5795789,-7.7679438,0.1720,0.1830,-0.0518,206.7987799,-28.6474589,72.2403995,-30.2614580,380.086,569.076,381.111,568.987,3158618163000752,31586r163-000752,163,31586r,752,14.301,0.063,17.3,0.872,13.377,0.100,10.9,0.743,0.768,1,0,0.00000,0.00000,0000,0000,3,AA,0,10,1.0,8.667,00,0000,0000,59462.52919063,0,,0,,20.215,4.147,0.000,55.522,5.470,0.000,383.8,22.15,321,29.44,7.50,7.50,14.223,0.081,0,0.260,13.428,0.235,2,0.326,14.915,0.090,0,14.170,0.190,2,14.483,0.081,0,13.754,0.235,2,14.321,0.095,0,13.681,0.334,2,14.280,0.127,0,13.767,0.441,2,14.267,0.153,3,13.140,,32,14.205,0.164,3,13.119,,32,14.064,0.161,3,13.003,,32,13.873,0.151,3,12.727,,32,747007601351013697,0.237546,128.5,1,14.522,0.031,13.635,0.035,10.862,0.102,8.082,0.286,129874876,0.315941,119.5,1,,17.189,0.1969,16.481,0.2507,15.618,0.2293,0.2634597212702630,0.9551546545350530,-0.1351612414422790,102322121,9596681614236
74.5795961,-7.7679185,0.2089,0.2736,-0.0957,206.7987628,-28.6474323,72.2404227,-30.2614350,598.334,177.899,596.424,176.887,3160418139000726,31604r139-000726,139,31604r,726,14.606,0.120,9.0,0.701,13.358,0.084,13.0,0.615,0.621,1,0,0.00000,0.00000,0000,0000,3,BA,0,5,0.5,49.058,00,0010,0000,59463.11736366,0,,0,,19.440,4.009,0.000,55.378,4.622,0.000,289.6,32.07,326.7,25.17,7.50,7.50,14.964,0.464,3,0.260,13.455,0.340,1,0.326,15.433,0.490,2,14.183,0.355,0,15.224,0.464,3,13.781,0.340,1,15.306,0.529,3,13.704,0.360,3,14.606,,32,13.764,0.418,3,14.579,,32,13.832,0.502,3,14.468,,32,13.017,,32,14.259,,32,12.855,,32,13.886,,32,12.668,,32,747007601351013697,0.269513,152.5,1,14.522,0.031,13.635,0.035,10.862,0.102,8.082,0.286,129874876,0.326286,139.1,1,,17.189,0.1969,16.481,0.2507,15.618,0.2293,0.2634594504056700,0.9551547911590190,-0.1351608039259650,102322121,9596681614237
74.5797058,-7.7680313,0.2000,0.2164,-0.0855,206.7989334,-28.6473860,72.2405316,-30.2615602,111.957,960.140,116.218,961.138,3159218162000667,31592r162-000667,162,31592r,667,14.473,0.091,11.9,1.18,13.451,0.092,11.8,1.01,1.03,1,0,0.00000,0.00000,0000,0000,3,AA,0,5,0.5,63.736,00,0000,0000,59462.72580006,0,,0,,19.785,4.518,0.000,54.690,4.380,0.000,327.5,27.45,299.9,25.42,7.50,7.50,14.513,0.168,3,0.260,12.133,,32,0.326,15.190,0.163,3,14.150,0.514,1,14.772,0.168,3,12.459,,32,14.564,0.183,3,11.910,,32,14.479,0.208,3,11.779,,32,14.423,0.237,3,11.751,,32,14.304,0.242,3,11.729,,32,14.106,0.232,3,11.701,,32,13.881,0.216,3,11.657,,32,747007601351013697,0.314785,-58.0,1,14.522,0.031,13.635,0.035,10.862,0.102,8.082,0.286,129874876,0.238722,-48.1,1,,17.189,0.1969,16.481,0.2507,15.618,0.2293,0.2634575508861970,0.9551550390655520,-0.1351627545913830,102322121,9596681614264
74.5796732,-7.7680519,0.1504,0.1695,-0.0625,206.7989378,-28.6474241,72.2404915,-30.2615767,112.460,46.127,112.866,47.221,3159218161000579,31592r161-000579,161,31592r,579,14.265,0.061,17.8,1.61,13.357,0.087,12.5,0.651,1.11,1,0,0.00000,0.00000,0000,0000,3,AA,0,5,0.5,63.831,00,0000,0000,59462.72567273,0,,0,,20.331,4.009,0.000,55.729,4.587,0.000,396.6,22.23,327.1,26.12,7.50,7.50,14.224,0.176,1,0.260,13.391,0.135,1,0.326,14.902,0.123,0,14.171,0.140,0,14.484,0.176,1,13.717,0.135,1,14.309,0.218,3,13.541,0.161,1,14.234,0.232,3,13.457,0.191,3,14.188,0.277,3,13.355,0.222,3,14.115,0.317,3,13.198,0.231,3,14.006,0.321,3,13.005,0.220,3,13.885,0.311,3,12.822,0.224,3,747007601351013697,0.284316,-32.0,1,14.522,0.031,13.635,0.035,10.862,0.102,8.082,0.286,129874876,0.241561,-14.7,1,,17.189,0.1969,16.481,0.2507,15.618,0.2293,0.2634580814260880,0.9551548423172430,-0.1351631108298690,102322121,9596681614265
74.5796304,-7.7681982,0.1799,0.2253,-0.0992,206.7990649,-28.6475278,72.2404221,-30.2617167,846.908,441.619,844.492,439.521,3159818186000690,31598r186-000690,186,31598r,690,14.349,0.088,12.4,1.45,13.383,0.088,12.3,1.59,1.44,1,0,0.00000,0.00000,0000,0000,3,AA,0,5,0.5,109.181,00,0000,0000,59462.92177285,0,,0,,20.799,4.370,0.000,55.380,4.662,0.000,367.1,29.72,319.4,25.87,7.50,7.50,14.311,0.135,2,0.260,13.270,0.215,2,0.326,15.015,0.160,2,14.028,0.197,2,14.571,0.135,2,13.596,0.215,2,14.372,0.137,2,13.488,0.292,2,14.250,0.142,3,13.551,0.407,3,14.160,0.149,3,12.947,,32,14.061,0.155,3,12.929,,32,13.902,0.186,3,12.793,,32,13.710,0.225,3,12.672,,32,747007601351013697,0.767883,0.2,1,14.522,0.031,13.635,0.035,10.862,0.102,8.082,0.286,129874876,0.765784,6.8,1,,17.189,0.1969,16.481,0.2507,15.618,0.2293,0.2634587031576310,0.9551543128069661,-0.1351656408143410,102322121,9596681614270
74.5797712,-7.7684124,0.2091,0.2304,-0.0580,206.7993544,-28.6474995,72.2405520,-30.2619464,123.088,128.845,123.615,129.630,5394418160000667,53944r160-000667,160,53944r,667,14.810,0.091,12.0,2.36,13.233,0.090,12.0,1.06,1.61,1,0,0.00000,0.00000,0000,0000,3,AA,0,0,0.0,100.827,00,0000,0000,60190.94790911,0,,0,,24.935,4.260,0.000,63.714,4.335,0.000,240.1,20.02,366.6,30.45,7.50,7.50,14.512,0.132,2,0.260,13.213,0.210,2,0.326,15.271,0.144,0,14.018,0.297,0,14.771,0.132,2,13.539,0.210,2,14.507,0.131,2,13.332,0.195,2,14.346,0.149,2,13.243,0.226,2,14.207,0.191,3,13.174,0.261,3,14.038,0.200,3,13.059,0.259,3,13.861,0.183,3,12.918,0.247,3,13.689,0.167,3,12.793,0.252,3,747007601351013697,1.618212,-18.0,1,14.522,0.031,13.635,0.035,10.862,0.102,8.082,0.286,129874876,1.585610,-15.0,1,,17.189,0.1969,16.481,0.2507,15.618,0.2293,0.2634562215744810,0.9551544731015090,-0.1351693450005440,102322121,9596681613380
74.5797639,-7.7679161,0.2057,0.1975,-0.0572,206.7988456,-28.6472827,72.2406141,-30.2614529,450.396,627.728,451.238,627.318,5395218131000694,53952r131-000694,131,53952r,694,14.444,0.074,14.6,1.17,13.510,0.106,10.3,1.06,1.07,1,0,0.00000,0.00000,0000,0000,3,AA,0,0,0.0,22.577,00,0000,0000,60191.20716881,0,,0,,22.622,3.479,0.000,62.937,4.917,0.000,336.3,23.07,284.1,27.68,7.50,7.50,14.407,0.099,1,0.260,13.365,0.355,3,0.326,15.083,0.112,1,14.192,0.288,3,14.667,0.099,1,13.691,0.355,3,14.518,0.109,1,13.446,0.426,3,14.475,0.132,3,13.262,0.435,3,14.460,0.170,3,13.097,0.414,3,14.442,0.207,3,12.993,0.440,3,14.387,0.228,3,12.976,0.511,3,14.300,0.247,3,12.215,,32,747007601351013697,0.534854,-117.6,1,14.522,0.031,13.635,0.035,10.862,0.102,8.082,0.286,129874876,0.461819,-123.6,1,,17.189,0.1969,16.481,0.2507,15.618,0.2293,0.2634566545839370,0.9551555681965240,-0.1351607624224400,102322121,9596681613735
74.5796330,-7.7678407,0.2127,0.2203,-0.1173,206.7987024,-28.6473646,72.2404757,-30.2613622,702.732,382.540,700.993,381.060,5394618185000647,53946r185-000647,185,53946r,647,14.386,0.076,14.2,0.978,13.410,0.105,10.3,1.05,0.961,1,0,0.00000,0.00000,0000,0000,3,AA,0,5,0.5,80.184,00,0000,0000,60191.01272407,0,,0,,25.918,5.440,0.000,63.517,5.279,0.000,354.7,24.93,311.5,30.11,7.50,7.50,14.125,0.162,2,0.260,13.288,0.245,2,0.326,14.826,0.171,2,14.116,0.225,2,14.384,0.162,2,13.614,0.245,2,14.212,0.170,3,13.420,0.257,3,14.162,0.214,3,13.379,0.291,3,14.177,0.281,3,13.384,0.333,3,14.150,0.339,3,13.342,0.378,3,14.031,0.378,3,13.251,0.466,3,13.849,0.376,3,12.393,,32,747007601351013697,0.519169,-179.2,1,14.522,0.031,13.635,0.035,10.862,0.102,8.082,0.286,129874876,0.533031,171.1,1,,17.189,0.1969,16.481,0.2507,15.618,0.2293,0.2634588840608650,0.9551551377561710,-0.1351594585199020,102322121,9596681613742
74.5796396,-7.7678154,0.1932,0.1998,-0.0574,206.7986800,-28.6473474,72.2404868,-30.2613379,545.695,330.167,544.719,329.389,5404618185000703,54046r185-000703,185,54046r,703,14.415,0.068,15.9,1.55,13.434,0.148,7.3,0.412,0.989,1,0,0.00000,0.00000,0000,0000,3,AB,0,5,0.5,14.778,00,0000,1010,60194.25232528,0,,0,,23.906,3.917,0.000,73.603,6.223,0.000,345.5,21.77,304.7,41.59,7.50,7.50,14.378,0.101,3,0.260,13.480,0.346,3,0.326,15.025,0.108,1,14.322,0.452,3,14.638,0.101,3,13.806,0.346,3,14.535,0.120,3,13.525,0.309,3,14.515,0.158,3,13.372,0.314,3,14.475,0.188,3,13.324,0.360,3,14.354,0.208,3,13.341,0.450,3,14.163,0.221,3,13.361,0.525,3,13.942,0.265,3,12.568,,32,747007601351013697,0.610971,-177.1,1,14.522,0.031,13.635,0.035,10.862,0.102,8.082,0.286,129874876,0.620524,174.6,1,,17.189,0.1969,16.481,0.2507,15.618,0.2293,0.2634587899042650,0.9551552256379900,-0.1351590210034810,102322121,9596681613742
74.5798339,-7.7679511,0.1900,0.1841,0.0330,206.7989168,-28.6472365,72.2406888,-30.2614962,755.576,634.481,754.564,632.768,5396018161000777,53960r161-000777,161,53960r,777,14.448,0.076,14.2,1.11,13.244,0.095,11.4,0.809,0.924,1,0,0.00000,0.00000,0000,0000,3,AA,0,5,0.5,-0.488,00,0000,0000,60191.46630170,0,,0,,24.904,4.295,0.000,65.663,5.687,0.000,335,23.54,362.8,31.78,7.50,7.50,14.452,0.149,3,0.260,13.265,0.368,3,0.326,15.129,0.181,1,14.010,0.213,1,14.712,0.149,3,13.591,0.368,3,14.574,0.176,3,12.318,,32,14.542,0.240,3,11.778,,32,14.566,0.314,3,11.586,,32,14.618,0.390,3,11.544,,32,14.623,0.490,3,11.515,,32,13.757,,32,11.492,,32,747007601351013697,0.733895,-99.5,1,14.522,0.031,13.635,0.035,10.862,0.102,8.082,0.286,129874876,0.647590,-101.5,1,,17.189,0.1969,16.481,0.2507,15.618,0.2293,0.2634554656873650,0.9551558104758310,-0.1351613676821590,102322121,9596681613751
74.5795298,-7.7679580,0.1887,0.1973,-0.0697,206.7987694,-28.6475087,72.2403416,-30.2614661,287.599,170.916,287.526,171.312,5394818160000686,53948r160-000686,160,53948r,686,14.455,0.071,15.4,1.44,13.485,0.134,8.1,0.579,0.983,1,0,0.00000,0.00000,0000,0000,3,AB,0,5,0.5,59.335,00,0000,0000,60191.07753900,0,,0,,23.533,3.932,0.000,63.672,5.496,0.000,332.9,21.68,290.8,35.86,7.50,7.50,14.285,0.109,1,0.260,13.364,0.205,3,0.326,15.015,0.121,1,14.215,0.219,3,14.544,0.109,1,13.690,0.205,3,14.342,0.109,1,13.415,0.252,3,14.235,0.118,1,13.263,0.292,3,14.149,0.130,3,13.196,0.311,3,14.057,0.142,3,13.163,0.329,3,13.918,0.144,3,13.104,0.341,3,13.751,0.140,3,13.002,0.341,3,747007601351013697,0.373741,105.0,1,14.522,0.031,13.635,0.035,10.862,0.102,8.082,0.286,129874876,0.462099,103.1,1,,17.189,0.1969,16.481,0.2507,15.618,0.2293,0.2634605308891870,0.9551543964690959,-0.1351614870047840,102322121,9596681614229
74.5796498,-7.7679326,0.2273,0.1992,-0.0775,206.7988045,-28.6473911,72.2404818,-30.2614555,376.533,352.325,376.665,352.272,5393818185000767,53938r185-000767,185,53938r,767,14.483,0.075,14.5,1.28,13.317,0.110,9.9,0.411,0.834,1,0,0.00000,0.00000,0000,0000,3,AB,0,10,1.0,76.041,00,0000,0000,60190.75359170,0,,0,,24.306,3.860,0.000,64.068,5.571,0.000,324.3,22.31,339.2,34.41,7.50,7.50,14.479,0.128,1,0.260,13.349,0.227,3,0.326,15.127,0.152,0,14.091,0.261,2,14.738,0.128,1,13.675,0.227,3,14.608,0.134,3,13.517,0.243,3,14.559,0.153,3,13.408,0.282,3,14.506,0.182,3,13.278,0.327,3,14.398,0.204,3,13.152,0.409,3,14.193,0.189,3,13.058,0.480,3,13.960,0.168,3,12.990,0.535,3,747007601351013697,0.199866,-160.4,1,14.522,0.031,13.635,0.035,10.862,0.102,8.082,0.286,129874876,0.197085,173.6,1,,17.189,0.1969,16.481,0.2507,15.618,0.2293,0.2634585463502490,0.9551550060192620,-0.1351610477591710,102322121,9596681614233
74.5796489,-7.7678801,0.1474,0.1711,-0.0637,206.7987506,-28.6473683,72.2404882,-30.2614033,931.892,652.890,929.918,650.427,5405618160000606,54056r160-000606,160,54056r,606,14.238,0.059,18.3,1.2,13.431,0.137,7.9,0.727,0.919,1,0,0.00000,0.00000,0000,0000,3,AB,0,10,1.0,18.804,00,0000,0000,60194.57627248,0,,0,,23.963,4.184,0.000,68.118,5.543,0.000,406.6,22.21,305.4,38.55,7.50,7.50,14.240,0.089,2,0.260,13.377,0.418,2,0.326,14.879,0.092,0,14.139,0.382,2,14.500,0.089,2,13.703,0.418,2,14.400,0.109,2,13.509,0.480,2,14.426,0.143,2,13.396,0.534,2,14.443,0.183,3,12.546,,32,14.357,0.211,3,12.442,,32,14.174,0.205,3,12.305,,32,13.921,0.180,3,12.163,,32,747007601351013697,0.382645,-170.4,1,14.522,0.031,13.635,0.035,10.862,0.102,8.082,0.286,129874876,0.385672,176.2,1,,17.189,0.1969,16.481,0.2507,15.618,0.2293,0.2634585942846220,0.9551551212698480,-0.1351601398695340,102322121,9596681614233
74.5796984,-7.7680066,0.1939,0.2093,-0.0906,206.7989045,-28.6473814,72.2405267,-30.2615348,812.878,830.219,812.488,828.285,8567702191000711,85677b191-000711,191,85677b,711,14.544,0.076,14.3,0.771,13.618,0.122,8.9,0.61,0.655,1,0,0.00000,0.00000,0000,0000,3,AB,0,10,1.0,12.056,00,0000,0000,58000.29187690,0,,0,,20.534,4.382,0.000,51.500,4.804,0.000,306.7,21.51,257.1,28.96,7.50,7.50,14.389,0.133,3,0.260,13.604,0.230,3,0.326,15.050,0.112,3,14.346,0.240,3,14.648,0.133,3,13.930,0.230,3,14.469,0.152,3,13.781,0.268,3,14.357,0.156,3,13.731,0.333,3,14.256,0.161,3,13.721,0.499,3,14.113,0.164,3,12.801,,32,13.895,0.155,3,12.682,,32,13.636,0.135,3,12.601,,32,747007601351013697,0.252787,-72.0,1,14.522,0.031,13.635,0.035,10.862,0.102,8.082,0.286,129874876,0.166889,-65.0,1,,17.189,0.1969,16.481,0.2507,15.618,0.2293,0.2634576897419840,0.9551550612093490,-0.1351623274510390,102322121,9596681614232
74.5796132,-7.7679616,0.1886,0.1964,-0.0450,206.7988154,-28.6474366,72.2404360,-30.2614798,660.408,162.156,658.097,160.822,8567401172000664,85674a172-000664,172,85674a,664,14.480,0.069,15.8,0.643,13.636,0.135,8.1,0.655,0.62,1,0,0.00000,0.00000,0000,0000,3,AB,0,5,0.5,31.329,00,0000,0000,58000.16084640,0,,0,,20.869,5.217,0.000,51.636,4.220,0.000,325.2,20.54,252.9,31.37,7.50,7.50,14.288,0.087,2,0.260,13.620,0.224,2,0.326,14.983,0.094,0,14.446,0.245,2,14.548,0.087,2,13.946,0.224,2,14.384,0.104,3,13.718,0.246,3,14.352,0.137,3,13.603,0.284,3,14.357,0.172,3,13.556,0.330,3,14.288,0.195,3,13.533,0.388,3,14.118,0.205,3,13.478,0.436,3,13.913,0.200,3,13.418,0.467,3,747007601351013697,0.105200,142.9,1,14.522,0.031,13.635,0.035,10.862,0.102,8.082,0.286,129874876,0.177956,120.9,1,,17.189,0.1969,16.481,0.2507,15.618,0.2293,0.2634591383036440,0.9551547717757159,-0.1351615492600650,102322121,9596681614234
74.5796352,-7.7680258,0.1674,0.1875,-0.0682,206.7988919,-28.6474460,72.2404520,-30.2615462,963.196,579.710,960.740,577.099,8568102190000930,85681b190-000930,190,85681b,930,14.448,0.069,15.8,1.04,13.616,0.108,10.1,0.714,0.829,1,0,0.00000,0.00000,0000,0000,3,AA,0,10,1.0,-0.178,00,0000,0000,58000.42278079,0,,0,,19.860,3.555,0.000,50.658,5.887,0.000,335,21.21,257.6,25.52,7.50,7.50,14.389,0.112,3,0.260,13.679,0.185,1,0.326,15.054,0.117,0,14.408,0.194,0,14.649,0.112,3,14.005,0.185,1,14.504,0.119,3,13.906,0.217,3,14.467,0.136,3,13.910,0.277,3,14.477,0.160,3,13.934,0.352,3,14.455,0.183,3,13.908,0.410,3,14.301,0.191,3,13.778,0.428,3,14.057,0.181,3,13.552,0.405,3,747007601351013697,0.148000,-5.8,1,14.522,0.031,13.635,0.035,10.862,0.102,8.082,0.286,129874876,0.158162,28.0,1,,17.189,0.1969,16.481,0.2507,15.618,0.2293,0.2634587312803310,0.9551547269393990,-0.1351626594791630,102322121,9596681614234
74.5796539,-7.7679644,0.2069,0.1884,-0.0635,206.7988389,-28.6474018,72.2404820,-30.2614875,180.180,860.177,183.625,860.917,8566102191000740,85661b191-000740,191,85661b,740,14.551,0.073,14.9,1.19,13.531,0.124,8.7,0.819,0.971,1,0,0.00000,0.00000,0000,0000,3,AB,0,10,1.0,84.668,00,0010,0000,57999.76813644,0,,0,,19.316,3.408,0.000,51.228,4.532,0.000,304.9,20.49,278.5,31.88,7.50,7.50,14.434,0.099,2,0.260,13.499,0.176,0,0.326,15.127,0.111,2,14.277,0.210,0,14.693,0.099,2,13.825,0.176,0,14.522,0.106,2,13.678,0.192,2,14.474,0.124,2,13.633,0.223,2,14.463,0.148,3,13.597,0.274,3,14.395,0.174,3,13.535,0.336,3,14.230,0.188,3,13.440,0.397,3,13.985,0.174,3,13.380,0.528,3,747007601351013697,0.110085,-132.1,1,14.522,0.031,13.635,0.035,10.862,0.102,8.082,0.286,129874876,0.081704,174.7,1,,17.189,0.1969,16.481,0.2507,15.618,0.2293,0.2634584580540120,0.9551549525559530,-0.1351615976808390,102322121,9596681614235
74.5796398,-7.7679584,0.1973,0.1914,-0.0403,206.7988256,-28.6474116,72.2404668,-30.2614799,491.415,401.327,491.109,400.765,8566902190000741,85669b190-000741,190,85669b,741,14.427,0.068,16.1,1.04,13.876,0.163,6.7,0.809,0.883,1,0,0.00000,0.00000,0000,0000,3,AB,0,5,0.5,70.854,00,0000,0000,58000.02994308,0,,0,,18.527,3.459,0.000,51.692,5.528,0.000,341.7,21.25,202.7,30.36,7.50,7.50,14.224,0.086,1,0.260,13.683,0.208,1,0.326,14.978,0.099,0,14.544,0.252,0,14.484,0.086,1,14.009,0.208,1,14.241,0.088,3,13.744,0.231,1,14.093,0.093,3,13.612,0.277,3,13.955,0.098,3,13.597,0.342,3,13.804,0.103,3,13.613,0.417,3,13.633,0.108,3,13.537,0.477,3,13.441,0.110,3,13.391,0.522,3,747007601351013697,0.100431,-161.8,1,14.522,0.031,13.635,0.035,10.862,0.102,8.082,0.286,129874876,0.118067,150.7,1,,17.189,0.1969,16.481,0.2507,15.618,0.2293,0.2634586968729990,0.9551549013656080,-0.1351614939220370,102322121,9596681614235
74.5796960,-7.7679868,0.2200,0.2099,-0.1045,206.7988831,-28.6473746,72.2405267,-30.2615149,71.814,279.931,73.484,281.223,8567201165000795,85672a165-000795,165,85672a,795,14.588,0.076,14.3,0.907,13.568,0.117,9.3,0.619,0.723,1,0,0.00000,0.00000,0000,0000,3,AB,0,5,0.5,50.128,00,0000,0000,58000.09539472,0,,0,,19.783,3.936,0.000,50.982,4.653,0.000,294.6,20.53,269.3,28.92,7.50,7.50,14.508,0.107,2,0.260,13.674,0.294,2,0.326,15.185,0.114,0,14.432,0.360,0,14.767,0.107,2,14.000,0.294,2,14.583,0.114,3,13.795,0.285,3,14.484,0.124,3,13.653,0.312,3,14.397,0.135,3,13.565,0.429,3,14.262,0.141,3,13.469,0.498,3,14.057,0.137,3,13.320,0.475,3,13.802,0.126,3,13.184,0.445,3,747007601351013697,0.231954,-88.3,1,14.522,0.031,13.635,0.035,10.862,0.102,8.082,0.286,129874876,0.142680,-90.3,1,,17.189,0.1969,16.481,0.2507,15.618,0.2293,0.2634577421711610,0.9551550952008910,-0.1351619850470210,102322121,9596681614235
74.5795379,-7.7680842,0.1915,0.1913,-0.0601,206.7989019,-28.6475583,72.2403329,-30.2615924,403.253,708.495,404.748,708.289,8568001166000719,85680a166-000719,166,85680a,719,14.500,0.070,15.6,0.891,13.599,0.110,9.8,0.473,0.648,1,0,0.00000,0.00000,0000,0000,3,AB,0,10,1.0,2.632,00,0000,0000,58000.35732853,0,,0,,19.538,3.489,0.000,50.421,5.180,0.000,319.4,20.48,261.6,26.62,7.50,7.50,14.544,0.106,2,0.260,13.530,0.226,2,0.326,15.137,0.106,2,14.313,0.244,2,14.804,0.106,2,13.856,0.226,2,14.721,0.126,2,13.743,0.278,2,14.727,0.157,2,13.808,0.416,2,14.758,0.198,3,13.151,,32,14.714,0.230,3,13.148,,32,14.515,0.232,3,13.150,,32,14.210,0.209,3,13.117,,32,747007601351013697,0.487926,42.9,1,14.522,0.031,13.635,0.035,10.862,0.102,8.082,0.286,129874876,0.547634,50.3,1,,17.189,0.1969,16.481,0.2507,15.618,0.2293,0.2634603166962450,0.9551541467225050,-0.1351636693979450,102322121,9596681614259
74.5796900,-7.7680537,0.1973,0.2131,0.0209,206.7989481,-28.6474100,72.2405104,-30.2615805,242.290,36.479,241.997,37.001,8567601165000659,85676a165-000659,165,85676a,659,14.530,0.076,14.2,2.06,13.550,0.107,10.2,0.562,1.25,1,0,0.00000,0.00000,0000,0000,3,AA,0,5,0.5,19.949,00,0000,0000,58000.22629794,0,,0,,19.084,3.566,0.000,50.432,5.974,0.000,310.8,21.89,273.8,26.92,7.50,7.50,14.246,0.092,2,0.260,13.574,0.218,2,0.326,14.969,0.104,2,14.335,0.208,2,14.506,0.092,2,13.900,0.218,2,14.329,0.105,2,13.755,0.249,2,14.235,0.138,3,13.726,0.289,3,14.140,0.172,3,13.704,0.347,3,14.036,0.178,3,13.614,0.434,3,13.891,0.170,3,13.479,0.462,3,13.687,0.155,3,13.349,0.447,3,747007601351013697,0.325015,-40.4,1,14.522,0.031,13.635,0.035,10.862,0.102,8.082,0.286,129874876,0.269009,-26.8,1,,17.189,0.1969,16.481,0.2507,15.618,0.2293,0.2634578002309740,0.9551549154737320,-0.1351631419575030,102322121,9596681614265
74.5795161,-7.7680295,0.1483,0.1777,-0.0509,206.7988352,-28.6475530,72.2403159,-30.2615354,613.115,187.951,611.175,186.861,1406518067000539,14065r067-000539,67,14065r,539,14.047,0.069,15.8,1.04,13.246,0.079,13.8,0.777,0.851,1,0,0.00000,0.00000,0000,0000,3,AA,0,10,1.0,19.467,00,0000,0000,58889.74232545,0,,0,,15.459,4.507,0.000,40.769,4.844,0.000,484.8,30.59,362.4,26.31,7.50,7.50,14.128,0.137,2,0.260,13.146,0.138,2,0.326,14.724,0.127,2,13.917,0.143,2,14.388,0.137,2,13.472,0.138,2,14.303,0.163,3,13.321,0.166,3,14.270,0.200,3,13.277,0.202,3,14.202,0.231,3,13.260,0.237,3,14.072,0.233,3,13.213,0.292,3,13.879,0.210,3,13.104,0.353,3,13.655,0.189,3,12.980,0.375,3,747007601351013697,0.440172,68.6,1,14.522,0.031,13.635,0.035,10.862,0.102,8.082,0.286,129874876,0.521947,73.0,1,,17.189,0.1969,16.481,0.2507,15.618,0.2293,0.2634607144267140,0.9551541708748530,-0.1351627234637470,102322121,9596681614229
74.5796475,-7.7679815,0.1386,0.1329,-0.0429,206.7988531,-28.6474152,72.2404723,-30.2615037,532.759,374.817,532.062,374.072,1405518091000583,14055r091-000583,91,14055r,583,14.148,0.053,20.4,1.15,13.103,0.071,15.4,0.861,0.966,1,0,0.00000,0.00000,0000,0000,3,AA,0,10,1.0,114.625,00,0000,0000,58889.41532134,0,,0,,13.725,3.341,0.000,39.920,4.608,0.000,441.6,21.67,413.1,26.87,7.50,7.50,14.033,0.070,0,0.260,12.944,0.218,2,0.326,14.725,0.077,0,13.791,0.254,0,14.293,0.070,0,13.270,0.218,2,14.135,0.076,1,13.035,0.229,3,14.082,0.093,1,12.931,0.270,3,14.045,0.110,3,12.879,0.289,3,13.955,0.117,3,12.833,0.299,3,13.796,0.117,3,12.782,0.307,3,13.584,0.112,3,12.727,0.319,3,747007601351013697,0.060114,-101.7,1,14.522,0.031,13.635,0.035,10.862,0.102,8.082,0.286,129874876,0.036212,123.1,1,,17.189,0.1969,16.481,0.2507,15.618,0.2293,0.2634585540197080,0.9551548842403260,-0.1351618933934170,102322121,9596681614234
74.5796556,-7.7679844,0.1159,0.1284,-0.0474,206.7988601,-28.6474093,72.2404811,-30.2615076,948.654,722.169,946.871,719.599,1405718007000542,14057r007-000542,7,14057r,542,14.077,0.051,21.4,1.62,13.107,0.071,15.3,0.868,1.19,1,0,0.00000,0.00000,0000,0000,3,AA,0,5,0.5,94.729,00,0000,0000,58889.48077312,0,,0,,14.758,3.514,0.000,40.974,4.011,0.000,471.8,22,411.7,26.95,7.50,7.50,14.047,0.089,0,0.260,13.122,0.143,2,0.326,14.689,0.078,0,13.866,0.161,0,14.307,0.089,0,13.448,0.143,2,14.165,0.096,3,13.310,0.201,3,14.109,0.103,3,13.284,0.309,3,14.061,0.111,3,13.253,0.369,3,13.970,0.120,3,13.148,0.377,3,13.826,0.123,3,12.992,0.356,3,13.649,0.118,3,12.811,0.333,3,747007601351013697,0.087766,-91.2,1,14.522,0.031,13.635,0.035,10.862,0.102,8.082,0.286,129874876,0.009468,171.3,1,,17.189,0.1969,16.481,0.2507,15.618,0.2293,0.2634584171688110,0.9551549148910080,-0.1351619435435020,102322121,9596681614234
74.5796864,-7.7679643,0.1248,0.1447,-0.0533,206.7988553,-28.6473730,72.2405190,-30.2614914,444.627,852.364,446.456,852.018,1406918068000516,14069r068-000516,68,14069r,516,14.083,0.057,19.2,1.4,13.115,0.081,13.4,0.857,1.07,1,0,0.00000,0.00000,0000,0000,3,AA,0,10,1.0,3.668,00,0000,0001,58889.87322898,0,,0,,14.575,3.386,0.000,40.319,3.890,0.000,469,24.48,408.6,30.45,7.50,7.50,14.008,0.068,2,0.260,13.148,0.277,2,0.326,14.660,0.077,0,13.889,0.348,2,14.267,0.068,2,13.474,0.277,2,14.129,0.078,3,13.354,0.273,3,14.090,0.100,3,13.338,0.294,3,14.055,0.129,3,13.333,0.314,3,13.953,0.150,3,13.313,0.340,3,13.804,0.146,3,13.275,0.415,3,13.629,0.136,3,13.233,0.535,3,747007601351013697,0.211067,-110.6,1,14.522,0.031,13.635,0.035,10.862,0.102,8.082,0.286,129874876,0.135781,-127.0,1,,17.189,0.1969,16.481,0.2507,15.618,0.2293,0.2634579163222350,0.9551551022252790,-0.1351615959515260,102322121,9596681614235
74.5796443,-7.7679428,0.1327,0.1289,-0.0401,206.7988121,-28.6474006,72.2404741,-30.2614649,270.380,598.229,272.168,598.636,1407318067001044,14073r067-001044,67,14073r,1044,14.033,0.049,22.0,0.902,13.132,0.070,15.5,1.01,0.914,1,0,0.00000,0.00000,0000,0000,3,AA,0,10,1.0,2.920,00,0000,0000,58890.00400521,0,,0,,12.872,3.011,0.000,39.720,4.186,0.000,491,22.33,402.5,26.03,7.50,7.50,14.012,0.066,0,0.260,13.150,0.123,0,0.326,14.679,0.072,0,13.955,0.134,0,14.271,0.066,0,13.476,0.123,0,14.097,0.071,2,13.270,0.146,0,13.997,0.078,2,13.182,0.176,0,13.924,0.087,3,13.151,0.206,3,13.823,0.093,3,13.111,0.243,3,13.666,0.090,3,13.028,0.279,3,13.473,0.085,3,12.920,0.289,3,747007601351013697,0.158811,-162.6,1,14.522,0.031,13.635,0.035,10.862,0.102,8.082,0.286,129874876,0.164502,165.3,1,,17.189,0.1969,16.481,0.2507,15.618,0.2293,0.2634586316405280,0.9551549575333860,-0.1351612241491450,102322121,9596681614235
74.5796031,-7.7679855,0.1377,0.1448,-0.0433,206.7988346,-28.6474562,72.2404212,-30.2615023,866.391,896.646,865.973,894.489,1404718092000554,14047r092-000554,92,14047r,554,14.179,0.056,19.3,1.19,13.116,0.086,12.6,0.614,0.898,1,0,0.00000,0.00000,0000,0000,3,AA,0,10,1.0,38.629,00,0000,0000,58889.15376899,0,,0,,15.633,3.766,0.000,41.048,4.703,0.000,429.5,22.21,408.2,32.48,7.50,7.50,14.093,0.069,0,0.260,13.071,0.171,2,0.326,14.758,0.077,0,13.796,0.200,2,14.352,0.069,0,13.397,0.171,2,14.191,0.075,3,13.270,0.185,3,14.112,0.088,3,13.224,0.216,3,14.037,0.103,3,13.160,0.249,3,13.956,0.121,3,13.063,0.267,3,13.866,0.136,3,12.937,0.280,3,13.705,0.138,3,12.796,0.297,3,747007601351013697,0.099542,88.8,1,14.522,0.031,13.635,0.035,10.862,0.102,8.082,0.286,129874876,0.188770,91.6,1,,17.189,0.1969,16.481,0.2507,15.618,0.2293,0.2634592916851140,0.9551546709827150,-0.1351619625659480,102322121,9596681614236
74.5795799,-7.7679944,0.1423,0.1570,-0.0734,206.7988319,-28.6474808,72.2403935,-30.2615083,776.751,442.578,774.818,440.773,1406118067000571,14061r067-000571,67,14061r,571,14.059,0.056,19.2,0.965,13.096,0.085,12.7,0.654,0.766,1,0,0.00000,0.00000,0000,0000,3,AA,0,5,0.5,52.915,00,0000,0000,58889.61154924,0,,0,,13.744,3.610,0.000,40.588,4.805,0.000,479.4,24.92,416,32.74,7.50,7.50,14.028,0.176,2,0.260,13.073,0.167,2,0.326,14.689,0.213,0,13.836,0.182,0,14.288,0.176,2,13.399,0.167,2,14.150,0.170,2,13.257,0.201,2,14.119,0.179,2,13.194,0.233,2,14.140,0.199,3,13.131,0.257,3,14.171,0.239,3,13.043,0.283,3,14.163,0.288,3,12.942,0.309,3,14.058,0.289,3,12.838,0.332,3,747007601351013697,0.185453,79.4,1,14.522,0.031,13.635,0.035,10.862,0.102,8.082,0.286,129874876,0.272750,84.4,1,,17.189,0.1969,16.481,0.2507,15.618,0.2293,0.2634596728602260,0.9551545440641680,-0.1351621164748280,102322121,9596681614236
74.5795977,-7.7679603,0.1439,0.1362,-0.0589,206.7988062,-28.6474497,72.2404186,-30.2614766,108.120,358.540,109.926,359.747,1407718007000565,14077r007-000565,7,14077r,565,14.109,0.052,21.0,1.28,13.212,0.072,15.1,1.31,1.23,1,0,0.00000,0.00000,0000,0000,3,AA,0,5,0.5,32.538,00,0000,0000,58890.13478142,0,,0,,15.022,3.524,0.000,39.846,4.157,0.000,457.8,21.82,373.9,24.81,7.50,7.50,14.022,0.068,0,0.260,13.064,0.110,2,0.326,14.709,0.076,0,13.924,0.135,0,14.281,0.068,0,13.390,0.110,2,14.106,0.073,1,13.140,0.116,3,14.017,0.083,1,13.015,0.132,3,13.953,0.097,1,12.935,0.144,3,13.854,0.111,3,12.853,0.156,3,13.686,0.128,3,12.756,0.167,3,13.483,0.127,3,12.643,0.170,3,747007601351013697,0.148161,126.7,1,14.522,0.031,13.635,0.035,10.862,0.102,8.082,0.286,129874876,0.229094,114.8,1,,17.189,0.1969,16.481,0.2507,15.618,0.2293,0.2634593975133050,0.9551547034594440,-0.1351615267789910,102322121,9596681614236
74.5796093,-7.7679344,0.1491,0.1515,-0.0427,206.7987857,-28.6474278,72.2404355,-30.2614523,197.518,780.547,200.516,781.224,1406318092000582,14063r092-000582,92,14063r,582,14.111,0.055,19.7,0.891,13.270,0.095,11.4,0.706,0.765,1,0,0.00000,0.00000,0000,0000,3,AA,0,5,0.5,33.340,00,0000,0000,58889.67700103,0,,0,,14.972,4.099,0.000,40.628,4.189,0.000,457,23.22,354.2,31.12,7.50,7.50,14.044,0.172,0,0.260,13.374,0.331,2,0.326,14.715,0.225,0,14.177,0.279,2,14.304,0.172,0,13.700,0.331,2,14.147,0.158,1,13.543,0.400,3,14.085,0.159,3,13.536,0.449,3,14.059,0.165,3,13.558,0.501,3,13.997,0.168,3,13.565,0.541,3,13.876,0.163,3,12.761,,32,13.720,0.155,3,12.673,,32,747007601351013697,0.197592,156.9,1,14.522,0.031,13.635,0.035,10.862,0.102,8.082,0.286,129874876,0.252201,138.7,1,,17.189,0.1969,16.481,0.2507,15.618,0.2293,0.2634592203804080,0.9551548156978010,-0.1351610788868140,102322121,9596681614239
74.5795928,-7.7680306,0.1348,0.1459,-0.0521,206.7988752,-28.6474857,72.2404030,-30.2615458,368.915,126.319,368.177,126.301,1405918091000539,14059r091-000539,91,14059r,539,14.148,0.054,20.0,1.26,13.020,0.070,15.6,0.918,1.02,1,0,0.00000,0.00000,0000,0000,3,AA,0,10,1.0,73.768,00,0000,0000,58889.54609753,0,,0,,14.514,3.599,0.000,39.941,3.767,0.000,441.8,22.07,446.2,28.57,7.50,7.50,14.052,0.085,0,0.260,12.943,0.401,0,0.326,14.719,0.080,0,12.971,,32,14.311,0.085,0,13.269,0.401,0,14.146,0.109,2,13.118,0.359,2,14.086,0.144,2,13.132,0.379,2,14.053,0.158,3,13.214,0.446,3,14.011,0.176,3,13.252,0.504,3,13.954,0.192,3,13.167,0.496,3,13.856,0.192,3,13.012,0.445,3,747007601351013697,0.213619,39.6,1,14.522,0.031,13.635,0.035,10.862,0.102,8.082,0.286,129874876,0.274693,55.2,1,,17.189,0.1969,16.481,0.2507,15.618,0.2293,0.2634594351026040,0.9551545210587810,-0.1351627424861910,102322121,9596681614258
74.5796495,-7.7680359,0.1883,0.2015,-0.0327,206.7989094,-28.6474379,72.2404668,-30.2615580,697.219,637.085,696.604,635.620,1405118091000595,14051r091-000595,91,14051r,595,14.150,0.098,11.1,0.468,13.208,0.076,14.4,1.27,0.833,1,0,0.00000,0.00000,0000,0000,3,AA,0,5,0.5,80.952,00,0000,0000,58889.28454512,0,,0,,13.468,3.642,0.000,40.231,5.889,0.000,441,39.76,375.3,26.15,7.50,7.50,14.266,0.231,3,0.260,13.011,0.164,3,0.326,14.874,0.225,3,13.831,0.169,3,14.526,0.231,3,13.337,0.164,3,14.396,0.238,3,13.125,0.180,3,14.339,0.257,3,13.034,0.209,3,14.331,0.290,3,12.993,0.240,3,14.309,0.318,3,12.983,0.286,3,14.218,0.327,3,13.015,0.357,3,14.012,0.300,3,13.068,0.461,3,747007601351013697,0.195099,-19.8,1,14.522,0.031,13.635,0.035,10.862,0.102,8.082,0.286,129874876,0.177560,7.5,1,,17.189,0.1969,16.481,0.2507,15.618,0.2293,0.2634584865554510,0.9551547697254160,-0.1351628341397840,102322121,9596681614265
74.5796523,-7.7680329,0.1506,0.1460,-0.0653,206.7989078,-28.6474340,72.2404704,-30.2615553,34.786,524.324,37.644,525.825,1406718091000572,14067r091-000572,91,14067r,572,14.115,0.053,20.6,1.19,13.171,0.080,13.6,0.829,0.979,1,0,0.00000,0.00000,0000,0000,3,AA,0,5,0.5,12.607,00,0000,0000,58889.80777720,0,,0,,14.183,3.355,0.000,40.322,4.586,0.000,455.6,22.1,388.3,28.65,7.50,7.50,14.030,0.090,1,0.260,13.232,0.119,3,0.326,14.744,0.107,1,14.007,0.134,3,14.290,0.090,1,13.558,0.119,3,14.065,0.083,1,13.387,0.129,3,13.928,0.082,3,13.333,0.157,3,13.817,0.084,3,13.314,0.190,3,13.699,0.085,3,13.305,0.224,3,13.568,0.084,3,13.270,0.251,3,13.414,0.083,3,13.147,0.254,3,747007601351013697,0.188765,-23.7,1,14.522,0.031,13.635,0.035,10.862,0.102,8.082,0.286,129874876,0.165766,4.6,1,,17.189,0.1969,16.481,0.2507,15.618,0.2293,0.2634584417595750,0.9551547894227650,-0.1351627822603920,102322121,9596681614265
74.5795271,-7.7679923,0.2106,0.2106,-0.0862,206.7988029,-28.6475266,72.2403337,-30.2614998,250.805,601.978,252.733,602.460,5912118014000755,59121r014-000755,14,59121r,755,14.436,0.072,15.2,1.35,13.515,0.129,8.4,1.09,1.16,1,0,0.00000,0.00000,0000,0000,3,AB,0,10,1.0,49.808,00,0000,0000,60358.18321844,0,,0,,29.642,3.463,0.000,113.457,5.644,0.000,338.9,22.34,282.7,33.49,7.50,7.50,14.393,0.098,0,0.260,13.479,0.220,2,0.326,15.074,0.108,0,14.267,0.238,0,14.653,0.098,0,13.805,0.220,2,14.507,0.108,0,13.702,0.272,2,14.501,0.132,0,13.755,0.369,2,14.534,0.166,3,13.755,0.452,3,14.495,0.193,3,13.575,0.448,3,14.353,0.200,3,13.303,0.400,3,14.088,0.183,3,13.050,0.362,3,747007601351013697,0.371564,85.9,1,14.522,0.031,13.635,0.035,10.862,0.102,8.082,0.286,129874876,0.460177,87.6,1,,17.189,0.1969,16.481,0.2507,15.618,0.2293,0.2634605543846120,0.9551543060523660,-0.1351620801592500,102322121,9596681614229
74.5796598,-7.7678700,0.2021,0.2368,-0.1015,206.7987458,-28.6473541,72.2405021,-30.2613946,855.181,451.561,852.844,449.403,5234801175000833,52348a175-000833,175,52348a,833,14.646,0.088,12.4,0.914,13.557,0.095,11.5,1.03,0.923,1,0,0.00000,0.00000,0000,0000,3,AA,0,5,0.5,39.653,00,0000,0000,56907.58001647,0,,0,,18.633,4.378,0.000,44.912,4.683,0.000,279,22.55,271.6,23.7,7.50,7.50,14.483,0.140,2,0.257,13.549,0.171,2,0.322,15.159,0.138,2,14.358,0.187,0,14.740,0.140,2,13.871,0.171,2,14.575,0.155,3,13.622,0.174,3,14.524,0.187,3,13.455,0.185,3,14.473,0.225,3,13.318,0.205,3,14.377,0.245,3,13.192,0.225,3,14.217,0.237,3,13.037,0.231,3,13.985,0.212,3,12.852,0.229,3,747007601351013697,0.426206,-166.1,1,14.522,0.031,13.635,0.035,10.862,0.102,8.082,0.286,129874876,0.421418,-178.2,1,,17.189,0.1969,16.481,0.2507,15.618,0.2293,0.2634584189102930,0.9551551943585040,-0.1351599652088470,102322121,9596681613734
74.5796482,-7.7680474,0.2369,0.2245,-0.0889,206.7989205,-28.6474442,72.2404637,-30.2615692,217.240,684.343,219.732,684.975,5758101078000816,57581a078-000816,78,57581a,816,14.656,0.077,14.1,0.962,13.618,0.150,7.3,0.553,0.75,1,0,0.00000,0.00000,0000,0000,3,AB,0,5,0.5,52.710,00,0000,0000,57079.54862225,0,,0,,22.351,3.781,0.000,93.996,6.412,0.000,276.6,19.68,257.5,35.46,7.50,7.50,14.562,0.114,0,0.260,13.702,0.355,18,0.326,15.228,0.110,0,14.471,0.262,2,14.822,0.114,0,14.028,0.355,18,14.705,0.144,0,13.067,,32,14.697,0.170,0,12.891,,32,14.708,0.201,1,12.822,,32,14.630,0.217,1,12.747,,32,14.429,0.206,1,12.636,,32,14.164,0.185,3,12.494,,32,747007601351013697,0.233215,-15.3,1,14.522,0.031,13.635,0.035,10.862,0.102,8.082,0.286,129874876,0.219213,7.3,1,,17.189,0.1969,16.481,0.2507,15.618,0.2293,0.2634585010136800,0.9551547375954070,-0.1351630330107830,102322121,9596681614265
74.5794902,-7.7679628,0.1715,0.1893,0.0489,206.7987541,-28.6475459,72.2402958,-30.2614661,685.140,21.320,682.083,19.865,3633518090000642,36335r090-000642,90,36335r,642,14.364,0.067,16.2,1.29,13.319,0.126,8.6,0.512,0.871,1,0,0.00000,0.00000,0000,0000,3,AB,0,10,1.0,34.920,00,0000,0000,59617.67100823,0,,0,,13.556,3.251,0.000,40.935,4.280,0.000,362,22.31,338.6,39.26,7.50,7.50,14.229,0.105,3,0.260,13.394,0.184,3,0.326,14.931,0.094,3,14.235,0.226,3,14.489,0.105,3,13.720,0.184,3,14.320,0.164,3,13.496,0.181,3,14.236,0.199,3,13.375,0.190,3,14.154,0.216,3,13.284,0.219,3,14.037,0.231,3,13.212,0.271,3,13.886,0.221,3,13.159,0.310,3,13.714,0.203,3,13.100,0.329,3,747007601351013697,0.508491,99.0,1,14.522,0.031,13.635,0.035,10.862,0.102,8.082,0.286,129874876,0.597785,98.4,1,,17.189,0.1969,16.481,0.2507,15.618,0.2293,0.2634611880335820,0.9551542034623890,-0.1351615700118260,102322121,9596681614231
74.5797078,-7.7680142,0.1668,0.1597,-0.0622,206.7989170,-28.6473765,72.2405363,-30.2615435,278.490,344.571,279.163,344.983,3635718066000652,36357r066-000652,66,36357r,652,14.187,0.057,19.2,0.845,13.398,0.107,10.1,0.584,0.684,1,0,0.00000,0.00000,0000,0000,3,AA,0,10,1.0,114.642,00,0000,0000,59618.38957731,0,,0,,19.705,3.505,0.000,61.322,5.753,0.000,426.2,22.22,315,31.09,7.50,7.50,14.296,0.083,0,0.260,13.339,0.185,0,0.326,14.937,0.091,0,14.168,0.200,0,14.555,0.083,0,13.665,0.185,0,14.414,0.091,3,13.460,0.216,3,14.352,0.106,3,13.434,0.261,3,14.328,0.126,3,13.516,0.345,3,14.296,0.144,3,13.624,0.476,3,14.188,0.151,3,12.869,,32,13.983,0.148,3,12.794,,32,747007601351013697,0.293549,-68.9,1,14.522,0.031,13.635,0.035,10.862,0.102,8.082,0.286,129874876,0.209112,-62.1,1,,17.189,0.1969,16.481,0.2507,15.618,0.2293,0.2634575282711580,0.9551550871492430,-0.1351624588788400,102322121,9596681614232
74.5796322,-7.7678996,0.1440,0.1614,-0.0417,206.7987619,-28.6473919,72.2404665,-30.2614206,845.727,877.061,845.288,875.037,3633118091000628,36331r091-000628,91,36331r,628,14.239,0.058,18.7,1.03,13.416,0.107,10.2,0.525,0.76,1,0,0.00000,0.00000,0000,0000,3,AA,0,10,1.0,75.293,00,0000,0000,59617.54048664,0,,0,,15.754,3.781,0.000,41.110,4.495,0.000,406.3,21.75,309.7,30.44,7.50,7.50,14.246,0.138,0,0.260,13.461,0.480,2,0.326,14.896,0.124,0,13.456,,32,14.505,0.138,0,13.787,0.480,2,14.343,0.147,1,13.578,0.448,3,14.278,0.159,3,13.478,0.440,3,14.261,0.188,3,13.400,0.437,3,14.208,0.215,3,13.304,0.436,3,14.046,0.206,3,13.208,0.475,3,13.812,0.183,3,12.343,,32,747007601351013697,0.307110,-179.2,1,14.522,0.031,13.635,0.035,10.862,0.102,8.082,0.286,129874876,0.325892,164.9,1,,17.189,0.1969,16.481,0.2507,15.618,0.2293,0.2634588604522200,0.9551550001351530,-0.1351604770856980,102322121,9596681614233
74.5796454,-7.7678951,0.1751,0.2005,-0.0165,206.7987641,-28.6473781,72.2404821,-30.2614177,765.744,146.829,762.671,145.073,3634518066000752,36345r066-000752,66,36345r,752,14.286,0.068,15.9,0.415,13.364,0.096,11.3,1.08,0.707,1,0,0.00000,0.00000,0000,0000,3,AA,0,10,1.0,4.411,00,0000,0000,59617.99763058,0,,0,,17.258,4.553,0.000,40.667,4.518,0.000,389,24.42,324.9,28.86,7.50,7.50,14.219,0.152,3,0.260,13.384,0.171,3,0.326,14.878,0.168,2,14.154,0.180,2,14.478,0.152,3,13.710,0.171,3,14.314,0.150,3,13.550,0.213,3,14.212,0.157,3,13.515,0.285,3,14.133,0.166,3,13.515,0.349,3,14.068,0.180,3,13.485,0.397,3,13.961,0.208,3,13.400,0.437,3,13.792,0.232,3,13.288,0.498,3,747007601351013697,0.327335,-171.0,1,14.522,0.031,13.635,0.035,10.862,0.102,8.082,0.286,129874876,0.332994,173.5,1,,17.189,0.1969,16.481,0.2507,15.618,0.2293,0.2634586432229380,0.9551550710650210,-0.1351603992665850,102322121,9596681614233
74.5796400,-7.7679336,0.2296,0.2721,-0.1351,206.7988005,-28.6474002,72.2404705,-30.2614553,600.430,215.268,598.663,214.230,3634918066000679,36349r066-000679,66,36349r,679,14.377,0.090,12.1,0.913,13.514,0.116,9.4,0.624,0.728,1,0,0.00000,0.00000,0000,0000,3,AB,0,10,1.0,33.250,00,0000,0000,59618.12827953,0,,0,,14.959,4.063,0.000,42.317,4.160,0.000,357.9,29.6,283,30.21,7.50,7.50,14.375,0.197,2,0.260,13.523,0.433,2,0.326,14.948,0.201,2,14.260,0.368,2,14.634,0.197,2,13.849,0.433,2,14.597,0.246,2,12.995,,32,14.625,0.290,2,12.939,,32,14.606,0.335,3,12.937,,32,13.732,,32,12.909,,32,13.331,,32,12.793,,32,13.161,,32,12.639,,32,747007601351013697,0.187449,-170.1,1,14.522,0.031,13.635,0.035,10.862,0.102,8.082,0.286,129874876,0.200533,163.5,1,,17.189,0.1969,16.481,0.2507,15.618,0.2293,0.2634587090948660,0.9551549586826180,-0.1351610650523060,102322121,9596681614233
74.5796074,-7.7679948,0.1960,0.1797,0.0564,206.7988462,-28.6474566,72.2404247,-30.2615121,934.964,86.336,930.562,83.810,3634118066000688,36341r066-000688,66,36341r,688,14.246,0.067,16.2,0.81,13.425,0.101,10.8,0.444,0.6,1,0,0.00000,0.00000,0000,0000,3,AA,0,10,1.0,5.499,00,0010,0000,59617.86698163,0,,0,,14.368,3.692,0.000,41.387,4.638,0.000,403.5,24.92,307.1,28.5,7.50,7.50,14.320,0.093,2,0.260,13.432,0.256,2,0.326,14.981,0.101,2,14.226,0.250,2,14.580,0.093,2,13.758,0.256,2,14.430,0.105,2,13.594,0.348,2,14.374,0.149,2,13.563,0.437,2,14.352,0.253,3,13.552,0.480,3,14.315,0.331,3,13.477,0.476,3,14.247,0.335,3,13.295,0.433,3,14.150,0.320,3,13.077,0.404,3,747007601351013697,0.091414,67.1,1,14.522,0.031,13.635,0.035,10.862,0.102,8.082,0.286,129874876,0.175614,80.8,1,,17.189,0.1969,16.481,0.2507,15.618,0.2293,0.2634592141680200,0.9551546696059821,-0.1351621233920810,102322121,9596681614234
74.5796113,-7.7678998,0.1368,0.1608,-0.0492,206.7987515,-28.6474104,72.2404426,-30.2614183,682.841,936.622,683.628,935.291,3633518091000644,36335r091-000644,91,36335r,644,14.325,0.060,18.2,1.08,13.489,0.093,11.7,0.67,0.854,1,0,0.00000,0.00000,0000,0000,3,AA,0,5,0.5,35.307,00,0000,0000,59617.67113554,0,,0,,12.724,3.091,0.000,40.392,5.264,0.000,375.4,20.66,289.6,24.79,7.50,7.50,14.318,0.099,0,0.260,13.590,0.452,2,0.326,14.970,0.093,0,14.294,0.332,0,14.578,0.099,0,13.916,0.452,2,14.431,0.119,3,13.035,,32,14.388,0.136,3,12.969,,32,14.383,0.156,3,12.857,,32,14.387,0.182,3,12.698,,32,14.348,0.202,3,12.575,,32,14.187,0.195,3,12.485,,32,747007601351013697,0.314315,167.1,1,14.522,0.031,13.635,0.035,10.862,0.102,8.082,0.286,129874876,0.352091,153.1,1,,17.189,0.1969,16.481,0.2507,15.618,0.2293,0.2634592087422840,0.9551549035773820,-0.1351604805443250,102322121,9596681614237
74.5795739,-7.7678659,0.1619,0.1691,-0.0583,206.7986980,-28.6474283,72.2404049,-30.2613801,932.532,1001.935,932.233,999.608,3634118067000707,36341r067-000707,67,36341r,707,14.434,0.065,16.7,1.17,13.420,0.087,12.5,0.717,0.914,1,0,0.00000,0.00000,0000,0000,3,AA,0,5,0.5,6.127,00,0000,0000,59617.86710895,0,,0,,13.984,2.891,0.000,41.217,3.736,0.000,339.5,20.29,308.7,24.77,7.50,7.50,14.243,0.072,0,0.260,13.354,0.146,2,0.326,14.970,0.081,0,14.155,0.139,2,14.502,0.072,0,13.680,0.146,2,14.290,0.081,2,13.467,0.213,2,14.164,0.091,2,13.381,0.281,2,14.038,0.096,3,13.368,0.311,3,13.890,0.098,3,13.385,0.340,3,13.729,0.101,3,13.369,0.360,3,13.542,0.103,3,13.261,0.351,3,747007601351013697,0.474352,154.6,1,14.522,0.031,13.635,0.035,10.862,0.102,8.082,0.286,129874876,0.525187,146.1,1,,17.189,0.1969,16.481,0.2507,15.618,0.2293,0.2634598534865360,0.9551548086942649,-0.1351598943069840,102322121,9596681614237
74.5796351,-7.7680517,0.1282,0.1522,-0.0388,206.7989182,-28.6474577,72.2404482,-30.2615719,522.917,76.596,521.052,75.907,3633918090000572,36339r090-000572,90,36339r,572,14.186,0.056,19.4,2.06,13.307,0.080,13.6,0.9,1.4,1,0,0.00000,0.00000,0000,0000,3,AA,0,10,1.0,14.687,00,0000,0000,59617.80165713,0,,0,,13.979,3.398,0.000,41.273,4.127,0.000,426.7,21.98,342.5,25.17,7.50,7.50,14.070,0.093,2,0.260,13.215,0.121,2,0.326,14.753,0.086,0,14.030,0.131,0,14.330,0.093,2,13.541,0.121,2,14.164,0.129,2,13.354,0.142,2,14.073,0.171,3,13.293,0.177,3,14.001,0.198,3,13.237,0.213,3,13.923,0.205,3,13.158,0.249,3,13.779,0.199,3,13.049,0.255,3,13.575,0.181,3,12.919,0.251,3,747007601351013697,0.240924,-3.5,1,14.522,0.031,13.635,0.035,10.862,0.102,8.082,0.286,129874876,0.244560,17.7,1,,17.189,0.1969,16.481,0.2507,15.618,0.2293,0.2634587167012240,0.9551546675800180,-0.1351631073712430,102322121,9596681614265
74.5796850,-7.7680646,0.1848,0.1982,-0.0976,206.7989567,-28.6474194,72.2405032,-30.2615908,188.341,218.188,189.051,218.969,3634718090000712,36347r090-000712,90,36347r,712,14.511,0.074,14.6,1.36,13.411,0.092,11.8,1.38,1.3,1,0,0.00000,0.00000,0000,0000,3,AA,0,10,1.0,17.096,00,0000,0000,59618.06295507,0,,0,,15.123,3.379,0.000,41.564,4.921,0.000,316.2,21.58,311.2,26.26,7.50,7.50,14.525,0.104,3,0.260,13.265,0.164,3,0.326,15.177,0.118,1,14.118,0.200,1,14.785,0.104,3,13.591,0.164,3,14.653,0.114,3,13.362,0.164,3,14.611,0.136,3,13.279,0.181,3,14.579,0.171,3,13.238,0.199,3,14.458,0.205,3,13.171,0.213,3,14.233,0.195,3,13.031,0.213,3,13.972,0.169,3,12.853,0.209,3,747007601351013697,0.345578,-33.9,1,14.522,0.031,13.635,0.035,10.862,0.102,8.082,0.286,129874876,0.297896,-20.3,1,,17.189,0.1969,16.481,0.2507,15.618,0.2293,0.2634578767467780,0.9551548676947820,-0.1351633304526160,102322121,9596681614265
74.5796627,-7.7680918,0.1759,0.1919,-0.0638,206.7989730,-28.6474513,72.2404739,-30.2616150,438.669,288.199,438.181,287.892,3635318066000666,36353r066-000666,66,36353r,666,14.403,0.067,16.1,1.88,13.348,0.093,11.7,0.658,1.21,1,0,0.00000,0.00000,0000,0000,3,AA,0,10,1.0,75.384,00,0000,0000,59618.25892841,0,,0,,19.457,3.770,0.000,51.239,4.709,0.000,349.2,21.67,329.7,28.3,7.50,7.50,14.291,0.090,2,0.260,13.333,0.392,2,0.326,14.992,0.099,2,14.123,0.398,2,14.550,0.090,2,13.659,0.392,2,14.361,0.101,2,13.479,0.461,2,14.237,0.131,2,13.419,0.500,2,14.131,0.151,3,13.425,0.527,3,14.023,0.152,3,12.672,,32,13.871,0.146,3,12.625,,32,13.694,0.136,3,13.291,0.533,3,747007601351013697,0.401108,-16.4,1,14.522,0.031,13.635,0.035,10.862,0.102,8.082,0.286,129874876,0.378036,-3.6,1,,17.189,0.1969,16.481,0.2507,15.618,0.2293,0.2634582314394100,0.9551547032984570,-0.1351638008257210,102322121,9596681614265
74.5796950,-7.7680900,0.1797,0.1799,-0.0702,206.7989876,-28.6474219,72.2405110,-30.2616172,118.210,424.993,120.166,426.101,3636118066000671,36361r066-000671,66,36361r,671,14.250,0.060,18.0,1.27,13.568,0.128,8.5,0.539,0.865,1,0,0.00000,0.00000,0000,0000,3,AB,0,10,1.0,81.690,00,0000,0000,59618.52022622,0,,0,,18.319,3.673,0.000,59.207,4.776,0.000,402.2,22.38,269.2,31.85,7.50,7.50,14.206,0.093,1,0.260,13.460,0.345,3,0.326,14.899,0.104,0,14.318,0.521,0,14.466,0.093,1,13.786,0.345,3,14.336,0.103,1,13.509,0.297,3,14.368,0.129,1,13.369,0.294,3,14.466,0.171,3,13.318,0.308,3,14.538,0.217,3,13.329,0.338,3,14.540,0.254,3,13.387,0.388,3,14.411,0.261,3,13.413,0.433,3,747007601351013697,0.441894,-31.1,1,14.522,0.031,13.635,0.035,10.862,0.102,8.082,0.286,129874876,0.396036,-20.6,1,,17.189,0.1969,16.481,0.2507,15.618,0.2293,0.2634576941082480,0.9551548559140380,-0.1351637696980900,102322121,9596681614267
74.5796091,-7.7680491,0.1663,0.1792,-0.0660,206.7989024,-28.6474796,72.2404190,-30.2615662,29.460,109.312,30.555,110.841,3635118043000616,36351r043-000616,43,36351r,616,14.394,0.063,17.1,1.58,13.265,0.094,11.5,0.856,1.16,1,0,0.00000,0.00000,0000,0000,3,AA,0,10,1.0,52.221,00,0000,0000,59618.19309461,0,,0,,16.165,3.268,0.000,45.025,4.640,0.000,352.3,20.55,356.1,30.93,7.50,7.50,14.258,0.093,2,0.260,12.252,,32,0.326,14.952,0.103,0,12.788,,32,14.518,0.093,2,12.578,,32,14.345,0.098,2,12.508,,32,14.261,0.113,2,12.488,,32,14.183,0.140,3,12.467,,32,14.066,0.150,3,12.415,,32,13.903,0.151,3,12.321,,32,13.698,0.141,3,12.937,0.518,3,747007601351013697,0.243964,18.7,1,14.522,0.031,13.635,0.035,10.862,0.102,8.082,0.286,129874876,0.279223,36.8,1,,17.189,0.1969,16.481,0.2507,15.618,0.2293,0.2634591517675300,0.9551545539388510,-0.1351630624091050,102322121,9596681614269
74.5796331,-7.7681219,0.1885,0.2434,-0.1111,206.7989886,-28.6474911,72.2404360,-30.2616413,354.660,141.970,354.093,142.019,3634318090000717,36343r090-000717,90,36343r,717,14.443,0.084,13.0,0.619,13.534,0.118,9.2,0.55,0.554,1,0,0.00000,0.00000,0000,0000,3,AB,0,5,0.5,0.677,00,0010,0000,59617.93230608,0,,0,,14.627,3.555,0.000,40.506,3.701,0.000,336.7,25.99,277.8,30.2,7.50,7.50,14.398,0.119,2,0.260,13.532,0.273,2,0.326,15.086,0.146,2,14.344,0.246,2,14.658,0.119,2,13.858,0.273,2,14.471,0.124,2,13.643,0.310,2,14.403,0.159,2,13.550,0.375,2,14.377,0.201,3,13.534,0.440,3,14.317,0.219,3,13.559,0.495,3,14.207,0.219,3,13.525,0.527,3,14.046,0.209,3,13.405,0.506,3,747007601351013697,0.493257,-0.9,1,14.522,0.031,13.635,0.035,10.862,0.102,8.082,0.286,129874876,0.492462,9.5,1,,17.189,0.1969,16.481,0.2507,15.618,0.2293,0.2634587060081220,0.9551544987397730,-0.1351643213488650,102322121,9596681614271
74.5795746,-7.7680168,0.1450,0.1691,-0.0333,206.7988520,-28.6474955,72.2403843,-30.2615299,644.736,931.333,645.757,930.116,4759518091000606,47595r091-000606,91,47595r,606,14.334,0.061,17.7,2.19,13.587,0.116,9.4,0.73,1.44,1,0,0.00000,0.00000,0000,0000,3,AB,0,5,0.5,6.904,00,0000,0000,59984.84021028,0,,0,,19.002,3.431,0.000,44.785,4.811,0.000,372.3,21.03,264.6,28.17,7.50,7.50,14.221,0.087,0,0.260,13.614,0.306,2,0.326,14.872,0.088,0,14.348,0.350,2,14.481,0.087,0,13.940,0.306,2,14.323,0.092,3,13.834,0.392,3,14.221,0.100,3,13.858,0.532,3,14.128,0.108,3,13.045,,32,14.003,0.114,3,12.977,,32,13.804,0.117,3,12.880,,32,13.555,0.108,3,12.772,,32,747007601351013697,0.231647,60.3,1,14.522,0.031,13.635,0.035,10.862,0.102,8.082,0.286,129874876,0.309536,69.7,1,,17.189,0.1969,16.481,0.2507,15.618,0.2293,0.2634597471636270,0.9551544687535700,-0.1351625038409820,102322121,9596681614229
74.5794976,-7.7679440,0.1918,0.1723,-0.0753,206.7987388,-28.6475309,72.2403069,-30.2614483,152.245,329.703,153.612,330.663,4760718090000658,47607r090-000658,90,47607r,658,14.234,0.059,18.4,0.948,13.764,0.184,5.9,0.767,0.821,1,0,0.00000,0.00000,0000,0000,3,AB,0,10,1.0,66.435,00,0000,0000,59985.23062931,0,,0,,20.323,3.876,0.000,44.942,4.142,0.000,408.2,22.16,224.9,38.18,7.50,7.50,14.318,0.102,1,0.260,13.671,0.335,3,0.326,14.974,0.109,1,14.517,0.435,3,14.577,0.102,1,13.997,0.335,3,14.425,0.116,3,13.699,0.338,3,14.372,0.136,3,13.535,0.396,3,14.344,0.160,3,13.436,0.449,3,14.287,0.177,3,13.321,0.447,3,14.147,0.178,3,13.164,0.422,3,13.930,0.166,3,12.957,0.380,3,747007601351013697,0.498093,107.2,1,14.522,0.031,13.635,0.035,10.862,0.102,8.082,0.286,129874876,0.585830,105.3,1,,17.189,0.1969,16.481,0.2507,15.618,0.2293,0.2634610764638040,0.9551542802423970,-0.1351612449009060,102322121,9596681614231
74.5797359,-7.7679807,0.1699,0.2093,-0.0842,206.7988971,-28.6473366,72.2405730,-30.2615137,406.367,944.245,408.833,944.027,4761318067000613,47613r067-000613,67,47613r,613,14.319,0.076,14.2,0.967,13.634,0.128,8.5,0.677,0.793,1,0,0.00000,0.00000,0000,0000,3,AB,0,5,0.5,108.734,00,0000,0001,59985.42596618,0,,0,,19.327,3.576,0.000,45.421,4.000,0.000,377.4,26.54,253.5,29.91,7.50,7.50,14.436,0.322,2,0.260,13.571,0.440,2,0.326,15.030,0.417,0,14.412,0.539,2,14.696,0.322,2,13.897,0.440,2,14.633,0.382,2,13.703,0.400,2,14.726,0.525,2,13.655,0.408,2,14.015,,32,13.633,0.431,3,14.002,,32,13.565,0.442,3,13.930,,32,13.442,0.440,3,13.816,,32,13.299,0.445,3,747007601351013697,0.374480,-92.3,1,14.522,0.031,13.635,0.035,10.862,0.102,8.082,0.286,129874876,0.285901,-94.5,1,,17.189,0.1969,16.481,0.2507,15.618,0.2293,0.2634570808403720,0.9551552925410470,-0.1351618795589110,102322121,9596681614232
74.5796901,-7.7679320,0.1442,0.1623,-0.0568,206.7988243,-28.6473552,72.2405278,-30.2614598,891.703,626.584,889.860,624.295,4760118067000677,47601r067-000677,67,47601r,677,14.345,0.062,17.5,1.53,13.331,0.088,12.3,1.1,1.26,1,0,0.00000,0.00000,0000,0000,3,AA,0,5,0.5,10.027,00,0000,0000,59985.03541979,0,,0,,17.494,3.316,0.000,43.548,4.720,0.000,368.3,21.07,335.1,27.18,7.50,7.50,14.226,0.091,1,0.260,13.200,0.270,3,0.326,14.965,0.098,0,14.010,0.340,2,14.485,0.091,1,13.526,0.270,3,14.261,0.095,3,13.339,0.267,3,14.164,0.108,3,13.261,0.297,3,14.148,0.125,3,13.195,0.324,3,14.143,0.145,3,13.100,0.335,3,14.090,0.165,3,12.990,0.345,3,13.944,0.170,3,12.878,0.363,3,747007601351013697,0.284090,-132.1,1,14.522,0.031,13.635,0.035,10.862,0.102,8.082,0.286,129874876,0.232376,-148.4,1,,17.189,0.1969,16.481,0.2507,15.618,0.2293,0.2634578749013680,0.9551551926917050,-0.1351610373832900,102322121,9596681614233
74.5797017,-7.7679294,0.1738,0.1905,-0.0729,206.7988276,-28.6473438,72.2405414,-30.2614586,731.290,423.595,729.524,422.004,4760518006000665,47605r006-000665,6,47605r,665,14.414,0.066,16.5,2.64,13.494,0.092,11.8,0.707,1.54,1,0,0.00000,0.00000,0000,0000,3,AA,0,0,0.0,44.980,00,0000,0000,59985.16555950,0,,0,,21.113,4.467,0.000,43.874,4.587,0.000,345.7,20.9,288.4,24.49,7.50,7.50,14.210,0.129,2,0.260,13.448,0.279,2,0.326,14.932,0.129,2,14.238,0.336,0,14.470,0.129,2,13.774,0.279,2,14.270,0.150,3,13.573,0.317,3,14.142,0.180,3,13.477,0.390,3,14.040,0.192,3,13.436,0.446,3,13.952,0.195,3,13.408,0.519,3,13.828,0.189,3,12.570,,32,13.688,0.187,3,12.450,,32,747007601351013697,0.321741,-128.4,1,14.522,0.031,13.635,0.035,10.862,0.102,8.082,0.286,129874876,0.263762,-141.8,1,,17.189,0.1969,16.481,0.2507,15.618,0.2293,0.2634576831532280,0.9551552519435080,-0.1351609924211390,102322121,9596681614233
74.5796862,-7.7679161,0.1575,0.1849,0.0233,206.7988062,-28.6473515,72.2405256,-30.2614435,408.171,28.777,406.803,28.581,4761318066000628,47613r066-000628,66,47613r,628,14.322,0.065,16.7,1.27,13.307,0.087,12.5,0.729,0.966,1,0,0.00000,0.00000,0000,0000,3,AA,0,10,1.0,108.452,00,0000,0000,59985.42583887,0,,0,,19.419,3.569,0.000,44.522,3.952,0.000,376.5,22.6,342.3,27.36,7.50,7.50,14.380,0.324,2,0.260,13.292,0.195,2,0.326,15.018,0.423,0,14.078,0.186,0,14.640,0.324,2,13.618,0.195,2,14.574,0.325,3,13.478,0.225,3,14.656,0.369,3,13.465,0.255,3,14.774,0.446,3,13.488,0.300,3,14.098,,32,13.512,0.416,3,14.022,,32,12.735,,32,14.582,0.527,3,12.606,,32,747007601351013697,0.316407,-141.5,1,14.522,0.031,13.635,0.035,10.862,0.102,8.082,0.286,129874876,0.277041,-157.1,1,,17.189,0.1969,16.481,0.2507,15.618,0.2293,0.2634579498900560,0.9551552109165889,-0.1351607624224400,102322121,9596681614233
74.5796610,-7.7680017,0.2084,0.1985,-0.0673,206.7988805,-28.6474123,72.2404848,-30.2615254,314.525,521.517,315.727,521.734,4760318090000729,47603r090-000729,90,47603r,729,14.510,0.069,15.7,1.16,13.459,0.135,8.0,0.641,0.877,1,0,0.00000,0.00000,0000,0000,3,AB,0,10,1.0,25.035,00,0000,0000,59985.10048965,0,,0,,18.302,3.639,0.000,43.053,4.447,0.000,316.6,20.21,297.8,37.05,7.50,7.50,14.405,0.094,1,0.260,12.873,,32,0.326,15.117,0.105,1,13.500,,32,14.665,0.094,1,13.199,,32,14.452,0.097,1,13.125,,32,14.337,0.107,1,13.116,,32,14.250,0.121,1,13.093,,32,14.147,0.130,1,13.025,,32,14.007,0.133,1,12.902,,32,13.846,0.140,3,12.817,,32,747007601351013697,0.122918,-60.5,1,14.522,0.031,13.635,0.035,10.862,0.102,8.082,0.286,129874876,0.055844,-18.6,1,,17.189,0.1969,16.481,0.2507,15.618,0.2293,0.2634583162959740,0.9551549003794230,-0.1351622427146930,102322121,9596681614234
74.5796348,-7.7679576,0.1711,0.1876,-0.0194,206.7988223,-28.6474156,72.2404612,-30.2614785,647.944,14.726,645.053,13.483,4759518090000639,47595r090-000639,90,47595r,639,14.426,0.067,16.2,0.922,13.353,0.095,11.4,0.806,0.823,1,0,0.00000,0.00000,0000,0000,3,AA,0,10,1.0,6.275,00,0000,0000,59984.84008292,0,,0,,18.433,3.540,0.000,43.942,4.075,0.000,342.1,21.11,328.1,28.77,7.50,7.50,14.326,0.114,2,0.260,13.328,0.240,2,0.326,14.968,0.099,0,14.108,0.244,2,14.585,0.114,2,13.654,0.240,2,14.502,0.171,2,13.486,0.254,2,14.516,0.232,2,13.438,0.298,2,14.571,0.326,3,13.467,0.405,3,14.616,0.391,3,12.790,,32,14.567,0.408,3,12.476,,32,14.384,0.375,3,11.972,,32,747007601351013697,0.099210,-172.1,1,14.522,0.031,13.635,0.035,10.862,0.102,8.082,0.286,129874876,0.130079,144.5,1,,17.189,0.1969,16.481,0.2507,15.618,0.2293,0.2634587807277950,0.9551548801937680,-0.1351614800875300,102322121,9596681614235
74.5796644,-7.7679452,0.1732,0.2196,-0.0907,206.7988247,-28.6473839,72.2404967,-30.2614698,478.884,729.385,479.977,728.872,4759918091000883,47599r091-000883,91,47599r,883,14.374,0.066,16.5,1.41,13.518,0.123,8.8,0.54,0.9,1,0,0.00000,0.00000,0000,0000,3,AB,0,5,0.5,-0.880,00,0000,0000,59984.97034994,0,,0,,19.180,3.897,0.000,43.671,4.513,0.000,358.6,21.77,282,31.89,7.50,7.50,14.331,0.226,2,0.260,13.545,0.342,2,0.326,14.998,0.214,2,14.289,0.370,2,14.591,0.226,2,13.871,0.342,2,14.426,0.225,3,13.750,0.469,3,14.359,0.233,3,12.948,,32,14.318,0.266,3,12.878,,32,14.208,0.448,3,12.835,,32,13.090,,32,12.787,,32,12.923,,32,12.650,,32,747007601351013697,0.186064,-140.2,1,14.522,0.031,13.635,0.035,10.862,0.102,8.082,0.286,129874876,0.153434,-168.7,1,,17.189,0.1969,16.481,0.2507,15.618,0.2293,0.2634582950560590,0.9551550444997520,-0.1351612656526670,102322121,9596681614235
74.5796501,-7.7679350,0.1984,0.2102,-0.0787,206.7988071,-28.6473919,72.2404818,-30.2614579,566.029,223.549,564.510,222.672,4760918066000650,47609r066-000650,66,47609r,650,14.438,0.079,13.8,0.628,13.367,0.093,11.6,0.985,0.775,1,0,0.00000,0.00000,0000,0000,3,AA,0,10,1.0,86.826,00,0000,0000,59985.29569917,0,,0,,20.623,4.363,0.000,44.691,4.810,0.000,338.2,24.54,324.1,27.85,7.50,7.50,14.310,0.110,3,0.260,13.459,0.421,3,0.326,14.951,0.103,3,14.200,0.438,1,14.569,0.110,3,13.785,0.421,3,14.425,0.134,3,13.669,0.450,3,14.356,0.162,3,13.646,0.481,3,14.295,0.189,3,13.645,0.532,3,14.202,0.210,3,12.873,,32,14.077,0.230,3,12.856,,32,13.892,0.220,3,12.835,,32,747007601351013697,0.192125,-159.2,1,14.522,0.031,13.635,0.035,10.862,0.102,8.082,0.286,129874876,0.188379,173.6,1,,17.189,0.1969,16.481,0.2507,15.618,0.2293,0.2634585398436540,0.9551550019409270,-0.1351610892626950,102322121,9596681614235
74.5795894,-7.7679535,0.1940,0.1808,-0.0661,206.7987951,-28.6474540,72.2404101,-30.2614689,85.343,552.612,88.040,553.852,4762118066000698,47621r066-000698,66,47621r,698,14.377,0.066,16.5,0.724,13.450,0.103,10.5,0.914,0.777,1,0,0.00000,0.00000,0000,0000,3,AA,0,10,1.0,28.142,00,0000,0001,59985.68624541,0,,0,,19.584,3.441,0.000,44.154,3.931,0.000,357.8,21.62,300.1,28.49,7.50,7.50,14.393,0.101,2,0.260,13.591,0.172,2,0.326,15.059,0.095,2,14.350,0.189,2,14.652,0.101,2,13.917,0.172,2,14.518,0.146,2,13.752,0.223,2,14.521,0.180,2,13.716,0.313,2,14.525,0.198,3,13.709,0.374,3,14.453,0.203,3,13.643,0.397,3,14.324,0.200,3,13.515,0.394,3,14.128,0.186,3,13.372,0.385,3,747007601351013697,0.186538,127.3,1,14.522,0.031,13.635,0.035,10.862,0.102,8.082,0.286,129874876,0.266419,116.9,1,,17.189,0.1969,16.481,0.2507,15.618,0.2293,0.2634595401446070,0.9551546807579040,-0.1351614091856810,102322121,9596681614236
74.5796251,-7.7680498,0.2005,0.2018,-0.0771,206.7989112,-28.6474657,72.2404371,-30.2615688,251.249,754.134,253.843,754.560,4761718007000690,47617r007-000690,7,47617r,690,14.453,0.067,16.2,1.38,13.749,0.126,8.6,0.763,1.03,1,0,0.00000,0.00000,0000,0000,3,AB,0,5,0.5,67.624,00,0000,0000,59985.55610580,0,,0,,19.921,3.594,0.000,44.924,4.346,0.000,333.7,20.58,228,26.48,7.50,7.50,14.258,0.090,0,0.260,13.695,0.376,2,0.326,14.991,0.106,0,14.504,0.499,0,14.518,0.090,0,14.021,0.376,2,14.303,0.097,2,13.779,0.330,2,14.180,0.111,3,13.659,0.319,3,14.069,0.130,3,13.591,0.343,3,13.925,0.134,3,13.517,0.382,3,13.747,0.126,3,13.408,0.418,3,13.540,0.115,3,13.278,0.465,3,747007601351013697,0.234586,5.1,1,14.522,0.031,13.635,0.035,10.862,0.102,8.082,0.286,129874876,0.251516,26.0,1,,17.189,0.1969,16.481,0.2507,15.618,0.2293,0.2634588845989640,0.9551546259186060,-0.1351630745142960,102322121,9596681614265
74.5795591,-7.7680230,0.2156,0.1963,-0.0705,206.7988504,-28.6475121,72.2403657,-30.2615342,41.667,543.230,44.596,544.689,5746101075000741,57461a075-000741,75,57461a,741,14.496,0.068,16.0,2.54,13.696,0.137,7.9,0.476,1.46,1,0,0.00000,0.00000,0000,0000,3,AB,0,10,1.0,34.223,00,0000,0000,57075.60789274,0,,0,,17.368,3.447,0.000,40.354,3.612,0.000,320.4,20.07,239.6,30.2,7.50,7.50,14.406,0.099,2,0.260,13.772,0.305,2,0.326,15.076,0.102,2,14.565,0.371,2,14.666,0.099,2,14.098,0.305,2,14.517,0.119,3,13.942,0.300,3,14.463,0.137,3,13.929,0.334,3,14.419,0.149,3,13.989,0.411,3,14.361,0.162,3,14.013,0.485,3,14.258,0.166,3,13.870,0.499,3,14.083,0.157,3,13.624,0.489,3,747007601351013697,0.290838,61.9,1,14.522,0.031,13.635,0.035,10.862,0.102,8.082,0.286,129874876,0.369137,69.4,1,,17.189,0.1969,16.481,0.2507,15.618,0.2293,0.2634600016687150,0.9551543833813450,-0.1351626110583960,102322121,9596681614229
74.5797154,-7.7679661,0.2279,0.2310,0.0555,206.7988719,-28.6473481,72.2405518,-30.2614967,467.682,242.411,466.857,241.974,5743801098001136,57438a098-001136,98,57438a,1136,14.612,0.079,13.7,1.16,13.904,0.145,7.5,6.4,3.5,1,0,0.00000,0.00000,0000,0000,3,AB,0,10,1.0,-2.892,00,0000,0000,57074.88537588,0,,0,,18.314,3.757,0.000,41.333,4.810,0.000,287.9,21.01,197.9,26.46,7.50,7.50,14.390,0.163,3,0.260,12.691,0.089,3,0.326,15.105,0.148,3,13.968,0.153,3,14.649,0.163,3,13.017,0.089,3,14.450,0.180,3,12.302,0.070,3,14.351,0.178,3,11.803,0.066,3,14.299,0.195,3,11.521,0.059,3,14.234,0.234,3,11.397,0.058,3,14.060,0.249,3,11.347,0.060,3,13.791,0.226,3,11.319,0.065,3,747007601351013697,0.308566,-102.7,1,14.522,0.031,13.635,0.035,10.862,0.102,8.082,0.286,129874876,0.224840,-109.6,1,,17.189,0.1969,16.481,0.2507,15.618,0.2293,0.2634574317456990,0.9551552314798220,-0.1351616270791660,102322121,9596681614232
74.5796628,-7.7679183,0.1979,0.1905,-0.0689,206.7987965,-28.6473732,72.2404986,-30.2614429,299.323,629.237,301.091,629.520,5744201099000781,57442a099-000781,99,57442a,781,14.628,0.072,15.1,0.856,13.556,0.092,11.8,1.29,1.03,1,0,0.00000,0.00000,0000,0000,3,AA,0,10,1.0,17.057,00,0000,0000,57075.01678882,0,,0,,19.363,4.192,0.000,41.763,4.668,0.000,283.8,18.82,272.7,23.07,7.50,7.50,14.546,0.102,0,0.260,13.589,0.152,0,0.326,15.210,0.106,0,14.360,0.161,0,14.805,0.102,0,13.915,0.152,0,14.681,0.116,0,13.777,0.173,0,14.656,0.139,0,13.771,0.220,2,14.618,0.162,1,13.793,0.314,3,14.509,0.173,1,13.805,0.498,3,14.324,0.189,1,12.934,,32,14.097,0.211,1,12.846,,32,747007601351013697,0.265238,-154.7,1,14.522,0.031,13.635,0.035,10.862,0.102,8.082,0.286,129874876,0.248507,-174.4,1,,17.189,0.1969,16.481,0.2507,15.618,0.2293,0.2634583386021910,0.9551550983154520,-0.1351608004673380,102322121,9596681614233
74.5796417,-7.7679634,0.1923,0.2069,-0.0541,206.7988317,-28.6474121,72.2404682,-30.2614851,878.554,436.685,876.024,434.415,5744101074001095,57441a074-001095,74,57441a,1095,14.561,0.079,13.7,1.5,13.672,0.100,10.8,0.391,0.905,1,0,0.00000,0.00000,0000,0000,3,AA,0,5,0.5,2.633,00,0000,0000,57074.95108235,0,,0,,18.521,4.061,0.000,42.010,4.227,0.000,301.8,22.05,245,22.67,7.50,7.50,14.672,0.136,1,0.260,13.749,0.292,1,0.326,15.296,0.143,1,14.490,0.248,1,14.932,0.136,1,14.075,0.292,1,14.845,0.165,3,13.981,0.420,3,14.869,0.209,3,13.997,0.539,3,14.884,0.258,3,13.185,,32,14.772,0.303,3,13.806,0.520,3,14.524,0.295,3,13.601,0.473,3,14.244,0.268,3,13.372,0.431,3,747007601351013697,0.086299,-153.8,1,14.522,0.031,13.635,0.035,10.862,0.102,8.082,0.286,129874876,0.099096,149.0,1,,17.189,0.1969,16.481,0.2507,15.618,0.2293,0.2634586620625700,0.9551548987317700,-0.1351615803877060,102322121,9596681614235
74.5796916,-7.7679773,0.2066,0.2211,-0.0802,206.7988712,-28.6473742,72.2405231,-30.2615049,207.342,152.755,207.615,153.531,5745701074000696,57457a074-000696,74,57457a,696,14.493,0.076,14.4,0.977,13.661,0.114,9.5,0.601,0.755,1,0,0.00000,0.00000,0000,0000,3,AB,0,10,1.0,75.372,00,0000,0000,57075.47647985,0,,0,,17.887,3.806,0.000,41.566,3.667,0.000,321.2,22.36,247.5,25.94,7.50,7.50,14.384,0.099,2,0.260,13.632,0.223,2,0.326,15.023,0.109,2,14.432,0.282,2,14.644,0.099,2,13.958,0.223,2,14.488,0.106,3,13.803,0.229,3,14.416,0.124,3,13.795,0.276,3,14.366,0.142,3,13.814,0.340,3,14.276,0.158,3,13.789,0.385,3,14.110,0.166,3,13.682,0.402,3,13.852,0.158,3,13.495,0.385,3,747007601351013697,0.217883,-97.2,1,14.522,0.031,13.635,0.035,10.862,0.102,8.082,0.286,129874876,0.131698,-105.4,1,,17.189,0.1969,16.481,0.2507,15.618,0.2293,0.2634578214807600,0.9551550965727210,-0.1351618207622590,102322121,9596681614235
74.5795793,-7.7680023,0.1886,0.1998,-0.0668,206.7988396,-28.6474849,72.2403917,-30.2615161,800.740,394.191,798.519,392.265,5743001098000754,57430a098-000754,98,57430a,754,14.469,0.079,13.7,1.61,13.463,0.117,9.2,0.76,1.12,1,0,0.00000,0.00000,0000,0000,3,AB,0,10,1.0,30.019,00,0000,0000,57074.62267732,0,,0,,16.959,3.907,0.000,41.091,4.837,0.000,328.6,23.91,297.2,32.15,7.50,7.50,14.390,0.198,0,0.260,13.566,0.318,2,0.326,15.087,0.208,0,14.259,0.357,2,14.649,0.198,0,13.892,0.318,2,14.516,0.203,2,13.819,0.349,2,14.490,0.228,2,13.787,0.384,2,14.466,0.286,3,13.693,0.441,3,14.414,0.314,3,13.550,0.484,3,14.299,0.325,3,13.384,0.495,3,14.127,0.309,3,13.194,0.478,3,747007601351013697,0.194760,71.2,1,14.522,0.031,13.635,0.035,10.862,0.102,8.082,0.286,129874876,0.279076,78.6,1,,17.189,0.1969,16.481,0.2507,15.618,0.2293,0.2634596779071940,0.9551545233398190,-0.1351622530905720,102322121,9596681614236
74.5795851,-7.7679972,0.1786,0.1919,-0.0550,206.7988373,-28.6474774,72.2403990,-30.2615117,709.117,821.154,709.324,819.638,5744501075000856,57445a075-000856,75,57445a,856,14.480,0.064,17.1,1.46,14.046,0.201,5.4,0.605,1.02,1,0,0.00000,0.00000,0000,0000,3,AB,0,10,1.0,35.400,00,0000,0001,57075.08249524,0,,0,,18.929,3.915,0.000,40.595,4.276,0.000,325.3,19.05,173.6,32.16,7.50,7.50,14.485,0.098,0,0.260,13.090,,32,0.326,15.147,0.101,0,13.577,,32,14.744,0.098,0,13.416,,32,14.578,0.117,1,13.380,,32,14.445,0.167,3,13.369,,32,14.308,0.179,3,13.360,,32,14.191,0.177,3,13.366,,32,14.049,0.170,3,16.266,,32,13.840,0.157,3,13.314,,32,747007601351013697,0.169606,74.9,1,14.522,0.031,13.635,0.035,10.862,0.102,8.082,0.286,129874876,0.255550,81.7,1,,17.189,0.1969,16.481,0.2507,15.618,0.2293,0.2634595844168100,0.9551545616075220,-0.1351621648955980,102322121,9596681614236
74.5795392,-7.7679650,0.1650,0.1886,-0.0492,206.7987813,-28.6475036,72.2403513,-30.2614742,633.908,776.439,634.349,775.260,5743401099000783,57434a099-000783,99,57434a,783,14.452,0.066,16.3,1.9,13.780,0.115,9.4,1.13,1.43,1,0,0.00000,0.00000,0000,0000,3,AB,0,10,1.0,10.332,00,0000,0000,57074.75409025,0,,0,,17.305,3.742,0.000,39.275,5.284,0.000,333.7,20.41,221.8,23.51,7.50,7.50,14.356,0.127,2,0.260,13.951,0.543,0,0.326,15.016,0.110,0,14.668,0.527,0,14.616,0.127,2,14.277,0.543,0,14.512,0.221,2,13.292,,32,14.511,0.332,2,13.133,,32,14.540,0.389,3,12.987,,32,14.522,0.413,3,12.855,,32,14.398,0.391,3,12.731,,32,14.147,0.327,3,12.563,,32,747007601351013697,0.335193,102.3,1,14.522,0.031,13.635,0.035,10.862,0.102,8.082,0.286,129874876,0.424083,100.8,1,,17.189,0.1969,16.481,0.2507,15.618,0.2293,0.2634603697948080,0.9551544237740330,-0.1351616080567200,102322121,9596681614236
74.5795656,-7.7680687,0.2019,0.2239,-0.0358,206.7989002,-28.6475269,72.2403667,-30.2615803,544.295,291.033,543.209,290.248,5744901074000787,57449a074-000787,74,57449a,787,14.637,0.075,14.4,1.48,13.613,0.140,7.8,0.509,0.97,1,0,0.00000,0.00000,0000,0000,3,AB,0,10,1.0,77.770,00,0000,0000,57075.21378081,0,,0,,17.701,4.035,0.000,42.255,4.559,0.000,281.4,19.5,258.7,33.34,7.50,7.50,14.351,0.107,2,0.260,13.832,0.255,2,0.326,15.081,0.118,2,14.583,0.284,2,14.610,0.107,2,14.158,0.255,2,14.409,0.111,2,14.045,0.285,2,14.306,0.121,3,14.025,0.335,3,14.204,0.130,3,14.002,0.396,3,14.057,0.136,3,13.979,0.484,3,13.860,0.132,3,13.130,,32,13.640,0.128,3,12.931,,32,747007601351013697,0.381353,37.7,1,14.522,0.031,13.635,0.035,10.862,0.102,8.082,0.286,129874876,0.436443,47.6,1,,17.189,0.1969,16.481,0.2507,15.618,0.2293,0.2634598646437170,0.9551543093428470,-0.1351634013544460,102322121,9596681614258
74.5796581,-7.7680285,0.1810,0.2011,-0.0774,206.7989063,-28.6474269,72.2404777,-30.2615517,951.063,924.949,950.145,922.419,5742701001000712,57427a001-000712,1,57427a,712,14.503,0.074,14.7,1.45,13.673,0.106,10.2,1.05,1.19,1,0,0.00000,0.00000,0000,0000,3,AA,0,0,0.0,70.733,00,0000,0000,57074.49139178,0,,0,,17.609,3.513,0.000,41.343,3.671,0.000,318.3,21.62,244.9,23.89,7.50,7.50,14.683,0.208,3,0.260,13.694,0.465,3,0.326,15.305,0.149,3,14.450,0.329,3,14.942,0.208,3,14.020,0.465,3,14.783,0.256,3,13.120,,32,14.718,0.270,3,13.060,,32,14.695,0.287,3,13.019,,32,14.660,0.303,3,12.954,,32,14.559,0.303,3,13.584,0.521,3,14.346,0.274,3,13.400,0.493,3,747007601351013697,0.184338,-31.6,1,14.522,0.031,13.635,0.035,10.862,0.102,8.082,0.286,129874876,0.149588,-2.9,1,,17.189,0.1969,16.481,0.2507,15.618,0.2293,0.2634583478300770,0.9551548260985140,-0.1351627061706160,102322121,9596681614265
74.5797380,-7.7681612,0.2032,0.1865,-0.0498,206.7990819,-28.6474159,72.2405498,-30.2616931,370.691,675.421,372.248,675.368,5745301075000687,57453a075-000687,75,57453a,687,14.636,0.071,15.2,1.06,13.098,0.100,10.8,0.793,0.898,1,0,0.00000,0.00000,0000,0000,3,AA,0,10,1.0,114.094,00,0000,0001,57075.34519370,0,,0,,17.109,3.382,0.000,40.749,4.431,0.000,281.8,18.55,415.6,38.37,7.50,7.50,14.458,0.113,0,0.260,13.164,0.195,2,0.326,15.159,0.110,0,13.923,0.260,2,14.717,0.113,0,13.490,0.195,2,14.517,0.116,1,13.316,0.186,3,14.414,0.123,3,13.237,0.206,3,14.337,0.131,3,13.202,0.262,3,14.195,0.130,3,13.164,0.334,3,13.978,0.121,3,13.065,0.363,3,13.735,0.110,3,12.921,0.348,3,747007601351013697,0.740599,-31.0,1,14.522,0.031,13.635,0.035,10.862,0.102,8.082,0.286,129874876,0.691976,-25.0,1,,17.189,0.1969,16.481,0.2507,15.618,0.2293,0.2634569326110150,0.9551548917177350,-0.1351650009687280,102322121,9596681614266
74.5796017,-7.7681019,0.1897,0.2006,-0.0734,206.7989523,-28.6475099,72.2404031,-30.2616177,130.001,100.749,130.447,101.904,5744602098000786,57446b098-000786,98,57446b,786,14.617,0.072,15.1,1.11,13.874,0.125,8.7,0.915,0.969,1,0,0.00000,0.00000,0000,0000,3,AB,0,10,1.0,56.390,00,0000,0000,57075.14807439,0,,0,,19.497,4.121,0.000,41.590,4.063,0.000,286.6,19.01,203.5,23.34,7.50,7.50,14.542,0.102,0,0.260,13.795,0.346,2,0.326,15.185,0.104,0,14.602,0.404,0,14.801,0.102,0,14.121,0.346,2,14.681,0.117,0,13.909,0.321,2,14.672,0.142,0,13.778,0.309,2,14.675,0.172,3,13.669,0.309,3,14.620,0.195,3,13.578,0.330,3,14.469,0.203,3,13.490,0.401,3,14.206,0.187,3,13.335,0.427,3,747007601351013697,0.433973,13.9,1,14.522,0.031,13.635,0.035,10.862,0.102,8.082,0.286,129874876,0.456741,25.1,1,,17.189,0.1969,16.481,0.2507,15.618,0.2293,0.2634592420100830,0.9551543998381660,-0.1351639754863150,102322121,9596681614269
74.5796091,-7.7679460,0.1387,0.1401,-0.0353,206.7987974,-28.6474332,72.2404336,-30.2614638,389.461,345.814,389.494,345.716,921418186000509,09214r186-000509,186,09214r,509,13.888,0.050,21.9,1.29,12.938,0.094,11.5,0.682,0.964,1,0,0.00000,0.00000,0000,0000,3,AA,0,10,1.0,54.668,00,0000,0000,58731.09504494,0,,0,,19.647,3.868,0.000,54.280,5.405,0.000,561.1,25.6,481.2,41.87,7.50,7.50,13.816,0.059,0,0.260,12.981,0.191,2,0.326,14.488,0.070,0,13.706,0.209,2,14.075,0.059,0,13.307,0.191,2,13.920,0.062,2,13.209,0.221,2,13.868,0.071,18,13.184,0.265,2,13.833,0.082,19,13.150,0.304,3,13.778,0.092,19,13.118,0.359,3,13.693,0.099,19,13.074,0.394,3,13.560,0.100,19,12.981,0.420,3,747007601351013697,0.160354,150.8,1,14.522,0.031,13.635,0.035,10.862,0.102,8.082,0.286,129874876,0.223096,131.4,1,,17.189,0.1969,16.481,0.2507,15.618,0.2293,0.2634592164383320,0.9551547883987650,-0.1351612794871750,102322121,9596681614236
74.5795955,-7.7678773,0.1266,0.1205,-0.0505,206.7987206,-28.6474143,72.2404278,-30.2613940,224.758,741.547,227.402,742.139,921018187000522,09210r187-000522,187,09210r,522,13.930,0.048,22.4,0.982,12.957,0.062,17.5,0.757,0.828,1,0,0.00000,0.00000,0000,0000,3,AA,0,10,1.0,96.150,00,0000,0000,58730.96426907,0,,0,,19.230,3.707,0.000,54.729,4.604,0.000,540.2,24.08,472.6,27,7.50,7.50,13.922,0.063,0,0.260,12.935,0.142,2,0.326,14.591,0.066,0,13.718,0.117,0,14.181,0.063,0,13.261,0.142,2,14.037,0.073,0,13.093,0.172,2,14.003,0.090,0,13.045,0.195,2,14.019,0.147,1,13.033,0.222,3,14.017,0.227,3,13.010,0.250,3,13.934,0.246,3,12.961,0.282,3,13.787,0.231,3,12.903,0.303,3,747007601351013697,0.407532,161.9,1,14.522,0.031,13.635,0.035,10.862,0.102,8.082,0.286,129874876,0.450036,151.3,1,,17.189,0.1969,16.481,0.2507,15.618,0.2293,0.2634594862509510,0.9551548820918790,-0.1351600914487500,102322121,9596681614237
74.5796128,-7.7680405,0.1235,0.1235,-0.0455,206.7988955,-28.6474724,72.2404244,-30.2615581,59.480,232.209,60.966,233.554,920618186000539,09206r186-000539,186,09206r,539,13.923,0.047,23.3,1.75,12.957,0.063,17.1,0.835,1.24,1,0,0.00000,0.00000,0000,0000,3,AA,0,5,0.5,97.413,00,0000,0000,58730.83336580,0,,0,,18.947,3.091,0.000,54.917,4.962,0.000,543.5,23.32,472.5,27.59,7.50,7.50,13.858,0.057,0,0.260,12.903,0.165,2,0.326,14.553,0.062,0,13.718,0.138,0,14.117,0.057,0,13.229,0.165,2,13.924,0.063,2,13.031,0.203,2,13.842,0.084,2,12.939,0.222,2,13.804,0.104,3,12.873,0.230,3,13.739,0.108,3,12.822,0.238,3,13.614,0.105,3,12.779,0.249,3,13.444,0.097,3,12.711,0.262,3,747007601351013697,0.210424,18.0,1,14.522,0.031,13.635,0.035,10.862,0.102,8.082,0.286,129874876,0.246656,38.7,1,,17.189,0.1969,16.481,0.2507,15.618,0.2293,0.2634590954808320,0.9551545905096950,-0.1351629136881840,102322121,9596681614265
74.5796756,-7.7678857,0.1716,0.2069,-0.0608,206.7987698,-28.6473472,72.2405178,-30.2614121,653.542,923.081,654.510,921.844,6848101073000783,68481a073-000783,73,68481a,783,14.604,0.074,14.6,0.798,13.734,0.110,9.9,1.55,1.12,1,0,0.00000,0.00000,0000,0000,3,AB,0,10,1.0,30.284,00,0000,0000,57437.08104385,0,,0,,17.245,3.831,0.000,43.185,4.906,0.000,290.6,19.86,230.5,23.33,7.50,7.50,14.497,0.099,2,0.260,13.905,0.398,2,0.326,15.151,0.104,0,14.583,0.400,0,14.757,0.099,2,14.231,0.398,2,14.592,0.110,3,14.031,0.488,3,14.536,0.131,3,13.867,0.519,3,14.519,0.154,3,13.703,0.508,3,14.456,0.170,3,13.535,0.486,3,14.295,0.171,3,13.371,0.456,3,14.060,0.158,3,13.189,0.453,3,747007601351013697,0.390952,-156.0,1,14.522,0.031,13.635,0.035,10.862,0.102,8.082,0.286,129874876,0.371321,-169.1,1,,17.189,0.1969,16.481,0.2507,15.618,0.2293,0.2634581456669210,0.9551552313074280,-0.1351602367111000,102322121,9596681613734
74.5794962,-7.7680296,0.2021,0.2481,-0.0968,206.7988252,-28.6475707,72.2402932,-30.2615331,740.809,312.528,738.591,310.864,6846601097000736,68466a097-000736,97,68466a,736,14.465,0.073,14.9,0.955,13.843,0.166,6.5,0.666,0.774,1,0,0.00000,0.00000,0000,0000,3,AB,0,5,0.5,35.071,00,0000,0000,57436.62211624,0,,0,,23.417,4.308,0.000,99.814,6.447,0.000,330.2,22.23,208.6,31.94,7.50,7.50,14.390,0.506,3,0.260,13.027,,32,0.326,15.075,0.233,3,13.669,,32,14.650,0.506,3,13.353,,32,13.598,,32,13.205,,32,13.523,,32,13.101,,32,13.477,,32,12.976,,32,13.406,,32,12.854,,32,14.024,0.518,3,12.779,,32,13.771,0.422,3,12.673,,32,747007601351013697,0.507040,71.5,1,14.522,0.031,13.635,0.035,10.862,0.102,8.082,0.286,129874876,0.590271,74.9,1,,17.189,0.1969,16.481,0.2507,15.618,0.2293,0.2634610461086150,0.9551540791420720,-0.1351627251930600,102322121,9596681614228
74.5797404,-7.7680040,0.1725,0.2000,-0.0722,206.7989231,-28.6473431,72.2405748,-30.2615373,822.542,484.702,820.496,482.714,6847701073001191,68477a073-001191,73,68477a,1191,14.550,0.069,15.7,1.35,13.758,0.108,10.1,0.748,0.995,1,0,0.00000,0.00000,0000,0000,3,AA,0,5,0.5,0.977,00,0000,0000,57436.94988529,0,,0,,17.645,4.063,0.000,43.932,4.870,0.000,305.4,19.43,225.6,22.39,7.50,7.50,14.505,0.184,0,0.260,13.831,0.329,0,0.326,15.162,0.179,0,14.543,0.244,0,14.764,0.184,0,14.157,0.329,0,14.655,0.216,0,14.065,0.435,2,14.661,0.266,2,14.073,0.521,2,14.616,0.297,3,13.227,,32,14.161,0.217,3,12.925,,32,13.404,0.122,3,12.738,,32,12.756,0.078,3,12.713,,32,747007601351013697,0.396238,-80.0,1,14.522,0.031,13.635,0.035,10.862,0.102,8.082,0.286,129874876,0.307209,-78.5,1,,17.189,0.1969,16.481,0.2507,15.618,0.2293,0.2634569912075560,0.9551552602463400,-0.1351622824888960,102322121,9596681614232
74.5797325,-7.7679989,0.1851,0.2015,-0.0639,206.7989139,-28.6473478,72.2405666,-30.2615313,86.901,219.778,87.930,221.248,6848201096000720,68482a096-000720,96,68482a,720,14.616,0.071,15.2,3.29,13.575,0.091,11.9,1.32,2.24,1,0,0.00000,0.00000,0000,0000,3,AA,0,0,0.0,50.746,00,0000,0000,57437.14649582,0,,0,,17.124,3.181,0.000,45.230,4.302,0.000,287.2,18.9,267,22.36,7.50,7.50,14.455,0.108,0,0.260,13.524,0.132,2,0.326,15.199,0.118,0,14.308,0.142,0,14.715,0.108,0,13.850,0.132,2,14.484,0.117,2,13.715,0.159,2,14.346,0.129,2,13.696,0.200,2,14.250,0.140,3,13.705,0.248,3,14.141,0.146,3,13.673,0.298,3,13.986,0.143,3,13.579,0.329,3,13.778,0.134,3,13.442,0.342,3,747007601351013697,0.365538,-82.1,1,14.522,0.031,13.635,0.035,10.862,0.102,8.082,0.286,129874876,0.276215,-81.1,1,,17.189,0.1969,16.481,0.2507,15.618,0.2293,0.2634571261043440,0.9551552355185470,-0.1351621942939230,102322121,9596681614232
74.5796662,-7.7679030,0.2005,0.1990,-0.0804,206.7987827,-28.6473633,72.2405047,-30.2614281,239.933,696.534,242.341,697.055,6847801097000764,68478a097-000764,97,68478a,764,14.505,0.067,16.1,1.12,13.758,0.177,6.1,0.647,0.865,1,0,0.00000,0.00000,0000,0000,3,AB,0,5,0.5,13.633,00,0000,0010,57437.01546457,0,,0,,17.285,3.589,0.000,43.269,4.975,0.000,318.2,19.75,225.6,36.71,7.50,7.50,14.461,0.093,0,0.260,13.991,0.332,2,0.326,15.134,0.100,0,14.725,0.340,2,14.720,0.093,0,14.317,0.332,2,14.575,0.105,2,14.156,0.398,2,14.521,0.131,2,14.088,0.510,2,14.470,0.155,3,13.241,,32,14.388,0.173,3,13.160,,32,14.284,0.188,3,13.066,,32,14.152,0.195,3,12.931,,32,747007601351013697,0.320461,-156.9,1,14.522,0.031,13.635,0.035,10.862,0.102,8.082,0.286,129874876,0.304581,-173.1,1,,17.189,0.1969,16.481,0.2507,15.618,0.2293,0.2634582915191270,0.9551551487427660,-0.1351605358823610,102322121,9596681614233
74.5796654,-7.7679596,0.1939,0.2174,-0.0578,206.7988399,-28.6473895,72.2404958,-30.2614842,920.822,794.038,919.627,791.631,6846301011000915,68463a011-000915,11,68463a,915,14.577,0.075,14.5,1.44,13.785,0.168,6.5,0.769,1.03,1,0,0.00000,0.00000,0000,0000,3,AB,0,5,0.5,76.294,00,0000,0000,57436.49108925,0,,0,,28.603,4.123,0.000,134.812,7.701,0.000,297.9,20.48,219.9,34.05,7.50,7.50,14.429,0.117,3,0.260,13.974,0.399,3,0.326,15.147,0.117,1,14.597,0.323,1,14.688,0.117,3,14.300,0.399,3,14.482,0.140,3,13.583,,32,14.414,0.159,3,13.644,,32,14.385,0.202,3,13.697,,32,14.322,0.247,3,13.626,,32,14.198,0.253,3,13.451,,32,13.991,0.227,3,13.204,,32,747007601351013697,0.152813,-126.6,1,14.522,0.031,13.635,0.035,10.862,0.102,8.082,0.286,129874876,0.104183,-161.2,1,,17.189,0.1969,16.481,0.2507,15.618,0.2293,0.2634582693529580,0.9551550163510780,-0.1351615146737980,102322121,9596681614235
74.5794489,-7.7678697,0.2449,0.2381,-0.1046,206.7986384,-28.6475406,72.2402620,-30.2613687,178.260,410.096,179.872,411.033,6849301006000767,68493a006-000767,6,68493a,767,14.743,0.084,13.0,1.61,13.883,0.130,8.4,1,1.27,1,0,0.00000,0.00000,0000,0000,3,AB,0,0,0.0,81.607,00,0000,0000,57437.47426478,0,,0,,18.332,4.019,0.000,47.133,4.956,0.000,255.6,19.68,201,24.04,7.50,7.50,14.430,0.087,0,0.260,13.692,0.287,2,0.326,15.180,0.101,0,14.555,0.341,0,14.690,0.087,0,14.018,0.287,2,14.473,0.098,0,13.826,0.282,2,14.376,0.114,2,13.803,0.319,2,14.316,0.126,3,13.812,0.404,3,14.218,0.132,3,13.797,0.489,3,14.046,0.128,3,13.719,0.503,3,13.834,0.118,3,13.561,0.466,3,747007601351013697,0.770649,122.6,1,14.522,0.031,13.635,0.035,10.862,0.102,8.082,0.286,129874876,0.850897,119.8,1,,17.189,0.1969,16.481,0.2507,15.618,0.2293,0.2634619349268610,0.9551542252703180,-0.1351599600209060,102322121,9596681614238
74.5795676,-7.7679384,0.2190,0.2225,0.0237,206.7987686,-28.6474665,72.2403874,-30.2614513,412.228,262.488,411.842,262.260,6847401096000946,68474a096-000946,96,68474a,946,14.611,0.084,12.9,1.22,13.626,0.112,9.7,1.26,1.17,1,0,0.00000,0.00000,0000,0000,3,AB,0,5,0.5,-2.528,00,0000,0000,57436.88430601,0,,0,,17.017,3.278,0.000,46.485,4.934,0.000,288.6,22.33,254.6,26.22,7.50,7.50,14.686,0.112,2,0.260,13.456,0.184,2,0.326,15.350,0.119,2,14.299,0.224,2,14.945,0.112,2,13.782,0.184,2,14.825,0.137,3,13.561,0.184,3,14.793,0.170,3,13.495,0.216,3,14.794,0.205,3,13.496,0.269,3,14.839,0.296,3,13.515,0.325,3,14.821,0.392,3,13.515,0.386,3,14.617,0.369,3,13.418,0.412,3,747007601351013697,0.281362,126.5,1,14.522,0.031,13.635,0.035,10.862,0.102,8.082,0.286,129874876,0.360607,119.0,1,,17.189,0.1969,16.481,0.2507,15.618,0.2293,0.2634599130351700,0.9551546148549870,-0.1351611480593530,102322121,9596681614239
74.5795574,-7.7680513,0.1936,0.2498,-0.0969,206.7988783,-28.6475263,72.2403598,-30.2615621,497.603,449.224,497.439,448.644,6848501073000738,68485a073-000738,73,68485a,738,14.559,0.075,14.5,1.07,13.406,0.139,7.8,0.612,0.816,1,0,0.00000,0.00000,0000,0000,3,AB,0,5,0.5,72.458,00,0000,0101,57437.21207506,0,,0,,17.481,3.911,0.000,44.904,4.563,0.000,302.8,20.91,312,40.08,7.50,7.50,14.554,0.167,3,0.260,13.622,0.276,3,0.326,15.164,0.137,3,14.369,0.294,3,14.813,0.167,3,13.948,0.276,3,14.659,0.188,3,13.767,0.338,3,14.561,0.196,3,13.647,0.479,3,14.512,0.209,3,12.746,,32,14.439,0.219,3,12.619,,32,14.253,0.213,3,12.517,,32,13.997,0.198,3,13.140,0.538,3,747007601351013697,0.355051,47.7,1,14.522,0.031,13.635,0.035,10.862,0.102,8.082,0.286,129874876,0.421044,56.6,1,,17.189,0.1969,16.481,0.2507,15.618,0.2293,0.2634600122570290,0.9551543112069329,-0.1351631004539910,102322121,9596681614258
74.5795782,-7.7680432,0.2078,0.2142,-0.0507,206.7988807,-28.6475042,72.2403846,-30.2615566,337.194,884.911,339.913,884.896,6848901073000690,68489a073-000690,73,68489a,690,14.814,0.082,13.3,1.93,13.651,0.108,10.1,0.855,1.37,1,0,0.00000,0.00000,0000,0000,3,AA,0,0,0.0,111.486,00,0000,0000,57437.34323358,0,,0,,15.762,2.777,0.000,45.898,4.530,0.000,239.5,18.07,249,24.73,7.50,7.50,14.563,0.100,1,0.260,13.724,0.194,3,0.326,15.270,0.110,1,14.452,0.189,3,14.823,0.100,1,14.050,0.194,3,14.649,0.118,3,13.953,0.245,3,14.615,0.171,3,13.910,0.305,3,14.668,0.266,3,13.759,0.336,3,14.697,0.325,3,13.538,0.370,3,14.572,0.324,3,13.363,0.456,3,14.302,0.275,3,13.224,0.477,3,747007601351013697,0.281993,41.9,1,14.522,0.031,13.635,0.035,10.862,0.102,8.082,0.286,129874876,0.343431,53.9,1,,17.189,0.1969,16.481,0.2507,15.618,0.2293,0.2634596705896610,0.9551544252706990,-0.1351629603796360,102322121,9596681614258
74.5795100,-7.7680800,0.2811,0.3015,0.0640,206.7988835,-28.6475811,72.2403018,-30.2615848,1003.746,43.773,998.719,40.968,6847301072000893,68473a072-000893,72,68473a,893,14.950,0.104,10.4,2.41,13.759,0.113,9.6,1.86,2.02,1,0,0.00000,0.00000,0000,0000,3,AB,0,0,0.0,3.411,00,0000,0000,57436.81872672,0,,0,,15.741,3.753,0.000,47.523,4.311,0.000,211.2,20.23,225.4,23.38,7.50,7.50,14.645,0.221,0,0.260,13.577,0.142,0,0.326,15.431,0.294,0,14.449,0.173,0,14.905,0.221,0,13.903,0.142,0,14.689,0.259,2,13.695,0.156,2,14.604,0.313,3,13.664,0.195,3,14.527,0.327,3,13.698,0.244,3,14.371,0.316,3,13.736,0.300,3,14.150,0.282,3,13.735,0.366,3,13.901,0.243,3,13.645,0.431,3,747007601351013697,0.550900,51.6,1,14.522,0.031,13.635,0.035,10.862,0.102,8.082,0.286,129874876,0.619112,57.3,1,,17.189,0.1969,16.481,0.2507,15.618,0.2293,0.2634607844400770,0.9551540279825450,-0.1351635967668040,102322121,9596681614259
74.5796209,-7.7680920,0.2581,0.2863,-0.1140,206.7989520,-28.6474884,72.2404263,-30.2616102,587.425,733.152,588.062,731.979,6847001097000758,68470a097-000758,97,68470a,758,14.995,0.101,10.8,3.05,13.792,0.184,5.9,1.44,2.19,1,0,0.00000,0.00000,0000,0000,3,AB,0,0,0.0,12.863,00,0000,0101,57436.75327480,0,,0,,22.122,4.576,0.000,72.306,6.625,0.000,202.6,18.77,218.7,37.11,7.50,7.50,14.255,0.092,3,0.260,13.511,0.482,3,0.326,15.154,0.114,1,13.594,,32,14.514,0.092,3,13.837,0.482,3,14.077,0.087,3,13.556,0.493,3,13.730,0.082,3,12.692,,32,13.483,0.076,3,12.628,,32,13.307,0.074,3,12.601,,32,13.153,0.072,3,12.560,,32,12.997,0.076,3,12.479,,32,747007601351013697,0.387239,5.3,1,14.522,0.031,13.635,0.035,10.862,0.102,8.082,0.286,129874876,0.398195,18.3,1,,17.189,0.1969,16.481,0.2507,15.618,0.2293,0.2634589281447330,0.9551545106380490,-0.1351638042843470,102322121,9596681614269
74.5797068,-7.7679434,0.2205,0.2557,0.0808,206.7988444,-28.6473455,72.2405452,-30.2614731,651.896,177.849,649.700,176.576,6336001140000754,63360a140-000754,140,63360a,754,14.405,0.079,13.8,0.785,14.433,,1.0,0.639,0.674,1,0,0.00000,0.00000,0000,0000,1,AU,0,10,1.0,20.894,00,0000,1010,57269.18599527,0,,0,,17.811,3.607,0.000,75.572,4.850,0.000,348.3,25.25,39.2,41.19,7.50,7.50,14.224,0.107,2,0.260,13.714,,32,0.326,14.947,0.111,2,14.331,,32,14.483,0.107,2,14.040,,32,14.253,0.113,2,13.865,,32,14.122,0.139,2,13.715,,32,14.022,0.172,3,13.580,,32,13.897,0.175,3,13.426,,32,13.726,0.169,3,13.165,,32,13.543,0.175,3,12.842,,32,747007601351013697,0.308907,-118.9,1,14.522,0.031,13.635,0.035,10.862,0.102,8.082,0.286,129874876,0.239730,-130.9,1,,17.189,0.1969,16.481,0.2507,15.618,0.2293,0.2634575893515890,0.9551552435571510,-0.1351612345250250,102322121,9596681614235
74.5796381,-7.7679542,0.2368,0.2220,-0.0895,206.7988205,-28.6474112,72.2404654,-30.2614755,262.312,362.757,263.176,363.207,6333702197000874,63337b197-000874,197,63337b,874,14.595,0.077,14.2,1.02,13.669,0.153,7.1,0.889,0.911,1,0,0.00000,0.00000,0000,0000,3,AB,0,10,1.0,7.059,00,0000,0000,57268.46449741,0,,0,,25.611,4.106,0.000,98.857,7.590,0.000,292.6,20.63,245.6,34.63,7.50,7.50,14.505,0.147,0,0.260,13.206,,32,0.326,15.206,0.136,0,14.802,0.506,2,14.765,0.147,0,13.532,,32,14.581,0.156,1,13.243,,32,14.499,0.163,1,13.043,,32,14.439,0.173,3,12.938,,32,14.318,0.175,3,12.867,,32,14.133,0.166,3,12.835,,32,13.954,0.157,3,12.822,,32,747007601351013697,0.113385,-167.1,1,14.522,0.031,13.635,0.035,10.862,0.102,8.082,0.286,129874876,0.134237,151.6,1,,17.189,0.1969,16.481,0.2507,15.618,0.2293,0.2634587278475010,0.9551549030998100,-0.1351614212908750,102322121,9596681614235
74.5792354,-7.7677915,0.2433,0.1965,-0.0672,206.7984504,-28.6476943,72.2400300,-30.2612652,162.195,920.821,166.054,921.579,6334801173000663,63348a173-000663,173,63348a,663,14.373,0.084,12.9,2.16,13.797,0.167,6.5,1.24,1.6,1,0,0.00000,0.00000,0000,0000,3,AB,0,5,0.5,102.342,00,0000,0000,57268.79252043,0,,0,,26.291,4.084,0.000,107.538,5.542,0.000,358.7,27.72,218.4,33.67,7.50,7.50,14.153,0.181,3,0.260,13.691,0.242,1,0.326,14.889,0.214,0,14.520,0.285,0,14.413,0.181,3,14.017,0.242,1,14.209,0.179,3,13.728,0.252,3,14.109,0.187,3,13.536,0.315,3,14.034,0.197,3,13.411,0.542,3,13.941,0.199,3,12.391,,32,13.792,0.194,3,12.267,,32,13.579,0.179,3,12.160,,32,747007601351013697,1.573509,116.3,1,14.522,0.031,13.635,0.035,10.862,0.102,8.082,0.286,129874876,1.657146,115.1,1,,17.189,0.1969,16.481,0.2507,15.618,0.2293,0.2634655431472310,0.9551534213619440,-0.1351586076974310,102322121,9596681614293
74.5797801,-7.7679575,0.1615,0.1601,-0.0615,206.7988960,-28.6472870,72.2406266,-30.2614960,520.892,991.572,522.888,990.930,3633918091000615,36339r091-000615,91,36339r,615,14.332,0.063,17.2,0.89,13.465,0.097,11.2,0.47,0.652,1,0,0.00000,0.00000,0000,0000,3,AA,0,10,1.0,15.366,00,0000,0000,59617.80178444,0,,0,,15.196,3.597,0.000,39.887,4.360,0.000,372.8,21.71,296.2,26.42,7.50,7.50,14.299,0.092,0,0.260,13.395,0.191,2,0.326,14.929,0.105,0,14.195,0.241,0,14.558,0.092,0,13.721,0.191,2,14.454,0.105,2,13.527,0.190,2,14.438,0.135,2,13.452,0.214,2,14.465,0.209,3,13.431,0.248,3,14.505,0.509,3,13.405,0.292,3,13.396,,32,13.336,0.338,3,13.244,,32,13.224,0.370,3,747007601351013697,0.540905,-100.5,1,14.522,0.031,13.635,0.035,10.862,0.102,8.082,0.286,129874876,0.455221,-103.5,1,,17.189,0.1969,16.481,0.2507,15.618,0.2293,0.2634563585518530,0.9551555485399320,-0.1351614783582170,102322121,9596681613732
74.5796681,-7.7679956,0.1166,0.1437,-0.0528,206.7988779,-28.6474033,72.2404937,-30.2615202,744.955,600.619,743.910,598.943,284118066000376,02841r066-000376,66,02841r,376,13.583,0.046,23.6,0.739,12.965,0.079,13.8,0.472,0.574,1,0,0.00000,0.00000,0000,0000,3,AA,0,5,0.5,45.951,00,0000,0000,58522.63180634,0,,0,,12.336,3.524,1.334,39.112,5.110,0.000,743.2,31.51,469.3,34.09,7.50,7.50,13.550,0.080,2,0.260,12.920,0.165,2,0.326,14.186,0.076,2,13.707,0.186,2,13.810,0.080,2,13.246,0.165,2,13.670,0.086,2,13.021,0.168,2,13.611,0.093,3,12.877,0.188,3,13.571,0.101,3,12.766,0.221,3,13.516,0.113,3,12.680,0.243,3,13.421,0.124,3,12.596,0.261,3,13.300,0.125,3,12.511,0.270,3,747007601351013697,0.137827,-73.8,1,14.522,0.031,13.635,0.035,10.862,0.102,8.082,0.286,129874876,0.053116,-54.3,1,,17.189,0.1969,16.481,0.2507,15.618,0.2293,0.2634582017610170,0.9551549468987700,-0.1351621372265870,102322121,9596681614234
74.5796418,-7.7679675,0.0974,0.1105,-0.0323,206.7988359,-28.6474139,72.2404678,-30.2614891,587.953,951.197,589.383,950.233,284518067000352,02845r067-000352,67,02845r,352,13.591,0.045,24.3,0.9,12.958,0.069,15.8,0.334,0.591,1,0,0.00000,0.00000,0000,0000,3,AA,0,5,0.5,19.483,00,0000,0000,58522.76270995,0,,0,,12.847,2.879,0.000,39.915,4.833,0.000,737.5,30.3,472.4,29.9,7.50,7.50,13.558,0.053,2,0.260,12.879,0.134,2,0.326,14.199,0.055,0,13.640,0.153,2,13.817,0.053,2,13.205,0.134,2,13.680,0.063,2,13.040,0.156,2,13.631,0.075,2,12.978,0.185,2,13.596,0.083,3,12.953,0.211,3,13.559,0.091,3,12.925,0.239,3,13.510,0.101,3,12.874,0.273,3,13.404,0.104,3,12.792,0.293,3,747007601351013697,0.073538,-148.4,1,14.522,0.031,13.635,0.035,10.862,0.102,8.082,0.286,129874876,0.086565,144.2,1,,17.189,0.1969,16.481,0.2507,15.618,0.2293,0.2634586578237480,0.9551548898678111,-0.1351616512895530,102322121,9596681614234
74.5796134,-7.7679397,0.1015,0.1021,-0.0313,206.7987932,-28.6474265,72.2404394,-30.2614581,414.666,368.516,414.653,368.324,284918066000446,02849r066-000446,66,02849r,446,13.555,0.042,25.6,1.34,12.832,0.058,18.8,0.627,0.936,1,0,0.00000,0.00000,0000,0000,3,AA,0,10,1.0,1.384,00,0000,0000,58522.89348630,0,,0,,14.111,3.351,0.000,39.543,5.048,0.000,762.8,29.8,530.5,28.15,7.50,7.50,13.656,0.064,3,0.260,12.787,0.245,3,0.326,14.350,0.071,2,13.576,0.222,0,13.916,0.064,3,13.113,0.245,3,13.766,0.066,3,12.939,0.286,3,13.711,0.071,3,12.869,0.312,3,13.683,0.079,3,12.841,0.328,3,13.662,0.088,3,12.835,0.350,3,13.614,0.095,3,12.815,0.365,3,13.502,0.099,3,12.748,0.367,3,747007601351013697,0.174410,158.9,1,14.522,0.031,13.635,0.035,10.862,0.102,8.082,0.286,129874876,0.228221,138.3,1,,17.189,0.1969,16.481,0.2507,15.618,0.2293,0.2634591487064950,0.9551548224978980,-0.1351611705404280,102322121,9596681614234
74.5796589,-7.7679907,0.0988,0.1061,-0.0489,206.7988682,-28.6474092,72.2404839,-30.2615142,84.480,12.769,84.890,14.180,285718006000339,02857r006-000339,6,02857r,339,13.560,0.041,26.5,1.01,12.912,0.057,18.9,1.25,1.08,1,0,0.00000,0.00000,0000,0000,3,AA,0,5,0.5,40.313,00,0000,0000,58523.15465699,0,,0,,12.598,3.291,0.000,39.244,3.368,0.000,759.5,28.64,492.5,26.07,7.50,7.50,13.544,0.055,0,0.260,13.037,0.117,0,0.326,14.195,0.057,0,13.775,0.130,0,13.804,0.055,0,13.363,0.117,0,13.676,0.062,0,13.237,0.129,2,13.645,0.075,2,13.210,0.151,2,13.642,0.094,3,13.197,0.175,3,13.625,0.119,3,13.160,0.206,3,13.568,0.136,3,13.089,0.237,3,13.462,0.143,3,12.995,0.257,3,747007601351013697,0.101685,-78.2,1,14.522,0.031,13.635,0.035,10.862,0.102,8.082,0.286,129874876,0.016865,-37.8,1,,17.189,0.1969,16.481,0.2507,15.618,0.2293,0.2634583582040980,0.9551549157382940,-0.1351620524902380,102322121,9596681614234
74.5796704,-7.7679570,0.1183,0.1028,-0.0298,206.7988398,-28.6473839,72.2405018,-30.2614822,328.604,460.019,329.489,460.179,283918090000425,02839r090-000425,90,02839r,425,13.670,0.044,24.6,0.382,12.874,0.058,18.7,0.475,0.41,1,0,0.00000,0.00000,0000,0000,3,AA,0,10,1.0,66.315,00,0000,0000,58522.56635456,0,,0,,13.606,3.456,0.000,38.832,4.684,0.000,686.3,27.85,510.3,27.28,7.50,7.50,13.646,0.048,0,0.260,12.809,0.286,2,0.326,14.322,0.057,0,13.618,0.187,2,13.905,0.048,0,13.135,0.286,2,13.754,0.051,0,12.966,0.330,2,13.699,0.059,0,12.931,0.344,2,13.652,0.070,3,12.919,0.351,3,13.591,0.079,3,12.879,0.352,3,13.518,0.084,3,12.821,0.354,3,13.425,0.087,3,12.749,0.359,3,747007601351013697,0.172740,-125.6,1,14.522,0.031,13.635,0.035,10.862,0.102,8.082,0.286,129874876,0.119592,-154.6,1,,17.189,0.1969,16.481,0.2507,15.618,0.2293,0.2634581876308260,0.9551550452547830,-0.1351614697116500,102322121,9596681614235
74.5796487,-7.7679657,0.0961,0.0981,-0.0392,206.7988376,-28.6474070,72.2404759,-30.2614882,169.477,807.098,172.752,807.899,284318091000375,02843r091-000375,91,02843r,375,13.538,0.040,27.3,0.984,12.865,0.060,18.1,0.32,0.644,1,0,0.00000,0.00000,0000,0000,3,AA,0,10,1.0,28.368,00,0000,0000,58522.69725817,0,,0,,15.152,3.919,0.000,38.273,5.090,0.000,774.8,28.41,514.5,28.35,7.50,7.50,13.511,0.047,0,0.260,12.851,0.130,2,0.326,14.162,0.052,0,13.624,0.158,0,13.770,0.047,0,13.177,0.130,2,13.623,0.051,2,13.023,0.136,2,13.546,0.058,2,12.975,0.162,2,13.486,0.067,3,12.954,0.192,3,13.423,0.079,3,12.927,0.220,3,13.343,0.085,3,12.880,0.236,3,13.226,0.087,3,12.810,0.248,3,747007601351013697,0.093614,-137.6,1,14.522,0.031,13.635,0.035,10.862,0.102,8.082,0.286,129874876,0.080981,161.2,1,,17.189,0.1969,16.481,0.2507,15.618,0.2293,0.2634585439256880,0.9551549256888970,-0.1351616201619130,102322121,9596681614235
74.5796997,-7.7679468,0.1043,0.1026,-0.0347,206.7988443,-28.6473534,72.2405366,-30.2614756,239.471,717.131,241.957,717.652,285318067000397,02853r067-000397,67,02853r,397,13.585,0.041,26.4,0.739,12.956,0.061,17.9,0.532,0.612,1,0,0.00000,0.00000,0000,0000,3,AA,0,10,1.0,9.438,00,0000,0000,58523.02439000,0,,0,,13.779,3.265,0.000,39.657,3.687,0.000,741.8,28.13,473,26.48,7.50,7.50,13.559,0.053,0,0.260,12.952,0.237,2,0.326,14.217,0.058,0,13.738,0.266,0,13.819,0.053,0,13.278,0.237,2,13.682,0.062,0,13.101,0.225,2,13.645,0.075,0,13.046,0.230,2,13.633,0.089,1,13.036,0.252,3,13.585,0.098,3,13.027,0.284,3,13.476,0.102,3,13.018,0.316,3,13.327,0.098,3,13.001,0.351,3,747007601351013697,0.280825,-119.2,1,14.522,0.031,13.635,0.035,10.862,0.102,8.082,0.286,129874876,0.212700,-132.9,1,,17.189,0.1969,16.481,0.2507,15.618,0.2293,0.2634577055802070,0.9551552031780089,-0.1351612933216820,102322121,9596681614235
74.5797163,-7.7680452,0.1245,0.1271,-0.0553,206.7989528,-28.6473829,72.2405416,-30.2615753,83.487,929.117,87.812,930.245,285718008000408,02857r008-000408,8,02857r,408,13.608,0.047,23.0,1.76,13.031,0.088,12.4,0.875,1.21,1,0,0.00000,0.00000,0000,0000,3,AA,0,5,0.5,40.625,00,0000,0000,58523.15478431,0,,0,,14.872,4.905,0.000,39.622,3.336,0.000,726.5,31.62,441.6,35.76,7.50,7.50,13.466,0.093,2,0.260,13.104,0.138,2,0.326,14.150,0.110,2,13.928,0.147,2,13.726,0.093,2,13.430,0.138,2,13.554,0.096,2,13.199,0.141,2,13.469,0.126,3,13.062,0.146,3,13.401,0.158,3,12.955,0.153,3,13.309,0.203,3,12.855,0.160,3,13.180,0.217,3,12.750,0.167,3,13.047,0.211,3,12.641,0.171,3,747007601351013697,0.373763,-54.5,1,14.522,0.031,13.635,0.035,10.862,0.102,8.082,0.286,129874876,0.300269,-45.8,1,,17.189,0.1969,16.481,0.2507,15.618,0.2293,0.2634573671259490,0.9551550557364560,-0.1351629949658970,102322121,9596681614264
74.5796323,-7.7681219,0.2212,0.2014,-0.0427,206.7989882,-28.6474918,72.2404351,-30.2616412,552.274,536.585,552.149,535.759,7959001097000838,79590a097-000838,97,79590a,838,14.499,0.075,14.6,1.86,13.694,0.145,7.5,0.895,1.34,1,0,0.00000,0.00000,0000,0000,3,AB,0,10,1.0,8.577,00,0000,0010,57801.00812279,0,,0,,15.540,3.615,0.000,40.500,4.987,0.000,320.1,21.97,239.9,32.06,7.50,7.50,14.371,0.101,3,0.260,13.628,0.333,3,0.326,15.069,0.110,0,14.446,0.292,2,14.630,0.101,3,13.954,0.333,3,14.483,0.127,3,13.808,0.444,3,14.452,0.178,3,13.078,,32,14.445,0.220,3,13.052,,32,14.415,0.250,3,12.927,,32,14.291,0.258,3,12.767,,32,14.061,0.237,3,12.676,,32,747007601351013697,0.493222,-0.5,1,14.522,0.031,13.635,0.035,10.862,0.102,8.082,0.286,129874876,0.492943,9.9,1,,17.189,0.1969,16.481,0.2507,15.618,0.2293,0.2634587193445950,0.9551544950611950,-0.1351643213488650,102322121,9596681614271
74.5796936,-7.7679164,0.1482,0.1897,0.0135,206.7988102,-28.6473451,72.2405340,-30.2614447,646.122,915.439,647.026,914.241,5884918065000661,58849r065-000661,65,58849r,661,14.378,0.073,14.8,2.07,13.324,0.081,13.4,1.09,1.49,1,0,0.00000,0.00000,0000,0000,3,AA,0,5,0.5,112.270,00,0000,0000,60349.42146249,0,,0,,15.380,2.876,0.000,45.015,4.436,0.000,357.4,24.08,337.1,25.18,7.50,7.50,14.454,0.213,2,0.260,13.320,0.175,2,0.326,15.089,0.236,0,14.088,0.198,0,14.714,0.213,2,13.646,0.175,2,14.550,0.201,3,13.469,0.187,3,14.421,0.192,3,13.398,0.219,3,14.270,0.185,3,13.369,0.275,3,14.106,0.176,3,13.316,0.385,3,13.932,0.163,3,13.195,0.452,3,13.728,0.147,3,13.043,0.439,3,747007601351013697,0.332672,-137.8,1,14.522,0.031,13.635,0.035,10.862,0.102,8.082,0.286,129874876,0.287376,-152.2,1,,17.189,0.1969,16.481,0.2507,15.618,0.2293,0.2634578263394130,0.9551552442611010,-0.1351607676103810,102322121,9596681614233
74.5796442,-7.7680142,0.2026,0.2290,0.0622,206.7988847,-28.6474328,72.2404639,-30.2615358,717.587,588.422,716.627,586.883,5883518088000715,58835r088-000715,88,58835r,715,14.422,0.083,13.0,0.526,13.541,0.126,8.6,0.691,0.575,1,0,0.00000,0.00000,0000,0000,3,AB,0,5,0.5,1.266,00,0000,0000,60348.97030348,0,,0,,18.526,4.356,0.000,43.960,4.534,0.000,343.3,26.35,276.1,32.1,7.50,7.50,14.466,0.210,2,0.260,13.380,0.341,2,0.326,15.081,0.138,2,14.169,0.344,2,14.725,0.210,2,13.706,0.341,2,14.629,0.360,2,13.544,0.432,2,14.639,0.477,2,12.740,,32,14.701,0.541,3,12.667,,32,13.941,,32,12.625,,32,13.844,,32,12.547,,32,14.351,0.474,3,12.450,,32,747007601351013697,0.115512,-24.1,1,14.522,0.031,13.635,0.035,10.862,0.102,8.082,0.286,129874876,0.106583,23.3,1,,17.189,0.1969,16.481,0.2507,15.618,0.2293,0.2634585885212280,0.9551547947030510,-0.1351624588788400,102322121,9596681614234
74.5796116,-7.7679890,0.1757,0.1805,-0.0255,206.7988425,-28.6474503,72.2404303,-30.2615068,968.309,304.628,964.551,302.007,5884118064000718,58841r064-000718,64,58841r,718,14.348,0.065,16.7,0.674,13.532,0.104,10.5,0.913,0.754,1,0,0.00000,0.00000,0000,0000,3,AA,0,5,0.5,44.514,00,0000,0000,60349.16360278,0,,0,,18.658,3.686,0.000,44.928,5.259,0.000,367.3,21.96,278.5,26.59,7.50,7.50,14.292,0.150,2,0.260,13.400,0.229,2,0.326,14.985,0.192,0,14.234,0.193,0,14.552,0.150,2,13.726,0.229,2,14.370,0.141,3,13.520,0.301,3,14.260,0.143,3,13.452,0.335,3,14.149,0.147,3,13.447,0.372,3,14.038,0.147,3,13.432,0.435,3,13.895,0.140,3,13.363,0.493,3,13.688,0.127,3,13.250,0.528,3,747007601351013697,0.070756,78.0,1,14.522,0.031,13.635,0.035,10.862,0.102,8.082,0.286,129874876,0.158537,87.4,1,,17.189,0.1969,16.481,0.2507,15.618,0.2293,0.2634591477896460,0.9551547021083310,-0.1351620230919130,102322121,9596681614234
74.5796129,-7.7679611,0.2053,0.2015,-0.0339,206.7988147,-28.6474366,72.2404358,-30.2614793,393.823,272.824,393.541,272.717,5884318088000658,58843r088-000658,88,58843r,658,14.537,0.076,14.2,0.716,13.240,0.102,10.7,0.415,0.531,1,0,0.00000,0.00000,0000,0000,3,AA,0,5,0.5,65.547,00,0000,0000,60349.22803588,0,,0,,17.014,3.618,0.000,43.699,4.598,0.000,308.8,21.75,364.2,34.1,7.50,7.50,14.464,0.123,2,0.260,13.313,0.246,0,0.326,15.127,0.125,2,14.075,0.293,0,14.724,0.123,2,13.639,0.246,0,14.597,0.149,3,13.467,0.304,1,14.594,0.244,3,13.401,0.378,3,14.625,0.369,3,13.383,0.429,3,14.591,0.408,3,13.408,0.508,3,14.458,0.384,3,12.614,,32,14.265,0.341,3,12.511,,32,747007601351013697,0.107282,143.0,1,14.522,0.031,13.635,0.035,10.862,0.102,8.082,0.286,129874876,0.179801,121.2,1,,17.189,0.1969,16.481,0.2507,15.618,0.2293,0.2634591436184530,0.9551547715332930,-0.1351615406134980,102322121,9596681614234
74.5796371,-7.7679895,0.1483,0.1690,-0.0525,206.7988559,-28.6474280,72.2404593,-30.2615104,231.485,113.214,231.475,113.825,5884718088000623,58847r088-000623,88,58847r,623,14.327,0.060,17.9,1.21,13.431,0.093,11.7,0.587,0.845,1,0,0.00000,0.00000,0000,0000,3,AA,0,10,1.0,105.817,00,0000,0000,60349.35690203,0,,0,,17.244,3.666,0.000,44.085,4.401,0.000,374.5,20.87,305.5,26.07,7.50,7.50,14.226,0.080,2,0.260,13.378,0.442,2,0.326,14.887,0.085,0,14.177,0.380,2,14.485,0.080,2,13.704,0.442,2,14.332,0.090,2,13.534,0.507,2,14.237,0.107,2,12.759,,32,14.137,0.122,3,12.762,,32,14.026,0.133,3,12.793,,32,13.896,0.136,3,12.803,,32,13.720,0.131,3,12.771,,32,747007601351013697,0.027343,-52.7,1,14.522,0.031,13.635,0.035,10.862,0.102,8.082,0.286,129874876,0.068014,82.4,1,,17.189,0.1969,16.481,0.2507,15.618,0.2293,0.2634587223758320,0.9551548182260410,-0.1351620317384790,102322121,9596681614234
74.5796941,-7.7679685,0.1982,0.2106,0.0257,206.7988635,-28.6473681,72.2405272,-30.2614965,811.430,148.518,808.061,146.565,5884518064000694,58845r064-000694,64,58845r,694,14.466,0.073,14.8,1.07,13.507,0.115,9.5,0.757,0.893,1,0,0.00000,0.00000,0000,0000,3,AB,0,10,1.0,86.113,00,0000,0000,60349.29246894,0,,0,,19.540,5.048,0.000,44.554,4.726,0.000,329.7,22.29,284.8,30.13,7.50,7.50,14.386,0.243,1,0.260,13.412,0.342,3,0.326,15.045,0.176,1,14.211,0.420,3,14.646,0.243,1,13.738,0.342,3,14.566,0.351,3,13.565,0.344,3,14.662,0.503,3,13.515,0.423,3,13.984,,32,12.665,,32,14.003,,32,12.585,,32,13.913,,32,12.576,,32,13.753,,32,12.517,,32,747007601351013697,0.232690,-104.7,1,14.522,0.031,13.635,0.035,10.862,0.102,8.082,0.286,129874876,0.151343,-116.1,1,,17.189,0.1969,16.481,0.2507,15.618,0.2293,0.2634577853241220,0.9551551280802780,-0.1351616685826870,102322121,9596681614235
74.5795802,-7.7679477,0.1991,0.2049,-0.0775,206.7987845,-28.6474595,72.2404004,-30.2614620,69.734,714.984,73.177,716.267,5885118017000690,58851r017-000690,17,58851r,690,14.478,0.077,14.1,0.641,13.398,0.094,11.5,0.968,0.762,1,0,0.00000,0.00000,0000,0000,3,AA,0,10,1.0,91.252,00,0000,0000,60349.48538618,0,,0,,22.282,4.087,0.000,47.126,4.822,0.000,325.8,23.15,315,27.33,7.50,7.50,14.483,0.115,3,0.260,13.333,0.146,3,0.326,15.142,0.126,2,14.141,0.164,0,14.742,0.115,3,13.659,0.146,3,14.585,0.129,3,13.473,0.157,3,14.532,0.156,3,13.413,0.185,3,14.542,0.199,3,13.386,0.218,3,14.510,0.232,3,13.314,0.278,3,14.360,0.242,3,13.196,0.373,3,14.158,0.270,3,13.059,0.419,3,747007601351013697,0.225319,126.5,1,14.522,0.031,13.635,0.035,10.862,0.102,8.082,0.286,129874876,0.305155,117.6,1,,17.189,0.1969,16.481,0.2507,15.618,0.2293,0.2634596971521780,0.9551546516438270,-0.1351613088855030,102322121,9596681614236
74.5795389,-7.7679494,0.1962,0.1857,-0.0629,206.7987652,-28.6474968,72.2403532,-30.2614587,145.225,453.973,147.149,454.971,5886118064000731,58861r064-000731,64,58861r,731,14.481,0.068,16.1,0.932,13.561,0.105,10.3,1.08,0.956,1,0,0.00000,0.00000,0000,0000,3,AA,0,5,0.5,13.779,00,0000,0000,60349.80806084,0,,0,,18.636,3.690,0.000,45.476,3.981,0.000,325.2,20.24,271.1,26.25,7.50,7.50,14.377,0.086,0,0.260,13.471,0.159,2,0.326,15.049,0.091,0,14.292,0.170,0,14.637,0.086,0,13.797,0.159,2,14.512,0.110,0,13.619,0.176,2,14.510,0.136,0,13.567,0.218,2,14.518,0.159,1,13.542,0.271,3,14.447,0.170,3,13.512,0.314,3,14.296,0.170,3,13.504,0.358,3,14.058,0.159,3,13.493,0.398,3,747007601351013697,0.352500,111.3,1,14.522,0.031,13.635,0.035,10.862,0.102,8.082,0.286,129874876,0.439077,108.0,1,,17.189,0.1969,16.481,0.2507,15.618,0.2293,0.2634603845812780,0.9551544578703530,-0.1351613382838310,102322121,9596681614236
74.5795965,-7.7679020,0.1420,0.1744,-0.0429,206.7987463,-28.6474245,72.2404255,-30.2614186,885.578,759.048,884.400,756.779,5883118089000639,58831r089-000639,89,58831r,639,14.230,0.061,17.7,1.38,13.367,0.104,10.4,0.66,0.967,1,0,0.00000,0.00000,0000,0000,3,AA,0,10,1.0,9.136,00,0000,0000,60348.84143729,0,,0,,18.069,3.842,0.000,46.095,4.427,0.000,409.7,23.09,324,31.1,7.50,7.50,14.144,0.089,2,0.260,13.278,0.535,2,0.326,14.805,0.104,0,13.259,,32,14.403,0.089,2,13.604,0.535,2,14.234,0.095,3,13.351,0.457,3,14.143,0.114,3,13.253,0.458,3,14.076,0.126,3,13.227,0.484,3,13.971,0.129,3,13.174,0.483,3,13.799,0.124,3,13.078,0.473,3,13.595,0.119,3,12.957,0.486,3,747007601351013697,0.322816,157.6,1,14.522,0.031,13.635,0.035,10.862,0.102,8.082,0.286,129874876,0.372397,145.3,1,,17.189,0.1969,16.481,0.2507,15.618,0.2293,0.2634594540871620,0.9551548305205740,-0.1351605185892250,102322121,9596681614237
74.5795374,-7.7678936,0.1628,0.2013,-0.0682,206.7987077,-28.6474730,72.2403594,-30.2614031,485.739,634.051,486.388,633.507,5885318017000641,58853r017-000641,17,58853r,641,14.355,0.069,15.8,1.18,13.331,0.085,12.7,0.965,1.02,1,0,0.00000,0.00000,0000,0000,3,AA,0,5,0.5,70.691,00,0000,0000,60349.54981924,0,,0,,20.515,3.540,0.000,48.007,4.603,0.000,365.1,23.12,335,26.38,7.50,7.50,14.294,0.117,1,0.260,13.244,0.214,3,0.326,14.963,0.131,0,14.044,0.222,2,14.553,0.117,1,13.570,0.214,3,14.391,0.139,1,13.334,0.234,3,14.337,0.184,3,13.187,0.271,3,14.329,0.322,3,13.092,0.345,3,14.313,0.397,3,13.000,0.435,3,14.243,0.391,3,12.866,0.435,3,14.074,0.347,3,12.716,0.400,3,747007601351013697,0.468506,134.6,1,14.522,0.031,13.635,0.035,10.862,0.102,8.082,0.286,129874876,0.540391,128.5,1,,17.189,0.1969,16.481,0.2507,15.618,0.2293,0.2634604445882490,0.9551545778665880,-0.1351603733268800,102322121,9596681614239
74.5796881,-7.7680362,0.2041,0.1807,-0.0669,206.7989294,-28.6474038,72.2405107,-30.2615629,308.150,599.074,309.711,599.316,5885718064000732,58857r064-000732,64,58857r,732,14.425,0.065,16.8,0.627,13.591,0.104,10.4,0.66,0.613,1,0,0.00000,0.00000,0000,0000,3,AA,0,10,1.0,32.453,00,0000,0000,60349.67919470,0,,0,,16.581,2.785,0.000,45.150,5.348,0.000,342.2,20.34,263.7,25.27,7.50,7.50,14.310,0.090,2,0.260,13.569,0.185,2,0.326,15.016,0.101,2,14.365,0.210,0,14.570,0.090,2,13.895,0.185,2,14.372,0.097,2,13.716,0.202,2,14.286,0.107,2,13.682,0.244,2,14.219,0.116,3,13.726,0.311,3,14.107,0.122,3,13.780,0.418,3,13.944,0.128,3,13.731,0.510,3,13.749,0.128,3,13.530,0.475,3,747007601351013697,0.274936,-47.8,1,14.522,0.031,13.635,0.035,10.862,0.102,8.082,0.286,129874876,0.210907,-32.9,1,,17.189,0.1969,16.481,0.2507,15.618,0.2293,0.2634578428822220,0.9551549465341810,-0.1351628393277230,102322121,9596681614265
74.5795996,-7.7680505,0.1618,0.1709,-0.0549,206.7988990,-28.6474886,72.2404080,-30.2615664,545.828,419.036,545.219,418.250,5883918088000691,58839r088-000691,88,58839r,691,14.372,0.061,17.9,1.78,13.462,0.097,11.2,0.659,1.15,1,0,0.00000,0.00000,0000,0000,3,AA,0,10,1.0,25.390,00,0000,0000,60349.09916969,0,,0,,17.178,3.476,0.000,44.345,4.790,0.000,359.4,20.09,296.9,26.52,7.50,7.50,14.408,0.158,4,0.260,13.587,0.435,2,0.326,15.047,0.160,0,14.297,0.396,2,14.668,0.158,4,13.913,0.435,2,14.534,0.160,2,13.774,0.464,2,14.471,0.174,2,13.731,0.492,2,14.406,0.190,3,13.726,0.542,3,14.330,0.230,3,12.894,,32,14.179,0.274,3,12.787,,32,13.910,0.236,3,12.673,,32,747007601351013697,0.261374,25.4,1,14.522,0.031,13.635,0.035,10.862,0.102,8.082,0.286,129874876,0.304516,41.3,1,,17.189,0.1969,16.481,0.2507,15.618,0.2293,0.2634593092599750,0.9551545070718930,-0.1351630866194870,102322121,9596681614269
74.5796415,-7.7679354,0.1165,0.1086,-0.0474,206.7988031,-28.6473997,72.2404720,-30.2614572,72.997,307.839,74.730,309.203,302618094000385,03026r094-000385,94,03026r,385,13.516,0.039,28.0,1.25,12.980,0.093,11.7,0.835,0.984,1,0,0.00000,0.00000,0000,0000,3,AA,0,10,1.0,22.690,00,0000,0000,58528.71602560,0,,0,,20.355,3.276,0.000,112.723,6.388,0.000,790.5,28.2,462.8,39.5,7.50,7.50,13.435,0.061,0,0.260,13.096,0.189,2,0.326,14.137,0.070,0,13.828,0.213,2,13.694,0.061,0,13.422,0.189,2,13.506,0.058,2,13.302,0.204,2,13.417,0.060,3,13.335,0.262,3,13.368,0.064,3,13.432,0.348,3,13.322,0.071,3,13.518,0.444,3,13.257,0.079,3,12.788,,32,13.163,0.082,3,12.616,,32,747007601351013697,0.182093,-168.1,1,14.522,0.031,13.635,0.035,10.862,0.102,8.082,0.286,129874876,0.192826,164.4,1,,17.189,0.1969,16.481,0.2507,15.618,0.2293,0.2634586829599060,0.9551549614865990,-0.1351610961799490,102322121,9596681614235
74.5796697,-7.7678958,0.1758,0.2104,-0.0808,206.7987771,-28.6473570,72.2405097,-30.2614214,447.414,868.196,449.331,867.838,6838601095000763,68386a095-000763,95,68386a,763,14.479,0.068,16.0,1.97,13.724,0.124,8.8,0.98,1.41,1,0,0.00000,0.00000,0000,0000,3,AB,0,10,1.0,10.076,00,0000,0000,57434.00022199,0,,0,,19.713,4.040,0.000,72.198,4.705,0.000,325.9,20.31,232.6,26.53,7.50,7.50,14.285,0.114,2,0.260,13.666,0.203,0,0.326,14.987,0.130,0,14.485,0.208,0,14.545,0.114,2,13.992,0.203,0,14.343,0.112,2,13.801,0.257,2,14.213,0.114,2,13.745,0.345,2,14.090,0.117,3,13.688,0.496,3,13.941,0.118,3,12.723,,32,13.760,0.121,3,12.564,,32,13.549,0.124,3,12.456,,32,747007601351013697,0.349203,-156.7,1,14.522,0.031,13.635,0.035,10.862,0.102,8.082,0.286,129874876,0.331937,-171.5,1,,17.189,0.1969,16.481,0.2507,15.618,0.2293,0.2634582376882370,0.9551551812098490,-0.1351604113717800,102322121,9596681614233
74.5796155,-7.7680108,0.1569,0.1950,-0.0284,206.7988666,-28.6474567,72.2404317,-30.2615289,793.029,951.820,793.333,950.022,6837801095000688,68378a095-000688,95,68378a,688,14.340,0.066,16.5,1.2,13.575,0.139,7.8,0.696,0.921,1,0,0.00000,0.00000,0000,0000,3,AB,0,10,1.0,14.035,00,0000,0000,57433.73803199,0,,0,,17.366,3.457,0.000,76.602,5.334,0.000,370.5,22.44,266.9,34.24,7.50,7.50,14.424,0.109,0,0.260,13.442,0.283,2,0.326,15.069,0.118,0,14.214,0.354,0,14.683,0.109,0,13.768,0.283,2,14.526,0.122,0,13.627,0.294,2,14.435,0.137,3,13.587,0.364,3,14.371,0.151,3,13.560,0.448,3,14.308,0.165,3,13.524,0.493,3,14.194,0.174,3,13.458,0.533,3,13.987,0.165,3,12.559,,32,747007601351013697,0.108400,30.7,1,14.522,0.031,13.635,0.035,10.862,0.102,8.082,0.286,129874876,0.167959,59.3,1,,17.189,0.1969,16.481,0.2507,15.618,0.2293,0.2634590690999980,0.9551546704659840,-0.1351624000821920,102322121,9596681614234
74.5796399,-7.7680046,0.2075,0.2345,-0.0126,206.7988727,-28.6474323,72.2404603,-30.2615257,621.922,455.233,621.041,454.098,6838201095000813,68382a095-000813,95,68382a,813,14.474,0.073,14.9,1.31,13.837,0.148,7.3,0.632,0.927,1,0,0.00000,0.00000,0000,0000,3,AB,0,10,1.0,-3.030,00,0000,0000,57433.86906331,0,,0,,19.396,3.992,0.000,77.379,5.897,0.000,327.5,22,209.7,28.67,7.50,7.50,14.471,0.155,2,0.260,13.833,0.289,2,0.326,15.106,0.142,2,14.588,0.292,0,14.731,0.155,2,14.159,0.289,2,14.573,0.193,2,14.105,0.386,2,14.483,0.211,2,13.429,,32,14.416,0.224,3,13.340,,32,14.324,0.229,3,13.227,,32,14.136,0.215,3,13.055,,32,13.870,0.188,3,12.901,,32,747007601351013697,0.077701,-24.1,1,14.522,0.031,13.635,0.035,10.862,0.102,8.082,0.286,129874876,0.085513,42.2,1,,17.189,0.1969,16.481,0.2507,15.618,0.2293,0.2634586662265110,0.9551547967621190,-0.1351622928647750,102322121,9596681614234
74.5796621,-7.7679797,0.1784,0.2038,-0.0706,206.7988586,-28.6474014,72.2404891,-30.2615037,796.591,35.904,792.908,33.956,6837801094000707,68378a094-000707,94,68378a,707,14.278,0.068,16.0,1.04,13.681,0.122,8.9,0.512,0.746,1,0,0.00000,0.00000,0000,0000,3,AB,0,10,1.0,13.586,00,0001,0000,57433.73790468,0,,0,,20.487,4.157,0.000,75.825,4.852,0.000,392.1,24.53,242.1,27.17,7.50,7.50,14.278,0.194,2,0.260,13.792,0.291,0,0.326,15.000,0.162,2,14.562,0.328,0,14.538,0.194,2,14.118,0.291,0,14.333,0.207,3,13.900,0.288,1,14.247,0.210,3,13.758,0.301,3,14.178,0.210,3,13.664,0.326,3,14.049,0.202,3,13.548,0.349,3,13.859,0.185,3,13.394,0.354,3,13.649,0.172,3,13.243,0.345,3,747007601351013697,0.112501,-99.6,1,14.522,0.031,13.635,0.035,10.862,0.102,8.082,0.286,129874876,0.034118,-140.4,1,,17.189,0.1969,16.481,0.2507,15.618,0.2293,0.2634583117580410,0.9551549554676710,-0.1351618622657780,102322121,9596681614235
74.5795928,-7.7679872,0.2404,0.2364,-0.1101,206.7988311,-28.6474661,72.2404092,-30.2615027,289.455,376.646,290.231,377.000,6839101015000784,68391a015-000784,15,68391a,784,14.547,0.074,14.6,0.847,14.050,0.204,5.3,0.601,0.698,1,0,0.00000,0.00000,0000,0000,3,AB,0,10,1.0,45.640,00,0000,0010,57434.13125325,0,,0,,21.067,4.151,0.000,74.358,5.582,0.000,306.4,20.93,172.4,32.4,7.50,7.50,14.437,0.107,2,0.260,14.218,0.432,2,0.326,15.126,0.119,0,14.275,,32,14.697,0.107,2,14.544,0.432,2,14.511,0.116,3,14.283,0.404,3,14.410,0.135,3,14.085,0.406,3,14.318,0.147,3,13.867,0.398,3,14.172,0.149,3,13.653,0.386,3,13.963,0.144,3,13.444,0.370,3,13.706,0.132,3,13.256,0.361,3,747007601351013697,0.136509,86.5,1,14.522,0.031,13.635,0.035,10.862,0.102,8.082,0.286,129874876,0.225433,89.8,1,,17.189,0.1969,16.481,0.2507,15.618,0.2293,0.2634594623258800,0.9551546197549420,-0.1351619919642740,102322121,9596681614236
74.5795192,-7.7679267,0.1910,0.2096,-0.0750,206.7987321,-28.6475040,72.2403340,-30.2614338,958.286,525.044,955.632,522.429,6837401095000806,68374a095-000806,95,68374a,806,14.558,0.070,15.6,1.57,14.074,0.190,5.7,0.432,0.94,1,0,0.00000,0.00000,0000,0000,3,AB,0,10,1.0,39.340,00,0000,0000,57433.60687340,0,,0,,19.927,3.765,0.000,69.759,6.290,0.000,303.2,19.44,168.7,29.56,7.50,7.50,14.505,0.102,0,0.260,14.141,0.314,2,0.326,15.151,0.106,0,14.826,0.318,0,14.765,0.102,0,14.467,0.314,2,14.659,0.120,0,14.527,0.448,2,14.676,0.152,0,13.893,,32,14.704,0.196,1,13.856,,32,14.667,0.224,1,13.678,,32,14.510,0.222,3,13.453,,32,14.231,0.193,3,13.190,,32,747007601351013697,0.450477,117.7,1,14.522,0.031,13.635,0.035,10.862,0.102,8.082,0.286,129874876,0.534069,114.0,1,,17.189,0.1969,16.481,0.2507,15.618,0.2293,0.2634607272307280,0.9551544189064490,-0.1351609457296750,102322121,9596681614239
74.5796345,-7.7680797,0.2065,0.2049,-0.0699,206.7989464,-28.6474708,72.2404435,-30.2615996,864.377,172.387,860.806,170.198,6838901070000704,68389a070-000704,70,68389a,704,14.478,0.075,14.5,0.533,13.584,0.114,9.5,0.988,0.724,1,0,0.00000,0.00000,0000,0000,3,AB,0,10,1.0,25.076,00,0000,0000,57434.06567394,0,,0,,22.510,5.042,0.000,73.422,5.148,0.000,326.3,22.43,264.7,27.72,7.50,7.50,14.482,0.111,2,0.260,13.415,0.202,0,0.326,15.093,0.114,2,14.278,0.225,0,14.742,0.111,2,13.741,0.202,0,14.683,0.144,2,13.521,0.243,2,14.773,0.207,2,13.448,0.299,2,14.832,0.285,3,13.436,0.343,3,14.743,0.383,3,13.418,0.373,3,14.533,0.386,3,13.354,0.381,3,14.215,0.319,3,13.259,0.379,3,747007601351013697,0.341508,-2.1,1,14.522,0.031,13.635,0.035,10.862,0.102,8.082,0.286,129874876,0.342418,12.9,1,,17.189,0.1969,16.481,0.2507,15.618,0.2293,0.2634587091400950,0.9551546011456660,-0.1351635915788660,102322121,9596681614269
74.5797230,-7.7679660,0.1653,0.1860,0.0252,206.7988756,-28.6473414,72.2405604,-30.2614975,702.188,775.920,702.121,774.473,2520118067000654,25201r067-000654,67,25201r,654,14.455,0.072,15.1,1.23,13.279,0.085,12.8,0.754,0.961,1,0,0.00000,0.00000,0000,0000,3,AA,0,5,0.5,9.413,00,0000,0000,59253.84934428,0,,0,,14.657,4.091,0.000,40.490,5.109,0.000,333,21.99,351.3,27.54,7.50,7.50,14.433,0.317,18,0.260,13.189,0.196,2,0.326,15.098,0.435,0,13.958,0.204,2,14.692,0.317,18,13.515,0.196,2,14.523,0.303,19,13.352,0.227,3,14.452,0.319,19,13.286,0.266,3,14.423,0.332,19,13.241,0.305,3,14.386,0.340,19,13.200,0.352,3,14.266,0.328,19,13.163,0.402,3,14.045,0.295,19,13.108,0.429,3,747007601351013697,0.335140,-101.7,1,14.522,0.031,13.635,0.035,10.862,0.102,8.082,0.286,129874876,0.250659,-107.6,1,,17.189,0.1969,16.481,0.2507,15.618,0.2293,0.2634573051118350,0.9551552666535400,-0.1351616253498530,102322121,9596681614232
74.5797102,-7.7679556,0.1838,0.1694,-0.0553,206.7988586,-28.6473480,72.2405473,-30.2614856,124.885,430.449,126.826,431.535,2520318090000673,25203r090-000673,90,25203r,673,14.441,0.069,15.7,1.17,13.315,0.078,14.0,0.572,0.845,1,0,0.00000,0.00000,0000,0000,3,AA,0,10,1.0,0.801,00,0000,0000,59253.91466866,0,,0,,14.818,3.933,0.000,39.870,3.767,0.000,337.4,21.53,340.1,24.36,7.50,7.50,14.240,0.076,0,0.260,13.298,0.137,2,0.326,14.946,0.088,0,14.098,0.140,2,14.499,0.076,0,13.624,0.137,2,14.284,0.078,0,13.395,0.148,2,14.165,0.085,1,13.257,0.157,3,14.090,0.094,1,13.175,0.168,3,13.976,0.099,1,13.129,0.185,3,13.786,0.099,1,13.083,0.226,3,13.580,0.098,19,13.032,0.274,3,747007601351013697,0.301553,-110.5,1,14.522,0.031,13.635,0.035,10.862,0.102,8.082,0.286,129874876,0.223952,-120.3,1,,17.189,0.1969,16.481,0.2507,15.618,0.2293,0.2634575250190240,0.9551552314471500,-0.1351614455012620,102322121,9596681614232
74.5796505,-7.7679201,0.1550,0.1807,-0.0530,206.7987921,-28.6473849,72.2404844,-30.2614432,628.488,743.752,628.753,742.603,2519118040000729,25191r040-000729,40,25191r,729,14.376,0.062,17.5,0.526,13.224,0.160,6.8,0.415,0.453,1,0,0.00000,0.00000,0000,0000,3,AB,0,10,1.0,81.690,00,0000,0000,59253.52195819,0,,0,,14.853,3.900,0.000,40.200,5.284,0.000,358.1,20.43,369.6,54.6,7.50,7.50,14.349,0.161,2,0.260,13.478,0.489,2,0.326,14.974,0.158,0,13.373,,32,14.608,0.161,2,13.804,0.489,2,14.513,0.191,2,13.589,0.438,2,14.545,0.251,2,13.476,0.460,2,14.603,0.319,3,12.655,,32,14.610,0.357,3,12.581,,32,14.530,0.360,3,12.546,,32,14.297,0.321,3,12.481,,32,747007601351013697,0.243429,-163.4,1,14.522,0.031,13.635,0.035,10.862,0.102,8.082,0.286,129874876,0.241638,175.3,1,,17.189,0.1969,16.481,0.2507,15.618,0.2293,0.2634585425215230,0.9551550376640370,-0.1351608315949820,102322121,9596681614233
74.5796272,-7.7679997,0.1350,0.1472,-0.0591,206.7988613,-28.6474413,72.2404466,-30.2615193,950.408,615.978,948.165,613.451,2518318091000624,25183r091-000624,91,25183r,624,14.250,0.055,19.6,1.57,13.197,0.092,11.8,0.589,1,1,0,0.00000,0.00000,0000,0000,3,AA,0,5,0.5,74.847,00,0000,0000,59253.26091520,0,,0,,14.127,3.611,0.000,41.122,5.726,0.000,402.1,20.54,378.9,32.04,7.50,7.50,14.153,0.069,0,0.260,13.310,0.270,0,0.326,14.846,0.075,0,14.012,0.289,0,14.413,0.069,0,13.636,0.270,0,14.221,0.077,0,13.559,0.283,2,14.127,0.089,3,13.573,0.314,3,14.054,0.098,3,13.604,0.353,3,13.933,0.108,3,13.607,0.393,3,13.765,0.153,3,13.540,0.419,3,13.586,0.171,3,13.455,0.482,3,747007601351013697,0.054977,14.3,1,14.522,0.031,13.635,0.035,10.862,0.102,8.082,0.286,129874876,0.112443,66.0,1,,17.189,0.1969,16.481,0.2507,15.618,0.2293,0.2634588810166610,0.9551547495077940,-0.1351622081284290,102322121,9596681614234
74.5796198,-7.7679902,0.1641,0.1733,0.0163,206.7988478,-28.6474436,72.2404395,-30.2615090,457.095,137.476,455.895,137.061,2519518090000582,25195r090-000582,90,25195r,582,14.170,0.064,17.1,0.409,13.372,0.082,13.3,0.498,0.431,1,0,0.00000,0.00000,0000,0000,3,AA,0,10,1.0,41.267,00,0000,0000,59253.65311630,0,,0,,14.046,3.653,0.000,40.183,3.917,0.000,433,25.4,322.5,24.33,7.50,7.50,13.986,0.132,2,0.260,13.302,0.257,2,0.326,14.663,0.162,2,14.100,0.327,0,14.245,0.132,2,13.628,0.257,2,14.092,0.127,3,13.493,0.250,3,14.026,0.136,3,13.523,0.289,3,13.946,0.146,3,13.580,0.343,3,13.834,0.160,3,13.557,0.375,3,13.696,0.195,3,13.438,0.369,3,13.493,0.209,3,13.250,0.335,3,747007601351013697,0.044272,64.5,1,14.522,0.031,13.635,0.035,10.862,0.102,8.082,0.286,129874876,0.129637,84.9,1,,17.189,0.1969,16.481,0.2507,15.618,0.2293,0.2634590103380550,0.9551547370848840,-0.1351620438436720,102322121,9596681614234
74.5796523,-7.7680087,0.1399,0.1565,0.0067,206.7988832,-28.6474231,72.2404739,-30.2615313,867.466,631.405,865.806,629.187,2519718066000670,25197r066-000670,66,25197r,670,14.225,0.060,18.2,1.75,13.467,0.089,12.2,0.484,1.11,1,0,0.00000,0.00000,0000,0000,3,AA,0,5,0.5,25.318,00,0000,0000,59253.71856808,0,,0,,15.672,4.362,0.000,40.835,5.189,0.000,411.3,22.64,295.6,24.28,7.50,7.50,14.246,0.076,2,0.260,13.540,0.461,2,0.326,14.941,0.083,2,14.270,0.482,0,14.506,0.076,2,13.866,0.461,2,14.308,0.081,2,13.723,0.463,2,14.207,0.091,2,13.679,0.508,2,14.118,0.101,3,12.822,,32,13.984,0.110,3,12.755,,32,13.788,0.118,3,12.747,,32,13.547,0.114,3,12.719,,32,747007601351013697,0.114514,-41.6,1,14.522,0.031,13.635,0.035,10.862,0.102,8.082,0.286,129874876,0.079227,9.6,1,,17.189,0.1969,16.481,0.2507,15.618,0.2293,0.2634584569393400,0.9551548444562080,-0.1351623637666160,102322121,9596681614234
74.5796297,-7.7680037,0.1319,0.1580,-0.0369,206.7988666,-28.6474409,72.2404489,-30.2615236,534.555,923.644,536.183,922.912,2520518067000884,25205r067-000884,67,25205r,884,14.223,0.057,19.2,1.01,13.496,0.175,6.2,1.45,1.14,1,0,0.00000,0.00000,0000,0000,3,AB,0,10,1.0,2.261,00,0000,1010,59253.98012044,0,,0,,14.009,3.612,0.000,39.526,4.111,0.000,412.1,21.48,287.7,46.38,7.50,7.50,14.306,0.085,0,0.260,13.564,0.260,2,0.326,14.891,0.086,0,14.443,0.313,2,14.566,0.085,0,13.890,0.260,2,14.481,0.100,3,13.666,0.293,3,14.475,0.125,3,13.618,0.322,3,14.477,0.158,3,13.615,0.380,3,14.434,0.183,3,13.524,0.428,3,14.292,0.187,3,13.336,0.405,3,14.026,0.170,3,13.129,0.364,3,747007601351013697,0.067839,3.9,1,14.522,0.031,13.635,0.035,10.862,0.102,8.082,0.286,129874876,0.111422,57.3,1,,17.189,0.1969,16.481,0.2507,15.618,0.2293,0.2634588368311240,0.9551547519069410,-0.1351622773009570,102322121,9596681614234
74.5796177,-7.7680176,0.1899,0.2243,-0.1041,206.7988747,-28.6474578,72.2404332,-30.2615359,365.946,161.212,365.359,161.229,2520918066000680,25209r066-000680,66,25209r,680,14.513,0.097,11.2,0.785,13.254,0.079,13.8,0.794,0.749,1,0,0.00000,0.00000,0000,0000,3,AA,0,10,1.0,27.295,00,0000,0000,59254.11076933,0,,0,,14.080,3.932,0.000,40.546,4.524,0.000,315.6,28.17,359.5,26.04,7.50,7.50,14.467,0.113,2,0.260,13.283,0.128,2,0.326,15.163,0.124,2,14.021,0.140,2,14.726,0.113,2,13.609,0.128,2,14.526,0.118,2,13.514,0.149,2,14.425,0.133,2,13.537,0.190,2,14.399,0.175,3,13.603,0.256,3,14.388,0.223,3,13.660,0.331,3,14.287,0.231,3,13.670,0.385,3,14.076,0.211,3,13.669,0.428,3,747007601351013697,0.126920,21.9,1,14.522,0.031,13.635,0.035,10.862,0.102,8.082,0.286,129874876,0.175496,51.1,1,,17.189,0.1969,16.481,0.2507,15.618,0.2293,0.2634590281592980,0.9551546651181591,-0.1351625176754870,102322121,9596681614234
74.5796458,-7.7679691,0.1611,0.1524,-0.0660,206.7988396,-28.6474111,72.2404721,-30.2614912,49.895,470.043,52.422,471.477,2521718066000660,25217r066-000660,66,25217r,660,14.271,0.057,19.2,0.772,13.466,0.085,12.8,0.748,0.723,1,0,0.00000,0.00000,0000,0000,3,AA,0,10,1.0,109.221,00,0000,0000,59254.37232168,0,,0,,14.279,3.232,0.000,40.838,3.695,0.000,394.6,20.59,295.7,23.04,7.50,7.50,14.255,0.075,0,0.260,13.483,0.148,0,0.326,14.943,0.082,0,14.246,0.147,0,14.515,0.075,0,13.809,0.148,0,14.322,0.080,3,13.671,0.176,3,14.211,0.089,3,13.622,0.223,3,14.121,0.105,3,13.611,0.290,3,13.991,0.117,3,13.616,0.365,3,13.804,0.122,3,13.556,0.404,3,13.604,0.123,3,13.386,0.380,3,747007601351013697,0.077603,-137.1,1,14.522,0.031,13.635,0.035,10.862,0.102,8.082,0.286,129874876,0.074002,150.6,1,,17.189,0.1969,16.481,0.2507,15.618,0.2293,0.2634585901377430,0.9551549046221430,-0.1351616789585670,102322121,9596681614235
74.5795983,-7.7679721,0.1762,0.1573,-0.0477,206.7988185,-28.6474545,72.2404176,-30.2614884,207.196,317.701,208.195,318.434,2521318066000644,25213r066-000644,66,25213r,644,14.238,0.062,17.6,0.679,13.384,0.095,11.5,0.709,0.659,1,0,0.00000,0.00000,0000,0000,3,AA,0,10,1.0,68.278,00,0000,0000,59254.24154547,0,,0,,14.530,3.426,0.000,39.943,3.723,0.000,406.8,23.09,319,27.86,7.50,7.50,14.224,0.077,2,0.260,13.300,0.161,2,0.326,14.907,0.088,2,14.122,0.175,2,14.484,0.077,2,13.626,0.161,2,14.316,0.082,2,13.413,0.192,2,14.232,0.091,2,13.309,0.216,2,14.173,0.102,3,13.232,0.231,3,14.122,0.118,3,13.164,0.248,3,14.031,0.128,3,13.089,0.278,3,13.880,0.127,3,12.966,0.286,3,747007601351013697,0.125412,111.6,1,14.522,0.031,13.635,0.035,10.862,0.102,8.082,0.286,129874876,0.212689,104.6,1,,17.189,0.1969,16.481,0.2507,15.618,0.2293,0.2634593801092720,0.9551546793840900,-0.1351617308379670,102322121,9596681614236
74.5796420,-7.7680704,0.1514,0.1520,-0.0528,206.7989407,-28.6474600,72.2404534,-30.2615913,292.068,277.136,292.378,277.496,2519918090000631,25199r090-000631,90,25199r,631,14.217,0.055,19.7,0.835,13.399,0.089,12.2,0.927,0.835,1,0,0.00000,0.00000,0000,0000,3,AA,0,10,1.0,17.368,00,0000,0000,59253.78389250,0,,0,,13.986,3.489,0.000,39.771,4.681,0.000,414.5,21.04,314.5,25.75,7.50,7.50,14.194,0.080,0,0.260,13.362,0.157,2,0.326,14.875,0.093,0,14.169,0.162,2,14.453,0.080,0,13.688,0.157,2,14.260,0.081,0,13.496,0.177,2,14.150,0.087,0,13.458,0.220,2,14.061,0.098,1,13.525,0.297,3,13.961,0.105,1,13.629,0.383,3,13.806,0.104,3,13.672,0.463,3,13.583,0.096,3,13.598,0.509,3,747007601351013697,0.310291,-7.3,1,14.522,0.031,13.635,0.035,10.862,0.102,8.082,0.286,129874876,0.304365,9.4,1,,17.189,0.1969,16.481,0.2507,15.618,0.2293,0.2634585899442380,0.9551546567816840,-0.1351634307527660,102322121,9596681614265
74.5796301,-7.7681058,0.1817,0.2159,-0.0895,206.7989707,-28.6474865,72.2404348,-30.2616250,799.996,767.668,799.368,765.749,2518718091000689,25187r091-000689,91,25187r,689,14.391,0.068,15.9,1.11,13.615,0.165,6.6,0.984,0.99,1,0,0.00000,0.00000,0000,0000,3,AB,0,10,1.0,114.653,00,0000,0000,59253.39169135,0,,0,,14.556,3.303,0.000,40.826,5.330,0.000,353.2,22.19,258,39.17,7.50,7.50,14.256,0.115,2,0.260,13.566,0.469,2,0.326,14.921,0.114,2,13.654,,32,14.516,0.115,2,13.892,0.469,2,14.364,0.125,2,13.642,0.427,2,14.306,0.139,2,13.501,0.423,2,14.284,0.160,3,13.396,0.441,3,14.210,0.173,3,13.258,0.426,3,14.019,0.168,3,13.051,0.389,3,13.752,0.152,3,12.825,0.390,3,747007601351013697,0.435252,0.4,1,14.522,0.031,13.635,0.035,10.862,0.102,8.082,0.286,129874876,0.437544,12.2,1,,17.189,0.1969,16.481,0.2507,15.618,0.2293,0.2634587661189640,0.9551545215586960,-0.1351640429295140,102322121,9596681614269
74.5792886,-7.7683750,0.1370,0.1340,0.0430,206.7990712,-28.6479098,72.2400079,-30.2618507,605.613,484.320,604.900,483.265,3643718067001828,36437r067-001828,67,36437r,1828,13.626,0.060,18.1,4.48,13.519,0.117,9.3,1.74,2.95,1,0,0.00000,0.00000,0000,0000,3,AB,0,5,0.5,2.910,00,0020,0000,59621.00179216,0,,0,,18.282,3.618,0.000,82.486,5.781,0.000,714.4,39.39,281.7,30.3,7.50,7.50,13.120,0.043,3,0.260,13.171,0.365,3,0.326,14.175,0.061,3,14.062,0.434,3,13.380,0.043,3,13.497,0.365,3,12.717,0.034,3,13.235,0.394,3,12.109,0.031,3,13.060,0.406,3,11.679,0.027,3,12.908,0.387,3,11.482,0.027,3,12.820,0.383,3,11.424,0.029,3,12.781,0.389,3,11.397,0.030,3,12.708,0.386,3,747007601351013697,1.861147,41.0,1,14.522,0.031,13.635,0.035,10.862,0.102,8.082,0.286,129874876,1.915324,43.2,1,,17.189,0.1969,16.481,0.2507,15.618,0.2293,0.2634642902533680,0.9551523390422760,-0.1351686982380100,102322121,9596681614160
74.5795812,-7.7680242,0.2051,0.1845,-0.0621,206.7988628,-28.6474930,72.2403907,-30.2615381,205.042,421.895,206.515,422.580,3643518091000825,36435r091-000825,91,36435r,825,14.440,0.068,15.9,1.31,13.388,0.116,9.4,0.903,1.05,1,0,0.00000,0.00000,0000,0000,3,AB,0,5,0.5,-1.428,00,0000,0001,59620.93646771,0,,0,,18.310,3.251,0.000,80.543,4.712,0.000,337.6,21.17,317.8,33.93,7.50,7.50,14.364,0.116,0,0.260,13.305,0.152,2,0.326,15.034,0.118,0,14.189,0.179,2,14.624,0.116,0,13.631,0.152,2,14.498,0.129,2,13.387,0.158,2,14.519,0.162,3,13.296,0.191,3,14.573,0.208,3,13.252,0.244,3,14.560,0.240,3,13.172,0.283,3,14.439,0.244,3,13.046,0.310,3,14.215,0.225,3,12.926,0.329,3,747007601351013697,0.227092,51.5,1,14.522,0.031,13.635,0.035,10.862,0.102,8.082,0.286,129874876,0.298532,63.3,1,,17.189,0.1969,16.481,0.2507,15.618,0.2293,0.2634596324959620,0.9551544822735460,-0.1351626318101530,102322121,9596681614229
74.5796634,-7.7679524,0.1993,0.1939,-0.0767,206.7988315,-28.6473880,72.2404945,-30.2614768,444.251,579.188,444.921,578.839,3644118067000698,36441r067-000698,67,36441r,698,14.389,0.066,16.3,0.623,13.395,0.123,8.8,0.974,0.741,1,0,0.00000,0.00000,0000,0000,3,AB,0,10,1.0,33.149,00,0000,0000,59621.13244111,0,,0,,19.517,3.445,0.000,89.414,5.901,0.000,353.7,21.67,315.9,35.73,7.50,7.50,14.362,0.140,0,0.260,13.498,0.328,2,0.326,15.041,0.144,0,14.230,0.367,2,14.622,0.140,0,13.824,0.328,2,14.453,0.139,3,13.737,0.350,3,14.400,0.154,3,13.755,0.428,3,14.386,0.180,3,13.729,0.516,3,14.334,0.194,3,12.884,,32,14.180,0.205,3,12.768,,32,13.937,0.193,3,13.383,0.537,3,747007601351013697,0.164455,-135.4,1,14.522,0.031,13.635,0.035,10.862,0.102,8.082,0.286,129874876,0.127326,-168.0,1,,17.189,0.1969,16.481,0.2507,15.618,0.2293,0.2634583072104110,0.9551550235281010,-0.1351613901632340,102322121,9596681614235
74.5795667,-7.7679563,0.1889,0.1802,-0.0688,206.7987864,-28.6474753,72.2403838,-30.2614689,122.865,792.776,126.356,793.782,3644918067000696,36449r067-000696,67,36449r,696,14.304,0.063,17.3,1.63,13.274,0.137,7.9,0.465,0.968,1,0,0.00000,0.00000,0000,0000,3,AB,0,5,0.5,113.659,00,0000,0000,59621.39373896,0,,0,,23.167,3.504,0.000,116.279,5.895,0.000,382.5,22.07,352.9,44.58,7.50,7.50,14.284,0.129,0,0.260,13.187,0.212,2,0.326,14.952,0.116,0,14.006,0.277,0,14.543,0.129,0,13.513,0.212,2,14.441,0.143,1,13.306,0.207,3,14.460,0.164,3,13.200,0.231,3,14.501,0.191,3,13.140,0.270,3,14.484,0.213,3,13.107,0.322,3,14.386,0.225,3,13.045,0.368,3,14.207,0.226,3,12.920,0.377,3,747007601351013697,0.251406,114.2,1,14.522,0.031,13.635,0.035,10.862,0.102,8.082,0.286,129874876,0.337159,109.1,1,,17.189,0.1969,16.481,0.2507,15.618,0.2293,0.2634599168107400,0.9551545700104130,-0.1351614576064560,102322121,9596681614236
74.5795494,-7.7680602,0.2133,0.1821,-0.0623,206.7988833,-28.6475374,72.2403494,-30.2615699,25.826,534.848,28.821,536.315,3643918091000672,36439r091-000672,91,36439r,672,14.359,0.069,15.7,1.11,13.406,0.127,8.6,0.575,0.836,1,0,0.00000,0.00000,0000,0000,3,AB,0,5,0.5,16.152,00,0000,0010,59621.06711661,0,,0,,19.618,3.652,0.000,83.569,4.062,0.000,363.7,23.16,312.6,36.56,7.50,7.50,14.245,0.085,0,0.260,13.423,0.171,2,0.326,14.978,0.098,0,14.225,0.204,2,14.505,0.085,0,13.749,0.171,2,14.306,0.087,1,13.580,0.181,3,14.224,0.098,1,13.550,0.222,3,14.170,0.110,1,13.525,0.263,3,14.129,0.122,1,13.411,0.278,3,14.051,0.130,3,13.260,0.278,3,13.881,0.132,3,13.099,0.269,3,747007601351013697,0.397747,47.0,1,14.522,0.031,13.635,0.035,10.862,0.102,8.082,0.286,129874876,0.462627,55.3,1,,17.189,0.1969,16.481,0.2507,15.618,0.2293,0.2634601400390250,0.9551542541813141,-0.1351632543628460,102322121,9596681614258
74.5796691,-7.7680505,0.1877,0.1872,-0.0664,206.7989343,-28.6474271,72.2404871,-30.2615748,281.957,687.966,284.054,688.295,3644518067000703,36445r067-000703,67,36445r,703,14.358,0.063,17.1,1.73,13.473,0.134,8.1,0.748,1.19,1,0,0.00000,0.00000,0000,0000,3,AB,0,10,1.0,75.557,00,0000,0000,59621.26309001,0,,0,,23.693,3.468,0.000,103.840,5.980,0.000,364,21.26,293.9,36.25,7.50,7.50,14.297,0.090,0,0.260,13.454,0.215,2,0.326,14.984,0.099,0,14.311,0.262,2,14.556,0.090,0,13.780,0.215,2,14.382,0.103,0,13.504,0.208,2,14.316,0.134,1,13.367,0.222,3,14.288,0.156,1,13.287,0.254,3,14.207,0.162,3,13.204,0.305,3,14.069,0.160,3,13.105,0.342,3,13.916,0.156,3,12.994,0.358,3,747007601351013697,0.272472,-29.9,1,14.522,0.031,13.635,0.035,10.862,0.102,8.082,0.286,129874876,0.233327,-11.6,1,,17.189,0.1969,16.481,0.2507,15.618,0.2293,0.2634581506537050,0.9551548266483409,-0.1351630866194870,102322121,9596681614265
74.5797631,-7.7679208,0.1505,0.1673,-0.0645,206.7988500,-28.6472856,72.2406125,-30.2614575,967.491,432.589,964.286,429.968,4758718090000686,47587r090-000686,90,47587r,686,14.489,0.072,15.1,1.54,13.212,0.072,15.1,1.59,1.49,1,0,0.00000,0.00000,0000,0000,3,AA,0,5,0.5,59.944,00,0000,0000,59984.57980303,0,,0,,19.986,3.715,0.000,43.571,4.083,0.000,322.6,21.35,373.9,24.72,7.50,7.50,14.307,0.215,2,0.260,13.137,0.212,0,0.326,15.015,0.173,2,13.950,0.310,0,14.566,0.215,2,13.463,0.212,0,14.326,0.214,2,13.230,0.185,2,14.201,0.201,2,13.140,0.185,2,14.136,0.197,3,13.137,0.202,3,14.056,0.193,3,13.141,0.229,3,13.932,0.182,3,13.090,0.270,3,13.792,0.172,3,13.010,0.311,3,747007601351013697,0.524667,-116.1,1,14.522,0.031,13.635,0.035,10.862,0.102,8.082,0.286,129874876,0.450263,-122.0,1,,17.189,0.1969,16.481,0.2507,15.618,0.2293,0.2634566649723480,0.9551555538297960,-0.1351608437001770,102322121,9596681613735
74.5796881,-7.7679140,0.1799,0.2326,-0.0325,206.7988050,-28.6473489,72.2405281,-30.2614417,808.126,206.586,805.031,204.638,4759118090000713,47591r090-000713,90,47591r,713,14.265,0.081,13.4,1.2,13.322,0.102,10.7,0.342,0.732,1,0,0.00000,0.00000,0000,0000,3,AA,0,10,1.0,22.541,00,0000,0000,59984.70994264,0,,0,,19.343,4.732,0.000,44.886,4.508,0.000,396.7,29.7,337.7,31.67,7.50,7.50,14.393,0.141,3,0.260,13.447,0.271,3,0.326,15.082,0.130,2,14.173,0.309,2,14.653,0.141,3,13.773,0.271,3,14.516,0.176,3,13.619,0.302,3,14.463,0.220,3,13.564,0.356,3,14.394,0.259,3,13.591,0.421,3,14.287,0.277,3,13.584,0.484,3,14.135,0.300,3,13.486,0.528,3,13.913,0.290,3,12.597,,32,747007601351013697,0.326543,-141.4,1,14.522,0.031,13.635,0.035,10.862,0.102,8.082,0.286,129874876,0.286660,-156.5,1,,17.189,0.1969,16.481,0.2507,15.618,0.2293,0.2634579195331410,0.9551552244287510,-0.1351607261068550,102322121,9596681614233
74.5796552,-7.7680059,0.1702,0.1580,-0.0348,206.7988818,-28.6474193,72.2404776,-30.2615289,610.144,510.037,609.534,508.957,5404818160000648,54048r160-000648,160,54048r,648,14.303,0.064,17.0,0.481,12.956,0.085,12.8,1.17,0.784,1,0,0.00000,0.00000,0000,0000,3,AA,0,10,1.0,7.211,00,0000,1010,60194.31714020,0,,0,,23.094,3.690,0.000,72.971,6.180,0.000,382.9,22.53,473.1,37,7.50,7.50,14.307,0.165,0,0.260,13.194,0.172,2,0.326,14.962,0.188,0,13.935,0.183,2,14.567,0.165,0,13.520,0.172,2,14.371,0.174,3,13.399,0.202,3,14.239,0.184,3,13.403,0.258,3,14.131,0.189,3,13.419,0.331,3,14.025,0.225,3,13.410,0.443,3,13.894,0.256,3,12.574,,32,13.751,0.280,3,12.416,,32,747007601351013697,0.114746,-48.8,1,14.522,0.031,13.635,0.035,10.862,0.102,8.082,0.286,129874876,0.068100,2.4,1,,17.189,0.1969,16.481,0.2507,15.618,0.2293,0.2634584103509420,0.9551548641585320,-0.1351623153458470,102322121,9596681614234
74.5796621,-7.7679830,0.1768,0.1715,-0.0689,206.7988620,-28.6474029,72.2404887,-30.2615070,225.197,803.240,228.100,803.822,5393418186000682,53934r186-000682,186,53934r,682,14.296,0.062,17.6,1.9,13.497,0.119,9.1,0.469,1.15,1,0,0.00000,0.00000,0000,0000,3,AB,0,10,1.0,33.971,00,0000,0000,60190.62408912,0,,0,,23.548,3.832,0.000,63.521,4.886,0.000,385.3,21.86,287.5,31.58,7.50,7.50,14.148,0.082,2,0.260,13.546,0.374,0,0.326,14.866,0.089,0,14.317,0.391,0,14.407,0.082,2,13.872,0.374,0,14.227,0.090,3,13.715,0.395,3,14.172,0.105,3,13.683,0.498,3,14.136,0.124,3,12.776,,32,14.056,0.146,3,12.690,,32,13.857,0.159,3,12.645,,32,13.597,0.152,3,12.591,,32,747007601351013697,0.111143,-93.5,1,14.522,0.031,13.635,0.035,10.862,0.102,8.082,0.286,129874876,0.026092,-123.5,1,,17.189,0.1969,16.481,0.2507,15.618,0.2293,0.2634583096880850,0.9551549479631490,-0.1351619193331170,102322121,9596681614235
74.5797027,-7.7679351,0.1954,0.1986,0.0543,206.7988339,-28.6473454,72.2405417,-30.2614644,777.841,114.340,774.578,112.474,5405218160000839,54052r160-000839,160,54052r,839,14.227,0.067,16.1,1.07,13.677,0.178,6.1,0.693,0.852,1,0,0.00000,0.00000,0000,0000,3,AB,0,5,0.5,-3.209,00,0000,0000,60194.44664269,0,,0,,22.999,3.996,0.000,69.005,5.955,0.000,410.7,25.53,243.5,39.85,7.50,7.50,14.117,0.124,1,0.260,12.742,,32,0.326,14.817,0.125,1,13.382,,32,14.376,0.124,1,13.068,,32,14.166,0.151,3,12.832,,32,13.993,0.176,3,12.687,,32,13.777,0.192,3,12.600,,32,13.523,0.193,3,12.538,,32,13.293,0.185,3,12.457,,32,13.123,0.166,3,12.369,,32,747007601351013697,0.312330,-125.0,1,14.522,0.031,13.635,0.035,10.862,0.102,8.082,0.286,129874876,0.250314,-138.3,1,,17.189,0.1969,16.481,0.2507,15.618,0.2293,0.2634576629072760,0.9551552435794330,-0.1351610909920080,102322121,9596681614235
74.5795764,-7.7679580,0.1955,0.2052,-0.0440,206.7987930,-28.6474675,72.2403947,-30.2614718,609.793,172.745,607.794,171.712,5395618160000648,53956r160-000648,160,53956r,648,14.456,0.073,14.8,1.59,13.508,0.101,10.7,0.824,1.13,1,0,0.00000,0.00000,0000,0000,3,AA,0,5,0.5,7.057,00,0000,0000,60191.33667185,0,,0,,22.941,4.097,0.000,64.187,6.279,0.000,332.8,22.46,284.6,26.51,7.50,7.50,14.156,0.141,3,0.260,13.314,0.290,1,0.326,14.919,0.128,1,14.177,0.368,1,14.416,0.141,3,13.640,0.290,1,14.186,0.154,3,13.391,0.270,3,14.062,0.155,3,13.281,0.306,3,13.975,0.156,3,13.212,0.344,3,13.892,0.162,3,13.113,0.344,3,13.765,0.170,3,12.970,0.321,3,13.596,0.177,3,12.807,0.309,3,747007601351013697,0.217504,116.4,1,14.522,0.031,13.635,0.035,10.862,0.102,8.082,0.286,129874876,0.302516,110.2,1,,17.189,0.1969,16.481,0.2507,15.618,0.2293,0.2634597540396490,0.9551546107474030,-0.1351614870047840,102322121,9596681614236
74.5796132,-7.7679166,0.2075,0.2611,-0.0935,206.7987696,-28.6474163,72.2404424,-30.2614352,915.623,182.623,911.787,180.169,5396418160000660,53964r160-000660,160,53964r,660,14.372,0.092,11.8,0.764,13.402,0.119,9.1,0.534,0.618,1,0,0.00000,0.00000,0000,0000,3,AB,0,5,0.5,25.686,00,0000,0000,60191.59580424,0,,0,,31.120,5.441,0.000,80.055,6.279,0.000,359.3,30.49,313.8,34.44,7.50,7.50,14.418,0.166,2,0.260,13.381,0.273,2,0.326,15.103,0.218,2,14.162,0.329,0,14.678,0.166,2,13.707,0.273,2,14.503,0.162,3,13.544,0.310,3,14.411,0.169,3,13.466,0.420,3,14.359,0.222,3,13.345,0.497,3,14.306,0.352,3,13.180,0.470,3,14.202,0.400,3,13.035,0.437,3,14.027,0.367,3,12.931,0.435,3,747007601351013697,0.253945,165.5,1,14.522,0.031,13.635,0.035,10.862,0.102,8.082,0.286,129874876,0.295870,148.9,1,,17.189,0.1969,16.481,0.2507,15.618,0.2293,0.2634591665302550,0.9551548741095420,-0.1351607710690080,102322121,9596681614237
74.5795556,-7.7679398,0.2152,0.2260,-0.1035,206.7987639,-28.6474777,72.2403736,-30.2614512,67.626,341.461,69.509,342.794,5393018185000800,53930r185-000800,185,53930r,800,14.556,0.079,13.7,1.42,13.574,0.102,10.7,0.627,0.982,1,0,0.00000,0.00000,0000,0000,3,AA,0,10,1.0,4.038,00,0000,0000,60190.49445932,0,,0,,23.734,3.703,0.000,62.861,5.006,0.000,303.2,22.08,267.7,25.13,7.50,7.50,14.315,0.093,2,0.260,13.661,0.169,0,0.326,15.052,0.104,2,14.401,0.165,0,14.575,0.093,2,13.987,0.169,0,14.340,0.094,3,13.857,0.243,1,14.207,0.107,3,13.790,0.360,3,14.098,0.144,3,13.689,0.397,3,13.957,0.161,3,13.519,0.384,3,13.771,0.149,3,13.310,0.368,3,13.559,0.134,3,13.089,0.371,3,747007601351013697,0.314157,121.1,1,14.522,0.031,13.635,0.035,10.862,0.102,8.082,0.286,129874876,0.396390,115.4,1,,17.189,0.1969,16.481,0.2507,15.618,0.2293,0.2634601122041140,0.9551545564923331,-0.1351611722697410,102322121,9596681614239
74.5795554,-7.7679054,0.2186,0.2156,-0.0094,206.7987288,-28.6474624,72.2403782,-30.2614170,525.627,823.095,526.831,822.366,5394218186000719,53942r186-000719,186,53942r,719,14.520,0.089,12.2,1.42,13.437,0.122,8.9,0.405,0.821,1,0,0.00000,0.00000,0000,0000,3,AB,0,5,0.5,113.607,00,0011,0000,60190.88322155,0,,0,,24.385,4.022,0.000,63.835,5.225,0.000,313.5,25.73,303.9,34.22,7.50,7.50,14.643,0.175,2,0.260,13.465,0.398,2,0.326,15.291,0.190,2,14.234,0.488,2,14.903,0.175,2,13.791,0.398,2,14.774,0.185,3,13.601,0.397,3,14.732,0.217,3,13.526,0.474,3,14.676,0.266,3,12.732,,32,14.577,0.305,3,12.652,,32,14.435,0.307,3,12.566,,32,14.243,0.285,3,12.444,,32,747007601351013697,0.393228,136.7,1,14.522,0.031,13.635,0.035,10.862,0.102,8.082,0.286,129874876,0.463744,129.3,1,,17.189,0.1969,16.481,0.2507,15.618,0.2293,0.2634601371159410,0.9551546338010209,-0.1351605773858870,102322121,9596681614239
74.5797488,-7.7680552,0.2242,0.2257,-0.1147,206.7989795,-28.6473587,72.2405772,-30.2615892,865.107,391.836,862.536,389.576,5395018135000694,53950r135-000694,135,53950r,694,14.529,0.075,14.6,1.88,13.976,0.184,5.9,1.09,1.42,1,0,0.00000,0.00000,0000,0000,3,AB,0,0,0.0,39.161,00,0000,0000,60191.14235392,0,,0,,23.254,3.994,0.000,62.993,6.026,0.000,310.9,21.37,184.9,31.29,7.50,7.50,14.374,0.127,3,0.260,13.671,0.229,3,0.326,15.089,0.128,0,14.521,0.306,0,14.633,0.127,3,13.997,0.229,3,14.441,0.133,3,13.819,0.245,3,14.337,0.142,3,13.788,0.309,3,14.232,0.155,3,13.778,0.422,3,14.080,0.163,3,12.933,,32,13.875,0.161,3,12.730,,32,13.661,0.153,3,12.421,,32,747007601351013697,0.490518,-58.9,1,14.522,0.031,13.635,0.035,10.862,0.102,8.082,0.286,129874876,0.412129,-53.4,1,,17.189,0.1969,16.481,0.2507,15.618,0.2293,0.2634568190587720,0.9551551824365651,-0.1351631678971970,102322121,9596681614264
74.5795595,-7.7679483,0.1368,0.1319,-0.0532,206.7987746,-28.6474781,72.2403768,-30.2614601,280.808,624.936,282.630,625.302,922418162000740,09224r162-000740,162,09224r,740,13.933,0.049,22.0,1.22,13.081,0.073,14.9,1.24,1.17,1,0,0.00000,0.00000,0000,0000,3,AA,0,10,1.0,-3.861,00,0000,0000,58731.42217554,0,,0,,18.542,3.360,0.000,55.035,5.353,0.000,538.4,24.49,421.7,28.39,7.50,7.50,14.041,0.096,2,0.260,13.077,0.242,2,0.326,14.674,0.079,0,13.889,0.219,0,14.301,0.096,2,13.403,0.242,2,14.195,0.114,2,13.190,0.260,2,14.185,0.127,2,13.103,0.262,2,14.223,0.148,3,13.067,0.271,3,14.253,0.176,3,13.023,0.282,3,14.208,0.196,3,12.950,0.296,3,14.053,0.189,3,12.859,0.307,3,747007601351013697,0.287063,117.3,1,14.522,0.031,13.635,0.035,10.862,0.102,8.082,0.286,129874876,0.371338,112.0,1,,17.189,0.1969,16.481,0.2507,15.618,0.2293,0.2634600418570910,0.9551545550957620,-0.1351613192613840,102322121,9596681614236
74.5795377,-7.7679279,0.1495,0.1479,-0.0503,206.7987427,-28.6474882,72.2403549,-30.2614372,440.714,207.640,439.877,207.302,922818161000566,09228r161-000566,161,09228r,566,13.976,0.056,19.4,1.09,13.116,0.087,12.5,1.1,1.04,1,0,0.00000,0.00000,0000,0000,3,AA,0,10,1.0,12.313,00,0000,0000,58731.55295146,0,,0,,20.782,4.200,0.000,54.604,4.612,0.000,517.5,26.72,408.1,32.72,7.50,7.50,13.911,0.091,2,0.260,12.957,0.138,2,0.326,14.567,0.096,2,13.789,0.163,0,14.171,0.091,2,13.283,0.138,2,14.032,0.123,2,13.075,0.145,2,13.976,0.167,2,13.006,0.172,2,13.961,0.187,3,12.998,0.198,3,13.941,0.198,3,13.015,0.220,3,13.869,0.207,3,13.014,0.242,3,13.760,0.210,3,12.962,0.260,3,747007601351013697,0.390975,121.7,1,14.522,0.031,13.635,0.035,10.862,0.102,8.082,0.286,129874876,0.472575,116.8,1,,17.189,0.1969,16.481,0.2507,15.618,0.2293,0.2634604180720970,0.9551545012452590,-0.1351609664814370,102322121,9596681614239
74.5796200,-7.7680314,0.1722,0.1809,-0.0354,206.7988899,-28.6474619,72.2404339,-30.2615499,602.855,728.559,603.214,727.510,923218162000544,09232r162-000544,162,09232r,544,14.094,0.076,14.2,1.03,13.149,0.124,8.8,0.644,0.824,1,0,0.00000,0.00000,0000,0000,3,AB,0,10,1.0,50.033,00,0000,0000,58731.68385469,0,,0,,19.502,3.972,0.000,54.683,5.347,0.000,464.4,32.62,396.1,45.27,7.50,7.50,14.002,0.127,2,0.260,13.304,0.233,2,0.326,14.646,0.164,2,14.020,0.256,2,14.262,0.127,2,13.630,0.233,2,14.157,0.134,3,13.521,0.295,3,14.135,0.162,3,13.541,0.411,3,14.119,0.184,3,12.866,,32,14.075,0.205,3,12.796,,32,13.994,0.219,3,12.718,,32,13.871,0.218,3,12.602,,32,747007601351013697,0.171937,13.2,1,14.522,0.031,13.635,0.035,10.862,0.102,8.082,0.286,129874876,0.205032,38.8,1,,17.189,0.1969,16.481,0.2507,15.618,0.2293,0.2634589811606800,0.9551546443113640,-0.1351627563206960,102322121,9596681614265
74.5796813,-7.7680320,0.1795,0.1781,-0.0448,206.7989216,-28.6474080,72.2405036,-30.2615579,395.859,253.621,395.494,253.518,2056818160000661,20568r160-000661,160,20568r,661,14.360,0.064,16.9,1.5,13.315,0.113,9.6,1.18,1.28,1,0,0.00000,0.00000,0000,0000,3,AB,0,5,0.5,-2.548,00,0000,0000,59102.38825201,0,,0,,19.700,3.430,0.000,69.466,5.869,0.000,363.3,21.48,339.9,35.41,7.50,7.50,14.356,0.106,1,0.260,13.122,0.141,3,0.326,15.007,0.111,0,13.996,0.181,2,14.616,0.106,1,13.448,0.141,3,14.527,0.137,3,13.173,0.136,3,14.561,0.237,3,13.008,0.142,3,14.606,0.341,3,12.910,0.157,3,14.586,0.374,3,12.872,0.191,3,14.523,0.380,3,12.848,0.247,3,14.383,0.361,3,12.786,0.315,3,747007601351013697,0.246863,-46.6,1,14.522,0.031,13.635,0.035,10.862,0.102,8.082,0.286,129874876,0.185440,-29.1,1,,17.189,0.1969,16.481,0.2507,15.618,0.2293,0.2634579588767960,0.9551549248176440,-0.1351627666965740,102322121,9596681614265
74.5796474,-7.7678458,0.1551,0.2146,-0.0182,206.7987149,-28.6473542,72.2404914,-30.2613690,534.080,63.112,532.102,62.348,4275618128000574,42756r128-000574,128,42756r,574,14.282,0.079,13.8,1.05,13.354,0.082,13.3,0.665,0.806,1,0,0.00000,0.00000,0000,0000,3,AA,0,10,1.0,24.237,00,0000,0000,59827.20351130,0,,0,,21.415,4.435,0.000,56.292,4.946,0.000,390.6,28.32,327.9,24.69,7.50,7.50,14.086,0.216,0,0.260,13.349,0.132,0,0.326,14.776,0.280,0,14.130,0.139,0,14.345,0.216,0,13.675,0.132,0,14.179,0.197,2,13.498,0.158,2,14.099,0.197,3,13.434,0.208,3,14.041,0.202,3,13.404,0.292,3,13.940,0.203,3,13.360,0.411,3,13.769,0.192,3,13.288,0.474,3,13.575,0.181,3,13.175,0.477,3,747007601351013697,0.504165,-173.3,1,14.522,0.031,13.635,0.035,10.862,0.102,8.082,0.286,129874876,0.509245,176.5,1,,17.189,0.1969,16.481,0.2507,15.618,0.2293,0.2634586408052180,0.9551551923728870,-0.1351595467149090,102322121,9596681613734
74.5795718,-7.7680051,0.1894,0.1766,-0.0555,206.7988386,-28.6474928,72.2403827,-30.2615180,365.531,427.429,366.051,427.435,4275218161000700,42752r161-000700,161,42752r,700,14.392,0.064,17.1,1.6,13.428,0.101,10.7,1.02,1.26,1,0,0.00000,0.00000,0000,0000,3,AA,0,5,0.5,59.776,00,0000,0000,59827.07362623,0,,0,,20.600,3.842,0.000,55.521,5.611,0.000,353,20.69,306.4,28.56,7.50,7.50,14.372,0.085,0,0.260,13.540,0.313,2,0.326,15.043,0.092,0,14.265,0.329,0,14.631,0.085,0,13.866,0.313,2,14.509,0.097,0,13.726,0.336,2,14.501,0.120,0,13.707,0.420,2,14.538,0.154,3,12.982,,32,14.542,0.192,3,12.875,,32,14.409,0.200,3,12.741,,32,14.170,0.185,3,12.596,,32,747007601351013697,0.223335,71.0,1,14.522,0.031,13.635,0.035,10.862,0.102,8.082,0.286,129874876,0.307326,77.8,1,,17.189,0.1969,16.481,0.2507,15.618,0.2293,0.2634598011802850,0.9551544824855310,-0.1351623015113410,102322121,9596681614229
74.5796615,-7.7679942,0.1827,0.1627,-0.0652,206.7988731,-28.6474085,72.2404864,-30.2615180,150.274,696.875,153.211,697.757,4273418145000870,42734r145-000870,145,42734r,870,14.281,0.061,17.9,0.812,13.470,0.102,10.6,1.46,1.08,1,0,0.00000,0.00000,0000,0000,3,AA,0,5,0.5,2.416,00,0000,0000,59826.48621703,0,,0,,20.655,3.835,0.000,55.806,4.624,0.000,390.9,21.81,294.8,27.7,7.50,7.50,14.269,0.083,0,0.260,13.391,0.242,0,0.326,14.944,0.090,0,14.187,0.271,0,14.529,0.083,0,13.717,0.242,0,14.375,0.090,2,13.596,0.289,2,14.311,0.105,2,13.581,0.325,2,14.251,0.127,3,13.569,0.350,3,14.114,0.158,3,13.542,0.375,3,13.913,0.203,3,13.480,0.386,3,13.706,0.200,3,13.364,0.383,3,747007601351013697,0.113828,-72.9,1,14.522,0.031,13.635,0.035,10.862,0.102,8.082,0.286,129874876,0.032507,-37.1,1,,17.189,0.1969,16.481,0.2507,15.618,0.2293,0.2634583126651310,0.9551549197343000,-0.1351621130162010,102322121,9596681614234
74.5796549,-7.7680033,0.1848,0.1711,-0.0687,206.7988790,-28.6474184,72.2404776,-30.2615263,302.593,648.668,304.395,648.914,4273818186000684,42738r186-000684,186,42738r,684,14.236,0.062,17.6,1.76,13.248,0.148,7.3,0.684,1.2,1,0,0.00000,0.00000,0000,0000,3,AB,0,10,1.0,30.229,00,0000,0011,59826.61712015,0,,0,,18.821,3.120,0.000,55.877,5.745,0.000,407.2,23.11,361.5,49.22,7.50,7.50,14.312,0.097,0,0.260,13.456,0.514,2,0.326,14.986,0.112,0,13.284,,32,14.571,0.097,0,13.782,0.514,2,14.407,0.100,1,13.669,0.486,3,14.358,0.116,1,12.913,,32,14.358,0.137,3,12.801,,32,14.288,0.152,3,12.734,,32,14.097,0.147,3,12.697,,32,13.863,0.135,3,12.609,,32,747007601351013697,0.107960,-52.2,1,14.522,0.031,13.635,0.035,10.862,0.102,8.082,0.286,129874876,0.058811,3.8,1,,17.189,0.1969,16.481,0.2507,15.618,0.2293,0.2634584169830020,0.9551548686917390,-0.1351622703837040,102322121,9596681614234
74.5796339,-7.7679881,0.1722,0.1735,-0.0729,206.7988529,-28.6474302,72.2404558,-30.2615086,53.675,174.330,54.965,175.697,4274418161000680,42744r161-000680,161,42744r,680,14.288,0.060,18.0,1.11,13.426,0.108,10.0,0.504,0.754,1,0,0.00000,0.00000,0000,0000,3,AA,0,5,0.5,92.739,00,0000,0000,59826.81271102,0,,0,,20.747,3.454,0.000,55.825,4.472,0.000,388.3,21.52,306.9,30.66,7.50,7.50,14.119,0.090,3,0.260,13.412,0.181,3,0.326,14.851,0.090,0,14.192,0.188,2,14.379,0.090,3,13.738,0.181,3,14.137,0.097,3,13.570,0.198,3,13.986,0.104,3,13.530,0.224,3,13.874,0.114,3,13.558,0.267,3,13.751,0.117,3,13.637,0.330,3,13.574,0.114,3,13.689,0.414,3,13.365,0.105,3,13.631,0.472,3,747007601351013697,0.015483,-41.9,1,14.522,0.031,13.635,0.035,10.862,0.102,8.082,0.286,129874876,0.078929,87.1,1,,17.189,0.1969,16.481,0.2507,15.618,0.2293,0.2634587765999060,0.9551548066954680,-0.1351620075280930,102322121,9596681614234
74.5796663,-7.7680105,0.2117,0.2514,-0.0436,206.7988921,-28.6474116,72.2404896,-30.2615348,952.800,204.503,948.729,201.939,4275418138000773,42754r138-000773,138,42754r,773,14.559,0.112,9.7,0.612,13.374,0.091,11.9,0.933,0.762,1,0,0.00000,0.00000,0000,0000,3,BA,0,10,1.0,41.138,00,0000,0000,59827.13831442,0,,0,,21.389,3.847,0.000,56.806,6.042,0.000,302.5,31.32,321.9,27.02,7.50,7.50,14.432,0.129,2,0.260,13.331,0.166,0,0.326,15.150,0.158,2,14.177,0.169,0,14.691,0.129,2,13.657,0.166,0,14.538,0.138,3,13.365,0.176,3,14.490,0.160,3,13.194,0.187,3,14.449,0.185,3,13.095,0.211,3,14.359,0.201,3,13.004,0.226,3,14.179,0.194,3,12.861,0.235,3,13.935,0.176,3,12.671,0.249,3,747007601351013697,0.156038,-53.8,1,14.522,0.031,13.635,0.035,10.862,0.102,8.082,0.286,129874876,0.092233,-23.5,1,,17.189,0.1969,16.481,0.2507,15.618,0.2293,0.2634582224219050,0.9551549047378340,-0.1351623948942530,102322121,9596681614234
74.5796627,-7.7679596,0.1829,0.1889,-0.0781,206.7988385,-28.6473919,72.2404927,-30.2614838,472.100,399.843,471.871,399.380,4274218186000679,42742r186-000679,186,42742r,679,14.352,0.063,17.4,1.16,13.375,0.151,7.2,0.483,0.822,1,0,0.00000,0.00000,0000,0000,3,AB,0,5,0.5,72.634,00,0000,0001,59826.74751405,0,,0,,19.448,3.375,0.000,55.556,5.332,0.000,365.9,21.07,321.7,44.68,7.50,7.50,14.276,0.105,0,0.260,13.779,0.358,2,0.326,14.937,0.098,0,14.493,0.400,2,14.535,0.105,0,14.105,0.358,2,14.414,0.119,2,13.991,0.396,2,14.413,0.150,2,13.951,0.479,2,14.462,0.214,3,13.031,,32,14.525,0.281,3,12.748,,32,14.514,0.320,3,12.589,,32,14.355,0.315,3,12.511,,32,747007601351013697,0.145193,-128.9,1,14.522,0.031,13.635,0.035,10.862,0.102,8.082,0.286,129874876,0.101494,-166.4,1,,17.189,0.1969,16.481,0.2507,15.618,0.2293,0.2634583143635770,0.9551550039358990,-0.1351615146737980,102322121,9596681614235
74.5796655,-7.7679896,0.1692,0.1991,-0.0715,206.7988704,-28.6474029,72.2404916,-30.2615140,621.522,141.230,619.339,140.072,4274618185000600,42746r185-000600,185,42746r,600,14.309,0.067,16.2,0.879,13.497,0.098,11.1,0.834,0.813,1,0,0.00000,0.00000,0000,0000,3,AA,0,5,0.5,110.620,00,0000,0000,59826.87790800,0,,0,,20.507,5.052,0.000,56.460,4.731,0.000,380.9,23.5,287.5,25.84,7.50,7.50,14.266,0.160,2,0.260,13.513,0.182,0,0.326,14.903,0.129,2,14.264,0.180,0,14.526,0.160,2,13.839,0.182,0,14.369,0.183,3,13.770,0.223,3,14.289,0.197,3,13.811,0.293,3,14.236,0.216,3,13.798,0.362,3,14.154,0.249,3,13.708,0.401,3,13.970,0.276,3,13.601,0.421,3,13.698,0.240,3,13.473,0.436,3,747007601351013697,0.124218,-82.2,1,14.522,0.031,13.635,0.035,10.862,0.102,8.082,0.286,129874876,0.035155,-74.6,1,,17.189,0.1969,16.481,0.2507,15.618,0.2293,0.2634582488681350,0.9551549485880220,-0.1351620334677920,102322121,9596681614235
74.5796374,-7.7679617,0.1484,0.1684,-0.0322,206.7988278,-28.6474152,72.2404636,-30.2614829,532.376,978.482,534.244,977.768,4275618129000635,42756r129-000635,129,42756r,635,14.430,0.065,16.8,0.765,13.302,0.086,12.6,1.13,0.912,1,0,0.00000,0.00000,0000,0000,3,AA,0,10,1.0,23.523,00,0000,0000,59827.20363861,0,,0,,20.329,3.683,0.000,55.620,5.255,0.000,340.8,20.25,343.9,27.21,7.50,7.50,14.352,0.100,0,0.260,13.373,0.220,0,0.326,15.030,0.106,0,14.081,0.217,0,14.611,0.100,0,13.699,0.220,0,14.414,0.105,1,13.575,0.299,3,14.284,0.116,3,13.532,0.389,3,14.173,0.127,3,13.515,0.467,3,14.075,0.134,3,12.703,,32,13.952,0.140,3,12.537,,32,13.790,0.146,3,13.093,0.526,19,747007601351013697,0.086584,-164.7,1,14.522,0.031,13.635,0.035,10.862,0.102,8.082,0.286,129874876,0.112682,143.9,1,,17.189,0.1969,16.481,0.2507,15.618,0.2293,0.2634587348124800,0.9551548828253730,-0.1351615509893790,102322121,9596681614235
74.5796920,-7.7679804,0.1672,0.1731,-0.0841,206.7988745,-28.6473753,72.2405231,-30.2615080,841.816,473.739,839.544,471.669,4276418165000892,42764r165-000892,165,42764r,892,14.301,0.080,13.6,1.24,13.080,0.097,11.2,1.19,1.15,1,0,0.00000,0.00000,0000,0000,3,AA,0,0,0.0,-0.589,00,0101,0000,59827.46442637,0,,0,,22.105,4.170,0.000,55.974,5.003,0.000,383.6,28.31,422.1,37.82,7.50,7.50,14.330,0.124,2,0.260,12.964,0.324,0,0.326,15.032,0.121,2,13.766,0.461,0,14.589,0.124,2,13.290,0.324,0,14.443,0.140,3,13.091,0.296,3,14.380,0.156,3,12.988,0.312,3,14.322,0.186,3,12.894,0.398,3,14.222,0.211,3,12.814,0.478,3,14.039,0.203,3,12.763,0.497,3,13.805,0.194,3,12.696,0.484,3,747007601351013697,0.218187,-94.3,1,14.522,0.031,13.635,0.035,10.862,0.102,8.082,0.286,129874876,0.130590,-100.5,1,,17.189,0.1969,16.481,0.2507,15.618,0.2293,0.2634578128680190,0.9551550913623010,-0.1351618743709710,102322121,9596681614235
74.5795784,-7.7678759,0.1595,0.1697,-0.0591,206.7987105,-28.6474288,72.2404086,-30.2613905,802.088,821.027,801.601,819.117,4275018186000623,42750r186-000623,186,42750r,623,14.362,0.062,17.4,0.611,13.433,0.120,9.1,0.362,0.467,1,0,0.00000,0.00000,0000,0000,3,AB,0,5,0.5,80.564,00,0000,0000,59827.00842921,0,,0,,20.076,3.803,0.000,55.591,5.478,0.000,362.8,20.86,304.9,33.65,7.50,7.50,14.372,0.099,1,0.260,13.397,0.364,3,0.326,15.004,0.091,0,14.180,0.305,0,14.632,0.099,1,13.723,0.364,3,14.506,0.125,3,13.569,0.450,3,14.442,0.149,3,13.576,0.539,3,14.374,0.175,3,12.785,,32,14.275,0.186,3,12.681,,32,14.116,0.184,3,12.439,,32,13.920,0.183,3,11.889,,32,747007601351013697,0.434948,154.4,1,14.522,0.031,13.635,0.035,10.862,0.102,8.082,0.286,129874876,0.486399,145.3,1,,17.189,0.1969,16.481,0.2507,15.618,0.2293,0.2634597721963130,0.9551548066457030,-0.1351600672383580,102322121,9596681614237
74.5795748,-7.7679245,0.1523,0.1643,-0.0522,206.7987581,-28.6474538,72.2403976,-30.2614383,206.868,830.901,210.007,831.535,4274818162000672,42748r162-000672,162,42748r,672,14.421,0.065,16.8,1.9,13.154,0.082,13.2,0.486,1.13,1,0,0.00000,0.00000,0000,0000,3,AA,0,5,0.5,100.896,00,0000,0000,59826.94323223,0,,0,,19.622,3.515,0.000,55.500,4.818,0.000,343.4,20.48,394.3,29.84,7.50,7.50,14.295,0.092,1,0.260,13.170,0.191,1,0.326,15.024,0.098,0,13.945,0.171,0,14.555,0.092,1,13.496,0.191,1,14.305,0.098,1,13.312,0.243,3,14.185,0.115,3,13.209,0.279,3,14.138,0.134,3,13.150,0.352,5,14.094,0.152,3,13.107,0.427,5,13.986,0.156,3,13.026,0.428,5,13.807,0.149,3,12.901,0.404,5,747007601351013697,0.295746,137.3,1,14.522,0.031,13.635,0.035,10.862,0.102,8.082,0.286,129874876,0.366763,127.8,1,,17.189,0.1969,16.481,0.2507,15.618,0.2293,0.2634598017257980,0.9551546795720740,-0.1351609076847770,102322121,9596681614239
74.5796386,-7.7680322,0.1711,0.1634,-0.0516,206.7989001,-28.6474458,72.2404549,-30.2615530,684.482,726.062,684.320,724.661,4276018166000625,42760r166-000625,166,42760r,625,14.243,0.063,17.2,1.88,13.379,0.099,10.9,0.514,1.17,1,0,0.00000,0.00000,0000,0000,3,AA,0,5,0.5,7.569,00,0000,0000,59827.33403247,0,,0,,19.604,3.626,0.000,55.010,5.369,0.000,404.6,23.48,320.5,29.29,7.50,7.50,14.344,0.168,2,0.260,13.519,0.221,2,0.326,14.942,0.209,2,14.292,0.210,2,14.604,0.168,2,13.845,0.221,2,14.520,0.175,3,13.666,0.260,3,14.548,0.209,3,13.576,0.302,3,14.660,0.279,3,13.527,0.368,3,14.867,0.417,3,13.541,0.499,3,14.256,,32,12.727,,32,14.105,,32,12.625,,32,747007601351013697,0.172424,-9.0,1,14.522,0.031,13.635,0.035,10.862,0.102,8.082,0.286,129874876,0.174155,20.9,1,,17.189,0.1969,16.481,0.2507,15.618,0.2293,0.2634586705858180,0.9551547280190400,-0.1351627701552000,102322121,9596681614265
74.5797048,-7.7680929,0.1976,0.2128,-0.0418,206.7989955,-28.6474146,72.2405217,-30.2616212,1000.328,215.331,996.000,212.557,4276818164000637,42768r164-000637,164,42768r,637,14.395,0.084,12.9,0.709,13.150,0.110,9.9,1.14,0.878,1,0,0.00000,0.00000,0000,0000,3,AB,0,5,0.5,25.007,00,0000,0000,59827.59482017,0,,0,,23.699,5.024,0.000,55.843,5.753,0.000,351.7,27.28,395.7,40.13,7.50,7.50,14.449,0.162,3,0.260,13.280,0.421,3,0.326,15.110,0.182,2,14.069,0.340,2,14.709,0.162,3,13.606,0.421,3,14.586,0.172,3,13.400,0.423,3,14.561,0.196,3,13.320,0.431,3,14.585,0.234,3,13.299,0.454,3,14.631,0.286,3,13.264,0.477,3,14.610,0.324,3,13.152,0.454,3,14.493,0.342,3,12.984,0.410,3,747007601351013697,0.469534,-34.1,1,14.522,0.031,13.635,0.035,10.862,0.102,8.082,0.286,129874876,0.419099,-24.5,1,,17.189,0.1969,16.481,0.2507,15.618,0.2293,0.2634575289173190,0.9551548943814470,-0.1351638198481630,102322121,9596681614267
