ra,dec,sigra,sigdec,sigradec,glon,glat,elon,elat,w1x,w1y,w2x,w2y,cntr,source_id,frame_num,scan_id,src,w1mpro,w1sigmpro,w1snr,w1rchi2,w2mpro,w2sigmpro,w2snr,w2rchi2,rchi2,nb,na,w1sat,w2sat,satnum,cc_flags,det_bit,ph_qual,sso_flg,qual_frame,qi_fact,saa_sep,moon_masked,w1frtr,w2frtr,mjd,w1cc_map,w1cc_map_str,w2cc_map,w2cc_map_str,w1sky,w1sigsk,w1conf,w2sky,w2sigsk,w2conf,w1flux,w1sigflux,w2flux,w2sigflux,w1fitr,w2fitr,w1mag,w1sigm,w1flg,w1mcor,w2mag,w2sigm,w2flg,w2mcor,w1mag_1,w1sigm_1,w1flg_1,w2mag_1,w2sigm_1,w2flg_1,w1mag_2,w1sigm_2,w1flg_2,w2mag_2,w2sigm_2,w2flg_2,w1mag_3,w1sigm_3,w1flg_3,w2mag_3,w2sigm_3,w2flg_3,w1mag_4,w1sigm_4,w1flg_4,w2mag_4,w2sigm_4,w2flg_4,w1mag_5,w1sigm_5,w1flg_5,w2mag_5,w2sigm_5,w2flg_5,w1mag_6,w1sigm_6,w1flg_6,w2mag_6,w2sigm_6,w2flg_6,w1mag_7,w1sigm_7,w1flg_7,w2mag_7,w2sigm_7,w2flg_7,w1mag_8,w1sigm_8,w1flg_8,w2mag_8,w2sigm_8,w2flg_8,allwise_cntr,r_allwise,pa_allwise,n_allwise,w1mpro_allwise,w1sigmpro_allwise,w2mpro_allwise,w2sigmpro_allwise,w3mpro_allwise,w3sigmpro_allwise,w4mpro_allwise,w4sigmpro_allwise,tmass_key,r_2mass,pa_2mass,n_2mass,xscprox,j_m_2mass,j_msig_2mass,h_m_2mass,h_msig_2mass,k_m_2mass,k_msig_2mass,x,y,z,spt_ind,htm20
112.8726148,-74.1753967,0.0541,0.0469,0.0145,285.9232595,-23.3597345,235.1437508,-79.3123062,931.644,153.102,927.596,150.574,5161301002000133,51613a002-000133,2,51613a,133,11.489,0.023,47.1,31.6,11.333,0.026,41.0,6.19,17,1,0,0.00000,0.00000,0000,0000,3,AA,0,5,0.5,27.992,00,0000,0000,56883.38629307,0,,0,,13.611,3.621,0.000,37.434,4.182,0.000,5108,108.5,2106,51.39,7.50,7.50,11.473,0.015,2,0.257,11.270,0.026,0,0.322,12.213,0.018,2,12.108,0.032,0,11.730,0.015,2,11.592,0.026,0,11.513,0.014,2,11.360,0.026,0,11.405,0.015,3,11.255,0.028,3,11.346,0.016,3,11.202,0.031,3,11.305,0.017,3,11.168,0.038,3,11.270,0.018,3,11.138,0.047,3,11.238,0.018,3,11.107,0.054,3,1111074301351023782,0.269427,102.0,1,11.466,0.022,11.185,0.020,8.628,0.022,6.437,0.048,709914239,0.157195,37.4,1,0.33,13.766,0.0710,12.908,0.0864,12.491,0.0531,-0.1059914588389790,0.2512518749291990,-0.9621009853428830,111022110,10214825440085
112.8726864,-74.1754154,0.0549,0.0480,0.0089,285.9232852,-23.3597214,235.1437767,-79.3122796,905.344,50.741,901.051,48.354,5160201026000122,51602a026-000122,26,51602a,122,11.484,0.025,43.7,11.7,11.288,0.027,39.7,5.09,7.88,1,0,0.00000,0.00000,0000,0000,3,AA,0,10,1.0,36.660,00,0000,0000,56883.05737943,0,,0,,14.037,3.754,0.000,36.329,4.444,0.000,5133,117.4,2196,55.35,7.50,7.50,11.502,0.017,2,0.257,11.218,0.025,2,0.322,12.226,0.021,2,12.049,0.033,2,11.759,0.017,2,11.540,0.025,2,11.552,0.020,2,11.315,0.024,2,11.451,0.025,3,11.204,0.026,3,11.392,0.026,3,11.138,0.029,3,11.353,0.026,3,11.098,0.040,19,11.323,0.027,3,11.069,0.055,19,11.296,0.028,3,11.038,0.062,19,1111074301351023782,0.193639,86.6,1,11.466,0.022,11.185,0.020,8.628,0.022,6.437,0.048,709914239,0.193876,7.4,1,0.38,13.766,0.0710,12.908,0.0864,12.491,0.0531,-0.1059916507674170,0.2512514531590700,-0.9621010743435710,111022110,10214825440085
112.8727222,-74.1754079,0.0434,0.0356,-0.0078,285.9232806,-23.3597098,235.1437140,-79.3122756,994.532,438.471,991.286,435.742,5160501003000131,51605a003-000131,3,51605a,131,11.562,0.018,60.3,21.6,11.330,0.024,45.3,4.65,12.7,1,0,0.00000,0.00000,0000,0000,3,AA,0,10,1.0,32.051,00,0000,0000,56883.12321308,0,,0,,13.724,3.323,0.000,37.294,3.520,0.000,4777,79.19,2112,46.61,7.50,7.50,11.454,0.012,0,0.257,11.183,0.032,2,0.322,12.186,0.016,0,12.017,0.033,2,11.711,0.012,0,11.505,0.032,2,11.502,0.011,0,11.280,0.035,2,11.397,0.011,1,11.176,0.037,3,11.335,0.012,1,11.124,0.040,3,11.288,0.013,1,11.093,0.042,3,11.248,0.014,3,11.067,0.045,3,11.211,0.015,3,11.036,0.047,3,1111074301351023782,0.158907,95.6,1,11.466,0.022,11.185,0.020,8.628,0.022,6.437,0.048,709914239,0.165543,-3.5,1,0.36,13.766,0.0710,12.908,0.0864,12.491,0.0531,-0.1059918567068470,0.2512515029687250,-0.9621010386481200,111022110,10214825440085
112.8726404,-74.1753780,0.0484,0.0441,-0.0094,285.9232423,-23.3597222,235.1436460,-79.3123108,947.144,201.898,943.211,199.339,5159801026000121,51598a026-000121,26,51598a,121,11.524,0.022,49.6,17.5,11.292,0.026,42.4,4.08,10.6,1,0,0.00000,0.00000,0000,0000,3,AA,0,10,1.0,46.892,00,0000,0000,56882.92583941,0,,0,,13.767,3.811,0.000,36.147,4.138,0.000,4946,99.65,2187,51.53,7.50,7.50,11.488,0.014,2,0.257,11.206,0.028,2,0.322,12.222,0.017,0,12.037,0.031,2,11.745,0.014,2,11.528,0.028,2,11.537,0.013,3,11.304,0.029,3,11.435,0.013,3,11.202,0.032,3,11.379,0.014,3,11.150,0.037,3,11.342,0.015,3,11.120,0.041,3,11.311,0.016,3,11.102,0.045,3,11.281,0.018,3,11.085,0.052,3,1111074301351023782,0.268363,117.3,1,11.466,0.022,11.185,0.020,8.628,0.022,6.437,0.048,709914239,0.090876,50.7,1,0.25,13.766,0.0710,12.908,0.0864,12.491,0.0531,-0.1059916931489680,0.2512521168889030,-0.9621008963420939,111022110,10214825440085
112.8728020,-74.1754245,0.0408,0.0393,0.0079,285.9233049,-23.3596940,235.1437238,-79.3122483,298.575,831.610,301.188,831.884,5167401027000156,51674a027-000156,27,51674a,156,11.547,0.019,57.2,16.4,11.269,0.025,44.1,3.39,9.44,1,0,0.00000,0.00000,0000,0000,3,AA,0,10,1.0,29.997,00,0000,0000,56885.42560912,0,,0,,15.187,4.115,0.000,36.796,3.868,0.000,4844,84.64,2234,50.72,7.50,7.50,11.475,0.014,0,0.257,11.202,0.026,0,0.322,12.198,0.016,0,12.030,0.035,0,11.732,0.014,0,11.524,0.026,0,11.525,0.013,0,11.299,0.025,2,11.420,0.013,1,11.191,0.027,3,11.355,0.014,3,11.131,0.031,3,11.308,0.014,3,11.094,0.036,3,11.270,0.015,3,11.068,0.044,3,11.236,0.015,3,11.048,0.051,3,1111074301351023782,0.091272,61.0,1,11.466,0.022,11.185,0.020,8.628,0.022,6.437,0.048,709914239,0.241725,-21.4,1,0.43,13.766,0.0710,12.908,0.0864,12.491,0.0531,-0.1059920982987680,0.2512510985191760,-0.9621011176540289,111022110,10214825440085
112.8727624,-74.1754083,0.0430,0.0406,0.0136,285.9232846,-23.3596995,235.1436831,-79.3122663,54.157,719.190,57.767,720.522,5170201021000152,51702a021-000152,21,51702a,152,11.550,0.018,59.6,20.3,11.314,0.026,42.4,4.19,11.6,1,0,0.00000,0.00000,0000,0000,3,AA,0,10,1.0,26.157,00,0000,0000,56886.34651647,0,,0,,13.541,3.181,0.000,36.698,4.151,0.000,4830,81.1,2144,50.54,7.50,7.50,11.485,0.012,0,0.257,11.223,0.023,2,0.322,12.229,0.016,0,12.066,0.031,0,11.742,0.012,0,11.545,0.023,2,11.529,0.012,2,11.325,0.023,2,11.424,0.012,3,11.233,0.028,3,11.365,0.012,3,11.189,0.035,3,11.326,0.013,3,11.159,0.042,3,11.295,0.014,3,11.134,0.055,3,11.265,0.015,3,11.113,0.068,3,1111074301351023782,0.119515,96.7,1,11.466,0.022,11.185,0.020,8.628,0.022,6.437,0.048,709914239,0.173868,-16.5,1,0.37,13.766,0.0710,12.908,0.0864,12.491,0.0531,-0.1059920303797930,0.2512514224138090,-0.9621010405518780,111022110,10214825440085
112.8727904,-74.1754246,0.0428,0.0385,0.0124,285.9233040,-23.3596971,235.1437336,-79.3122509,434.143,500.273,434.575,499.963,5165801027000141,51658a027-000141,27,51658a,141,11.544,0.018,62.0,15.9,11.262,0.025,42.8,4.14,9.95,1,0,0.00000,0.00000,0000,0000,3,AA,0,10,1.0,48.675,00,0000,0000,56884.89932188,0,,0,,13.291,3.255,0.000,36.701,4.846,0.000,4854,78.26,2249,52.58,7.50,7.50,11.496,0.013,0,0.257,11.279,0.026,2,0.322,12.230,0.016,0,12.149,0.032,2,11.753,0.013,0,11.601,0.026,2,11.539,0.013,0,11.347,0.027,2,11.429,0.013,3,11.228,0.031,3,11.362,0.014,3,11.170,0.038,3,11.313,0.015,3,11.132,0.045,3,11.274,0.017,3,11.098,0.050,3,11.242,0.019,3,11.062,0.054,3,1111074301351023782,0.101539,63.9,1,11.466,0.022,11.185,0.020,8.628,0.022,6.437,0.048,709914239,0.238140,-18.9,1,0.43,13.766,0.0710,12.908,0.0864,12.491,0.0531,-0.1059920467782460,0.2512511184309900,-0.9621011181299680,111022110,10214825440085
112.8728874,-74.1754293,0.0419,0.0451,-0.0055,285.9233175,-23.3596732,235.1436760,-79.3122263,328.137,973.434,331.193,973.592,5167001027000144,51670a027-000144,27,51670a,144,11.574,0.021,50.7,15.6,11.284,0.025,44.2,4.45,9.38,1,0,0.00000,0.00000,0000,0000,3,AA,0,10,1.0,25.210,00,0000,0000,56885.29406920,0,,0,,13.820,3.771,0.000,36.533,4.282,0.000,4724,93.09,2204,49.86,7.50,7.50,11.473,0.015,0,0.257,11.185,0.026,0,0.322,12.195,0.019,0,12.013,0.029,0,11.730,0.015,0,11.507,0.026,0,11.523,0.014,2,11.280,0.033,0,11.419,0.016,3,11.170,0.044,3,11.362,0.019,3,11.113,0.051,3,11.326,0.021,3,11.082,0.055,3,11.296,0.022,3,11.059,0.057,3,11.265,0.023,3,11.036,0.059,3,1111074301351023782,0.061691,-3.7,1,11.466,0.022,11.185,0.020,8.628,0.022,6.437,0.048,709914239,0.297235,-35.4,1,0.49,13.766,0.0710,12.908,0.0864,12.491,0.0531,-0.1059924414626600,0.2512508662733800,-0.9621011404990960,111022110,10214825440086
112.8728487,-74.1754346,0.0471,0.0426,-0.0117,285.9233195,-23.3596849,235.1437313,-79.3122321,325.866,10.673,324.928,10.774,5168501002000143,51685a002-000143,2,51685a,143,11.604,0.021,50.8,17.9,11.304,0.025,43.6,4.02,10.1,1,0,0.00000,0.00000,0000,0000,3,AA,0,10,1.0,51.228,00,0000,0000,56885.75439544,0,,0,,14.385,4.236,0.000,36.155,3.558,0.000,4597,90.45,2164,49.59,7.50,7.50,11.492,0.024,2,0.257,11.205,0.043,0,0.322,12.215,0.026,0,12.046,0.045,0,11.749,0.024,2,11.527,0.043,0,11.550,0.023,2,11.291,0.039,0,11.452,0.022,3,11.179,0.039,1,11.397,0.022,3,11.117,0.040,3,11.358,0.022,3,11.074,0.042,3,11.322,0.025,3,11.039,0.045,3,11.286,0.030,3,11.011,0.048,3,1111074301351023782,0.087502,22.8,1,11.466,0.022,11.185,0.020,8.628,0.022,6.437,0.048,709914239,0.293799,-27.2,1,0.50,13.766,0.0710,12.908,0.0864,12.491,0.0531,-0.1059922371652430,0.2512508558662380,-0.9621011657238490,111022110,10214825440086
112.8728841,-74.1754373,0.0433,0.0439,0.0111,285.9233255,-23.3596765,235.1437146,-79.3122226,84.948,860.734,88.950,861.902,5169801029000149,51698a029-000149,29,51698a,149,11.536,0.021,52.5,16.9,11.295,0.024,44.5,5.38,10.5,1,0,0.00000,0.00000,0000,0000,3,AA,0,10,1.0,26.755,00,0000,0000,56886.21497646,0,,0,,13.206,3.195,0.000,36.885,3.845,0.000,4892,93.14,2182,48.99,7.50,7.50,11.492,0.014,2,0.257,11.225,0.021,0,0.322,12.208,0.018,2,12.061,0.027,0,11.749,0.014,2,11.547,0.021,0,11.547,0.013,2,11.321,0.021,2,11.445,0.014,3,11.216,0.023,3,11.387,0.015,3,11.158,0.027,3,11.350,0.017,3,11.116,0.030,3,11.319,0.018,3,11.083,0.035,3,11.289,0.020,3,11.055,0.040,3,1111074301351023782,0.090363,-0.5,1,11.466,0.022,11.185,0.020,8.628,0.022,6.437,0.048,709914239,0.319419,-31.9,1,0.51,13.766,0.0710,12.908,0.0864,12.491,0.0531,-0.1059923747773840,0.2512507486062490,-0.9621011785741920,111022110,10214825440086
112.8730039,-74.1754527,0.0487,0.0448,-0.0122,285.9233521,-23.3596498,235.1436866,-79.3121869,534.532,33.846,532.484,33.074,5164601026000144,51646a026-000144,26,51646a,144,11.562,0.023,47.8,14.6,11.370,0.025,43.7,3.96,8.23,1,0,0.00000,0.00000,0000,0000,3,AA,0,10,1.0,35.356,00,0000,0000,56884.50457450,0,,0,,15.878,5.173,0.000,36.083,4.195,0.000,4774,99.91,2036,46.56,7.50,7.50,11.461,0.014,2,0.257,11.270,0.029,2,0.322,12.165,0.018,2,12.106,0.037,0,11.718,0.014,2,11.592,0.029,2,11.537,0.014,2,11.360,0.034,2,11.451,0.016,3,11.245,0.041,3,11.401,0.019,3,11.181,0.045,3,11.363,0.031,3,11.145,0.057,3,11.332,0.040,3,11.120,0.069,3,11.303,0.042,3,11.096,0.074,3,1111074301351023782,0.187815,-39.1,1,11.466,0.022,11.185,0.020,8.628,0.022,6.437,0.048,709914239,0.434431,-41.3,1,0.61,13.766,0.0710,12.908,0.0864,12.491,0.0531,-0.1059927996054960,0.2512502887251450,-0.9621012518687000,111022110,10214825440086
112.8729947,-74.1754337,0.0472,0.0459,-0.0168,285.9233315,-23.3596466,235.1436087,-79.3121994,566.961,117.202,565.052,116.292,5165701002000147,51657a002-000147,2,51657a,147,11.607,0.021,52.6,16.1,11.293,0.029,37.8,3.75,9.73,1,0,0.00000,0.00000,0000,0000,3,AA,0,10,1.0,50.979,00,0000,0000,56884.83348818,0,,0,,14.390,4.210,0.000,35.902,4.088,0.000,4581,87.02,2185,57.78,7.50,7.50,11.483,0.021,2,0.257,11.268,0.026,2,0.322,12.214,0.025,0,12.125,0.034,2,11.740,0.021,2,11.590,0.026,2,11.528,0.021,2,11.344,0.025,2,11.426,0.023,3,11.229,0.027,3,11.370,0.029,3,11.160,0.033,3,11.331,0.035,3,11.105,0.040,3,11.297,0.038,3,11.063,0.045,3,11.264,0.039,3,11.027,0.049,3,1111074301351023782,0.133980,-54.7,1,11.466,0.022,11.185,0.020,8.628,0.022,6.437,0.048,709914239,0.379007,-47.1,1,0.54,13.766,0.0710,12.908,0.0864,12.491,0.0531,-0.1059928832716140,0.2512505997023710,-0.9621011614404010,111022110,10214825440086
112.8728906,-74.1754352,0.0476,0.0562,-0.0149,285.9233239,-23.3596741,235.1436999,-79.3122223,747.405,19.294,743.963,17.603,5162201026000138,51622a026-000138,26,51622a,138,11.536,0.024,46.1,13,11.251,0.028,39.3,2.67,6.96,1,0,0.00000,0.00000,0000,0000,3,AA,0,10,1.0,50.178,00,0000,0000,56883.71520670,0,,0,,12.946,3.707,0.000,36.078,4.135,0.000,4891,106.1,2271,57.76,7.50,7.50,11.494,0.019,2,0.257,11.205,0.034,0,0.322,12.192,0.020,2,12.037,0.047,0,11.751,0.019,2,11.527,0.034,0,11.561,0.018,2,11.304,0.032,0,11.463,0.018,3,11.194,0.036,3,11.405,0.020,3,11.131,0.041,3,11.365,0.021,3,11.091,0.044,3,11.333,0.023,3,11.066,0.048,3,11.303,0.024,3,11.049,0.051,3,1111074301351023782,0.083110,-4.9,1,11.466,0.022,11.185,0.020,8.628,0.022,6.437,0.048,709914239,0.316518,-33.6,1,0.51,13.766,0.0710,12.908,0.0864,12.491,0.0531,-0.1059924169871250,0.2512507690719050,-0.9621011685794810,111022110,10214825440086
112.8729798,-74.1754487,0.0464,0.0445,-0.0134,285.9233458,-23.3596549,235.1436882,-79.3121945,669.198,624.792,668.750,623.464,5163001027000136,51630a027-000136,27,51630a,136,11.570,0.019,55.8,15,11.326,0.029,37.0,3.91,9.83,1,0,0.00000,0.00000,0000,0000,3,AA,0,10,1.0,42.748,00,0000,0000,56883.97841457,0,,0,,13.934,4.246,0.000,36.674,4.780,0.000,4740,84.97,2120,57.34,7.50,7.50,11.425,0.018,2,0.257,11.245,0.045,2,0.322,12.163,0.024,2,12.053,0.044,2,11.682,0.018,2,11.567,0.045,2,11.478,0.017,2,11.356,0.056,2,11.387,0.018,3,11.266,0.071,3,11.338,0.019,3,11.219,0.079,3,11.305,0.019,3,11.191,0.082,3,11.282,0.020,3,11.182,0.086,3,11.261,0.022,3,11.184,0.091,3,1111074301351023782,0.161989,-35.8,1,11.466,0.022,11.185,0.020,8.628,0.022,6.437,0.048,709914239,0.408086,-40.1,1,0.58,13.766,0.0710,12.908,0.0864,12.491,0.0531,-0.1059927200307350,0.2512503951941650,-0.9621012328311730,111022110,10214825440086
112.8729106,-74.1754275,0.0437,0.0407,0.0041,285.9233176,-23.3596666,235.1436491,-79.3122220,356.428,157.904,355.967,157.903,5168101002000144,51681a002-000144,2,51681a,144,11.566,0.019,56.7,25.7,11.275,0.026,41.1,6.46,16.2,1,0,0.00000,0.00000,0000,0000,3,AA,0,10,1.0,44.810,00,0000,0000,56885.62285547,0,,0,,13.394,3.499,0.000,36.327,4.352,0.000,4758,83.87,2222,54.12,7.50,7.50,11.484,0.015,2,0.257,11.295,0.028,2,0.322,12.233,0.017,0,12.136,0.032,2,11.741,0.015,2,11.617,0.028,2,11.529,0.015,3,11.378,0.031,3,11.432,0.016,3,11.253,0.042,3,11.384,0.018,3,11.178,0.047,3,11.352,0.020,3,11.129,0.048,3,11.323,0.021,3,11.091,0.049,3,11.294,0.022,3,11.057,0.052,3,1111074301351023782,0.061254,-25.9,1,11.466,0.022,11.185,0.020,8.628,0.022,6.437,0.048,709914239,0.305962,-39.6,1,0.50,13.766,0.0710,12.908,0.0864,12.491,0.0531,-0.1059925549464660,0.2512508512039440,-0.9621011319321970,111022110,10214825440086
112.8729673,-74.1754327,0.0453,0.0427,0.0129,285.9233281,-23.3596534,235.1436264,-79.3122062,451.990,594.832,452.710,594.444,5166901003000156,51669a003-000156,3,51669a,156,11.513,0.019,57.8,14.7,11.295,0.027,40.8,3.01,9.01,1,0,0.00000,0.00000,0000,0000,3,AA,0,10,1.0,26.197,00,0000,0000,56885.22823551,0,,0,,13.820,3.555,0.000,36.627,4.438,0.000,4994,86.45,2182,53.54,7.50,7.50,11.460,0.019,0,0.257,11.220,0.044,2,0.322,12.190,0.027,0,12.019,0.053,2,11.717,0.019,0,11.542,0.044,2,11.508,0.017,0,11.348,0.046,2,11.401,0.016,3,11.263,0.057,3,11.340,0.016,3,11.224,0.065,3,11.299,0.017,3,11.205,0.069,3,11.265,0.017,3,11.191,0.074,3,11.232,0.018,3,11.175,0.083,3,1111074301351023782,0.110664,-48.2,1,11.466,0.022,11.185,0.020,8.628,0.022,6.437,0.048,709914239,0.357204,-44.6,1,0.53,13.766,0.0710,12.908,0.0864,12.491,0.0531,-0.1059927696452920,0.2512506658617540,-0.9621011566810140,111022110,10214825440086
112.8728407,-74.1753762,0.0464,0.0428,-0.0066,285.9232581,-23.3596696,235.1434752,-79.3122662,692.219,705.711,691.958,704.335,5164101003000131,51641a003-000131,3,51641a,131,11.557,0.020,54.7,20.4,11.283,0.031,35.3,3.07,11.8,1,0,0.00000,0.00000,0000,0000,3,AA,0,5,0.5,25.263,00,0000,0000,56884.30732821,0,,0,,14.251,3.880,0.000,37.658,4.923,0.000,4797,87.75,2205,62.53,7.50,7.50,11.440,0.023,2,0.257,11.222,0.091,2,0.322,12.164,0.025,2,12.075,0.082,2,11.697,0.023,2,11.544,0.091,2,11.489,0.023,2,11.310,0.102,2,11.387,0.022,3,11.204,0.103,3,11.331,0.022,3,11.151,0.104,3,11.290,0.023,3,11.113,0.106,3,11.252,0.024,3,11.076,0.115,3,11.214,0.026,3,11.034,0.124,3,1111074301351023782,0.136180,162.1,1,11.466,0.022,11.185,0.020,8.628,0.022,6.437,0.048,709914239,0.136295,-68.0,1,0.30,13.766,0.0710,12.908,0.0864,12.491,0.0531,-0.1059925832473970,0.2512517742002610,-0.9621008877751670,111022110,10214825440087
112.8729862,-74.1754010,0.0466,0.0446,0.0091,285.9232968,-23.3596391,235.1434686,-79.3122194,570.112,180.349,568.429,179.466,5164201026000144,51642a026-000144,26,51642a,144,11.574,0.021,50.9,12.3,11.337,0.026,41.8,4.42,7.93,1,0,0.00000,0.00000,0000,0000,3,AA,0,10,1.0,27.336,00,0000,0000,56884.37303449,0,,0,,14.486,4.384,0.000,36.970,4.016,0.000,4722,92.77,2098,50.15,7.50,7.50,11.465,0.015,2,0.257,11.242,0.117,2,0.322,12.191,0.020,0,12.078,0.076,0,11.722,0.015,2,11.564,0.117,2,11.518,0.015,2,11.338,0.167,2,11.412,0.015,3,11.232,0.164,3,11.347,0.016,3,11.174,0.157,3,11.299,0.016,3,11.136,0.153,3,11.257,0.017,3,11.109,0.151,3,11.217,0.018,3,11.081,0.149,3,1111074301351023782,0.108766,-111.8,1,11.466,0.022,11.185,0.020,8.628,0.022,6.437,0.048,709914239,0.303596,-62.5,1,0.45,13.766,0.0710,12.908,0.0864,12.491,0.0531,-0.1059930594245270,0.2512511213437720,-0.9621010058082911,111022110,10214825440087
112.8728350,-74.1753935,0.0540,0.0442,0.0055,285.9232756,-23.3596762,235.1435576,-79.3122580,600.465,326.554,599.192,325.536,5163801027000142,51638a027-000142,27,51638a,142,11.530,0.022,48.8,19.4,11.291,0.028,38.7,2.92,11.2,1,0,0.00000,0.00000,0000,0000,3,AA,0,10,1.0,25.654,00,0000,0000,56884.24149456,0,,0,,14.221,3.841,0.000,35.596,5.044,0.000,4918,100.7,2190,56.6,7.50,7.50,11.436,0.045,2,0.257,11.300,0.059,2,0.322,12.148,0.065,2,12.136,0.067,2,11.693,0.045,2,11.622,0.059,2,11.489,0.038,2,11.384,0.055,2,11.385,0.035,3,11.269,0.057,3,11.326,0.034,3,11.214,0.062,3,11.287,0.034,3,11.177,0.069,3,11.252,0.034,3,11.139,0.078,3,11.218,0.034,3,11.099,0.082,3,1111074301351023782,0.082342,144.8,1,11.466,0.022,11.185,0.020,8.628,0.022,6.437,0.048,709914239,0.165650,-46.8,1,0.34,13.766,0.0710,12.908,0.0864,12.491,0.0531,-0.1059924453388330,0.2512515170881280,-0.9621009701128090,111022110,10214825440087
112.8728283,-74.1754253,0.0417,0.0393,-0.0042,285.9233081,-23.3596874,235.1437060,-79.3122419,469.587,647.060,470.425,646.591,5165401027000138,51654a027-000138,27,51654a,138,11.526,0.018,58.8,19.4,11.322,0.026,42.5,4.85,12.1,1,0,0.00000,0.00000,0000,0000,3,AA,0,10,1.0,50.908,00,0000,0000,56884.76778185,0,,0,,13.273,3.479,0.000,36.640,4.339,0.000,4936,83.88,2128,50.03,7.50,7.50,11.479,0.012,0,0.257,11.206,0.045,2,0.322,12.211,0.016,0,12.028,0.044,2,11.736,0.012,0,11.528,0.045,2,11.523,0.012,0,11.306,0.044,2,11.414,0.012,3,11.202,0.044,3,11.351,0.013,3,11.153,0.047,3,11.305,0.014,3,11.126,0.052,3,11.265,0.016,3,11.103,0.058,3,11.227,0.019,3,11.075,0.063,3,1111074301351023782,0.071689,48.9,1,11.466,0.022,11.185,0.020,8.628,0.022,6.437,0.048,709914239,0.254881,-26.6,1,0.44,13.766,0.0710,12.908,0.0864,12.491,0.0531,-0.1059922084070220,0.2512510374892980,-0.9621011214615410,111022110,10214825440087
112.8728179,-74.1754193,0.0437,0.0408,-0.0048,285.9233009,-23.3596883,235.1436875,-79.3122476,709.433,783.673,709.447,782.216,5162601027000135,51626a027-000135,27,51626a,135,11.549,0.020,54.8,17.6,11.306,0.026,42.4,3.46,10.1,1,0,0.00000,0.00000,0000,0000,3,AA,0,10,1.0,50.077,00,0000,0000,56883.84687461,0,,0,,14.783,4.502,0.000,36.625,5.093,0.000,4832,88.15,2160,50.89,7.50,7.50,11.485,0.013,2,0.257,11.142,0.063,2,0.322,12.208,0.016,0,11.967,0.058,0,11.742,0.013,2,11.464,0.063,2,11.538,0.013,2,11.263,0.066,2,11.438,0.015,3,11.171,0.066,3,11.381,0.017,3,11.115,0.067,3,11.342,0.018,3,11.079,0.068,3,11.310,0.019,3,11.060,0.071,3,11.280,0.020,3,11.054,0.076,3,1111074301351023782,0.069104,68.3,1,11.466,0.022,11.185,0.020,8.628,0.022,6.437,0.048,709914239,0.230997,-26.7,1,0.44,13.766,0.0710,12.908,0.0864,12.491,0.0531,-0.1059922019619670,0.2512511495573210,-0.9621010929051990,111022110,10214825440087
112.8728502,-74.1754249,0.0460,0.0419,0.0045,285.9233096,-23.3596816,235.1436864,-79.3122372,777.342,162.333,774.328,160.495,5161801026000126,51618a026-000126,26,51618a,126,11.489,0.020,55.6,16.4,11.257,0.028,38.5,2.31,9.08,1,0,0.00000,0.00000,0000,0000,3,AA,0,10,1.0,41.941,00,0000,0101,56883.58366672,0,,0,,13.301,4.179,0.000,36.674,4.535,0.000,5109,91.81,2260,58.63,7.50,7.50,11.422,0.013,2,0.257,11.263,0.035,2,0.322,12.164,0.017,0,12.100,0.042,2,11.679,0.013,2,11.585,0.035,2,11.466,0.014,2,11.357,0.036,2,11.361,0.015,3,11.254,0.041,3,11.302,0.015,3,11.204,0.045,3,11.262,0.017,3,11.176,0.049,3,11.230,0.019,3,11.160,0.053,3,11.198,0.023,3,11.152,0.059,3,1111074301351023782,0.056091,35.4,1,11.466,0.022,11.185,0.020,8.628,0.022,6.437,0.048,709914239,0.263973,-30.9,1,0.45,13.766,0.0710,12.908,0.0864,12.491,0.0531,-0.1059923070526810,0.2512510031647780,-0.9621011195577850,111022110,10214825440087
112.8728594,-74.1754135,0.0453,0.0396,0.0127,285.9232985,-23.3596758,235.1436277,-79.3122414,178.827,337.169,180.112,338.005,5170101007000161,51701a007-000161,7,51701a,161,11.563,0.018,60.5,16.9,11.291,0.026,42.0,2.99,9.44,1,0,0.00000,0.00000,0000,0000,3,AA,0,10,1.0,24.697,00,0000,0000,56886.28068278,0,,0,,15.459,4.144,0.000,35.975,4.909,0.000,4770,78.88,2189,52.16,7.50,7.50,11.502,0.012,0,0.257,11.256,0.042,2,0.322,12.236,0.016,0,12.090,0.053,2,11.759,0.012,0,11.578,0.042,2,11.548,0.012,0,11.346,0.044,2,11.441,0.012,1,11.235,0.050,3,11.380,0.012,1,11.180,0.065,3,11.338,0.013,1,11.152,0.077,3,11.302,0.014,1,11.135,0.083,3,11.269,0.014,3,11.117,0.086,3,1111074301351023782,0.023925,78.7,1,11.466,0.022,11.185,0.020,8.628,0.022,6.437,0.048,709914239,0.235185,-38.0,1,0.42,13.766,0.0710,12.908,0.0864,12.491,0.0531,-0.1059924218013710,0.2512511625204750,-0.9621010653007250,111022110,10214825440087
112.8728041,-74.1754116,0.0470,0.0450,0.0078,285.9232917,-23.3596896,235.1436641,-79.3122550,901.891,966.433,901.663,964.190,5160201027000144,51602a027-000144,27,51602a,144,11.514,0.023,47.7,11.6,11.275,0.027,39.6,4.2,7.7,1,0,0.00000,0.00000,0000,0000,3,AA,0,10,1.0,36.410,00,0000,0000,56883.05750675,0,,0,,15.030,3.995,0.000,37.099,4.545,0.000,4992,104.6,2221,56.15,7.50,7.50,11.486,0.014,0,0.257,11.201,0.052,2,0.322,12.206,0.017,0,12.008,0.044,0,11.743,0.014,0,11.523,0.052,2,11.537,0.013,0,11.309,0.059,2,11.435,0.013,2,11.201,0.060,2,11.375,0.014,3,11.138,0.059,3,11.329,0.014,3,11.101,0.059,3,11.288,0.016,3,11.071,0.059,3,11.250,0.018,3,11.042,0.061,3,1111074301351023782,0.077780,91.6,1,11.466,0.022,11.185,0.020,8.628,0.022,6.437,0.048,709914239,0.200146,-26.9,1,0.41,13.766,0.0710,12.908,0.0864,12.491,0.0531,-0.1059921917028170,0.2512512942165840,-0.9621010562578780,111022110,10214825440087
112.8728260,-74.1754110,0.0423,0.0401,0.0133,285.9232930,-23.3596837,235.1436436,-79.3122503,283.284,776.319,285.760,776.661,5168901003000149,51689a003-000149,3,51689a,149,11.546,0.018,60.8,19.9,11.275,0.027,40.8,3.54,11.2,1,0,0.00000,0.00000,0000,0000,3,AA,0,10,1.0,49.098,00,0000,0000,56885.88606282,0,,0,,13.609,3.435,0.000,36.405,4.391,0.000,4845,79.63,2223,54.53,7.50,7.50,11.479,0.012,0,0.257,11.205,0.038,0,0.322,12.213,0.016,0,12.039,0.050,0,11.736,0.012,0,11.527,0.038,0,11.525,0.011,1,11.294,0.037,1,11.421,0.012,1,11.176,0.038,3,11.360,0.012,1,11.109,0.039,3,11.315,0.013,1,11.068,0.042,3,11.276,0.014,3,11.048,0.046,3,11.241,0.014,3,11.036,0.050,3,1111074301351023782,0.056417,94.4,1,11.466,0.022,11.185,0.020,8.628,0.022,6.437,0.048,709914239,0.208906,-32.4,1,0.39,13.766,0.0710,12.908,0.0864,12.491,0.0531,-0.1059922916539250,0.2512512629863690,-0.9621010534022419,111022110,10214825440087
112.8727835,-74.1754023,0.0433,0.0375,0.0069,285.9232802,-23.3596922,235.1436390,-79.3122648,836.945,401.314,834.537,399.234,5162501003000143,51625a003-000143,3,51625a,143,11.525,0.018,58.7,21,11.316,0.025,43.9,3.48,11.9,1,0,0.00000,0.00000,0000,0000,3,AA,0,10,1.0,51.050,00,0000,0000,56883.78104091,0,,0,,11.578,3.552,0.000,36.506,5.167,0.000,4941,84.17,2140,48.72,7.50,7.50,11.470,0.014,2,0.257,11.274,0.027,0,0.322,12.205,0.016,0,12.092,0.032,0,11.727,0.014,2,11.596,0.027,0,11.520,0.014,2,11.378,0.027,0,11.420,0.016,3,11.280,0.034,3,11.363,0.017,3,11.235,0.046,3,11.322,0.018,3,11.210,0.054,3,11.289,0.019,3,11.192,0.059,3,11.257,0.021,3,11.172,0.064,3,1111074301351023782,0.104254,110.0,1,11.466,0.022,11.185,0.020,8.628,0.022,6.437,0.048,709914239,0.161168,-25.8,1,0.35,13.766,0.0710,12.908,0.0864,12.491,0.0531,-0.1059921620672880,0.2512514762096410,-0.9621010119955070,111022110,10214825440087
112.8728146,-74.1753846,0.0432,0.0406,0.0081,285.9232645,-23.3596789,235.1435342,-79.3122675,266.189,692.605,268.446,692.994,5167801027000146,51678a027-000146,27,51678a,146,11.576,0.018,60.4,23.2,11.339,0.027,41.0,4.21,13.1,1,0,0.00000,0.00000,0000,0000,3,AA,0,10,1.0,39.734,00,0000,0000,56885.55714914,0,,0,,12.929,2.938,0.000,36.131,4.379,0.000,4717,78.07,2095,51.15,7.50,7.50,11.470,0.013,2,0.257,11.251,0.050,2,0.322,12.207,0.016,2,12.089,0.072,0,11.727,0.013,2,11.573,0.050,2,11.515,0.012,2,11.343,0.043,2,11.409,0.012,3,11.235,0.045,3,11.347,0.013,3,11.180,0.050,3,11.304,0.014,3,11.147,0.055,3,11.270,0.014,3,11.120,0.057,3,11.235,0.015,3,11.095,0.058,3,1111074301351023782,0.120087,145.8,1,11.466,0.022,11.185,0.020,8.628,0.022,6.437,0.048,709914239,0.129477,-51.1,1,0.31,13.766,0.0710,12.908,0.0864,12.491,0.0531,-0.1059924139696250,0.2512516925226530,-0.9621009277541490,111022110,10214825440087
112.8728758,-74.1753994,0.0467,0.0421,-0.0039,285.9232853,-23.3596673,235.1435510,-79.3122454,757.468,1005.839,758.168,1004.297,5163301003000162,51633a003-000162,3,51633a,162,11.515,0.021,50.8,16.4,11.289,0.030,36.4,4.39,10.3,1,0,0.00000,0.00000,0000,0000,3,AA,0,10,1.0,37.427,00,0000,0000,56884.04424826,0,,0,,13.703,3.751,0.000,36.724,4.344,0.000,4986,98.16,2193,60.25,7.50,7.50,11.472,0.013,0,0.257,11.300,0.064,2,0.322,12.203,0.016,0,12.136,0.084,2,11.729,0.013,0,11.622,0.064,2,11.522,0.013,2,11.378,0.059,2,11.422,0.014,2,11.253,0.062,2,11.365,0.014,2,11.182,0.064,2,11.325,0.015,2,11.137,0.064,2,11.292,0.016,2,11.104,0.065,2,11.262,0.017,3,11.072,0.067,3,1111074301351023782,0.046665,170.9,1,11.466,0.022,11.185,0.020,8.628,0.022,6.437,0.048,709914239,0.209727,-50.1,1,0.39,13.766,0.0710,12.908,0.0864,12.491,0.0531,-0.1059925857455890,0.2512513503297110,-0.9621009981932570,111022110,10214825440087
112.8729020,-74.1753925,0.0434,0.0390,0.0118,285.9232805,-23.3596585,235.1434987,-79.3122433,212.089,475.059,213.731,475.730,5169701004000144,51697a004-000144,4,51697a,144,11.547,0.018,62.0,20,11.267,0.024,46.1,4.66,11.4,1,0,0.00000,0.00000,0000,0000,3,AA,0,10,1.0,30.455,00,0000,0000,56886.14914281,0,,0,,13.613,3.280,0.000,36.513,3.696,0.000,4844,78.16,2239,48.61,7.50,7.50,11.494,0.013,0,0.257,11.233,0.022,2,0.322,12.229,0.016,0,12.067,0.028,2,11.751,0.013,0,11.555,0.022,2,11.540,0.012,0,11.318,0.021,2,11.436,0.012,1,11.199,0.023,3,11.378,0.012,1,11.130,0.027,3,11.336,0.013,1,11.081,0.031,3,11.299,0.014,3,11.047,0.037,3,11.265,0.015,3,11.027,0.045,3,1111074301351023782,0.073257,-165.5,1,11.466,0.022,11.185,0.020,8.628,0.022,6.437,0.048,709914239,0.216441,-59.5,1,0.38,13.766,0.0710,12.908,0.0864,12.491,0.0531,-0.1059927456716850,0.2512514086149840,-0.9621009653534101,111022110,10214825440087
112.8728408,-74.1754226,0.0455,0.0417,0.0192,285.9233064,-23.3596833,235.1436837,-79.3122406,230.852,538.649,232.670,539.222,5168201027000145,51682a027-000145,27,51682a,145,11.508,0.018,59.4,22.1,11.271,0.026,42.1,2.37,12.4,1,0,0.00000,0.00000,0000,0000,3,AA,0,10,1.0,49.043,00,0000,0000,56885.68868911,0,,0,,12.597,2.927,0.000,36.073,4.092,0.000,5021,84.58,2231,52.99,7.50,7.50,11.535,0.013,2,0.257,11.263,0.024,2,0.322,12.275,0.017,2,12.089,0.030,2,11.792,0.013,2,11.585,0.024,2,11.571,0.012,2,11.356,0.023,2,11.463,0.012,3,11.245,0.025,3,11.404,0.013,3,11.189,0.029,3,11.369,0.014,3,11.162,0.035,3,11.343,0.015,3,11.145,0.040,3,11.319,0.016,3,11.125,0.045,3,1111074301351023782,0.056058,48.1,1,11.466,0.022,11.185,0.020,8.628,0.022,6.437,0.048,709914239,0.252154,-30.1,1,0.44,13.766,0.0710,12.908,0.0864,12.491,0.0531,-0.1059922808437740,0.2512510561383920,-0.9621011086111880,111022110,10214825440087
112.8728666,-74.1754031,0.0441,0.0456,0.0098,285.9232884,-23.3596708,235.1435751,-79.3122455,507.204,799.005,508.469,798.387,5165001027000144,51650a027-000144,27,51650a,144,11.544,0.019,56.0,20.1,11.323,0.043,25.3,3.37,13.3,1,0,0.00000,0.00000,0000,0000,3,AA,0,10,1.0,45.809,00,0000,0000,56884.63624184,0,,0,,14.156,3.600,0.000,36.336,4.642,0.000,4858,86.68,2127,83.99,7.50,7.50,11.481,0.013,0,0.257,11.627,0.080,2,0.322,12.204,0.016,0,12.467,0.093,2,11.738,0.013,0,11.949,0.080,2,11.532,0.012,0,11.706,0.079,2,11.429,0.013,3,11.583,0.083,3,11.365,0.017,3,11.511,0.085,3,11.318,0.019,3,11.464,0.088,3,11.282,0.022,3,11.423,0.092,3,11.250,0.023,3,11.376,0.106,3,1111074301351023782,0.036633,153.4,1,11.466,0.022,11.185,0.020,8.628,0.022,6.437,0.048,709914239,0.211959,-45.7,1,0.38,13.766,0.0710,12.908,0.0864,12.491,0.0531,-0.1059925212530090,0.2512513101044870,-0.9621010158030230,111022110,10214825440087
112.8728422,-74.1754275,0.0443,0.0411,0.0129,285.9233116,-23.3596844,235.1437046,-79.3122375,158.384,246.144,159.374,247.079,5169001026000170,51690a026-000170,26,51690a,170,11.561,0.018,60.9,16.4,11.269,0.026,42.0,2.47,9.32,1,0,0.00000,0.00000,0000,0000,3,AA,0,10,1.0,45.455,00,0000,0000,56885.95176920,0,,0,,14.376,3.638,0.000,36.243,4.494,0.000,4780,78.51,2235,53.22,7.50,7.50,11.481,0.012,0,0.257,11.238,0.050,2,0.322,12.216,0.016,0,12.059,0.065,2,11.738,0.012,0,11.560,0.050,2,11.530,0.012,3,11.332,0.043,3,11.424,0.012,3,11.217,0.042,3,11.362,0.012,3,11.147,0.042,3,11.317,0.013,3,11.096,0.050,3,11.279,0.013,3,11.060,0.057,3,11.243,0.014,3,11.030,0.061,3,1111074301351023782,0.068277,36.2,1,11.466,0.022,11.185,0.020,8.628,0.022,6.437,0.048,709914239,0.268214,-28.5,1,0.47,13.766,0.0710,12.908,0.0864,12.491,0.0531,-0.1059922550018160,0.2512509777382290,-0.9621011319321970,111022110,10214825440087
112.8727892,-74.1754077,0.0440,0.0418,-0.0046,285.9232863,-23.3596923,235.1436587,-79.3122605,532.175,949.121,533.939,948.405,5164601027000133,51646a027-000133,27,51646a,133,11.535,0.020,53.7,17.1,11.244,0.030,36.2,3.07,10.1,1,0,0.00000,0.00000,0000,0000,3,AA,0,10,1.0,35.923,00,0000,0000,56884.50470182,0,,0,,15.452,4.132,0.000,35.272,4.605,0.000,4896,91.12,2287,63.09,7.50,7.50,11.458,0.014,0,0.257,11.185,0.034,2,0.322,12.175,0.018,0,11.976,0.046,2,11.715,0.014,0,11.507,0.034,2,11.512,0.013,0,11.294,0.031,2,11.408,0.013,1,11.185,0.031,3,11.346,0.013,1,11.122,0.034,3,11.302,0.014,3,11.082,0.039,3,11.263,0.014,3,11.043,0.045,3,11.225,0.015,3,11.008,0.050,3,1111074301351023782,0.093787,99.9,1,11.466,0.022,11.185,0.020,8.628,0.022,6.437,0.048,709914239,0.181137,-24.7,1,0.37,13.766,0.0710,12.908,0.0864,12.491,0.0531,-0.1059921518182460,0.2512513821190900,-0.9621010376962420,111022110,10214825440087
112.8729710,-74.1754084,0.0433,0.0409,-0.0076,285.9233031,-23.3596452,235.1435142,-79.3122188,322.086,924.592,324.978,924.768,5168501003000153,51685a003-000153,3,51685a,153,11.516,0.022,50.2,18,11.278,0.026,41.3,4.29,10.9,1,0,0.00000,0.00000,0000,0000,3,AA,0,10,1.0,50.690,00,0000,0000,56885.75452280,0,,0,,13.971,3.678,0.000,36.375,4.515,0.000,4982,99.3,2216,53.61,7.50,7.50,11.550,0.017,2,0.257,11.226,0.044,2,0.322,12.284,0.019,2,12.047,0.046,2,11.807,0.017,2,11.548,0.044,2,11.591,0.017,2,11.323,0.041,2,11.479,0.020,3,11.218,0.040,3,11.412,0.022,3,11.163,0.043,3,11.365,0.022,3,11.125,0.047,3,11.328,0.023,3,11.097,0.053,3,11.291,0.024,3,11.084,0.058,3,1111074301351023782,0.087175,-99.0,1,11.466,0.022,11.185,0.020,8.628,0.022,6.437,0.048,709914239,0.304221,-56.7,1,0.46,13.766,0.0710,12.908,0.0864,12.491,0.0531,-0.1059929444717400,0.2512510349737890,-0.9621010410278180,111022110,10214825440087
112.8728677,-74.1753867,0.0472,0.0382,-0.0039,285.9232714,-23.3596657,235.1435005,-79.3122543,979.337,348.949,975.791,346.276,5159401027000128,51594a027-000128,27,51594a,128,11.588,0.019,57.2,17,11.347,0.025,43.7,4.01,10.1,1,0,0.00000,0.00000,0000,0000,3,AA,0,10,1.0,50.792,00,0000,0000,56882.79429944,0,,0,,12.138,3.089,0.000,36.429,4.042,0.000,4662,81.44,2080,47.58,7.50,7.50,11.470,0.013,0,0.257,11.229,0.045,2,0.322,12.203,0.017,0,12.051,0.063,2,11.727,0.013,0,11.551,0.045,2,11.521,0.013,2,11.332,0.040,2,11.417,0.013,3,11.233,0.038,3,11.353,0.013,3,11.185,0.039,3,11.307,0.014,3,11.159,0.046,3,11.266,0.014,3,11.141,0.054,3,11.229,0.016,3,11.121,0.057,3,1111074301351023782,0.093069,170.5,1,11.466,0.022,11.185,0.020,8.628,0.022,6.437,0.048,709914239,0.176833,-59.8,1,0.34,13.766,0.0710,12.908,0.0864,12.491,0.0531,-0.1059926331158370,0.2512515618018650,-0.9621009377488910,111022110,10214825440087
112.8728489,-74.1754196,0.0427,0.0386,0.0124,285.9233040,-23.3596803,235.1436637,-79.3122404,245.019,621.360,247.090,621.865,5169301003000155,51693a003-000155,3,51693a,155,11.567,0.018,60.8,14.8,11.221,0.025,43.1,3.94,9.04,1,0,0.00000,0.00000,0000,0000,3,AA,0,10,1.0,39.922,00,0000,0000,56886.01760279,0,,0,,12.750,3.044,0.000,36.219,4.235,0.000,4753,78.18,2334,54.14,7.50,7.50,11.509,0.012,0,0.257,11.293,0.069,2,0.322,12.242,0.016,0,12.152,0.054,2,11.766,0.012,0,11.615,0.069,2,11.556,0.012,1,11.385,0.076,3,11.452,0.012,1,11.280,0.075,3,11.393,0.013,1,11.221,0.073,3,11.352,0.014,3,11.186,0.073,3,11.322,0.015,3,11.162,0.075,3,11.298,0.016,3,11.136,0.078,3,1111074301351023782,0.043013,51.7,1,11.466,0.022,11.185,0.020,8.628,0.022,6.437,0.048,709914239,0.247103,-32.9,1,0.45,13.766,0.0710,12.908,0.0864,12.491,0.0531,-0.1059923359438740,0.2512510875685390,-0.9621010943330160,111022110,10214825440087
112.8727984,-74.1753654,0.0538,0.0404,-0.0046,285.9232431,-23.3596774,235.1434610,-79.3122818,599.553,270.827,598.064,269.790,5165301003000135,51653a003-000135,3,51653a,135,11.522,0.022,48.6,15.5,11.287,0.024,44.3,3.94,8.91,1,0,0.00000,0.00000,0000,0000,3,AA,0,10,1.0,49.702,00,0000,0000,56884.70194817,0,,0,,13.491,4.068,0.000,36.284,4.322,0.000,4956,102,2199,49.61,7.50,7.50,11.511,0.015,2,0.257,11.211,0.065,2,0.322,12.221,0.018,2,12.030,0.090,2,11.768,0.015,2,11.533,0.065,2,11.560,0.019,2,11.316,0.058,2,11.454,0.025,3,11.217,0.058,3,11.391,0.026,3,11.168,0.059,3,11.347,0.026,3,11.140,0.061,3,11.312,0.027,3,11.123,0.063,3,11.281,0.028,3,11.107,0.066,3,1111074301351023782,0.187968,153.7,1,11.466,0.022,11.185,0.020,8.628,0.022,6.437,0.048,709914239,0.085697,-81.8,1,0.23,13.766,0.0710,12.908,0.0864,12.491,0.0531,-0.1059924682436320,0.2512520195438500,-0.9621008363735890,111022110,10214825440087
112.8727259,-74.1753589,0.0477,0.0393,-0.0121,285.9232300,-23.3596943,235.1434907,-79.3123019,960.724,297.482,957.061,294.885,5160901003000135,51609a003-000135,3,51609a,135,11.542,0.019,56.0,28.5,11.235,0.027,40.2,4.14,15.5,1,0,0.00000,0.00000,0000,0000,3,AA,0,10,1.0,25.466,00,0000,0000,56883.25475309,0,,0,,13.258,3.369,0.000,36.569,4.462,0.000,4863,86.86,2306,57.41,7.50,7.50,11.472,0.015,2,0.257,11.119,0.050,2,0.322,12.195,0.018,2,11.955,0.053,2,11.729,0.015,2,11.441,0.050,2,11.515,0.015,3,11.219,0.047,3,11.405,0.016,3,11.123,0.048,3,11.339,0.017,3,11.075,0.050,3,11.290,0.017,3,11.042,0.051,3,11.245,0.019,3,11.017,0.053,3,11.203,0.020,3,10.993,0.055,3,1111074301351023782,0.246362,141.2,1,11.466,0.022,11.185,0.020,8.628,0.022,6.437,0.048,709914239,0.017628,-129.3,1,0.20,13.766,0.0710,12.908,0.0864,12.491,0.0531,-0.1059921927421580,0.2512522542273860,-0.9621008054374380,111022110,10214825440087
112.8729069,-74.1754074,0.0478,0.0457,0.0051,285.9232964,-23.3596616,235.1435617,-79.3122339,423.051,444.137,423.331,443.875,5167301003000145,51673a003-000145,3,51673a,145,11.584,0.019,58.6,16.6,11.307,0.035,31.3,3.21,10.7,1,0,0.00000,0.00000,0000,0000,3,AA,0,10,1.0,26.606,00,0000,0000,56885.35977553,0,,0,,13.187,3.784,0.000,36.535,4.683,0.000,4682,79.84,2157,68.99,7.50,7.50,11.495,0.023,2,0.257,11.283,0.035,2,0.322,12.226,0.019,0,12.082,0.040,2,11.752,0.023,2,11.605,0.035,2,11.540,0.027,2,11.404,0.039,2,11.432,0.027,3,11.313,0.046,3,11.370,0.026,3,11.267,0.050,3,11.328,0.026,3,11.243,0.054,3,11.294,0.026,3,11.226,0.060,3,11.266,0.026,3,11.209,0.072,3,1111074301351023782,0.028903,-126.7,1,11.466,0.022,11.185,0.020,8.628,0.022,6.437,0.048,709914239,0.251636,-49.5,1,0.43,13.766,0.0710,12.908,0.0864,12.491,0.0531,-0.1059926699098460,0.2512511690253570,-0.9621010362684230,111022110,10214825440087
112.8728602,-74.1754172,0.0444,0.0391,0.0140,285.9233025,-23.3596767,235.1436437,-79.3122391,195.498,395.316,196.896,396.064,5168601027000150,51686a027-000150,27,51686a,150,11.545,0.018,61.8,16.8,11.327,0.025,43.5,4.17,10.4,1,0,0.00000,0.00000,0000,0000,3,AA,0,10,1.0,51.073,00,0000,0000,56885.82022913,0,,0,,13.416,3.385,0.000,35.935,3.777,0.000,4851,78.56,2118,48.69,7.50,7.50,11.485,0.013,0,0.257,11.227,0.032,2,0.322,12.222,0.016,0,12.072,0.034,0,11.742,0.013,0,11.549,0.032,2,11.525,0.012,0,11.316,0.034,2,11.413,0.012,3,11.206,0.037,3,11.345,0.012,3,11.149,0.042,3,11.297,0.012,3,11.112,0.046,3,11.255,0.013,3,11.077,0.049,3,11.215,0.013,3,11.037,0.051,3,1111074301351023782,0.028953,51.6,1,11.466,0.022,11.185,0.020,8.628,0.022,6.437,0.048,709914239,0.246285,-36.2,1,0.43,13.766,0.0710,12.908,0.0864,12.491,0.0531,-0.1059924011604280,0.2512511037960530,-0.9621010829104770,111022110,10214825440087
112.8729450,-74.1754214,0.0433,0.0404,-0.0055,285.9233143,-23.3596559,235.1435937,-79.3122175,710.584,696.973,710.221,695.458,4618801253000149,46188a253-000149,253,46188a,149,11.587,0.020,55.0,17.7,11.446,0.027,40.9,3.7,11,1,0,0.00000,0.00000,0000,0000,3,AA,0,10,1.0,30.960,00,0000,0000,56704.89790558,0,,0,,15.407,4.444,0.000,33.960,4.911,0.000,4717,85.71,1941,47.5,7.50,7.50,11.531,0.017,0,0.257,11.342,0.040,2,0.322,12.265,0.021,0,12.131,0.042,2,11.788,0.017,0,11.664,0.040,2,11.574,0.016,3,11.462,0.044,3,11.466,0.016,3,11.368,0.052,3,11.404,0.016,3,11.318,0.058,3,11.360,0.019,3,11.287,0.063,3,11.320,0.021,3,11.257,0.068,3,11.283,0.022,3,11.227,0.074,3,1111074301351023782,0.069034,-61.3,1,11.466,0.022,11.185,0.020,8.628,0.022,6.437,0.048,709914239,0.313125,-46.9,1,0.49,13.766,0.0710,12.908,0.0864,12.491,0.0531,-0.1059927456092400,0.2512508819426770,-0.9621011028999200,111022110,10214825440086
112.8729516,-74.1754333,0.0434,0.0424,-0.0058,285.9233273,-23.3596577,235.1436419,-79.3122095,642.151,566.755,641.645,565.544,4618001253000151,46180a253-000151,253,46180a,151,11.631,0.019,56.8,16.1,11.374,0.027,40.4,3.09,9.58,1,0,0.00000,0.00000,0000,0000,3,AA,0,10,1.0,45.657,00,0000,0000,56704.63444337,0,,0,,14.261,4.520,0.000,35.401,5.321,0.000,4530,79.81,2075,51.4,7.50,7.50,11.520,0.018,2,0.257,11.313,0.094,2,0.322,12.240,0.020,2,12.181,0.094,2,11.777,0.018,2,11.635,0.094,2,11.577,0.017,3,11.387,0.093,3,11.470,0.017,3,11.281,0.092,3,11.408,0.018,3,11.229,0.092,3,11.367,0.019,3,11.197,0.096,3,11.333,0.020,3,11.169,0.101,3,11.303,0.022,3,11.136,0.105,3,1111074301351023782,0.101319,-41.4,1,11.466,0.022,11.185,0.020,8.628,0.022,6.437,0.048,709914239,0.348153,-42.5,1,0.52,13.766,0.0710,12.908,0.0864,12.491,0.0531,-0.1059926968823310,0.2512506856226480,-0.9621011595366460,111022110,10214825440086
112.8729769,-74.1754458,0.0426,0.0437,-0.0116,285.9233425,-23.3596548,235.1436775,-79.3121968,609.042,46.596,606.595,45.474,4617601170000150,46176a170-000150,170,46176a,150,11.586,0.021,52.6,15.9,11.399,0.024,44.5,3.8,9.35,1,0,0.00000,0.00000,0000,0000,3,AA,0,10,1.0,47.703,00,0000,0000,56704.50264862,0,,0,,13.993,3.579,0.000,33.759,4.122,0.000,4720,89.8,2028,45.55,7.50,7.50,11.500,0.015,2,0.257,11.259,0.076,2,0.322,12.235,0.019,0,12.108,0.082,0,11.757,0.015,2,11.581,0.076,2,11.549,0.015,3,11.346,0.068,3,11.449,0.016,3,11.238,0.064,3,11.392,0.023,3,11.180,0.063,3,11.349,0.028,3,11.142,0.063,3,11.311,0.029,3,11.116,0.064,3,11.275,0.030,3,11.093,0.064,3,1111074301351023782,0.151903,-37.2,1,11.466,0.022,11.185,0.020,8.628,0.022,6.437,0.048,709914239,0.398293,-40.8,1,0.58,13.766,0.0710,12.908,0.0864,12.491,0.0531,-0.1059927262415550,0.2512504454262090,-0.9621012190289620,111022110,10214825440086
112.8730167,-74.1754121,0.0498,0.0452,0.0117,285.9233110,-23.3596344,235.1434937,-79.3122064,857.376,41.025,853.325,38.836,4620401253000153,46204a253-000153,253,46204a,153,11.532,0.024,46.2,9.88,11.361,0.026,41.4,2.7,5.72,1,0,0.00000,0.00000,0000,0000,3,AA,0,10,1.0,48.963,00,0000,0000,56705.42521190,0,,0,,14.548,3.760,0.000,33.333,4.211,0.000,4959,107.4,2101,50.74,7.50,7.50,11.465,0.018,2,0.257,11.295,0.048,2,0.322,12.201,0.025,0,12.125,0.057,0,11.722,0.018,2,11.617,0.048,2,11.518,0.016,2,11.390,0.045,2,11.421,0.016,3,11.278,0.045,3,11.369,0.017,3,11.213,0.045,3,11.338,0.018,3,11.168,0.047,3,11.309,0.020,3,11.137,0.049,3,11.280,0.021,3,11.114,0.052,3,1111074301351023782,0.130959,-90.2,1,11.466,0.022,11.185,0.020,8.628,0.022,6.437,0.048,709914239,0.349291,-58.9,1,0.51,13.766,0.0710,12.908,0.0864,12.491,0.0531,-0.1059931207241910,0.2512508931876760,-0.9621010586375750,111022110,10214825440086
112.8729475,-74.1754308,0.0427,0.0423,-0.0024,285.9233243,-23.3596580,235.1436339,-79.3122118,680.349,175.179,677.962,173.809,4618401253000158,46184a253-000158,253,46184a,158,11.562,0.021,52.4,16.9,11.392,0.024,44.5,2.67,9.11,1,0,0.00000,0.00000,0000,0000,3,AA,0,10,1.0,38.876,00,0000,0000,56704.76611079,0,,0,,16.413,4.677,0.000,33.791,4.235,0.000,4825,92.1,2040,45.8,7.50,7.50,11.560,0.015,2,0.257,11.284,0.085,2,0.322,12.298,0.019,2,12.116,0.118,0,11.817,0.015,2,11.606,0.085,2,11.605,0.014,3,11.380,0.071,3,11.499,0.014,3,11.272,0.067,3,11.439,0.015,3,11.217,0.067,3,11.401,0.017,3,11.190,0.071,3,11.370,0.020,3,11.176,0.080,3,11.340,0.026,3,11.165,0.088,3,1111074301351023782,0.091955,-43.3,1,11.466,0.022,11.185,0.020,8.628,0.022,6.437,0.048,709914239,0.338813,-43.0,1,0.52,13.766,0.0710,12.908,0.0864,12.491,0.0531,-0.1059926952202090,0.2512507318860120,-0.9621011476381780,111022110,10214825440086
112.8729608,-74.1754392,0.0449,0.0412,0.0127,285.9233342,-23.3596570,235.1436609,-79.3122041,853.515,956.771,853.550,954.716,4620401254000149,46204a254-000149,254,46204a,149,11.513,0.022,48.5,18.3,11.403,0.025,42.9,4.29,10.7,1,0,0.00000,0.00000,0000,0000,3,AA,0,10,1.0,49.434,00,0000,0000,56705.42533927,0,,0,,14.288,3.870,0.000,33.335,4.678,0.000,5046,104.1,2021,47.08,7.50,7.50,11.567,0.013,2,0.257,11.263,0.045,2,0.322,12.313,0.016,2,12.093,0.044,0,11.824,0.013,2,11.585,0.045,2,11.602,0.012,2,11.365,0.046,2,11.492,0.014,3,11.265,0.046,3,11.424,0.016,3,11.208,0.048,3,11.369,0.016,3,11.162,0.052,3,11.319,0.017,3,11.121,0.055,3,11.272,0.017,3,11.082,0.057,3,1111074301351023782,0.123435,-38.1,1,11.466,0.022,11.185,0.020,8.628,0.022,6.437,0.048,709914239,0.369994,-41.3,1,0.55,13.766,0.0710,12.908,0.0864,12.491,0.0531,-0.1059926987175820,0.2512505773216720,-0.9621011876170250,111022110,10214825440086
112.8728725,-74.1754168,0.0437,0.0378,0.0026,285.9233031,-23.3596734,235.1436319,-79.3122366,888.652,484.781,886.287,482.473,4620801253000140,46208a253-000140,253,46208a,140,11.566,0.019,57.6,17,11.411,0.028,38.8,3.28,9.47,1,0,0.00000,0.00000,0000,0000,3,AA,0,10,1.0,48.907,00,0000,0000,56705.55700669,0,,0,,11.794,3.246,0.000,33.222,4.534,0.000,4808,83.41,2005,51.62,7.50,7.50,11.533,0.012,0,0.257,11.272,0.049,2,0.322,12.250,0.015,0,12.104,0.062,0,11.790,0.012,0,11.594,0.049,2,11.587,0.012,1,11.370,0.050,3,11.484,0.014,1,11.260,0.061,3,11.423,0.015,3,11.200,0.067,3,11.379,0.016,3,11.171,0.069,3,11.341,0.017,3,11.154,0.071,3,11.308,0.018,3,11.144,0.074,3,1111074301351023782,0.019663,32.6,1,11.466,0.022,11.185,0.020,8.628,0.022,6.437,0.048,709914239,0.252478,-38.6,1,0.43,13.766,0.0710,12.908,0.0864,12.491,0.0531,-0.1059924577085930,0.2512510872306680,-0.9621010810067200,111022110,10214825440087
112.8728909,-74.1754145,0.0469,0.0474,0.0068,285.9233024,-23.3596679,235.1436066,-79.3122336,928.491,20.309,923.945,17.742,4621201253000172,46212a253-000172,253,46212a,172,11.571,0.023,46.3,20.6,11.389,0.025,43.0,4.12,11.8,1,0,0.00000,0.00000,0000,0000,3,AA,0,10,1.0,42.139,00,0000,0000,56705.68867412,0,,0,,12.633,3.271,0.000,32.975,3.765,0.000,4785,103.5,2047,47.6,7.50,7.50,11.628,0.025,2,0.257,11.340,0.022,0,0.322,12.388,0.032,2,12.188,0.028,0,11.885,0.025,2,11.662,0.022,0,11.655,0.022,2,11.436,0.023,2,11.538,0.024,2,11.341,0.026,2,11.473,0.028,3,11.303,0.030,3,11.429,0.029,3,11.286,0.033,3,11.392,0.029,3,11.269,0.037,3,11.358,0.030,3,11.252,0.041,3,1111074301351023782,0.011146,-42.0,1,11.466,0.022,11.185,0.020,8.628,0.022,6.437,0.048,709914239,0.258003,-42.9,1,0.44,13.766,0.0710,12.908,0.0864,12.491,0.0531,-0.1059925534071120,0.2512510887765800,-0.9621010700601180,111022110,10214825440087
112.8728781,-74.1753860,0.0544,0.0546,0.0146,285.9232716,-23.3596627,235.1434889,-79.3122523,1001.584,11.139,,,4622001253000188,46220a253-000188,253,46220a,188,11.624,0.022,50.5,19.3,,,,,19.3,1,0,0.00000,,0000,0000,1,AX,0,10,1.0,26.738,00,0000,,56705.95213633,0,,0,,11.870,3.547,0.000,,,,4557,90.25,,,7.50,-100.00,11.604,0.013,2,0.257,,,,,12.352,0.017,0,,,,11.861,0.013,2,,,,11.641,0.012,2,,,,11.533,0.013,2,,,,11.471,0.014,2,,,,11.430,0.016,2,,,,11.398,0.017,2,,,,11.369,0.019,2,,,,1111074301351023782,0.094458,176.9,1,11.466,0.022,11.185,0.020,8.628,0.022,6.437,0.048,709914239,0.184536,-62.1,1,0.34,13.766,0.0710,12.908,0.0864,12.491,0.0531,-0.1059926832903180,0.2512515533927240,-0.9621009344173100,111022110,10214825440087
112.8729282,-74.1753968,0.0471,0.0463,-0.0104,285.9232873,-23.3596529,235.1434968,-79.3122349,783.773,57.064,780.290,55.162,4619601253000158,46196a253-000158,253,46196a,158,11.569,0.022,50.3,18.4,11.416,0.028,39.0,3.4,10.5,1,0,0.00000,0.00000,0000,0000,3,AA,0,10,1.0,32.870,00,0000,0000,56705.16174973,0,,0,,14.991,4.101,0.000,33.545,4.168,0.000,4793,95.25,1996,51.14,7.50,7.50,11.530,0.014,0,0.257,11.361,0.042,2,0.322,12.270,0.017,0,12.191,0.047,0,11.787,0.014,0,11.683,0.042,2,11.576,0.014,2,11.448,0.040,2,11.477,0.015,3,11.327,0.040,3,11.424,0.016,3,11.256,0.042,3,11.392,0.018,3,11.212,0.045,3,11.367,0.021,3,11.183,0.047,3,11.346,0.024,3,11.157,0.053,3,1111074301351023782,0.070827,-141.5,1,11.466,0.022,11.185,0.020,8.628,0.022,6.437,0.048,709914239,0.246459,-59.4,1,0.41,13.766,0.0710,12.908,0.0864,12.491,0.0531,-0.1059928324977660,0.2512512936196530,-0.9621009858188230,111022110,10214825440087
112.8729009,-74.1753961,0.0433,0.0398,0.0056,285.9232841,-23.3596598,235.1435158,-79.3122415,745.263,295.043,742.992,293.365,4619201253000150,46192a253-000150,253,46192a,150,11.567,0.020,55.4,16.2,11.400,0.024,45.7,3.5,9.23,1,0,0.00000,0.00000,0000,0000,3,AA,0,10,1.0,28.184,00,0001,0000,56705.02957300,0,,0,,12.652,3.548,0.000,33.355,5.714,0.000,4803,86.62,2026,44.3,7.50,7.50,11.594,0.023,2,0.257,11.311,0.042,2,0.322,12.323,0.028,2,12.146,0.038,0,11.851,0.023,2,11.633,0.042,2,11.647,0.021,2,11.408,0.048,2,11.550,0.021,3,11.307,0.051,3,11.497,0.023,3,11.258,0.054,3,11.463,0.031,3,11.233,0.058,3,11.438,0.038,3,11.210,0.062,3,11.416,0.040,3,11.179,0.065,3,1111074301351023782,0.060480,-163.4,1,11.466,0.022,11.185,0.020,8.628,0.022,6.437,0.048,709914239,0.222394,-56.5,1,0.40,13.766,0.0710,12.908,0.0864,12.491,0.0531,-0.1059927173515730,0.2512513549525810,-0.9621009824872450,111022110,10214825440087
112.8729015,-74.1753925,0.0405,0.0361,-0.0089,285.9232804,-23.3596586,235.1434991,-79.3122434,961.286,471.019,958.433,468.409,4621601253000141,46216a253-000141,253,46216a,141,11.591,0.018,61.0,22.3,11.377,0.026,42.1,6.5,13.5,1,0,0.00000,0.00000,0000,0000,3,AA,0,10,1.0,32.851,00,0000,0000,56705.82046890,0,,0,,13.694,3.483,0.000,33.095,4.595,0.000,4698,76.99,2069,49.1,7.50,7.50,11.528,0.012,0,0.257,11.220,0.052,2,0.322,12.254,0.014,0,12.050,0.079,0,11.785,0.012,0,11.542,0.052,2,11.576,0.012,2,11.313,0.045,2,11.473,0.012,3,11.200,0.043,3,11.410,0.012,3,11.142,0.043,3,11.363,0.013,3,11.109,0.045,3,11.323,0.013,3,11.082,0.046,3,11.286,0.014,3,11.056,0.049,3,1111074301351023782,0.073136,-165.9,1,11.466,0.022,11.185,0.020,8.628,0.022,6.437,0.048,709914239,0.216018,-59.5,1,0.38,13.766,0.0710,12.908,0.0864,12.491,0.0531,-0.1059927434791020,0.2512514095399450,-0.9621009653534101,111022110,10214825440087
112.8728694,-74.1754106,0.0443,0.0414,0.0059,285.9232964,-23.3596723,235.1436066,-79.3122407,816.150,508.746,814.348,506.740,4620001253000146,46200a253-000146,253,46200a,146,11.550,0.019,56.4,21.3,11.416,0.028,38.3,4.73,12.8,1,0,0.00000,0.00000,0000,0000,3,AA,0,10,1.0,42.447,00,0000,0000,56705.29354448,0,,0,,13.867,3.895,0.000,33.774,5.039,0.000,4878,86.56,1996,52.17,7.50,7.50,11.534,0.026,2,0.257,11.307,0.028,2,0.322,12.262,0.024,2,12.134,0.032,2,11.791,0.026,2,11.629,0.028,2,11.573,0.025,2,11.406,0.031,2,11.465,0.024,3,11.300,0.035,3,11.407,0.023,3,11.240,0.039,3,11.370,0.023,3,11.194,0.041,3,11.338,0.024,3,11.147,0.044,3,11.304,0.024,3,11.097,0.048,3,1111074301351023782,0.014811,112.9,1,11.466,0.022,11.185,0.020,8.628,0.022,6.437,0.048,709914239,0.233425,-41.4,1,0.41,13.766,0.0710,12.908,0.0864,12.491,0.0531,-0.1059924845806270,0.2512511888886020,-0.9621010514984850,111022110,10214825440087
112.8728890,-74.1754476,0.0468,0.0408,0.0113,285.9233366,-23.3596782,235.1437570,-79.3122158,924.424,934.484,923.915,932.194,4621201254000141,46212a254-000141,254,46212a,141,11.537,0.021,50.5,16.4,11.365,0.026,41.1,4.85,10.5,1,0,0.00000,0.00000,0000,0000,3,AA,0,10,1.0,41.713,00,0000,0000,56705.68880148,0,,0,,12.583,3.417,0.000,32.278,4.041,0.000,4937,97.75,2093,50.86,7.50,7.50,11.543,0.038,0,0.257,11.208,0.026,2,0.322,12.281,0.032,0,12.047,0.030,2,11.800,0.038,0,11.530,0.026,2,11.582,0.035,0,11.308,0.028,2,11.470,0.032,3,11.204,0.030,3,11.403,0.030,3,11.149,0.034,3,11.357,0.030,3,11.113,0.037,3,11.321,0.029,3,11.088,0.039,3,11.287,0.029,3,11.071,0.043,3,1111074301351023782,0.127563,-2.5,1,11.466,0.022,11.185,0.020,8.628,0.022,6.437,0.048,709914239,0.353773,-29.4,1,0.54,13.766,0.0710,12.908,0.0864,12.491,0.0531,-0.1059923290387500,0.2512505801853930,-0.9621012275958520,111022110,10214825440094
112.8729019,-74.1754564,0.0447,0.0412,-0.0049,285.9233469,-23.3596775,235.1437861,-79.3122080,605.732,962.169,607.182,961.147,4617601171000142,46176a171-000142,171,46176a,142,11.544,0.022,48.5,15.8,11.430,0.027,40.6,2.75,8.76,1,0,0.00000,0.00000,0000,0000,3,AA,0,10,1.0,48.230,00,0000,0000,56704.50277598,0,,0,,14.340,3.687,0.000,33.695,4.206,0.000,4908,101.2,1971,48.52,7.50,7.50,11.484,0.012,2,0.257,11.276,0.035,2,0.322,12.192,0.015,2,12.096,0.038,0,11.741,0.012,2,11.598,0.035,2,11.551,0.012,2,11.388,0.038,2,11.455,0.012,3,11.296,0.040,3,11.400,0.013,3,11.249,0.043,3,11.360,0.015,3,11.223,0.048,3,11.324,0.016,3,11.206,0.053,3,11.293,0.018,3,11.185,0.057,3,1111074301351023782,0.160164,-6.5,1,11.466,0.022,11.185,0.020,8.628,0.022,6.437,0.048,709914239,0.387615,-28.7,1,0.57,13.766,0.0710,12.908,0.0864,12.491,0.0531,-0.1059923281714430,0.2512504201724450,-0.9621012694784100,111022110,10214825440094
112.8729150,-74.1754535,0.0515,0.0422,0.0054,285.9233451,-23.3596732,235.1437624,-79.3122066,997.599,926.702,996.664,924.002,4622001254000146,46220a254-000146,254,46220a,146,11.502,0.023,47.6,15,11.366,0.028,38.3,3.49,9.38,1,0,0.00000,0.00000,0000,0000,3,AA,0,10,1.0,26.036,00,0000,0000,56705.95226365,0,,0,,11.701,2.866,0.000,32.762,4.193,0.000,5097,107.2,2090,54.58,7.50,7.50,11.547,0.013,2,0.257,11.282,0.034,2,0.322,12.276,0.016,2,12.087,0.036,2,11.804,0.013,2,11.604,0.034,2,11.589,0.013,2,11.384,0.035,2,11.479,0.014,3,11.270,0.035,3,11.412,0.014,3,11.202,0.037,3,11.361,0.015,3,11.159,0.039,3,11.319,0.015,3,11.123,0.043,3,11.280,0.016,3,11.082,0.046,3,1111074301351023782,0.151902,-11.8,1,11.466,0.022,11.185,0.020,8.628,0.022,6.437,0.048,709914239,0.384992,-31.2,1,0.57,13.766,0.0710,12.908,0.0864,12.491,0.0531,-0.1059924045445640,0.2512504408058430,-0.9621012556762060,111022110,10214825440094
112.8728017,-74.1754509,0.0434,0.0402,0.0078,285.9233323,-23.3597019,235.1438427,-79.3122338,779.775,972.297,780.326,970.550,4619601254000148,46196a254-000148,254,46196a,148,11.535,0.021,52.2,21.5,11.425,0.025,43.3,5.64,13.5,1,0,0.00000,0.00000,0000,0000,3,AA,0,10,1.0,33.010,00,0000,0000,56705.16187709,0,,0,,13.937,3.769,0.000,31.983,4.618,0.000,4948,94.7,1980,45.73,7.50,7.50,11.511,0.012,0,0.257,11.276,0.041,2,0.322,12.243,0.015,0,12.084,0.039,2,11.768,0.012,0,11.598,0.041,2,11.551,0.011,0,11.391,0.042,2,11.439,0.012,3,11.298,0.044,3,11.372,0.012,3,11.245,0.046,3,11.326,0.013,3,11.203,0.052,3,11.289,0.015,19,11.165,0.061,3,11.257,0.017,19,11.123,0.068,3,1111074301351023782,0.160708,29.9,1,11.466,0.022,11.185,0.020,8.628,0.022,6.437,0.048,709914239,0.331933,-15.4,1,0.54,13.766,0.0710,12.908,0.0864,12.491,0.0531,-0.1059919246767310,0.2512506906267660,-0.9621012433018140,111022110,10214825440095
112.8726445,-74.1754124,0.0467,0.0446,-0.0108,285.9232784,-23.3597314,235.1437973,-79.3122908,996.533,79.666,991.693,76.891,5730801247000145,57308a247-000145,247,57308a,145,11.526,0.022,50.4,12.2,11.272,0.024,45.6,2.78,6.91,1,0,0.00000,0.00000,0000,0000,3,AA,0,10,1.0,47.802,00,0000,0000,57070.60325001,0,,0,,13.063,3.544,0.000,34.625,4.102,0.000,4926,97.78,2245,49.17,7.50,7.50,11.460,0.013,2,0.257,11.224,0.030,0,0.322,12.203,0.017,0,12.060,0.029,0,11.717,0.013,2,11.546,0.030,0,11.506,0.013,2,11.315,0.038,0,11.401,0.014,3,11.207,0.040,3,11.340,0.017,3,11.155,0.043,3,11.297,0.020,3,11.129,0.047,3,11.263,0.023,3,11.107,0.050,3,11.234,0.024,3,11.082,0.052,3,1111074301351023782,0.234430,89.8,1,11.466,0.022,11.185,0.020,8.628,0.022,6.437,0.048,709914239,0.193162,20.1,1,0.39,13.766,0.0710,12.908,0.0864,12.491,0.0531,-0.1059914866091240,0.2512515770844740,-0.9621010600653930,111022110,10214825440085
112.8729082,-74.1754412,0.0473,0.0418,0.0159,285.9233317,-23.3596713,235.1437126,-79.3122150,993.531,996.769,992.984,994.107,5730801248000142,57308a248-000142,248,57308a,142,11.468,0.022,49.7,21.3,11.309,0.026,41.4,6.12,13.2,1,0,0.00000,0.00000,0000,0000,3,AA,0,10,1.0,48.058,00,0000,0000,57070.60337733,0,,0,,13.873,3.394,0.000,33.526,3.500,0.000,5198,104.7,2168,52.36,7.50,7.50,11.478,0.012,2,0.257,11.229,0.105,0,0.322,12.210,0.015,2,12.067,0.138,0,11.735,0.012,2,11.551,0.105,0,11.524,0.011,2,11.324,0.087,2,11.420,0.011,3,11.221,0.080,3,11.359,0.012,3,11.164,0.077,3,11.314,0.013,3,11.130,0.078,3,11.276,0.014,3,11.108,0.082,3,11.240,0.015,3,11.093,0.084,3,1111074301351023782,0.107223,-13.2,1,11.466,0.022,11.185,0.020,8.628,0.022,6.437,0.048,709914239,0.344081,-34.0,1,0.52,13.766,0.0710,12.908,0.0864,12.491,0.0531,-0.1059924550050770,0.2512506436844820,-0.9621011971357950,111022110,10214825440086
112.8730496,-74.1754243,0.0471,0.0424,0.0015,285.9233266,-23.3596295,235.1435218,-79.3121922,737.838,347.241,735.805,345.593,5728001247000152,57280a247-000152,247,57280a,152,11.522,0.021,50.9,17.5,11.326,0.027,40.2,3.2,9.75,1,0,0.00000,0.00000,0000,0000,3,AA,0,10,1.0,43.141,00,0000,0000,57069.68374167,0,,0,,15.450,3.949,0.000,33.956,4.815,0.000,4942,97.07,2134,53.07,7.50,7.50,11.506,0.018,3,0.257,11.209,0.056,3,0.322,12.253,0.023,2,12.015,0.071,2,11.763,0.018,3,11.531,0.056,3,11.551,0.020,3,11.321,0.053,3,11.442,0.021,3,11.217,0.052,3,11.374,0.022,3,11.149,0.052,3,11.324,0.022,3,11.096,0.053,3,11.285,0.023,3,11.056,0.055,3,11.252,0.024,3,11.022,0.059,3,1111074301351023782,0.168967,-75.1,1,11.466,0.022,11.185,0.020,8.628,0.022,6.437,0.048,709914239,0.400176,-55.9,1,0.55,13.766,0.0710,12.908,0.0864,12.491,0.0531,-0.1059931853684920,0.2512506435731350,-0.9621011167021510,111022110,10214825440086
112.8727081,-74.1753755,0.0479,0.0406,0.0109,285.9232457,-23.3597039,235.1435798,-79.3122967,50.238,41.437,50.863,42.836,5720401175000162,57204a175-000162,175,57204a,162,11.517,0.024,45.4,13.4,11.303,0.023,48.0,3.72,8.17,1,0,0.00000,0.00000,0000,0000,3,AA,0,10,1.0,33.772,00,0000,0000,57067.18778769,0,,0,,15.487,4.019,0.000,33.853,3.520,0.000,4967,109.3,2181,45.46,7.50,7.50,11.581,0.020,2,0.257,11.249,0.067,0,0.322,12.341,0.026,2,12.074,0.090,0,11.838,0.020,2,11.571,0.067,0,11.617,0.018,2,11.354,0.058,0,11.512,0.017,3,11.254,0.054,1,11.451,0.018,3,11.203,0.053,3,11.406,0.019,3,11.173,0.054,3,11.369,0.020,3,11.152,0.055,3,11.339,0.021,3,11.133,0.057,3,1111074301351023782,0.216881,127.5,1,11.466,0.022,11.185,0.020,8.628,0.022,6.437,0.048,709914239,0.048751,4.5,1,0.25,13.766,0.0710,12.908,0.0864,12.491,0.0531,-0.1059920063421910,0.2512520303289700,-0.9621008844435840,111022110,10214825440085
112.8727683,-74.1754047,0.0443,0.0427,0.0099,285.9232813,-23.3596969,235.1436621,-79.3122669,159.045,69.296,159.237,70.225,5721601247000168,57216a247-000168,247,57216a,168,11.592,0.020,53.5,15.6,11.345,0.027,40.6,2.5,9.08,1,0,0.00000,0.00000,0000,0000,3,AA,0,10,1.0,48.522,00,0000,0000,57067.58189904,0,,0,,13.543,3.560,0.000,32.703,3.268,0.000,4635,86.62,2099,51.71,7.50,7.50,11.519,0.024,0,0.257,11.282,0.056,2,0.322,12.234,0.029,0,12.101,0.073,2,11.776,0.024,0,11.604,0.056,2,11.575,0.021,0,11.391,0.049,2,11.478,0.020,3,11.297,0.047,3,11.425,0.020,3,11.251,0.048,3,11.387,0.021,3,11.224,0.050,3,11.350,0.021,3,11.203,0.053,3,11.316,0.021,3,11.185,0.056,3,1111074301351023782,0.116079,103.5,1,11.466,0.022,11.185,0.020,8.628,0.022,6.437,0.048,709914239,0.163354,-19.8,1,0.37,13.766,0.0710,12.908,0.0864,12.491,0.0531,-0.1059920797485670,0.2512514671967150,-0.9621010234180560,111022110,10214825440085
112.8729595,-74.1754205,0.0419,0.0380,0.0125,285.9233147,-23.3596518,235.1435779,-79.3122147,83.857,355.763,85.723,357.024,5720801247000137,57208a247-000137,247,57208a,137,11.520,0.017,62.8,19.4,11.349,0.024,45.2,3.69,10.9,1,0,0.00000,0.00000,0000,0000,3,AA,0,10,1.0,43.422,00,0000,0000,57067.31920057,0,,0,,14.507,4.002,0.000,33.196,3.815,0.000,4952,78.89,2091,46.26,7.50,7.50,11.489,0.012,0,0.257,11.298,0.022,2,0.322,12.223,0.015,0,12.134,0.028,0,11.746,0.012,0,11.620,0.022,2,11.533,0.011,0,11.394,0.023,2,11.425,0.011,1,11.293,0.026,3,11.360,0.012,1,11.242,0.030,3,11.313,0.012,1,11.207,0.034,3,11.273,0.014,3,11.180,0.041,3,11.236,0.017,3,11.162,0.049,3,1111074301351023782,0.080552,-68.2,1,11.466,0.022,11.185,0.020,8.628,0.022,6.437,0.048,709914239,0.321538,-49.1,1,0.50,13.766,0.0710,12.908,0.0864,12.491,0.0531,-0.1059928150681090,0.2512508690431200,-0.9621010986164680,111022110,10214825440086
112.8728309,-74.1754332,0.0421,0.0373,0.0140,285.9233165,-23.3596891,235.1437394,-79.3122370,149.433,444.967,151.284,445.939,5712801250000144,57128a250-000144,250,57128a,144,11.481,0.018,61.0,21.2,11.320,0.024,44.8,4.33,12,1,0,0.00000,0.00000,0000,0000,3,AA,0,10,1.0,42.659,00,0000,0000,57064.69183303,0,,0,,13.310,3.401,0.000,33.299,4.057,0.000,5132,84.14,2146,47.95,7.50,7.50,11.546,0.013,2,0.257,11.268,0.047,0,0.322,12.296,0.017,2,12.111,0.054,0,11.803,0.013,2,11.590,0.047,0,11.590,0.012,2,11.357,0.042,0,11.487,0.013,3,11.249,0.041,3,11.431,0.013,3,11.197,0.045,3,11.393,0.014,3,11.169,0.053,3,11.360,0.015,3,11.146,0.058,3,11.330,0.017,3,11.123,0.061,3,1111074301351023782,0.091441,34.2,1,11.466,0.022,11.185,0.020,8.628,0.022,6.437,0.048,709914239,0.281646,-24.5,1,0.47,13.766,0.0710,12.908,0.0864,12.491,0.0531,-0.1059921682469610,0.2512509104547700,-0.9621011590607080,111022110,10214825440086
112.8729643,-74.1754297,0.0415,0.0393,0.0048,285.9233247,-23.3596533,235.1436154,-79.3122086,517.149,555.149,517.319,554.480,5725601248000127,57256a248-000127,248,57256a,127,11.531,0.018,60.8,18.6,11.307,0.025,42.9,3.52,10.4,1,0,0.00000,0.00000,0000,0000,3,AA,0,10,1.0,28.748,00,0000,0000,57068.89564626,0,,0,,14.404,3.808,0.000,32.719,4.357,0.000,4902,80.57,2173,50.63,7.50,7.50,11.440,0.016,2,0.257,11.265,0.062,2,0.322,12.176,0.015,0,12.132,0.072,2,11.697,0.016,2,11.587,0.062,2,11.486,0.017,2,11.339,0.056,2,11.379,0.016,3,11.228,0.054,3,11.318,0.016,3,11.178,0.055,3,11.277,0.017,3,11.148,0.060,3,11.241,0.017,3,11.124,0.066,3,11.206,0.018,3,11.105,0.070,3,1111074301351023782,0.101449,-51.6,1,11.466,0.022,11.185,0.020,8.628,0.022,6.437,0.048,709914239,0.347485,-45.5,1,0.52,13.766,0.0710,12.908,0.0864,12.491,0.0531,-0.1059927760702510,0.2512507178259400,-0.9621011424028511,111022110,10214825440086
112.8730021,-74.1754089,0.0430,0.0384,0.0154,285.9233064,-23.3596373,235.1434912,-79.3122115,10.525,653.560,14.096,655.121,5720001248000149,57200a248-000149,248,57200a,149,11.533,0.018,60.3,17.8,11.320,0.023,47.1,4.66,10.8,1,0,0.00000,0.00000,0000,0000,3,AA,0,10,1.0,27.163,00,0000,0000,57067.05650206,0,,0,,13.293,2.947,0.000,32.817,3.376,0.000,4895,81.22,2147,45.54,7.50,7.50,11.480,0.012,2,0.257,11.257,0.021,0,0.322,12.210,0.016,0,12.098,0.026,0,11.737,0.012,2,11.579,0.021,0,11.531,0.012,2,11.345,0.021,2,11.432,0.012,2,11.228,0.023,2,11.377,0.012,3,11.160,0.026,3,11.342,0.014,3,11.114,0.032,3,11.314,0.015,3,11.083,0.049,3,11.288,0.017,3,11.062,0.064,3,1111074301351023782,0.117229,-95.8,1,11.466,0.022,11.185,0.020,8.628,0.022,6.437,0.048,709914239,0.331078,-59.3,1,0.48,13.766,0.0710,12.908,0.0864,12.491,0.0531,-0.1059930775867250,0.2512509697053240,-0.9621010434075150,111022110,10214825440087
112.8728226,-74.1754021,0.0439,0.0398,-0.0103,285.9232834,-23.3596820,235.1436064,-79.3122560,372.671,175.070,372.095,175.087,5724001247000139,57240a247-000139,247,57240a,139,11.560,0.019,56.7,17.3,11.307,0.025,43.9,4.03,9.82,1,0,0.00000,0.00000,0000,0000,3,AA,0,10,1.0,46.747,00,0000,0000,57068.37012196,0,,0,,14.366,3.631,0.000,33.895,3.804,0.000,4772,84.18,2173,49.46,7.50,7.50,11.465,0.023,2,0.257,11.221,0.037,2,0.322,12.193,0.027,0,12.054,0.051,0,11.722,0.023,2,11.543,0.037,2,11.516,0.021,2,11.316,0.035,2,11.416,0.020,3,11.215,0.036,3,11.363,0.020,3,11.166,0.037,3,11.331,0.020,3,11.133,0.040,3,11.306,0.021,3,11.104,0.045,3,11.282,0.024,3,11.079,0.050,3,1111074301351023782,0.069806,121.4,1,11.466,0.022,11.185,0.020,8.628,0.022,6.437,0.048,709914239,0.180634,-36.9,1,0.36,13.766,0.0710,12.908,0.0864,12.491,0.0531,-0.1059923348325880,0.2512514069723120,-0.9621010110436270,111022110,10214825440087
112.8728593,-74.1754222,0.0435,0.0368,0.0118,285.9233076,-23.3596784,235.1436669,-79.3122366,114.023,156.551,114.823,157.698,5712401249000149,57124a249-000149,249,57124a,149,11.532,0.018,61.3,22.9,11.290,0.024,45.1,4.26,12.7,1,0,0.00000,0.00000,0000,0000,3,AA,0,10,1.0,48.868,00,0000,0000,57064.56042014,0,,0,,13.873,3.700,0.000,33.662,3.691,0.000,4899,79.9,2208,48.9,7.50,7.50,11.466,0.012,0,0.257,11.272,0.035,2,0.322,12.207,0.015,0,12.103,0.046,2,11.723,0.012,0,11.594,0.035,2,11.510,0.011,2,11.364,0.034,2,11.406,0.011,3,11.256,0.040,3,11.345,0.012,3,11.201,0.045,3,11.302,0.013,3,11.166,0.054,3,11.267,0.015,3,11.136,0.057,3,11.234,0.017,3,11.105,0.058,3,1111074301351023782,0.043024,33.2,1,11.466,0.022,11.185,0.020,8.628,0.022,6.437,0.048,709914239,0.260534,-33.7,1,0.45,13.766,0.0710,12.908,0.0864,12.491,0.0531,-0.1059923645799050,0.2512510281035580,-0.9621011067074320,111022110,10214825440087
112.8728666,-74.1754238,0.0415,0.0388,0.0145,285.9233099,-23.3596770,235.1436682,-79.3122340,185.455,737.033,188.328,737.812,5713201250000145,57132a250-000145,250,57132a,145,11.552,0.018,60.5,18.2,11.300,0.023,48.0,4.18,10.4,1,0,0.00000,0.00000,0000,0000,3,AA,0,10,1.0,33.470,00,0000,0000,57064.82324602,0,,0,,13.779,3.781,0.000,32.936,4.271,0.000,4807,79.48,2188,45.54,7.50,7.50,11.493,0.013,1,0.257,11.232,0.023,3,0.322,12.230,0.017,0,12.068,0.026,0,11.750,0.013,1,11.554,0.023,3,11.540,0.013,1,11.327,0.031,3,11.437,0.013,3,11.219,0.041,3,11.373,0.013,3,11.164,0.045,3,11.323,0.014,3,11.130,0.046,3,11.283,0.015,3,11.104,0.050,3,11.251,0.017,3,11.076,0.052,3,1111074301351023782,0.044863,21.4,1,11.466,0.022,11.185,0.020,8.628,0.022,6.437,0.048,709914239,0.269317,-34.3,1,0.45,13.766,0.0710,12.908,0.0864,12.491,0.0531,-0.1059923861487110,0.2512509898447980,-0.9621011143224560,111022110,10214825440087
112.8728810,-74.1754045,0.0393,0.0374,0.0093,285.9232911,-23.3596675,235.1435697,-79.3122414,229.273,727.851,231.837,728.455,5722401248000126,57224a248-000126,248,57224a,126,11.553,0.017,62.4,21.9,11.317,0.023,48.2,5.38,13.4,1,0,0.00000,0.00000,0000,0000,3,AA,0,5,0.5,31.798,00,0000,0000,57067.84472497,0,,0,,14.073,3.638,0.000,31.389,4.180,0.000,4804,76.99,2152,44.69,7.50,7.50,11.462,0.021,0,0.257,11.230,0.023,0,0.322,12.206,0.022,0,12.076,0.026,0,11.719,0.021,0,11.552,0.023,0,11.503,0.020,0,11.314,0.026,2,11.400,0.019,3,11.204,0.031,3,11.343,0.019,3,11.145,0.033,3,11.302,0.019,3,11.103,0.035,3,11.267,0.019,3,11.065,0.037,3,11.236,0.020,3,11.027,0.039,3,1111074301351023782,0.027812,175.3,1,11.466,0.022,11.185,0.020,8.628,0.022,6.437,0.048,709914239,0.225686,-47.3,1,0.41,13.766,0.0710,12.908,0.0864,12.491,0.0531,-0.1059925752618530,0.2512512618055800,-0.9621010224661770,111022110,10214825440087
112.8729734,-74.1754120,0.0473,0.0388,0.0188,285.9233071,-23.3596457,235.1435284,-79.3122163,194.461,389.928,195.837,390.695,5722001247000137,57220a247-000137,247,57220a,137,11.556,0.017,62.2,20.2,11.298,0.025,44.2,3.08,11.1,1,0,0.00000,0.00000,0000,0000,3,AA,0,10,1.0,40.845,00,0000,0000,57067.71331198,0,,0,,13.442,3.375,0.000,31.892,4.600,0.000,4791,77.01,2192,49.55,7.50,7.50,11.511,0.012,2,0.257,11.253,0.026,0,0.322,12.233,0.015,2,12.079,0.032,0,11.768,0.012,2,11.575,0.026,0,11.557,0.011,2,11.352,0.028,2,11.449,0.012,3,11.245,0.032,3,11.384,0.012,3,11.184,0.037,3,11.333,0.012,3,11.140,0.042,3,11.288,0.013,3,11.102,0.047,3,11.246,0.013,3,11.067,0.052,3,1111074301351023782,0.088454,-90.5,1,11.466,0.022,11.185,0.020,8.628,0.022,6.437,0.048,709914239,0.313451,-55.0,1,0.48,13.766,0.0710,12.908,0.0864,12.491,0.0531,-0.1059929314996150,0.2512509748366740,-0.9621010581616350,111022110,10214825440087
112.8728795,-74.1753884,0.0473,0.0437,0.0073,285.9232742,-23.3596631,235.1434986,-79.3122507,47.039,954.134,51.623,955.516,5720401176000130,57204a176-000130,176,57204a,130,11.555,0.022,48.4,12.8,11.330,0.026,41.7,6.23,8.82,1,0,0.00000,0.00000,0000,0000,3,AA,0,10,1.0,33.985,00,0000,0000,57067.18791500,0,,0,,15.507,4.502,0.000,33.646,3.030,0.000,4794,99.13,2128,51.02,7.50,7.50,11.423,0.034,2,0.257,11.241,0.032,2,0.322,12.153,0.032,0,12.067,0.046,2,11.680,0.034,2,11.563,0.032,2,11.471,0.032,3,11.339,0.028,3,11.369,0.030,3,11.232,0.029,3,11.316,0.030,3,11.173,0.030,3,11.283,0.031,3,11.136,0.032,3,11.256,0.032,3,11.111,0.035,3,11.229,0.034,3,11.093,0.039,3,1111074301351023782,0.085761,177.5,1,11.466,0.022,11.185,0.020,8.628,0.022,6.437,0.048,709914239,0.189924,-60.0,1,0.36,13.766,0.0710,12.908,0.0864,12.491,0.0531,-0.1059926737652790,0.2512515136712840,-0.9621009458398720,111022110,10214825440087
112.8728676,-74.1754068,0.0440,0.0424,-0.0131,285.9232923,-23.3596717,235.1435909,-79.3122432,445.677,803.580,447.335,803.229,5724801248000143,57248a248-000143,248,57248a,143,11.550,0.021,52.3,19.4,11.313,0.024,44.6,4.98,12,1,0,0.00000,0.00000,0000,0000,3,AA,0,10,1.0,46.561,00,0000,0000,57068.63294779,0,,0,,14.127,3.221,0.000,33.234,4.012,0.000,4817,92.11,2162,48.5,7.50,7.50,11.528,0.016,3,0.257,11.175,0.027,3,0.322,12.251,0.020,2,12.012,0.033,0,11.785,0.016,3,11.497,0.027,3,11.570,0.015,3,11.264,0.027,3,11.459,0.016,3,11.148,0.029,3,11.394,0.016,3,11.082,0.031,3,11.349,0.017,3,11.038,0.034,3,11.313,0.018,3,10.999,0.037,3,11.279,0.019,3,10.961,0.042,3,1111074301351023782,0.024809,141.6,1,11.466,0.022,11.185,0.020,8.628,0.022,6.437,0.048,709914239,0.222136,-43.4,1,0.40,13.766,0.0710,12.908,0.0864,12.491,0.0531,-0.1059925014890940,0.2512512510100850,-0.9621010334127860,111022110,10214825440087
112.8729892,-74.1753967,0.0393,0.0375,0.0111,285.9232926,-23.3596370,235.1434468,-79.3122211,334.126,758.389,336.244,758.508,5723601248000148,57236a248-000148,248,57236a,148,11.569,0.017,62.9,19.4,11.349,0.024,45.1,5.6,12.2,1,0,0.00000,0.00000,0000,0000,3,AA,0,10,1.0,37.809,00,0000,0000,57068.23883642,0,,0,,14.518,3.489,0.000,34.024,3.935,0.000,4732,75.19,2091,46.33,7.50,7.50,11.510,0.012,1,0.257,11.235,0.026,3,0.322,12.238,0.015,0,12.072,0.031,0,11.767,0.012,1,11.557,0.026,3,11.558,0.012,1,11.322,0.029,3,11.455,0.013,3,11.209,0.044,3,11.400,0.014,3,11.149,0.057,3,11.364,0.014,3,11.106,0.062,3,11.333,0.015,3,11.067,0.067,3,11.303,0.016,3,11.037,0.071,3,1111074301351023782,0.117990,-118.2,1,11.466,0.022,11.185,0.020,8.628,0.022,6.437,0.048,709914239,0.299429,-65.3,1,0.45,13.766,0.0710,12.908,0.0864,12.491,0.0531,-0.1059931006452890,0.2512511823212990,-0.9621009853428830,111022110,10214825440087
112.8728966,-74.1754218,0.0420,0.0397,-0.0091,285.9233105,-23.3596686,235.1436348,-79.3122283,262.527,129.489,262.372,130.008,5722801247000146,57228a247-000146,247,57228a,146,11.556,0.018,59.1,17.1,11.301,0.024,45.4,3.07,9.73,1,0,0.00000,0.00000,0000,0000,3,AA,0,10,1.0,26.243,00,0000,0000,57067.97601054,0,,0,,14.180,3.705,0.000,32.842,4.407,0.000,4790,81.08,2185,48.13,7.50,7.50,11.481,0.012,2,0.257,11.197,0.113,2,0.322,12.193,0.015,2,12.033,0.133,2,11.738,0.012,2,11.519,0.113,2,11.538,0.012,2,11.281,0.096,2,11.438,0.012,3,11.162,0.089,3,11.381,0.014,3,11.092,0.086,3,11.346,0.015,3,11.041,0.085,3,11.319,0.016,3,10.997,0.085,3,11.294,0.018,3,10.958,0.084,3,1111074301351023782,0.036944,-20.7,1,11.466,0.022,11.185,0.020,8.628,0.022,6.437,0.048,709914239,0.281401,-40.1,1,0.47,13.766,0.0710,12.908,0.0864,12.491,0.0531,-0.1059925307569790,0.2512509652902400,-0.9621011048036761,111022110,10214825440087
112.8729033,-74.1754214,0.0426,0.0389,-0.0117,285.9233106,-23.3596667,235.1436276,-79.3122270,627.539,215.879,625.655,214.684,5726801247000150,57268a247-000150,247,57268a,150,11.533,0.019,56.7,19.1,11.336,0.024,46.0,4.38,11,1,0,0.00000,0.00000,0000,0000,3,AA,0,10,1.0,41.158,00,0000,0000,57069.28963035,0,,0,,15.447,4.581,0.000,32.975,4.307,0.000,4892,86.24,2116,45.95,7.50,7.50,11.460,0.017,2,0.257,11.278,0.076,2,0.322,12.188,0.018,0,12.092,0.061,2,11.717,0.017,2,11.600,0.076,2,11.511,0.017,3,11.388,0.085,3,11.406,0.018,3,11.291,0.084,3,11.343,0.019,3,11.237,0.084,3,11.298,0.019,3,11.201,0.086,3,11.261,0.020,3,11.176,0.088,3,11.227,0.021,3,11.155,0.092,3,1111074301351023782,0.038502,-30.7,1,11.466,0.022,11.185,0.020,8.628,0.022,6.437,0.048,709914239,0.284598,-41.3,1,0.47,13.766,0.0710,12.908,0.0864,12.491,0.0531,-0.1059925627482430,0.2512509590843740,-0.9621011028999200,111022110,10214825440087
112.8729148,-74.1753978,0.0397,0.0383,-0.0036,285.9232871,-23.3596567,235.1435122,-79.3122374,552.468,878.919,553.849,878.136,5726001248000167,57260a248-000167,248,57260a,167,11.525,0.020,54.5,19.7,11.268,0.027,39.9,3.87,11.2,1,0,0.00000,0.00000,0000,0000,3,AA,0,10,1.0,26.018,00,0000,0000,57069.02705925,0,,0,,14.938,4.032,0.000,33.736,5.134,0.000,4929,90.38,2253,56.48,7.50,7.50,11.570,0.013,2,0.257,11.335,0.036,2,0.322,12.315,0.016,2,12.195,0.042,2,11.827,0.013,2,11.657,0.036,2,11.615,0.012,2,11.408,0.038,2,11.509,0.012,3,11.286,0.039,3,11.448,0.013,3,11.219,0.039,3,11.406,0.014,3,11.175,0.042,3,11.373,0.015,3,11.141,0.045,19,11.344,0.017,3,11.113,0.048,19,1111074301351023782,0.060363,-149.2,1,11.466,0.022,11.185,0.020,8.628,0.022,6.437,0.048,709914239,0.237163,-57.1,1,0.41,13.766,0.0710,12.908,0.0864,12.491,0.0531,-0.1059927672097980,0.2512513029371500,-0.9621009905782210,111022110,10214825440087
112.8728022,-74.1754335,0.0415,0.0378,0.0145,285.9233143,-23.3596966,235.1437641,-79.3122433,119.058,684.791,122.107,685.857,5721201248000159,57212a248-000159,248,57212a,159,11.558,0.018,60.4,22.2,11.320,0.023,48.2,4.82,12.8,1,0,0.00000,0.00000,0000,0000,3,AA,0,10,1.0,49.692,00,0000,0000,57067.45061351,0,,0,,13.850,3.702,0.000,33.323,3.545,0.000,4781,79.16,2148,44.59,7.50,7.50,11.512,0.012,0,0.257,11.251,0.021,0,0.322,12.247,0.015,0,12.092,0.025,0,11.769,0.012,0,11.573,0.021,0,11.560,0.012,1,11.337,0.022,3,11.458,0.012,3,11.223,0.025,3,11.400,0.013,3,11.156,0.028,3,11.357,0.014,3,11.108,0.031,3,11.324,0.015,3,11.072,0.035,3,11.294,0.017,3,11.045,0.038,3,1111074301351023782,0.110537,46.1,1,11.466,0.022,11.185,0.020,8.628,0.022,6.437,0.048,709914239,0.272205,-19.0,1,0.46,13.766,0.0710,12.908,0.0864,12.491,0.0531,-0.1059920404349520,0.2512509589057740,-0.9621011604885240,111022110,10214825440092
112.8728498,-74.1754403,0.0380,0.0394,-0.0069,285.9233256,-23.3596863,235.1437560,-79.3122287,156.785,981.862,160.831,982.785,5721601248000126,57216a248-000126,248,57216a,126,11.579,0.020,55.0,22.9,11.295,0.024,44.5,5.09,13.5,1,0,0.00000,0.00000,0000,0000,3,AA,0,10,1.0,48.854,00,0000,0000,57067.58202635,0,,0,,13.937,3.711,0.000,33.549,3.615,0.000,4691,85.35,2197,49.38,7.50,7.50,11.502,0.013,0,0.257,11.218,0.031,2,0.322,12.226,0.016,0,12.024,0.037,2,11.759,0.013,0,11.540,0.031,2,11.555,0.013,0,11.330,0.034,2,11.454,0.013,3,11.230,0.038,3,11.396,0.014,3,11.177,0.042,3,11.355,0.015,3,11.142,0.045,3,11.318,0.018,3,11.114,0.052,3,11.283,0.021,3,11.092,0.055,3,1111074301351023782,0.106371,18.0,1,11.466,0.022,11.185,0.020,8.628,0.022,6.437,0.048,709914239,0.312660,-25.6,1,0.50,13.766,0.0710,12.908,0.0864,12.491,0.0531,-0.1059922047863020,0.2512507656438610,-0.9621011928523490,111022110,10214825440094
112.8728566,-74.1754394,0.0402,0.0415,-0.0030,285.9233252,-23.3596842,235.1437464,-79.3122277,484.728,219.241,483.709,218.693,5725201247000130,57252a247-000130,247,57252a,130,11.549,0.019,56.3,17.9,11.320,0.024,45.9,3.95,10.4,1,0,0.00000,0.00000,0000,0000,3,AA,0,10,1.0,37.196,00,0000,0000,57068.76423337,0,,0,,14.081,3.690,0.000,32.526,3.804,0.000,4822,85.7,2147,46.77,7.50,7.50,11.429,0.017,2,0.257,11.238,0.028,2,0.322,12.159,0.018,0,12.070,0.031,0,11.686,0.017,2,11.560,0.028,2,11.481,0.017,2,11.335,0.035,2,11.378,0.018,3,11.224,0.042,3,11.320,0.019,3,11.161,0.043,3,11.278,0.020,3,11.121,0.044,3,11.243,0.021,3,11.093,0.047,3,11.212,0.023,3,11.068,0.050,3,1111074301351023782,0.101367,15.0,1,11.466,0.022,11.185,0.020,8.628,0.022,6.437,0.048,709914239,0.312715,-27.0,1,0.50,13.766,0.0710,12.908,0.0864,12.491,0.0531,-0.1059922404794400,0.2512507669887880,-0.9621011885689020,111022110,10214825440094
112.8730055,-74.1753524,0.0430,0.0402,0.0056,285.9232479,-23.3596196,235.1432344,-79.3122419,464.389,741.839,465.678,741.415,4616001254000149,46160a254-000149,254,46160a,149,11.591,0.020,54.8,22.3,11.440,0.026,41.1,4.81,12.8,1,0,0.00000,0.00000,0000,0000,3,AA,0,10,1.0,28.205,00,0001,0000,56703.97585161,0,,0,,14.954,3.688,0.000,33.922,4.998,0.000,4696,85.75,1953,47.57,7.50,7.50,11.576,0.014,3,0.257,11.282,0.042,3,0.322,12.307,0.017,2,12.112,0.042,2,11.833,0.014,3,11.604,0.042,3,11.618,0.016,3,11.382,0.047,3,11.496,0.018,3,11.270,0.048,3,11.409,0.018,3,11.206,0.049,3,11.346,0.020,3,11.170,0.054,3,11.310,0.022,3,11.148,0.059,3,11.285,0.024,3,11.128,0.067,3,1111074301351023782,0.246448,-150.9,1,11.466,0.022,11.185,0.020,8.628,0.022,6.437,0.048,709914239,0.290194,-96.8,1,0.37,13.766,0.0710,12.908,0.0864,12.491,0.0531,-0.1059934612612560,0.2512518375532960,-0.9621007745012740,111022110,10214825440084
112.8730003,-74.1753778,0.0479,0.0405,-0.0019,285.9232739,-23.3596285,235.1433528,-79.3122290,290.652,57.234,290.021,57.674,4614001253000137,46140a253-000137,253,46140a,137,11.551,0.020,54.8,21.9,11.376,0.030,36.1,6.31,14,1,0,0.00000,0.00000,0000,0000,3,AA,0,5,0.5,41.484,00,0000,0001,56703.31713249,0,,0,,14.849,4.092,0.000,33.696,4.480,0.000,4876,89.05,2072,57.37,7.50,7.50,11.522,0.012,2,0.257,11.353,0.030,2,0.322,12.237,0.015,2,12.193,0.040,2,11.779,0.012,2,11.675,0.030,2,11.569,0.012,2,11.437,0.029,2,11.462,0.012,3,11.323,0.033,3,11.399,0.013,3,11.263,0.036,3,11.353,0.014,3,11.227,0.039,3,11.312,0.015,3,11.196,0.043,3,11.277,0.016,3,11.164,0.048,3,1111074301351023782,0.168905,-137.2,1,11.466,0.022,11.185,0.020,8.628,0.022,6.437,0.048,709914239,0.288683,-78.6,1,0.41,13.766,0.0710,12.908,0.0864,12.491,0.0531,-0.1059932726773310,0.2512514541977810,-0.9621008953902130,111022110,10214825440084
112.8728801,-74.1754326,0.0422,0.0385,0.0044,285.9233202,-23.3596761,235.1436968,-79.3122261,573.687,445.651,573.074,444.735,4617201253000155,46172a253-000155,253,46172a,155,11.603,0.018,61.7,25.1,11.439,0.028,39.3,2.47,14.6,1,0,0.00000,0.00000,0000,0000,3,AA,0,10,1.0,44.631,00,0000,0000,56704.37098120,0,,0,,13.610,3.444,0.000,33.855,4.806,0.000,4647,75.32,1955,49.78,7.50,7.50,11.493,0.017,2,0.257,11.265,0.033,2,0.322,12.232,0.022,0,12.092,0.040,2,11.750,0.017,2,11.587,0.033,2,11.536,0.015,2,11.370,0.034,2,11.427,0.015,3,11.269,0.042,3,11.361,0.016,3,11.212,0.056,3,11.311,0.016,3,11.172,0.063,3,11.268,0.017,3,11.147,0.066,3,11.229,0.017,3,11.135,0.073,3,1111074301351023782,0.073507,2.4,1,11.466,0.022,11.185,0.020,8.628,0.022,6.437,0.048,709914239,0.303035,-33.0,1,0.48,13.766,0.0710,12.908,0.0864,12.491,0.0531,-0.1059923879126480,0.2512508287218810,-0.9621011562050750,111022110,10214825440086
112.8730225,-74.1754514,0.0695,0.0783,-0.0061,285.9233524,-23.3596446,235.1436656,-79.3121833,558.945,23.888,556.827,22.880,4615702278000322,46157b278-000322,278,46157b,322,12.816,0.029,36.9,25.7,12.567,0.048,22.7,6.71,14.9,2,0,0.00000,0.00000,0000,0000,3,AA,0,0,0.0,30.692,00,0000,0000,56703.90989053,0,,0,,13.565,3.515,0.000,33.807,4.135,0.000,1520,41.17,691.5,30.47,7.50,7.50,12.248,0.033,3,0.257,11.992,0.051,1,0.322,13.159,0.041,3,13.015,0.065,1,12.505,0.033,3,12.314,0.051,1,12.084,0.029,3,11.881,0.043,1,11.791,0.027,3,11.599,0.039,1,11.597,0.028,3,11.417,0.038,3,11.466,0.028,3,11.298,0.038,3,11.367,0.027,3,11.210,0.040,3,11.274,0.027,3,11.130,0.041,3,1111074301351023782,0.196440,-44.1,1,11.466,0.022,11.185,0.020,8.628,0.022,6.437,0.048,709914239,0.443277,-43.4,1,0.63,13.766,0.0710,12.908,0.0864,12.491,0.0531,-0.1059928896540510,0.2512502744294660,-0.9621012456815040,111022110,10214825440086
112.8729585,-74.1754339,0.0426,0.0390,0.0102,285.9233285,-23.3596561,235.1436390,-79.3122076,431.794,239.188,431.184,238.910,4615601253000145,46156a253-000145,253,46156a,145,11.576,0.018,60.4,20.6,11.343,0.026,41.5,4.3,11.6,1,0,0.00000,0.00000,0000,0000,3,AA,0,10,1.0,34.054,00,0000,0000,56703.84405682,0,,0,,13.123,3.678,0.000,33.902,4.885,0.000,4763,78.89,2136,51.47,7.50,7.50,11.522,0.014,0,0.257,11.242,0.032,2,0.322,12.253,0.017,0,12.077,0.043,0,11.779,0.014,0,11.564,0.032,2,11.568,0.013,0,11.333,0.030,2,11.459,0.013,3,11.222,0.030,3,11.393,0.013,3,11.160,0.033,3,11.346,0.014,3,11.121,0.036,3,11.306,0.015,3,11.092,0.039,3,11.264,0.017,3,11.064,0.044,3,1111074301351023782,0.107483,-43.4,1,11.466,0.022,11.185,0.020,8.628,0.022,6.437,0.048,709914239,0.354339,-43.1,1,0.52,13.766,0.0710,12.908,0.0864,12.491,0.0531,-0.1059927232237950,0.2512506635753030,-0.9621011623922791,111022110,10214825440086
112.8730178,-74.1754100,0.0394,0.0379,0.0095,285.9233089,-23.3596335,235.1434834,-79.3122073,146.395,827.805,149.878,828.762,4612401254000125,46124a254-000125,254,46124a,125,11.592,0.017,62.2,26.8,11.370,0.026,41.0,4.21,15,1,0,0.00000,0.00000,0000,0000,3,AA,0,5,0.5,36.765,00,0000,0001,56702.79033543,0,,0,,13.541,3.398,0.000,34.189,3.850,0.000,4691,75.42,2083,50.78,7.50,7.50,11.505,0.012,2,0.257,11.289,0.031,2,0.322,12.245,0.015,0,12.121,0.039,2,11.762,0.012,2,11.611,0.031,2,11.555,0.012,2,11.387,0.031,2,11.456,0.012,3,11.282,0.035,3,11.401,0.013,3,11.221,0.038,3,11.363,0.014,3,11.177,0.041,3,11.330,0.015,3,11.143,0.044,3,11.298,0.016,3,11.114,0.047,3,1111074301351023782,0.132275,-93.4,1,11.466,0.022,11.185,0.020,8.628,0.022,6.437,0.048,709914239,0.346384,-60.1,1,0.49,13.766,0.0710,12.908,0.0864,12.491,0.0531,-0.1059931392541810,0.2512509236428310,-0.9621010486428480,111022110,10214825440086
112.8728783,-74.1754319,0.0376,0.0369,0.0108,285.9233194,-23.3596764,235.1436951,-79.3122269,215.192,895.450,218.580,896.127,4613201254000141,46132a254-000141,254,46132a,141,11.590,0.017,63.2,21.3,11.338,0.023,47.8,5.18,12.8,1,0,0.00000,0.00000,0000,0000,3,AA,0,10,1.0,28.252,00,0000,0000,56703.05379764,0,,0,,13.227,3.251,0.000,32.563,4.065,0.000,4702,74.42,2145,44.9,7.50,7.50,11.489,0.013,3,0.257,11.277,0.023,1,0.322,12.224,0.016,0,12.106,0.028,0,11.746,0.013,3,11.599,0.023,1,11.540,0.013,3,11.380,0.024,1,11.440,0.013,3,11.282,0.027,3,11.385,0.014,3,11.227,0.030,3,11.348,0.016,3,11.193,0.033,3,11.324,0.017,3,11.178,0.036,3,11.302,0.018,3,11.166,0.040,3,1111074301351023782,0.071090,4.0,1,11.466,0.022,11.185,0.020,8.628,0.022,6.437,0.048,709914239,0.299959,-33.0,1,0.48,13.766,0.0710,12.908,0.0864,12.491,0.0531,-0.1059923845881170,0.2512508428817670,-0.9621011528735040,111022110,10214825440086
112.8729738,-74.1754192,0.0424,0.0377,0.0138,285.9233146,-23.3596477,235.1435604,-79.3122122,181.105,403.924,182.617,404.733,4612801253000141,46128a253-000141,253,46128a,141,11.571,0.016,66.0,22.9,11.354,0.027,40.4,2.96,13,1,0,0.00000,0.00000,0000,0000,3,AA,0,10,1.0,29.907,00,0000,0000,56702.92200285,0,,0,,11.873,2.973,0.000,33.419,4.472,0.000,4785,72.46,2114,52.32,7.50,7.50,11.518,0.011,0,0.257,11.245,0.044,2,0.322,12.263,0.014,0,12.089,0.067,0,11.775,0.011,0,11.567,0.044,2,11.556,0.011,2,11.333,0.038,2,11.444,0.011,3,11.213,0.037,3,11.376,0.011,3,11.137,0.037,3,11.327,0.012,3,11.076,0.038,3,11.284,0.012,3,11.026,0.039,3,11.238,0.013,3,10.987,0.041,3,1111074301351023782,0.092348,-74.2,1,11.466,0.022,11.185,0.020,8.628,0.022,6.437,0.048,709914239,0.329327,-51.3,1,0.51,13.766,0.0710,12.908,0.0864,12.491,0.0531,-0.1059928862606700,0.2512508627021170,-0.9621010924292600,111022110,10214825440086
112.8728342,-74.1754027,0.0421,0.0379,0.0127,285.9232851,-23.3596791,235.1435996,-79.3122531,112.536,339.421,114.163,340.560,4612001253000141,46120a253-000141,253,46120a,141,11.610,0.017,64.1,22.1,11.341,0.025,42.8,4.39,12.8,1,0,0.00000,0.00000,0000,0000,3,AA,0,10,1.0,44.679,00,0000,0000,56702.65854064,0,,0,,13.511,3.584,0.000,33.275,3.878,0.000,4616,72,2139,50.03,7.50,7.50,11.575,0.012,2,0.257,11.240,0.035,2,0.322,12.313,0.015,0,12.078,0.039,2,11.832,0.012,2,11.562,0.035,2,11.620,0.011,2,11.332,0.034,2,11.515,0.012,3,11.222,0.036,3,11.453,0.012,3,11.162,0.039,3,11.407,0.013,3,11.128,0.045,3,11.370,0.014,3,11.109,0.050,3,11.338,0.015,3,11.096,0.054,3,1111074301351023782,0.059102,125.4,1,11.466,0.022,11.185,0.020,8.628,0.022,6.437,0.048,709914239,0.189366,-39.3,1,0.37,13.766,0.0710,12.908,0.0864,12.491,0.0531,-0.1059923817844310,0.2512513762303990,-0.9621010138992649,111022110,10214825440087
112.8729380,-74.1753894,0.0417,0.0397,0.0093,285.9232804,-23.3596482,235.1434556,-79.3122368,395.835,649.790,397.148,649.646,4615201253000149,46152a253-000149,253,46152a,149,11.583,0.017,62.7,19.3,11.374,0.026,41.3,3.33,11,1,0,0.00000,0.00000,0000,0000,3,AA,0,10,1.0,41.709,00,0000,0000,56703.71238935,0,,0,,16.938,4.005,0.000,34.697,4.090,0.000,4731,75.39,2075,50.2,7.50,7.50,11.517,0.012,0,0.257,11.380,0.040,2,0.322,12.255,0.014,0,12.226,0.048,2,11.774,0.012,0,11.702,0.040,2,11.556,0.012,0,11.452,0.040,2,11.450,0.012,3,11.328,0.044,3,11.390,0.013,3,11.262,0.051,3,11.350,0.014,3,11.223,0.055,3,11.319,0.015,3,11.193,0.057,3,11.293,0.017,3,11.162,0.060,3,1111074301351023782,0.098085,-146.8,1,11.466,0.022,11.185,0.020,8.628,0.022,6.437,0.048,709914239,0.242803,-66.0,1,0.40,13.766,0.0710,12.908,0.0864,12.491,0.0531,-0.1059929237706480,0.2512513899792940,-0.9621009505992720,111022110,10214825440087
112.8729078,-74.1754082,0.0418,0.0370,0.0113,285.9232973,-23.3596616,235.1435646,-79.3122333,40.928,288.807,42.771,290.286,4611201253000147,46112a253-000147,253,46112a,147,11.575,0.017,64.9,22.2,11.392,0.026,41.4,3.69,12.3,1,0,0.00000,0.00000,0000,0000,3,AA,0,10,1.0,46.006,00,0000,0000,56702.39507847,0,,0,,13.490,3.376,0.000,33.090,3.792,0.000,4766,73.43,2041,49.29,7.50,7.50,11.540,0.012,0,0.257,11.345,0.031,2,0.322,12.273,0.014,0,12.184,0.040,2,11.797,0.012,0,11.667,0.031,2,11.584,0.012,0,11.425,0.029,2,11.478,0.012,1,11.307,0.029,3,11.414,0.012,1,11.243,0.030,3,11.369,0.013,1,11.207,0.032,3,11.333,0.013,3,11.183,0.035,3,11.298,0.014,3,11.163,0.040,3,1111074301351023782,0.028033,-120.9,1,11.466,0.022,11.185,0.020,8.628,0.022,6.437,0.048,709914239,0.254184,-49.1,1,0.43,13.766,0.0710,12.908,0.0864,12.491,0.0531,-0.1059926686350590,0.2512511549832460,-0.9621010400759390,111022110,10214825440087
112.8729273,-74.1753945,0.0443,0.0430,0.0124,285.9232848,-23.3596525,235.1434872,-79.3122364,288.302,972.769,291.613,973.108,4614001254000137,46140a254-000137,254,46140a,137,11.534,0.021,50.8,19.2,11.353,0.028,39.0,3.32,10.9,1,0,0.00000,0.00000,0000,0000,3,AA,0,10,1.0,42.175,00,0000,0000,56703.31725980,0,,0,,15.022,4.212,0.000,33.509,3.928,0.000,4949,97.48,2115,54.21,7.50,7.50,11.494,0.017,2,0.257,11.287,0.040,2,0.322,12.227,0.021,2,12.100,0.044,2,11.751,0.017,2,11.609,0.040,2,11.543,0.016,2,11.395,0.043,2,11.439,0.017,3,11.295,0.043,3,11.377,0.018,3,11.241,0.044,3,11.333,0.019,3,11.205,0.046,3,11.296,0.020,3,11.180,0.048,3,11.259,0.021,3,11.163,0.053,3,1111074301351023782,0.076981,-145.9,1,11.466,0.022,11.185,0.020,8.628,0.022,6.437,0.048,709914239,0.241582,-61.0,1,0.39,13.766,0.0710,12.908,0.0864,12.491,0.0531,-0.1059928435627450,0.2512513308689750,-0.9621009748722080,111022110,10214825440087
112.8729381,-74.1753999,0.0375,0.0403,0.0056,285.9232914,-23.3596513,235.1435027,-79.3122310,532.159,849.958,533.545,849.244,4616801254000140,46168a254-000140,254,46168a,140,11.588,0.019,57.5,23.3,11.335,0.026,42.0,4.22,12.7,1,0,0.00000,0.00000,0000,0000,3,AA,0,10,1.0,36.979,00,0000,0000,56704.23931382,0,,0,,13.762,3.171,0.000,33.380,4.080,0.000,4710,81.85,2151,51.16,7.50,7.50,11.533,0.012,0,0.257,11.362,0.030,2,0.322,12.245,0.015,0,12.202,0.041,2,11.790,0.012,0,11.684,0.030,2,11.588,0.012,2,11.451,0.030,2,11.488,0.012,3,11.343,0.036,3,11.434,0.013,3,11.286,0.046,3,11.399,0.014,3,11.247,0.063,3,11.368,0.015,3,11.216,0.077,3,11.337,0.016,3,11.193,0.082,3,1111074301351023782,0.069677,-129.5,1,11.466,0.022,11.185,0.020,8.628,0.022,6.437,0.048,709914239,0.260543,-58.4,1,0.42,13.766,0.0710,12.908,0.0864,12.491,0.0531,-0.1059928556778020,0.2512512273438350,-0.9621010005729550,111022110,10214825440087
112.8728307,-74.1754031,0.0416,0.0381,0.0132,285.9232852,-23.3596802,235.1436043,-79.3122536,249.982,471.361,251.398,471.879,4613601253000138,46136a253-000138,253,46136a,138,11.596,0.017,65.0,19.9,11.288,0.026,42.6,2.91,11.3,1,0,0.00000,0.00000,0000,0000,3,AA,0,10,1.0,33.782,00,0000,0001,56703.18546507,0,,0,,14.726,3.525,0.000,34.115,4.526,0.000,4675,71.96,2246,52.78,7.50,7.50,11.521,0.012,0,0.257,11.287,0.024,2,0.322,12.269,0.015,0,12.125,0.028,2,11.778,0.012,0,11.609,0.024,2,11.558,0.011,2,11.385,0.025,2,11.449,0.011,3,11.277,0.027,3,11.385,0.012,3,11.216,0.029,3,11.338,0.012,3,11.175,0.032,3,11.298,0.013,3,11.139,0.037,3,11.258,0.014,3,11.102,0.045,3,1111074301351023782,0.061152,122.4,1,11.466,0.022,11.185,0.020,8.628,0.022,6.437,0.048,709914239,0.188337,-38.2,1,0.37,13.766,0.0710,12.908,0.0864,12.491,0.0531,-0.1059923638256500,0.2512513765165110,-0.9621010158030230,111022110,10214825440087
112.8728918,-74.1754114,0.0394,0.0394,0.0045,285.9232992,-23.3596667,235.1435920,-79.3122352,362.438,148.035,361.858,148.083,4614801253000153,46148a253-000153,253,46148a,153,11.550,0.018,61.2,20.7,11.390,0.026,41.8,2.95,12.3,1,0,0.00000,0.00000,0000,0000,3,AA,0,10,1.0,47.220,00,0000,0000,56703.58059461,0,,0,,15.435,3.950,0.000,34.769,3.371,0.000,4878,79.75,2045,48.88,7.50,7.50,11.508,0.012,0,0.257,11.346,0.026,2,0.322,12.238,0.015,0,12.178,0.031,2,11.765,0.012,0,11.668,0.026,2,11.559,0.012,2,11.429,0.026,2,11.459,0.012,3,11.318,0.029,3,11.402,0.013,3,11.264,0.033,3,11.364,0.016,3,11.234,0.037,3,11.333,0.019,3,11.205,0.041,3,11.303,0.020,3,11.172,0.044,3,1111074301351023782,0.008827,-109.0,1,11.466,0.022,11.185,0.020,8.628,0.022,6.437,0.048,709914239,0.250564,-44.8,1,0.44,13.766,0.0710,12.908,0.0864,12.491,0.0531,-0.1059925775867870,0.2512511350732390,-0.9621010553059990,111022110,10214825440087
112.8727580,-74.1754392,0.0426,0.0378,0.0152,285.9233163,-23.3597098,235.1438256,-79.3122502,75.490,762.570,79.131,763.816,4611601254000132,46116a254-000132,254,46116a,132,11.568,0.018,60.9,23.4,11.352,0.025,43.7,5.81,14.3,1,0,0.00000,0.00000,0000,0000,3,AA,0,10,1.0,48.179,00,0000,0000,56702.52687322,0,,0,,13.558,3.577,0.000,33.460,3.829,0.000,4799,78.77,2117,48.44,7.50,7.50,11.507,0.012,2,0.257,11.274,0.036,0,0.322,12.253,0.015,0,12.125,0.053,0,11.764,0.012,2,11.596,0.036,0,11.548,0.011,2,11.354,0.032,0,11.440,0.011,3,11.234,0.031,3,11.379,0.012,3,11.166,0.032,3,11.336,0.013,3,11.118,0.033,3,11.298,0.014,3,11.079,0.035,3,11.263,0.016,3,11.049,0.039,3,1111074301351023782,0.156775,51.7,1,11.466,0.022,11.185,0.020,8.628,0.022,6.437,0.048,709914239,0.281565,-9.2,1,0.47,13.766,0.0710,12.908,0.0864,12.491,0.0531,-0.1059918094085340,0.2512509524841940,-0.9621011876170250,111022110,10214825440092
112.8729713,-74.1754724,0.0434,0.0402,-0.0090,285.9233697,-23.3596642,235.1438016,-79.3121834,496.495,337.278,495.902,336.686,4616401253000146,46164a253-000146,253,46164a,146,11.565,0.020,54.7,21.2,11.316,0.026,42.0,5.21,12.4,1,0,0.00000,0.00000,0000,0000,3,AA,0,5,0.5,30.170,00,0000,0000,56704.10751903,0,,0,,14.107,4.029,0.000,33.683,4.382,0.000,4813,88.07,2188,52.11,7.50,7.50,11.534,0.013,2,0.257,11.387,0.034,2,0.322,12.288,0.016,2,12.267,0.035,2,11.791,0.013,2,11.709,0.034,2,11.570,0.012,2,11.444,0.043,2,11.460,0.012,3,11.319,0.051,3,11.396,0.013,3,11.255,0.055,3,11.349,0.017,3,11.215,0.059,3,11.308,0.020,3,11.187,0.065,3,11.269,0.021,3,11.171,0.069,3,1111074301351023782,0.233304,-21.7,1,11.466,0.022,11.185,0.020,8.628,0.022,6.437,0.048,709914239,0.471970,-32.6,1,0.67,13.766,0.0710,12.908,0.0864,12.491,0.0531,-0.1059925280716510,0.2512500442445590,-0.9621013456284569,111022110,10214825440094
112.8730349,-74.1751836,0.0634,0.0573,-0.0172,285.9230750,-23.3595617,235.1424517,-79.3123284,169.542,61.172,169.844,61.931,4611401201000264,46114a201-000264,201,46114a,264,12.512,0.024,45.1,43.5,12.610,0.051,21.1,6.12,24.9,1,0,0.00000,0.00000,0000,0000,3,AA,0,0,0.0,47.586,00,0000,0000,56702.46091219,0,,0,,15.627,3.750,0.000,34.241,3.514,0.000,2011,44.64,664.4,31.43,7.50,7.50,12.221,0.017,1,0.257,12.249,0.055,3,0.322,13.072,0.023,1,13.203,0.069,3,12.478,0.017,1,12.571,0.055,3,12.133,0.015,3,12.192,0.055,3,11.893,0.015,3,11.922,0.064,3,11.715,0.015,3,11.719,0.066,3,11.579,0.018,3,11.563,0.063,3,11.475,0.021,3,11.443,0.060,3,11.390,0.022,3,11.346,0.059,3,1111074301351023782,0.836309,-169.7,1,11.466,0.022,11.185,0.020,8.628,0.022,6.437,0.048,709914239,0.716210,-153.7,1,0.56,13.766,0.0710,12.908,0.0864,12.491,0.0531,-0.1059946919122440,0.2512543947463170,-0.9620999711085590,111022110,10214825440238
112.8729361,-74.1754366,0.0480,0.0402,0.0125,285.9233293,-23.3596627,235.1436693,-79.3122112,958.087,933.776,957.324,931.294,6840401248000144,68404a248-000144,248,68404a,144,11.441,0.022,49.6,16.6,11.292,0.026,42.0,3.54,9.77,1,0,0.00000,0.00000,0000,0000,3,AA,0,10,1.0,50.314,00,0000,0000,57434.57744694,0,,0,,11.572,2.962,0.000,33.706,4.683,0.000,5354,107.9,2186,51.98,7.50,7.50,11.488,0.012,0,0.260,11.182,0.039,2,0.326,12.212,0.016,0,12.011,0.041,0,11.748,0.012,0,11.508,0.039,2,11.547,0.012,0,11.289,0.039,2,11.449,0.012,1,11.186,0.039,3,11.393,0.013,1,11.136,0.040,3,11.354,0.014,1,11.110,0.042,3,11.323,0.015,1,11.096,0.045,3,11.294,0.015,1,11.087,0.049,3,1111074301351023782,0.101993,-30.5,1,11.466,0.022,11.185,0.020,8.628,0.022,6.437,0.048,709914239,0.347165,-39.3,1,0.53,13.766,0.0710,12.908,0.0864,12.491,0.0531,-0.1059926073740450,0.2512506632405510,-0.9621011752426220,111022110,10214825440086
112.8729833,-74.1754320,0.0394,0.0342,-0.0082,285.9233287,-23.3596490,235.1436103,-79.3122030,996.777,445.620,993.539,442.862,6840801246000165,68408a246-000165,246,68408a,165,11.489,0.019,56.6,20.8,11.348,0.021,50.9,6.28,12.9,1,0,0.00000,0.00000,0000,0000,3,AA,0,10,1.0,41.732,00,0000,0000,57434.70847811,0,,0,,13.248,3.522,0.000,32.755,5.011,0.000,5118,90.43,2076,40.76,7.50,7.50,11.591,0.013,2,0.260,11.208,0.023,0,0.326,12.356,0.017,2,12.052,0.026,0,11.851,0.013,2,11.534,0.023,0,11.625,0.012,2,11.305,0.030,2,11.509,0.012,3,11.202,0.042,3,11.437,0.013,3,11.146,0.049,3,11.386,0.014,3,11.107,0.050,3,11.343,0.016,3,11.075,0.051,3,11.301,0.016,3,11.045,0.054,3,1111074301351023782,0.121318,-54.0,1,11.466,0.022,11.185,0.020,8.628,0.022,6.437,0.048,709914239,0.366658,-46.6,1,0.54,13.766,0.0710,12.908,0.0864,12.491,0.0531,-0.1059928443764760,0.2512506470930080,-0.9621011533494430,111022110,10214825440086
112.8729106,-74.1753725,0.0413,0.0394,-0.0099,285.9232604,-23.3596503,235.1434018,-79.3122524,622.791,876.706,623.742,875.573,7351401018000139,73514a018-000139,18,73514a,139,11.526,0.020,54.4,23.2,11.292,0.024,44.5,7.52,14.6,1,0,0.00000,0.00000,0000,0000,3,AA,0,10,1.0,43.339,00,0000,0000,57602.00050172,0,,0,,14.359,3.585,0.000,38.302,3.786,0.000,4950,90.95,2191,49.26,7.50,7.50,11.438,0.013,2,0.260,11.159,0.055,2,0.326,12.163,0.017,0,11.995,0.043,0,11.698,0.013,2,11.485,0.055,2,11.498,0.012,2,11.254,0.077,2,11.397,0.012,3,11.141,0.110,3,11.335,0.013,3,11.080,0.119,3,11.289,0.014,3,11.041,0.120,3,11.253,0.014,3,11.004,0.122,3,11.220,0.015,3,10.964,0.123,3,1111074301351023782,0.145411,-169.4,1,11.466,0.022,11.185,0.020,8.628,0.022,6.437,0.048,709914239,0.198596,-79.0,1,0.32,13.766,0.0710,12.908,0.0864,12.491,0.0531,-0.1059929139198680,0.2512517021351520,-0.9621008701653710,111022110,10214825440084
112.8726950,-74.1753968,0.0422,0.0382,-0.0081,285.9232666,-23.3597136,235.1436861,-79.3122880,972.861,684.593,970.771,682.026,7347401018000126,73474a018-000126,18,73474a,126,11.471,0.020,53.3,21.4,11.259,0.023,46.6,4.72,12.6,1,0,0.00000,0.00000,0000,0000,3,AA,0,5,0.5,47.215,00,0000,0000,57600.69019544,0,,0,,13.753,3.436,0.000,38.768,4.645,0.000,5203,97.53,2259,48.45,7.50,7.50,11.405,0.012,2,0.260,11.197,0.030,0,0.326,12.131,0.016,2,12.012,0.031,0,11.664,0.012,2,11.523,0.030,0,11.459,0.011,2,11.312,0.036,0,11.355,0.011,3,11.212,0.043,3,11.294,0.012,3,11.153,0.053,3,11.248,0.012,3,11.107,0.062,3,11.206,0.013,3,11.073,0.066,3,11.162,0.013,3,11.048,0.073,3,1111074301351023782,0.192988,106.7,1,11.466,0.022,11.185,0.020,8.628,0.022,6.437,0.048,709914239,0.126387,7.6,1,0.33,13.766,0.0710,12.908,0.0864,12.491,0.0531,-0.1059918098770340,0.2512517250198270,-0.9621009858188230,111022110,10214825440085
112.8727083,-74.1754013,0.0446,0.0397,-0.0117,285.9232725,-23.3597115,235.1436956,-79.3122824,930.650,728.521,929.071,726.114,7347801018000135,73478a018-000135,18,73478a,135,11.489,0.021,50.9,19,11.208,0.027,40.6,3.69,10.4,1,0,0.00000,0.00000,0000,0000,3,AA,0,10,1.0,50.757,00,0000,0000,57600.82122659,0,,0,,14.476,3.668,0.000,39.318,4.597,0.000,5119,100.6,2368,58.36,7.50,7.50,11.466,0.014,0,0.260,11.127,0.052,2,0.326,12.186,0.018,0,11.936,0.060,0,11.725,0.014,0,11.453,0.052,2,11.527,0.013,2,11.248,0.051,2,11.431,0.013,3,11.154,0.058,3,11.377,0.016,3,11.106,0.067,3,11.341,0.019,3,11.080,0.072,3,11.313,0.020,3,11.066,0.077,3,11.288,0.021,3,11.056,0.082,3,1111074301351023782,0.176221,102.9,1,11.466,0.022,11.185,0.020,8.628,0.022,6.437,0.048,709914239,0.141527,1.5,1,0.33,13.766,0.0710,12.908,0.0864,12.491,0.0531,-0.1059918388294850,0.2512516307943220,-0.9621010072361100,111022110,10214825440085
112.8727624,-74.1754170,0.0450,0.0399,0.0118,285.9232936,-23.3597021,235.1437222,-79.3122615,114.421,498.960,116.713,500.074,7357401017000144,73574a017-000144,17,73574a,144,11.512,0.018,59.2,19.8,11.235,0.023,47.0,3.92,11.7,1,0,0.00000,0.00000,0000,0000,3,AA,0,10,1.0,46.688,00,0000,0000,57603.96583318,0,,0,,13.791,3.389,0.000,38.319,3.925,0.000,5010,84.68,2309,49.17,7.50,7.50,11.454,0.013,0,0.260,11.158,0.054,0,0.326,12.197,0.017,0,12.013,0.064,0,11.713,0.013,0,11.484,0.054,0,11.501,0.012,0,11.247,0.048,2,11.396,0.013,1,11.134,0.045,3,11.337,0.014,1,11.068,0.045,3,11.295,0.015,1,11.020,0.046,3,11.258,0.015,1,10.986,0.049,3,11.222,0.016,19,10.962,0.054,3,1111074301351023782,0.119938,81.7,1,11.466,0.022,11.185,0.020,8.628,0.022,6.437,0.048,709914239,0.204088,-14.0,1,0.39,13.766,0.0710,12.908,0.0864,12.491,0.0531,-0.1059919735970720,0.2512512878118080,-0.9621010819585980,111022110,10214825440085
112.8730010,-74.1754214,0.0473,0.0469,0.0053,285.9233193,-23.3596413,235.1435482,-79.3122048,521.611,71.183,519.756,70.525,7352601017000153,73526a017-000153,17,73526a,153,11.514,0.024,45.1,15.2,11.237,0.023,47.3,4.59,8.88,1,0,0.00000,0.00000,0000,0000,3,AA,0,10,1.0,26.740,00,0000,0000,57602.39346606,0,,0,,14.471,4.360,0.000,38.375,3.906,0.000,5003,111,2306,48.72,7.50,7.50,11.408,0.028,2,0.260,11.181,0.022,0,0.326,12.106,0.033,2,12.009,0.027,0,11.667,0.028,2,11.507,0.022,0,11.478,0.025,2,11.285,0.022,0,11.389,0.024,3,11.181,0.024,1,11.342,0.024,3,11.129,0.028,3,11.312,0.025,3,11.102,0.037,3,11.287,0.027,3,11.085,0.046,3,11.257,0.029,3,11.070,0.051,3,1111074301351023782,0.120199,-74.0,1,11.466,0.022,11.185,0.020,8.628,0.022,6.437,0.048,709914239,0.355273,-53.0,1,0.52,13.766,0.0710,12.908,0.0864,12.491,0.0531,-0.1059929911778770,0.2512507783469030,-0.9621011028999200,111022110,10214825440086
112.8729683,-74.1754153,0.0460,0.0469,0.0076,285.9233100,-23.3596480,235.1435474,-79.3122156,426.723,172.386,425.847,172.111,7353801017000134,73538a017-000134,17,73538a,134,11.479,0.022,50.2,16,11.230,0.025,43.2,3.67,9.63,1,0,0.00000,0.00000,0000,0000,3,AA,0,10,1.0,51.017,00,0000,0000,57602.78655786,0,,0,,13.979,3.415,0.000,37.937,4.198,0.000,5167,102.9,2321,53.71,7.50,7.50,11.465,0.017,2,0.260,11.138,0.053,2,0.326,12.193,0.023,2,11.967,0.040,2,11.725,0.017,2,11.464,0.053,2,11.518,0.016,2,11.229,0.072,2,11.417,0.016,3,11.111,0.080,3,11.362,0.017,3,11.042,0.080,3,11.326,0.019,3,10.999,0.079,3,11.295,0.020,3,10.967,0.079,3,11.265,0.021,3,10.935,0.079,3,1111074301351023782,0.084187,-82.4,1,11.466,0.022,11.185,0.020,8.628,0.022,6.437,0.048,709914239,0.316425,-52.7,1,0.48,13.766,0.0710,12.908,0.0864,12.491,0.0531,-0.1059928875968590,0.2512509332154400,-0.9621010738676320,111022110,10214825440086
112.8729946,-74.1754126,0.0436,0.0409,0.0072,285.9233096,-23.3596403,235.1435139,-79.3122111,338.112,251.222,338.076,251.340,7354601017000140,73546a017-000140,17,73546a,140,11.497,0.018,61.0,16.3,11.236,0.027,39.5,2.88,9.12,1,0,0.00000,0.00000,0000,0000,3,AA,0,10,1.0,40.105,00,0000,0000,57603.04861906,0,,0,,13.702,3.312,0.000,38.260,5.288,0.000,5082,83.32,2307,58.42,7.50,7.50,11.460,0.013,0,0.260,11.095,0.089,2,0.326,12.187,0.017,0,11.950,0.126,2,11.719,0.013,0,11.421,0.089,2,11.516,0.012,2,11.189,0.076,2,11.414,0.012,3,11.079,0.071,3,11.350,0.012,3,11.018,0.071,3,11.301,0.013,3,10.973,0.075,3,11.259,0.014,3,10.938,0.076,3,11.220,0.014,3,10.913,0.078,3,1111074301351023782,0.109272,-89.2,1,11.466,0.022,11.185,0.020,8.628,0.022,6.437,0.048,709914239,0.331886,-56.7,1,0.50,13.766,0.0710,12.908,0.0864,12.491,0.0531,-0.1059930205488440,0.2512509263353530,-0.9621010610172710,111022110,10214825440086
112.8730458,-74.1754198,0.0492,0.0416,0.0078,285.9233216,-23.3596291,235.1435047,-79.3121955,241.154,361.092,242.176,361.628,7355801017000158,73558a017-000158,17,73558a,158,11.514,0.018,58.8,17.1,11.300,0.030,36.2,3.79,10.1,1,0,0.00000,0.00000,0000,0000,3,AA,0,10,1.0,28.727,00,0000,0000,57603.44171076,0,,0,,14.388,3.498,0.000,38.679,5.002,0.000,5001,85.12,2175,60.13,7.50,7.50,11.444,0.013,2,0.260,11.275,0.100,2,0.326,12.173,0.017,0,12.101,0.136,2,11.704,0.013,2,11.601,0.100,2,11.497,0.012,3,11.382,0.087,3,11.392,0.012,3,11.280,0.084,3,11.330,0.013,3,11.223,0.085,3,11.287,0.014,3,11.172,0.085,3,11.249,0.014,3,11.119,0.087,3,11.203,0.015,3,11.068,0.090,3,1111074301351023782,0.161855,-80.3,1,11.466,0.022,11.185,0.020,8.628,0.022,6.437,0.048,709914239,0.388173,-57.6,1,0.55,13.766,0.0710,12.908,0.0864,12.491,0.0531,-0.1059931980756360,0.2512507202244510,-0.9621010952848940,111022110,10214825440086
112.8728802,-74.1754362,0.0433,0.0409,0.0138,285.9233240,-23.3596771,235.1437129,-79.3122241,143.737,464.345,145.736,465.310,7357001017000141,73570a017-000141,17,73570a,141,11.528,0.018,60.1,17.2,11.220,0.024,44.4,3.32,9.96,1,0,0.00000,0.00000,0000,0000,3,AA,0,10,1.0,51.221,00,0000,0000,57603.83480260,0,,0,,13.866,3.186,0.000,38.036,4.112,0.000,4937,82.21,2342,52.71,7.50,7.50,11.457,0.013,0,0.260,11.194,0.038,2,0.326,12.201,0.016,0,12.046,0.052,2,11.716,0.013,0,11.520,0.038,2,11.500,0.012,2,11.272,0.034,2,11.389,0.011,3,11.146,0.034,3,11.324,0.012,3,11.076,0.036,3,11.280,0.012,3,11.034,0.039,3,11.245,0.013,3,11.006,0.043,3,11.214,0.013,3,10.980,0.047,3,1111074301351023782,0.086454,2.0,1,11.466,0.022,11.185,0.020,8.628,0.022,6.437,0.048,709914239,0.314035,-31.7,1,0.51,13.766,0.0710,12.908,0.0864,12.491,0.0531,-0.1059923648547480,0.2512507728395520,-0.9621011733388680,111022110,10214825440086
112.8728007,-74.1754213,0.0442,0.0393,0.0083,285.9233015,-23.3596934,235.1437104,-79.3122504,822.305,666.814,821.087,664.855,7349001018000128,73490a018-000128,18,73490a,128,11.494,0.020,54.1,17.2,11.200,0.026,42.4,4.02,10.4,1,0,0.00000,0.00000,0000,0000,3,AA,0,10,1.0,28.651,00,0000,0000,57601.21431829,0,,0,,14.194,3.855,0.000,38.075,4.414,0.000,5097,94.26,2384,56.24,7.50,7.50,11.433,0.015,0,0.260,11.089,0.029,2,0.326,12.153,0.019,0,11.916,0.034,0,11.692,0.015,0,11.415,0.029,2,11.493,0.014,0,11.198,0.035,2,11.395,0.015,3,11.097,0.042,3,11.339,0.016,3,11.040,0.050,3,11.298,0.020,3,11.000,0.058,3,11.262,0.022,3,10.975,0.076,3,11.227,0.023,3,10.956,0.103,3,1111074301351023782,0.087456,68.0,1,11.466,0.022,11.185,0.020,8.628,0.022,6.437,0.048,709914239,0.230556,-22.2,1,0.43,13.766,0.0710,12.908,0.0864,12.491,0.0531,-0.1059921134836940,0.2512511504328310,-0.9621011024239809,111022110,10214825440087
112.8727985,-74.1754157,0.0425,0.0398,0.0107,285.9232955,-23.3596923,235.1436871,-79.3122540,784.976,704.800,784.178,703.019,7349401018000152,73494a018-000152,18,73494a,152,11.451,0.020,55.1,16.2,11.257,0.024,44.6,4.15,9.98,1,0,0.00000,0.00000,0000,0000,3,AA,0,10,1.0,25.777,00,0000,0000,57601.34534887,0,,0,,14.879,4.080,0.000,37.892,4.881,0.000,5301,96.25,2263,50.68,7.50,7.50,11.387,0.014,0,0.260,11.103,0.148,2,0.326,12.113,0.017,0,11.941,0.156,0,11.647,0.014,0,11.429,0.148,2,11.441,0.012,2,11.199,0.133,2,11.337,0.013,3,11.092,0.126,3,11.274,0.015,3,11.036,0.123,3,11.229,0.016,3,11.005,0.124,3,11.191,0.017,3,10.985,0.130,3,11.154,0.019,3,10.968,0.134,3,1111074301351023782,0.084196,81.4,1,11.466,0.022,11.185,0.020,8.628,0.022,6.437,0.048,709914239,0.211148,-23.7,1,0.40,13.766,0.0710,12.908,0.0864,12.491,0.0531,-0.1059921403861950,0.2512512411429840,-0.9621010757713890,111022110,10214825440087
112.8728637,-74.1753739,0.0498,0.0454,0.0033,285.9232577,-23.3596629,235.1434462,-79.3122623,674.848,796.502,675.093,795.206,7350601018000138,73506a018-000138,18,73506a,138,11.558,0.021,50.7,16.5,11.272,0.030,36.5,3.67,9.54,1,0,0.00000,0.00000,0000,0000,3,AA,0,10,1.0,49.532,00,0000,0000,57601.73844057,0,,0,,13.978,4.333,0.000,37.877,5.817,0.000,4804,94.7,2231,61.11,7.50,7.50,11.495,0.016,2,0.260,11.165,0.079,2,0.326,12.208,0.020,2,11.970,0.106,2,11.754,0.016,2,11.491,0.079,2,11.563,0.015,2,11.280,0.071,2,11.467,0.015,3,11.179,0.071,3,11.411,0.016,3,11.124,0.072,3,11.372,0.019,3,11.088,0.073,3,11.342,0.022,3,11.065,0.075,3,11.313,0.024,3,11.056,0.081,3,1111074301351023782,0.139216,172.1,1,11.466,0.022,11.185,0.020,8.628,0.022,6.437,0.048,709914239,0.154963,-74.0,1,0.31,13.766,0.0710,12.908,0.0864,12.491,0.0531,-0.1059926991178990,0.2512517672364940,-0.9621008768285380,111022110,10214825440087
112.8729187,-74.1753994,0.0410,0.0410,-0.0035,285.9232891,-23.3596562,235.1435162,-79.3122357,648.945,839.453,649.532,838.247,7351001018000123,73510a018-000123,18,73510a,123,11.480,0.020,55.2,14.5,11.250,0.026,42.1,4.77,9.02,1,0,0.00000,0.00000,0000,0000,3,AA,0,10,1.0,49.962,00,0000,0000,57601.86947115,0,,0,,13.773,3.666,0.000,38.549,4.859,0.000,5164,93.54,2278,54.1,7.50,7.50,11.357,0.014,2,0.260,11.092,0.098,2,0.326,12.083,0.019,2,11.927,0.074,0,11.617,0.014,2,11.418,0.098,2,11.419,0.013,2,11.186,0.107,2,11.318,0.013,3,11.074,0.105,3,11.256,0.014,3,11.018,0.102,3,11.211,0.018,3,10.991,0.103,3,11.172,0.023,3,10.980,0.106,3,11.132,0.024,3,10.971,0.109,3,1111074301351023782,0.057715,-143.0,1,11.466,0.022,11.185,0.020,8.628,0.022,6.437,0.048,709914239,0.243522,-56.4,1,0.41,13.766,0.0710,12.908,0.0864,12.491,0.0531,-0.1059927738690650,0.2512512709680900,-0.9621009981932570,111022110,10214825440087
112.8728689,-74.1754038,0.0430,0.0428,-0.0140,285.9232893,-23.3596704,235.1435764,-79.3122446,553.342,39.026,551.180,38.182,7352201017000166,73522a017-000166,17,73522a,166,11.463,0.022,48.8,13.3,11.247,0.023,46.5,5.84,9.11,1,0,0.00000,0.00000,0000,0000,3,AA,0,10,1.0,26.071,00,0000,0000,57602.26243553,0,,0,,15.537,4.217,0.000,38.735,4.346,0.000,5244,107.3,2284,49.12,7.50,7.50,11.480,0.026,2,0.260,11.150,0.050,0,0.326,12.218,0.028,2,11.989,0.036,0,11.739,0.026,2,11.476,0.050,0,11.536,0.025,2,11.247,0.069,2,11.441,0.024,3,11.139,0.074,3,11.384,0.026,3,11.076,0.072,3,11.340,0.027,3,11.035,0.071,3,11.302,0.030,3,11.008,0.071,3,11.268,0.032,3,10.985,0.072,3,1111074301351023782,0.033381,154.9,1,11.466,0.022,11.185,0.020,8.628,0.022,6.437,0.048,709914239,0.215334,-45.7,1,0.41,13.766,0.0710,12.908,0.0864,12.491,0.0531,-0.1059925267701380,0.2512512950196370,-0.9621010191346000,111022110,10214825440087
112.8728999,-74.1753928,0.0435,0.0396,-0.0124,285.9232806,-23.3596591,235.1435018,-79.3122436,550.702,954.198,552.384,953.404,7352201018000143,73522a018-000143,18,73522a,143,11.505,0.021,51.4,15.5,11.174,0.025,43.2,3.84,8.93,1,0,0.00000,0.00000,0000,0000,3,AA,0,10,1.0,26.290,00,0000,0000,57602.26256285,0,,0,,14.816,3.425,0.000,38.388,4.328,0.000,5044,98.04,2444,56.57,7.50,7.50,11.432,0.016,1,0.260,11.094,0.075,1,0.326,12.146,0.018,1,11.921,0.089,1,11.692,0.016,1,11.420,0.075,1,11.490,0.018,1,11.196,0.075,3,11.387,0.019,1,11.090,0.076,3,11.324,0.020,1,11.026,0.074,3,11.278,0.020,1,10.975,0.073,3,11.237,0.027,3,10.933,0.072,3,11.193,0.059,3,10.897,0.074,3,1111074301351023782,0.071716,-166.9,1,11.466,0.022,11.185,0.020,8.628,0.022,6.437,0.048,709914239,0.215221,-59.0,1,0.38,13.766,0.0710,12.908,0.0864,12.491,0.0531,-0.1059927345048040,0.2512514078583780,-0.9621009667812300,111022110,10214825440087
112.8729659,-74.1753948,0.0478,0.0458,-0.0109,285.9232885,-23.3596425,235.1434572,-79.3122275,493.306,107.702,491.818,107.127,7353001017000152,73530a017-000152,17,73530a,152,11.542,0.023,47.5,17.7,11.243,0.025,43.0,7.28,12,1,0,0.00000,0.00000,0000,0000,3,AA,0,10,1.0,34.435,00,0000,0000,57602.52449664,0,,0,,13.824,3.887,0.000,38.155,3.864,0.000,4877,102.6,2293,53.35,7.50,7.50,11.377,0.018,2,0.260,11.133,0.029,2,0.326,12.105,0.024,2,11.972,0.038,0,11.637,0.018,2,11.459,0.029,2,11.436,0.019,2,11.243,0.027,2,11.336,0.021,3,11.153,0.028,3,11.270,0.023,3,11.108,0.030,3,11.212,0.026,3,11.078,0.035,3,11.160,0.028,3,11.048,0.041,3,11.115,0.029,3,11.010,0.045,3,1111074301351023782,0.102465,-127.7,1,11.466,0.022,11.185,0.020,8.628,0.022,6.437,0.048,709914239,0.275808,-64.7,1,0.42,13.766,0.0710,12.908,0.0864,12.491,0.0531,-0.1059930108719700,0.2512512548204060,-0.9621009763000270,111022110,10214825440087
112.8728191,-74.1754313,0.0444,0.0406,0.0069,285.9233135,-23.3596916,235.1437405,-79.3122407,381.458,208.961,380.968,208.907,7354201017000135,73542a017-000135,17,73542a,135,11.490,0.019,55.9,19.5,11.210,0.025,43.6,4.03,11.2,1,0,0.00000,0.00000,0000,0000,3,AA,0,10,1.0,49.435,00,0000,0000,57602.91758844,0,,0,,15.526,4.114,0.000,38.729,4.591,0.000,5116,91.51,2363,54.23,7.50,7.50,11.424,0.013,2,0.260,11.158,0.047,2,0.326,12.145,0.017,2,11.991,0.056,0,11.684,0.013,2,11.484,0.047,2,11.484,0.013,3,11.261,0.046,3,11.387,0.014,3,11.155,0.047,3,11.330,0.014,3,11.086,0.047,3,11.290,0.015,3,11.035,0.048,3,11.260,0.017,3,11.002,0.050,3,11.236,0.019,3,10.977,0.052,3,1111074301351023782,0.093274,42.5,1,11.466,0.022,11.185,0.020,8.628,0.022,6.437,0.048,709914239,0.270730,-22.9,1,0.46,13.766,0.0710,12.908,0.0864,12.491,0.0531,-0.1059921289029760,0.2512509616795600,-0.9621011500178720,111022110,10214825440087
112.8729251,-74.1754058,0.0465,0.0401,0.0167,285.9232963,-23.3596564,235.1435398,-79.3122307,221.765,395.941,223.027,396.604,7356201017000138,73562a017-000138,17,73562a,138,11.494,0.018,59.7,18.7,11.208,0.027,40.8,4.17,11.1,1,0,0.00000,0.00000,0000,0000,3,AA,0,10,1.0,38.247,00,0000,0000,57603.57274139,0,,0,,13.834,3.232,0.000,37.970,4.418,0.000,5096,85.32,2367,58.06,7.50,7.50,11.443,0.015,0,0.260,11.197,0.033,2,0.326,12.182,0.019,0,12.027,0.042,2,11.703,0.015,0,11.523,0.033,2,11.493,0.014,0,11.299,0.032,2,11.391,0.014,1,11.195,0.032,3,11.333,0.014,1,11.141,0.034,3,11.293,0.014,1,11.108,0.036,3,11.260,0.015,1,11.082,0.040,3,11.227,0.016,3,11.057,0.049,3,1111074301351023782,0.047061,-119.3,1,11.466,0.022,11.185,0.020,8.628,0.022,6.437,0.048,709914239,0.261968,-53.0,1,0.43,13.766,0.0710,12.908,0.0864,12.491,0.0531,-0.1059927601626250,0.2512511601111420,-0.9621010286533910,111022110,10214825440087
112.8728528,-74.1754261,0.0468,0.0404,0.0164,285.9233111,-23.3596813,235.1436897,-79.3122359,185.668,432.358,187.280,433.158,7356601017000141,73566a017-000141,17,73566a,141,11.533,0.018,59.4,16.2,11.212,0.026,41.9,3.73,9.51,1,0,0.00000,0.00000,0000,0000,3,AA,0,10,1.0,48.127,00,0000,0000,57603.70377198,0,,0,,16.816,4.318,0.000,38.647,4.318,0.000,4915,82.68,2359,56.26,7.50,7.50,11.451,0.014,0,0.260,11.101,0.052,2,0.326,12.192,0.018,0,11.954,0.072,2,11.711,0.014,0,11.427,0.052,2,11.499,0.014,2,11.194,0.049,2,11.396,0.016,3,11.086,0.051,3,11.337,0.017,3,11.028,0.053,3,11.295,0.018,3,10.994,0.055,3,11.261,0.019,3,10.973,0.059,3,11.232,0.021,3,10.958,0.066,3,1111074301351023782,0.058314,30.9,1,11.466,0.022,11.185,0.020,8.628,0.022,6.437,0.048,709914239,0.268990,-30.9,1,0.45,13.766,0.0710,12.908,0.0864,12.491,0.0531,-0.1059923106219600,0.2512509797892180,-0.9621011252690520,111022110,10214825440087
112.8727632,-74.1754375,0.0425,0.0379,0.0095,285.9233150,-23.3597080,235.1438137,-79.3122500,886.549,769.625,885.403,767.449,7348201018000144,73482a018-000144,18,73482a,144,11.478,0.019,56.3,18.2,11.251,0.025,43.9,5.43,11.4,1,0,0.00000,0.00000,0000,0000,3,AA,0,5,0.5,46.875,00,0000,0000,57600.95225718,0,,0,,13.362,3.652,0.000,38.023,4.772,0.000,5174,91.89,2277,51.87,7.50,7.50,11.435,0.013,0,0.260,11.084,0.049,2,0.326,12.160,0.017,0,11.919,0.039,0,11.694,0.013,0,11.410,0.049,2,11.491,0.012,2,11.191,0.057,2,11.393,0.013,3,11.092,0.063,3,11.341,0.014,3,11.038,0.065,3,11.309,0.015,3,10.998,0.067,3,11.286,0.017,3,10.965,0.071,3,11.263,0.020,3,10.934,0.073,3,1111074301351023782,0.148984,52.3,1,11.466,0.022,11.185,0.020,8.628,0.022,6.437,0.048,709914239,0.276408,-10.5,1,0.48,13.766,0.0710,12.908,0.0864,12.491,0.0531,-0.1059918433068230,0.2512509691662250,-0.9621011795260700,111022110,10214825440092
112.8728412,-74.1753943,0.0433,0.0388,0.0030,285.9232770,-23.3596748,235.1435562,-79.3122561,837.728,675.988,836.471,673.965,5161001027000137,51610a027-000137,27,51610a,137,11.543,0.020,55.1,14.7,11.304,0.026,42.1,3.25,8.42,1,0,0.00000,0.00000,0000,0000,3,AA,0,10,1.0,25.840,00,0000,0000,56883.32058678,0,,0,,14.427,4.151,0.000,36.380,4.928,0.000,4863,88.24,2163,51.36,7.50,7.50,11.466,0.013,2,0.257,11.203,0.033,2,0.322,12.177,0.016,2,12.015,0.035,2,11.723,0.013,2,11.525,0.033,2,11.524,0.012,3,11.307,0.038,3,11.425,0.013,3,11.196,0.041,3,11.365,0.015,3,11.127,0.044,3,11.322,0.016,3,11.075,0.047,3,11.285,0.017,3,11.028,0.050,3,11.251,0.017,3,10.982,0.053,3,1111074301351023782,0.076555,147.3,1,11.466,0.022,11.185,0.020,8.628,0.022,6.437,0.048,709914239,0.172070,-47.5,1,0.34,13.766,0.0710,12.908,0.0864,12.491,0.0531,-0.1059924673054470,0.2512514932414530,-0.9621009739203280,111022110,10214825440087
112.8728612,-74.1754049,0.0465,0.0450,0.0163,285.9232898,-23.3596728,235.1435876,-79.3122457,635.156,417.089,634.043,415.895,5164901003000133,51649a003-000133,3,51649a,133,11.547,0.019,58.0,16.9,11.297,0.034,32.2,3.91,10.1,1,0,0.00000,0.00000,0000,0000,3,AA,0,10,1.0,40.868,00,0000,0000,56884.57040815,0,,0,,13.443,3.620,0.000,35.969,5.099,0.000,4845,83.57,2178,67.69,7.50,7.50,11.390,0.023,2,0.257,11.271,0.062,2,0.322,12.134,0.020,0,12.104,0.088,2,11.647,0.023,2,11.593,0.062,2,11.438,0.027,2,11.358,0.057,2,11.341,0.029,3,11.245,0.059,3,11.284,0.028,3,11.187,0.060,3,11.242,0.028,3,11.155,0.064,3,11.205,0.028,3,11.135,0.076,3,11.171,0.028,3,11.112,0.090,3,1111074301351023782,0.034078,140.5,1,11.466,0.022,11.185,0.020,8.628,0.022,6.437,0.048,709914239,0.212850,-43.5,1,0.40,13.766,0.0710,12.908,0.0864,12.491,0.0531,-0.1059924858249340,0.2512512922453770,-0.9621010243699361,111022110,10214825440087
112.8727584,-74.1754289,0.0496,0.0390,0.0125,285.9233056,-23.3597067,235.1437790,-79.3122558,872.417,553.978,870.391,551.776,5162101003000128,51621a003-000128,3,51621a,128,11.486,0.021,52.2,16.3,11.323,0.028,38.4,3.22,9.44,1,0,0.00000,0.00000,0000,0000,3,AA,0,10,1.0,46.677,00,0000,0000,56883.64950037,0,,0,,13.501,3.693,0.000,36.554,5.011,0.000,5123,98.13,2126,55.44,7.50,7.50,11.518,0.013,2,0.257,11.257,0.039,2,0.322,12.248,0.017,2,12.053,0.047,2,11.775,0.013,2,11.579,0.039,2,11.561,0.012,2,11.372,0.045,2,11.456,0.012,3,11.272,0.060,3,11.395,0.013,3,11.210,0.068,3,11.352,0.014,3,11.174,0.072,3,11.313,0.015,3,11.154,0.075,3,11.276,0.016,3,11.137,0.078,3,1111074301351023782,0.136560,63.9,1,11.466,0.022,11.185,0.020,8.628,0.022,6.437,0.048,709914239,0.245110,-10.7,1,0.45,13.766,0.0710,12.908,0.0864,12.491,0.0531,-0.1059918783881130,0.2512511111006450,-0.9621011385953410,111022110,10214825440092
112.8727301,-74.1754366,0.0485,0.0391,0.0051,285.9233111,-23.3597163,235.1438366,-79.3122580,744.624,934.961,745.061,933.404,5162201027000141,51622a027-000141,27,51622a,141,11.523,0.021,50.6,16.9,11.255,0.026,42.1,3.35,9.27,1,0,0.00000,0.00000,0000,0000,3,AA,0,10,1.0,49.758,00,0000,0000,56883.71533402,0,,0,,13.411,3.900,0.000,35.683,4.639,0.000,4949,97.87,2264,53.72,7.50,7.50,11.466,0.013,2,0.257,11.212,0.054,2,0.322,12.181,0.017,2,12.023,0.055,2,11.723,0.013,2,11.534,0.054,2,11.526,0.013,3,11.315,0.052,3,11.430,0.013,3,11.211,0.054,3,11.375,0.013,3,11.152,0.059,3,11.336,0.014,3,11.112,0.069,3,11.301,0.015,3,11.076,0.073,3,11.268,0.017,3,11.036,0.074,3,1111074301351023782,0.174169,59.7,1,11.466,0.022,11.185,0.020,8.628,0.022,6.437,0.048,709914239,0.269147,-3.8,1,0.47,13.766,0.0710,12.908,0.0864,12.491,0.0531,-0.1059917040321870,0.2512510443224430,-0.9621011752426220,111022110,10214825440092
112.8724962,-74.1754434,0.0466,0.0374,-0.0059,285.9232975,-23.3597792,235.1440571,-79.3123074,118.592,94.815,119.134,95.942,5169401026000154,51694a026-000154,26,51694a,154,11.539,0.021,51.5,17,11.124,0.023,47.6,9.66,12.6,1,0,0.00000,0.00000,0000,0000,3,AA,0,10,1.0,34.783,00,0000,0000,56886.08330917,0,,0,,16.205,4.163,0.000,35.980,3.583,0.000,4879,94.71,2553,53.69,7.50,7.50,11.476,0.015,2,0.257,11.117,0.023,2,0.322,12.198,0.017,0,11.936,0.028,0,11.733,0.015,2,11.439,0.023,2,11.534,0.014,2,11.228,0.024,2,11.434,0.014,3,11.138,0.026,3,11.375,0.014,3,11.096,0.031,3,11.336,0.015,3,11.069,0.040,3,11.305,0.016,3,11.052,0.056,3,11.276,0.017,3,11.040,0.063,3,1111074301351023782,0.396265,73.5,1,11.466,0.022,11.185,0.020,8.628,0.022,6.437,0.048,709914239,0.361598,35.9,1,0.52,13.766,0.0710,12.908,0.0864,12.491,0.0531,-0.1059906339614400,0.2512513718065630,-0.9621012076064410,111022110,10214825440092
112.8725907,-74.1754367,0.0530,0.0503,0.0117,285.9232989,-23.3597527,235.1439502,-79.3122896,759.772,91.464,756.581,89.688,5163301002000137,51633a002-000137,2,51633a,137,11.549,0.024,44.4,16,11.287,0.027,40.7,2.75,9.25,1,0,0.00000,0.00000,0000,0000,3,AA,0,10,1.0,37.739,00,0000,0000,56884.04412095,0,,0,,15.221,4.398,0.000,36.508,4.844,0.000,4835,108.8,2197,53.95,7.50,7.50,11.462,0.035,2,0.257,11.180,0.030,2,0.322,12.212,0.051,0,12.020,0.035,2,11.719,0.035,2,11.502,0.030,2,11.502,0.029,2,11.269,0.029,2,11.391,0.027,3,11.161,0.032,3,11.326,0.027,3,11.105,0.036,3,11.281,0.027,3,11.070,0.040,3,11.243,0.028,3,11.044,0.044,3,11.204,0.029,3,11.020,0.050,3,1111074301351023782,0.300480,72.9,1,11.466,0.022,11.185,0.020,8.628,0.022,6.437,0.048,709914239,0.294105,23.9,1,0.47,13.766,0.0710,12.908,0.0864,12.491,0.0531,-0.1059910920881820,0.2512513006511950,-0.9621011757185610,111022110,10214825440092
112.8728417,-74.1754417,0.0437,0.0422,-0.0091,285.9233263,-23.3596888,235.1437689,-79.3122298,330.267,59.661,329.511,59.804,5167001026000159,51670a026-000159,26,51670a,159,11.573,0.019,55.8,18.1,11.337,0.026,42.0,3.95,10.8,1,0,0.00000,0.00000,0000,0000,3,AA,0,10,1.0,24.566,00,0000,0000,56885.29394184,0,,0,,13.538,3.014,0.000,36.558,3.888,0.000,4726,84.75,2098,49.99,7.50,7.50,11.512,0.013,1,0.257,11.258,0.029,3,0.322,12.233,0.016,0,12.100,0.038,0,11.769,0.013,1,11.580,0.029,3,11.563,0.013,1,11.340,0.028,3,11.460,0.014,1,11.214,0.029,3,11.403,0.015,3,11.126,0.032,3,11.365,0.015,3,11.061,0.037,3,11.334,0.016,3,11.020,0.043,3,11.302,0.017,3,10.997,0.047,3,1111074301351023782,0.113781,21.0,1,11.466,0.022,11.185,0.020,8.628,0.022,6.437,0.048,709914239,0.313903,-23.9,1,0.50,13.766,0.0710,12.908,0.0864,12.491,0.0531,-0.1059921601290800,0.2512507589680710,-0.9621011995154870,111022110,10214825440094
112.8728486,-74.1754677,0.0426,0.0427,0.0021,285.9233540,-23.3596947,235.1438801,-79.3122139,523.399,876.831,524.918,876.145,5166101003000141,51661a003-000141,3,51661a,141,11.557,0.021,52.3,14.4,11.260,0.026,42.0,3.88,8.7,1,0,0.00000,0.00000,0000,0000,3,AA,0,10,1.0,43.901,00,0000,0001,56884.96515552,0,,0,,13.563,3.780,0.000,37.037,4.614,0.000,4796,91.79,2253,53.71,7.50,7.50,11.485,0.015,0,0.257,11.180,0.030,2,0.322,12.200,0.019,0,11.999,0.034,2,11.742,0.015,0,11.502,0.030,2,11.539,0.016,2,11.276,0.033,2,11.439,0.017,3,11.173,0.035,3,11.381,0.018,3,11.120,0.037,3,11.336,0.018,3,11.088,0.040,3,11.296,0.019,3,11.062,0.044,3,11.257,0.019,3,11.040,0.048,3,1111074301351023782,0.202683,9.7,1,11.466,0.022,11.185,0.020,8.628,0.022,6.437,0.048,709914239,0.403458,-19.4,1,0.60,13.766,0.0710,12.908,0.0864,12.491,0.0531,-0.1059920206905070,0.2512503439449930,-0.9621013232593880,111022110,10214825440095
112.8728153,-74.1754355,0.0497,0.0412,0.0061,285.9233175,-23.3596938,235.1437624,-79.3122392,797.873,248.696,795.105,246.752,5162901002000135,51629a002-000135,2,51629a,135,11.511,0.021,52.5,21.1,11.261,0.028,38.6,4.13,11.8,1,0,0.00000,0.00000,0000,0000,3,AA,0,5,0.5,47.872,00,0000,0000,56883.91258093,0,,0,,13.586,3.590,0.000,36.390,4.252,0.000,5004,95.24,2251,58.3,7.50,7.50,11.464,0.015,2,0.257,11.236,0.056,2,0.322,12.204,0.018,0,12.090,0.066,2,11.721,0.015,2,11.558,0.056,2,11.516,0.014,2,11.307,0.054,2,11.422,0.015,3,11.182,0.053,3,11.369,0.015,3,11.118,0.053,3,11.332,0.017,3,11.084,0.055,3,11.298,0.018,3,11.061,0.058,3,11.262,0.020,3,11.036,0.063,3,1111074301351023782,0.107201,38.5,1,11.466,0.022,11.185,0.020,8.628,0.022,6.437,0.048,709914239,0.283367,-21.0,1,0.49,13.766,0.0710,12.908,0.0864,12.491,0.0531,-0.1059920848269700,0.2512509037289650,-0.9621011700072970,111022110,10214825440095
112.8728012,-74.1754501,0.0430,0.0403,0.0090,285.9233315,-23.3597018,235.1438395,-79.3122344,394.036,343.010,394.064,342.887,5166201027000153,51662a027-000153,27,51662a,153,11.544,0.018,60.0,17.9,11.277,0.024,45.1,2.64,9.76,1,0,0.00000,0.00000,0000,0000,3,AA,0,10,1.0,38.767,00,0000,0000,56885.03086185,0,,0,,14.045,3.600,0.000,36.576,4.535,0.000,4857,80.97,2219,49.2,7.50,7.50,11.475,0.012,0,0.257,11.165,0.118,0,0.322,12.212,0.016,0,12.020,0.073,0,11.732,0.012,0,11.487,0.118,0,11.521,0.012,2,11.260,0.132,2,11.417,0.012,3,11.162,0.127,3,11.357,0.012,3,11.102,0.122,3,11.314,0.013,3,11.050,0.118,3,11.277,0.013,3,11.002,0.115,3,11.241,0.014,3,10.961,0.113,3,1111074301351023782,0.158467,30.6,1,11.466,0.022,11.185,0.020,8.628,0.022,6.437,0.048,709914239,0.329027,-15.4,1,0.54,13.766,0.0710,12.908,0.0864,12.491,0.0531,-0.1059919277055640,0.2512507039289140,-0.9621012394943080,111022110,10214825440095
112.8728796,-74.1754119,0.0436,0.0430,0.0138,285.9232987,-23.3596701,235.1436041,-79.3122377,291.084,846.458,293.804,846.763,7381401024000141,73814a024-000141,24,73814a,141,11.553,0.020,54.3,14.9,11.249,0.027,40.9,3,8.22,1,0,0.00000,0.00000,0000,0000,3,AA,0,10,1.0,52.204,00,0000,0000,57611.82742116,0,,0,,14.132,3.597,0.000,39.174,4.564,0.000,4825,88.81,2280,55.7,7.50,7.50,11.454,0.017,2,0.260,11.163,0.053,2,0.326,12.180,0.021,0,11.993,0.070,0,11.713,0.017,2,11.489,0.053,2,11.512,0.016,2,11.265,0.049,2,11.412,0.015,3,11.156,0.052,3,11.352,0.016,3,11.098,0.054,3,11.309,0.016,3,11.062,0.055,3,11.273,0.017,3,11.037,0.057,3,11.242,0.019,3,11.016,0.060,3,1111074301351023782,0.003789,106.6,1,11.466,0.022,11.185,0.020,8.628,0.022,6.437,0.048,709914239,0.243601,-42.5,1,0.43,13.766,0.0710,12.908,0.0864,12.491,0.0531,-0.1059925208244470,0.2512511499065100,-0.9621010576856960,111022110,10214825440087
112.8729358,-74.1753616,0.0441,0.0371,0.0088,285.9232513,-23.3596405,235.1433324,-79.3122527,987.765,405.301,984.372,402.608,8447901014000150,84479a014-000150,14,84479a,150,11.551,0.020,55.6,27,11.401,0.023,47.1,6.1,15.7,1,0,0.00000,0.00000,0000,0000,3,AA,0,10,1.0,43.259,00,0000,0000,57961.02293692,0,,0,,12.963,3.426,0.000,39.366,3.628,0.000,4828,86.76,1981,42.03,7.50,7.50,11.514,0.013,2,0.260,11.293,0.025,2,0.326,12.254,0.017,2,12.135,0.028,0,11.774,0.013,2,11.619,0.025,2,11.556,0.013,2,11.385,0.026,2,11.448,0.015,3,11.271,0.028,3,11.387,0.019,3,11.211,0.034,3,11.348,0.021,3,11.179,0.047,3,11.314,0.022,3,11.159,0.054,3,11.279,0.023,3,11.144,0.057,3,1111074301351023782,0.189311,-164.2,1,11.466,0.022,11.185,0.020,8.628,0.022,6.437,0.048,709914239,0.219709,-90.4,1,0.32,13.766,0.0710,12.908,0.0864,12.491,0.0531,-0.1059930955681920,0.2512518241560450,-0.9621008182878400,111022110,10214825440084
112.8727536,-74.1754476,0.0464,0.0395,0.0125,285.9233247,-23.3597135,235.1438669,-79.3122466,15.992,179.960,17.474,181.570,8459501014000147,84595a014-000147,14,84595a,147,11.565,0.019,58.0,17.1,11.355,0.025,42.9,3.6,10,1,0,0.00000,0.00000,0000,0000,3,AA,0,10,1.0,51.654,00,0000,0000,57964.82014896,0,,0,,15.715,4.155,0.000,39.816,3.326,0.000,4767,82.24,2067,48.19,7.50,7.50,11.498,0.013,2,0.260,11.239,0.057,2,0.326,12.232,0.017,0,12.097,0.074,0,11.758,0.013,2,11.565,0.057,2,11.545,0.012,2,11.313,0.052,2,11.434,0.012,3,11.186,0.051,3,11.365,0.013,3,11.114,0.052,3,11.315,0.014,3,11.066,0.052,3,11.273,0.014,3,11.028,0.054,3,11.234,0.015,3,10.994,0.057,3,1111074301351023782,0.180147,45.0,1,11.466,0.022,11.185,0.020,8.628,0.022,6.437,0.048,709914239,0.310854,-7.5,1,0.50,13.766,0.0710,12.908,0.0864,12.491,0.0531,-0.1059917352891620,0.2512508306631990,-0.9621012275958520,111022110,10214825440095
112.8727632,-74.1754043,0.0444,0.0493,0.0067,285.9232805,-23.3596981,235.1436645,-79.3122683,909.553,821.295,908.461,819.002,8448701015000170,84487a015-000170,15,84487a,170,11.565,0.024,45.6,13.1,11.358,0.026,42.1,4.25,8,1,0,0.00000,0.00000,0000,0000,3,AA,0,10,1.0,26.031,00,0000,0000,57961.28487067,0,,0,,14.014,3.765,0.000,40.988,4.826,0.000,4768,104.5,2062,48.98,7.50,7.50,11.491,0.021,2,0.260,11.258,0.030,0,0.326,12.199,0.029,2,12.087,0.031,0,11.750,0.021,2,11.584,0.030,0,11.553,0.018,2,11.356,0.031,2,11.453,0.018,3,11.241,0.032,3,11.398,0.018,3,11.173,0.035,3,11.361,0.019,3,11.123,0.040,3,11.330,0.021,3,11.078,0.047,3,11.300,0.022,3,11.032,0.059,3,1111074301351023782,0.121283,103.6,1,11.466,0.022,11.185,0.020,8.628,0.022,6.437,0.048,709914239,0.160361,-18.3,1,0.37,13.766,0.0710,12.908,0.0864,12.491,0.0531,-0.1059920599949230,0.2512514828198560,-0.9621010215142980,111022110,10214825440085
112.8728010,-74.1754258,0.0536,0.0448,-0.0116,285.9233062,-23.3596947,235.1437304,-79.3122478,755.490,244.800,752.920,243.071,8450701014000139,84507a014-000139,14,84507a,139,11.577,0.021,52.5,13.3,11.419,0.032,34.4,3.11,8.2,1,0,0.00000,0.00000,0000,0000,3,AA,0,10,1.0,48.943,00,0000,0000,57961.93951397,0,,0,,14.415,4.070,0.000,40.489,5.134,0.000,4718,89.88,1950,56.6,7.50,7.50,11.498,0.017,2,0.260,11.337,0.053,2,0.326,12.222,0.021,2,12.173,0.070,0,11.758,0.017,2,11.663,0.053,2,11.553,0.017,2,11.433,0.050,2,11.445,0.020,3,11.325,0.052,3,11.382,0.025,3,11.270,0.057,3,11.337,0.068,3,11.237,0.064,3,11.301,0.127,3,11.214,0.070,3,11.267,0.145,3,11.201,0.076,3,1111074301351023782,0.094470,58.8,1,11.466,0.022,11.185,0.020,8.628,0.022,6.437,0.048,709914239,0.245737,-20.8,1,0.43,13.766,0.0710,12.908,0.0864,12.491,0.0531,-0.1059920854288200,0.2512510802561490,-0.9621011238412350,111022110,10214825440085
112.8727497,-74.1754030,0.0446,0.0410,-0.0105,285.9232779,-23.3597012,235.1436696,-79.3122721,581.299,822.982,582.203,822.022,8452701015000138,84527a015-000138,15,84527a,138,11.590,0.021,51.5,18.4,11.391,0.025,42.8,4.09,11.1,1,0,0.00000,0.00000,0000,0000,3,AA,0,10,1.0,39.030,00,0000,0000,57962.59428458,0,,0,,14.510,4.010,0.000,39.405,4.594,0.000,4660,90.47,2000,46.74,7.50,7.50,11.508,0.019,0,0.260,11.284,0.129,2,0.326,12.232,0.026,0,12.112,0.166,0,11.768,0.019,0,11.610,0.129,2,11.565,0.017,2,11.394,0.116,2,11.464,0.017,3,11.298,0.127,3,11.404,0.017,3,11.250,0.137,3,11.361,0.018,3,11.225,0.140,3,11.329,0.018,3,11.214,0.143,3,11.298,0.019,3,11.217,0.149,3,1111074301351023782,0.135272,104.2,1,11.466,0.022,11.185,0.020,8.628,0.022,6.437,0.048,709914239,0.152169,-14.1,1,0.34,13.766,0.0710,12.908,0.0864,12.491,0.0531,-0.1059920092799540,0.2512515279065830,-0.9621010153270840,111022110,10214825440085
112.8727303,-74.1754034,0.0481,0.0415,0.0136,285.9232766,-23.3597064,235.1436871,-79.3122763,408.997,466.858,409.432,466.666,8454701015000155,84547a015-000155,15,84547a,155,11.604,0.018,59.1,18.5,11.298,0.029,37.8,2.47,10.1,1,0,0.00000,0.00000,0000,0000,3,AA,0,10,1.0,27.487,00,0000,0000,57963.24892851,0,,0,,15.712,3.811,0.000,40.396,4.575,0.000,4602,77.92,2179,57.7,7.50,7.50,11.524,0.013,0,0.260,11.296,0.036,2,0.326,12.268,0.017,0,12.142,0.042,2,11.784,0.013,0,11.622,0.036,2,11.567,0.012,0,11.389,0.039,2,11.459,0.012,1,11.276,0.049,3,11.398,0.014,1,11.214,0.060,3,11.358,0.016,3,11.172,0.066,3,11.325,0.016,3,11.137,0.070,3,11.292,0.018,3,11.103,0.073,3,1111074301351023782,0.153504,101.9,1,11.466,0.022,11.185,0.020,8.628,0.022,6.437,0.048,709914239,0.150119,-6.9,1,0.33,13.766,0.0710,12.908,0.0864,12.491,0.0531,-0.1059919215970230,0.2512515576062150,-0.9621010172308420,111022110,10214825440085
112.8730022,-74.1754358,0.0494,0.0437,0.0089,285.9233344,-23.3596453,235.1436120,-79.3121966,370.828,214.110,370.473,214.107,8455101014000184,84551a014-000184,14,84551a,184,11.565,0.022,49.7,23.2,11.369,0.026,41.8,5.07,13.4,1,0,0.00000,0.00000,0000,0000,3,AA,0,10,1.0,25.111,00,0000,0000,57963.37983163,0,,0,,12.738,3.004,0.000,39.958,4.162,0.000,4770,95.91,2040,48.85,7.50,7.50,11.535,0.019,2,0.260,11.262,0.029,2,0.326,12.262,0.026,2,12.119,0.033,2,11.795,0.019,2,11.588,0.029,2,11.584,0.017,2,11.344,0.030,2,11.479,0.017,3,11.224,0.036,3,11.419,0.021,3,11.159,0.043,3,11.378,0.028,3,11.124,0.047,3,11.345,0.030,3,11.101,0.050,3,11.311,0.030,3,11.075,0.053,3,1111074301351023782,0.144370,-54.0,1,11.466,0.022,11.185,0.020,8.628,0.022,6.437,0.048,709914239,0.389547,-47.0,1,0.57,13.766,0.0710,12.908,0.0864,12.491,0.0531,-0.1059929024539280,0.2512505533378480,-0.9621011714351130,111022110,10214825440086
112.8728405,-74.1754342,0.0475,0.0432,0.0060,285.9233184,-23.3596869,235.1437361,-79.3122342,350.429,871.614,352.927,871.613,8455501015000160,84555a015-000160,15,84555a,160,11.618,0.020,53.1,20.6,11.419,0.029,37.9,5.17,11.9,1,0,0.00000,0.00000,0000,0000,3,AA,0,5,0.5,32.429,00,0000,0000,57963.51086221,0,,0,,15.805,4.427,0.000,40.347,4.096,0.000,4543,85.5,1948,51.47,7.50,7.50,11.466,0.013,2,0.260,11.284,0.050,0,0.326,12.205,0.017,2,12.139,0.071,0,11.726,0.013,2,11.610,0.050,0,11.514,0.012,2,11.371,0.048,0,11.409,0.013,3,11.265,0.056,3,11.347,0.013,3,11.221,0.065,3,11.305,0.014,3,11.204,0.074,3,11.272,0.015,3,11.187,0.080,3,11.243,0.016,3,11.162,0.083,3,1111074301351023782,0.089655,27.9,1,11.466,0.022,11.185,0.020,8.628,0.022,6.437,0.048,709914239,0.288915,-25.9,1,0.50,13.766,0.0710,12.908,0.0864,12.491,0.0531,-0.1059922038176820,0.2512508772241210,-0.9621011638200950,111022110,10214825440086
112.8727928,-74.1753861,0.0527,0.0450,0.0132,285.9232642,-23.3596850,235.1435586,-79.3122716,950.183,149.253,945.936,146.724,8448301014000175,84483a014-000175,14,84483a,175,11.503,0.026,41.2,17.7,11.372,0.026,41.7,5.68,10.6,1,0,0.00000,0.00000,0000,0000,3,AA,0,10,1.0,33.118,00,0000,0000,57961.15384008,0,,0,,13.631,3.830,0.000,40.497,4.140,0.000,5050,122.7,2035,48.8,7.50,7.50,11.671,0.019,2,0.260,11.281,0.029,2,0.326,12.454,0.026,2,12.128,0.032,0,11.930,0.019,2,11.607,0.029,2,11.696,0.018,3,11.376,0.030,3,11.580,0.019,3,11.269,0.032,3,11.513,0.021,3,11.213,0.038,3,11.468,0.050,3,11.182,0.053,3,11.429,0.088,3,11.164,0.070,3,11.387,0.098,3,11.144,0.079,3,1111074301351023782,0.129312,136.6,1,11.466,0.022,11.185,0.020,8.628,0.022,6.437,0.048,709914239,0.117555,-42.4,1,0.30,13.766,0.0710,12.908,0.0864,12.491,0.0531,-0.1059923085827920,0.2512517096435840,-0.9621009348932500,111022110,10214825440087
112.8728508,-74.1753695,0.0414,0.0419,0.0143,285.9232520,-23.3596649,235.1434369,-79.3122676,134.177,818.758,137.717,819.739,7942801246000140,79428a246-000140,246,79428a,140,11.584,0.020,53.4,24.9,11.349,0.024,45.4,6.91,15.1,1,0,0.00000,0.00000,0000,0000,3,AA,0,10,1.0,44.278,00,0000,0000,57795.69072593,0,,0,,13.314,3.526,0.000,34.654,3.955,0.000,4691,87.84,2079,45.75,7.50,7.50,11.554,0.015,2,0.260,11.240,0.049,2,0.326,12.301,0.019,2,12.081,0.050,0,11.813,0.015,2,11.566,0.049,2,11.602,0.015,2,11.337,0.046,2,11.500,0.018,3,11.229,0.047,3,11.439,0.019,3,11.176,0.050,3,11.394,0.020,3,11.147,0.054,3,11.353,0.021,3,11.123,0.056,3,11.312,0.021,3,11.099,0.057,3,1111074301351023782,0.156996,168.3,1,11.466,0.022,11.185,0.020,8.628,0.022,6.437,0.048,709914239,0.138909,-78.8,1,0.28,13.766,0.0710,12.908,0.0864,12.491,0.0531,-0.1059926712669930,0.2512518591749930,-0.9621008558871550,111022110,10214825440084
112.8727813,-74.1754244,0.0461,0.0467,-0.0160,285.9233030,-23.3596994,235.1437401,-79.3122531,232.437,978.074,236.036,978.696,7944001246000216,79440a246-000216,246,79440a,216,11.627,0.023,47.6,20.9,11.302,0.025,43.8,4.5,11.8,1,0,0.00000,0.00000,0000,0000,3,AA,0,10,1.0,25.973,00,0000,0000,57796.08369249,0,,0,,13.260,4.355,0.000,34.154,4.572,0.000,4509,94.69,2171,49.57,7.50,7.50,11.448,0.027,2,0.260,11.210,0.023,2,0.326,12.165,0.026,2,12.037,0.028,0,11.708,0.027,2,11.536,0.023,2,11.508,0.026,2,11.325,0.024,2,11.414,0.026,3,11.232,0.026,3,11.364,0.026,3,11.184,0.028,3,11.332,0.028,3,11.151,0.031,3,11.308,0.030,3,11.125,0.035,3,11.282,0.032,3,11.099,0.040,3,1111074301351023782,0.109341,66.3,1,11.466,0.022,11.185,0.020,8.628,0.022,6.437,0.048,709914239,0.234716,-16.8,1,0.43,13.766,0.0710,12.908,0.0864,12.491,0.0531,-0.1059920081786470,0.2512511383594690,-0.9621011171780900,111022110,10214825440085
112.8728034,-74.1753843,0.0477,0.0435,0.0144,285.9232632,-23.3596817,235.1435419,-79.3122702,201.183,627.889,203.492,628.612,7943601246000177,79436a246-000177,246,79436a,177,11.646,0.019,57.0,14.8,11.361,0.027,39.9,5.24,9.98,2,0,0.00000,0.00000,0000,0000,3,AA,0,5,0.5,25.908,00,0000,0000,57795.95266119,0,,0,,12.778,3.681,0.000,34.549,4.057,0.000,4432,77.71,2056,51.58,7.50,7.50,11.406,0.014,1,0.260,11.278,0.045,3,0.326,12.230,0.018,1,12.117,0.044,3,11.665,0.014,1,11.604,0.045,3,11.327,0.012,1,11.364,0.045,3,11.136,0.012,3,11.250,0.044,3,11.046,0.012,3,11.198,0.048,3,11.003,0.013,3,11.176,0.059,3,10.976,0.014,3,11.165,0.072,3,10.953,0.016,3,11.152,0.080,3,1111074301351023782,0.127439,142.0,1,11.466,0.022,11.185,0.020,8.628,0.022,6.437,0.048,709914239,0.120399,-48.2,1,0.30,13.766,0.0710,12.908,0.0864,12.491,0.0531,-0.1059923668137550,0.2512517178831600,-0.9621009263263280,111022110,10214825440087
112.8727883,-74.1754417,0.0485,0.0510,-0.0121,285.9233216,-23.3597027,235.1438122,-79.3122419,736.958,492.689,735.534,491.041,7949601245000186,79496a245-000186,245,79496a,186,11.473,0.025,43.7,23,11.315,0.031,35.0,3.2,11.7,1,0,0.00000,0.00000,0000,0000,3,AA,0,10,1.0,27.550,00,0000,0002,57797.91736653,0,,0,,12.747,3.745,0.000,34.260,4.733,0.000,5195,118.8,2146,61.26,7.50,7.50,11.594,0.039,3,0.260,11.269,0.097,3,0.326,12.387,0.031,2,12.096,0.094,2,11.854,0.039,3,11.595,0.097,3,11.608,0.042,3,11.364,0.093,3,11.484,0.041,3,11.250,0.095,3,11.409,0.042,3,11.195,0.105,3,11.343,0.043,3,11.172,0.115,3,11.292,0.042,3,11.158,0.123,3,11.259,0.042,3,11.145,0.132,3,1111074301351023782,0.141337,41.3,1,11.466,0.022,11.185,0.020,8.628,0.022,6.437,0.048,709914239,0.296536,-14.6,1,0.48,13.766,0.0710,12.908,0.0864,12.491,0.0531,-0.1059919259618640,0.2512508577532720,-0.9621011995154870,111022110,10214825440095
112.8727584,-74.1754148,0.0484,0.0436,0.0113,285.9232910,-23.3597025,235.1437156,-79.3122636,485.034,743.690,486.184,743.190,7946801246000217,79468a246-000217,246,79468a,217,11.621,0.021,52.1,25.8,11.277,0.027,39.8,5.07,13.6,1,0,0.00000,0.00000,0000,0000,3,AA,0,5,0.5,24.293,00,0000,0000,57797.00052956,0,,0,,13.911,3.655,0.000,34.722,4.770,0.000,4532,87.05,2222,55.78,7.50,7.50,11.506,0.021,2,0.260,11.170,0.039,2,0.326,12.246,0.023,2,12.009,0.040,2,11.766,0.021,2,11.496,0.039,2,11.545,0.020,3,11.272,0.045,3,11.433,0.019,3,11.178,0.052,3,11.367,0.020,3,11.136,0.062,3,11.319,0.020,3,11.113,0.073,3,11.276,0.020,3,11.095,0.082,3,11.233,0.021,3,11.082,0.091,3,1111074301351023782,0.122970,85.6,1,11.466,0.022,11.185,0.020,8.628,0.022,6.437,0.048,709914239,0.195462,-13.5,1,0.39,13.766,0.0710,12.908,0.0864,12.491,0.0531,-0.1059919704152700,0.2512513292487320,-0.9621010714879360,111022110,10214825440085
112.8729869,-74.1754294,0.0439,0.0403,-0.0033,285.9233264,-23.3596473,235.1435957,-79.3122036,766.820,854.387,766.796,852.678,7950001246000203,79500a246-000203,246,79500a,203,11.505,0.020,53.8,17.6,11.300,0.026,41.4,3.84,11,1,0,0.00000,0.00000,0000,0000,3,AA,0,10,1.0,24.550,00,0000,0000,57798.04839844,0,,0,,13.653,3.451,0.000,34.342,4.365,0.000,5044,93.75,2176,52.55,7.50,7.50,11.502,0.013,0,0.260,11.195,0.028,2,0.326,12.223,0.017,0,12.023,0.032,2,11.762,0.013,0,11.521,0.028,2,11.560,0.012,0,11.294,0.031,2,11.463,0.012,1,11.190,0.036,3,11.409,0.013,3,11.138,0.044,3,11.370,0.014,3,11.109,0.064,3,11.334,0.015,3,11.086,0.082,3,11.294,0.016,3,11.062,0.090,3,1111074301351023782,0.119070,-58.7,1,11.466,0.022,11.185,0.020,8.628,0.022,6.437,0.048,709914239,0.362909,-48.0,1,0.54,13.766,0.0710,12.908,0.0864,12.491,0.0531,-0.1059928771327280,0.2512506806591040,-0.9621011409750350,111022110,10214825440086
112.8729242,-74.1754270,0.0477,0.0409,0.0087,285.9233183,-23.3596629,235.1436358,-79.3122192,953.812,829.016,952.632,826.479,7952001246000152,79520a246-000152,246,79520a,152,11.544,0.022,50.4,17.4,11.326,0.029,37.7,3.58,10.3,1,0,0.00000,0.00000,0000,0000,3,AA,0,10,1.0,43.148,00,0000,0000,57798.70330009,0,,0,,13.340,3.477,0.000,34.105,4.151,0.000,4869,96.56,2124,56.32,7.50,7.50,11.516,0.013,0,0.260,11.335,0.037,2,0.326,12.248,0.017,0,12.178,0.046,2,11.775,0.013,0,11.661,0.037,2,11.566,0.012,0,11.436,0.035,2,11.461,0.012,1,11.332,0.035,3,11.396,0.012,1,11.275,0.036,3,11.349,0.013,1,11.236,0.039,3,11.311,0.014,3,11.206,0.046,3,11.280,0.017,3,11.182,0.057,3,1111074301351023782,0.066715,-37.0,1,11.466,0.022,11.185,0.020,8.628,0.022,6.437,0.048,709914239,0.313291,-41.7,1,0.50,13.766,0.0710,12.908,0.0864,12.491,0.0531,-0.1059926178479620,0.2512508337807760,-0.9621011295525020,111022110,10214825440086
112.8731214,-74.1754048,0.0428,0.0408,0.0111,285.9233127,-23.3596050,235.1433759,-79.3121866,311.352,785.369,313.670,785.642,7944801246000135,79448a246-000135,246,79448a,135,11.595,0.019,57.8,19.4,11.334,0.025,43.9,8.19,13.1,1,0,0.00000,0.00000,0000,0000,3,AA,0,5,0.5,45.062,00,0000,0000,57796.34562777,0,,0,,13.749,3.176,0.000,34.050,4.259,0.000,4644,80.4,2108,48.04,7.50,7.50,11.498,0.013,3,0.260,11.221,0.024,3,0.326,12.242,0.017,0,12.071,0.030,2,11.758,0.013,3,11.547,0.024,3,11.545,0.013,3,11.306,0.024,3,11.435,0.013,3,11.180,0.030,3,11.367,0.014,3,11.092,0.036,3,11.322,0.014,3,11.011,0.038,3,11.288,0.015,3,10.948,0.040,3,11.255,0.015,3,10.905,0.044,3,1111074301351023782,0.235255,-96.5,1,11.466,0.022,11.185,0.020,8.628,0.022,6.437,0.048,709914239,0.430430,-69.0,1,0.57,13.766,0.0710,12.908,0.0864,12.491,0.0531,-0.1059936274957560,0.2512508124413040,-0.9621010238939960,111022110,10214825440086
112.8729900,-74.1754260,0.0413,0.0397,-0.0087,285.9233231,-23.3596455,235.1435779,-79.3122048,603.728,882.779,604.807,881.768,7948001246000144,79480a246-000144,246,79480a,144,11.519,0.020,55.6,21.6,11.318,0.028,39.1,5.16,13.5,1,0,0.00000,0.00000,0000,0000,3,AA,0,10,1.0,48.666,00,0000,0000,57797.39349603,0,,0,,13.924,3.439,0.000,35.087,4.997,0.000,4982,89.56,2141,54.69,7.50,7.50,11.477,0.013,0,0.260,11.252,0.032,2,0.326,12.208,0.017,0,12.063,0.035,2,11.737,0.013,0,11.578,0.032,2,11.526,0.012,3,11.359,0.035,3,11.420,0.012,3,11.257,0.039,3,11.355,0.013,3,11.202,0.047,3,11.308,0.013,3,11.163,0.056,3,11.267,0.014,3,11.133,0.063,3,11.230,0.015,3,11.107,0.069,3,1111074301351023782,0.115931,-64.6,1,11.466,0.022,11.185,0.020,8.628,0.022,6.437,0.048,709914239,0.357162,-49.8,1,0.52,13.766,0.0710,12.908,0.0864,12.491,0.0531,-0.1059929129178570,0.2512507275273330,-0.9621011247931130,111022110,10214825440086
112.8728371,-74.1754126,0.0498,0.0428,0.0071,285.9232956,-23.3596813,235.1436418,-79.3122469,812.262,301.477,809.561,299.499,7950401201000163,79504a201-000163,201,79504a,163,11.565,0.021,50.7,16.5,11.343,0.025,42.8,4.4,10.4,1,0,0.00000,0.00000,0000,0000,3,AA,0,10,1.0,31.268,00,0000,0000,57798.17930237,0,,0,,12.781,3.193,0.000,34.818,4.490,0.000,4774,94.23,2091,48.83,7.50,7.50,11.513,0.025,2,0.260,11.231,0.057,2,0.326,12.244,0.026,2,12.057,0.051,2,11.773,0.025,2,11.557,0.057,2,11.561,0.023,2,11.338,0.062,2,11.449,0.022,3,11.238,0.061,3,11.381,0.021,3,11.187,0.062,3,11.335,0.021,3,11.155,0.065,3,11.301,0.022,3,11.134,0.068,3,11.270,0.024,3,11.116,0.072,3,1111074301351023782,0.045377,88.2,1,11.466,0.022,11.185,0.020,8.628,0.022,6.437,0.048,709914239,0.219692,-34.0,1,0.42,13.766,0.0710,12.908,0.0864,12.491,0.0531,-0.1059923298863870,0.2512512176979360,-0.9621010610172710,111022110,10214825440087
112.8728623,-74.1754058,0.0477,0.0401,0.0063,285.9232908,-23.3596728,235.1435908,-79.3122450,856.266,663.057,854.853,660.897,7950801246000155,79508a246-000155,246,79508a,155,11.574,0.021,52.6,18.2,11.305,0.029,37.7,3.46,10.3,1,0,0.00000,0.00000,0000,0000,3,AA,0,10,1.0,42.262,00,0000,0000,57798.31033362,0,,0,,13.285,3.391,0.000,34.725,4.890,0.000,4733,89.97,2166,57.45,7.50,7.50,11.473,0.020,0,0.260,11.176,0.068,2,0.326,12.207,0.022,0,11.988,0.097,2,11.733,0.020,0,11.502,0.068,2,11.521,0.021,0,11.305,0.058,2,11.416,0.021,1,11.222,0.059,3,11.358,0.022,3,11.184,0.063,3,11.319,0.022,3,11.164,0.070,3,11.284,0.023,3,11.148,0.077,3,11.248,0.023,3,11.129,0.081,3,1111074301351023782,0.030917,138.2,1,11.466,0.022,11.185,0.020,8.628,0.022,6.437,0.048,709914239,0.215948,-43.1,1,0.40,13.766,0.0710,12.908,0.0864,12.491,0.0531,-0.1059924847745140,0.2512512762861330,-0.9621010286533910,111022110,10214825440087
112.8728930,-74.1753761,0.0519,0.0535,-0.0118,285.9232626,-23.3596559,235.1434323,-79.3122544,881.334,112.447,877.397,110.175,7951201245000152,79512a245-000152,245,79512a,152,11.597,0.025,43.6,9.92,11.232,0.027,39.7,4.02,6.51,1,0,0.00000,0.00000,0000,0000,3,AA,0,10,1.0,50.593,00,0000,0000,57798.44123759,0,,0,,13.491,3.827,0.000,34.536,3.351,0.000,4636,106.3,2317,58.37,7.50,7.50,11.513,0.027,2,0.260,11.184,0.048,2,0.326,12.245,0.021,2,12.017,0.061,0,11.772,0.027,2,11.510,0.048,2,11.561,0.032,2,11.299,0.047,2,11.456,0.035,3,11.209,0.048,3,11.395,0.053,3,11.166,0.055,3,11.356,0.065,3,11.141,0.069,3,11.323,0.065,3,11.122,0.077,3,11.290,0.064,3,11.104,0.080,3,1111074301351023782,0.130308,-175.8,1,11.466,0.022,11.185,0.020,8.628,0.022,6.437,0.048,709914239,0.184795,-74.1,1,0.33,13.766,0.0710,12.908,0.0864,12.491,0.0531,-0.1059928132444600,0.2512516789965110,-0.9621008872992270,111022110,10214825440087
112.8728780,-74.1754211,0.0434,0.0392,0.0122,285.9233081,-23.3596732,235.1436468,-79.3122329,174.585,272.712,175.570,273.566,7943201245000156,79432a245-000156,245,79432a,156,11.568,0.018,59.3,20.2,11.277,0.023,47.0,3.58,11.1,1,0,0.00000,0.00000,0000,0000,3,AA,0,10,1.0,33.876,00,0000,0000,57795.82162991,0,,0,,12.884,3.443,0.000,34.015,4.499,0.000,4760,80.22,2221,47.31,7.50,7.50,11.505,0.014,2,0.260,11.184,0.025,0,0.326,12.238,0.017,0,12.030,0.029,0,11.765,0.014,2,11.510,0.025,0,11.559,0.013,2,11.278,0.024,2,11.457,0.013,3,11.171,0.026,3,11.399,0.014,3,11.115,0.031,3,11.361,0.015,3,11.080,0.037,3,11.329,0.017,3,11.049,0.041,3,11.298,0.019,3,11.016,0.043,3,1111074301351023782,0.032460,9.2,1,11.466,0.022,11.185,0.020,8.628,0.022,6.437,0.048,709914239,0.267999,-37.5,1,0.46,13.766,0.0710,12.908,0.0864,12.491,0.0531,-0.1059924537618080,0.2512510105287500,-0.9621011014721020,111022110,10214825440087
112.8729449,-74.1754165,0.0447,0.0408,0.0105,285.9233092,-23.3596544,235.1435718,-79.3122203,276.479,426.809,277.517,427.215,7944401245000141,79444a245-000141,245,79444a,141,11.557,0.018,59.3,20.8,11.272,0.025,44.0,4.83,12.2,1,0,0.00000,0.00000,0000,0000,3,AA,0,10,1.0,33.946,00,0000,0000,57796.21459647,0,,0,,13.532,3.497,0.000,34.141,4.110,0.000,4811,81.14,2232,50.68,7.50,7.50,11.502,0.013,0,0.260,11.177,0.036,0,0.326,12.250,0.017,0,12.032,0.049,0,11.761,0.013,0,11.503,0.036,0,11.544,0.012,0,11.279,0.033,2,11.439,0.012,3,11.185,0.034,3,11.378,0.012,3,11.138,0.038,3,11.332,0.013,3,11.110,0.040,3,11.294,0.013,3,11.082,0.043,3,11.259,0.014,3,11.048,0.046,3,1111074301351023782,0.062422,-75.6,1,11.466,0.022,11.185,0.020,8.628,0.022,6.437,0.048,709914239,0.301280,-49.4,1,0.47,13.766,0.0710,12.908,0.0864,12.491,0.0531,-0.1059927771520400,0.2512509579378920,-0.9621010795789020,111022110,10214825440087
112.8729674,-74.1754035,0.0469,0.0437,0.0115,285.9232977,-23.3596447,235.1434951,-79.3122223,392.483,593.139,393.550,593.010,7945601246000134,79456a246-000134,246,79456a,134,11.572,0.020,55.3,15.9,11.339,0.026,41.5,4.18,9.65,1,0,0.00000,0.00000,0000,0000,3,AA,0,10,1.0,49.860,00,0000,0000,57796.60756294,0,,0,,13.732,3.456,0.000,34.608,4.927,0.000,4743,85.69,2098,50.62,7.50,7.50,11.465,0.014,2,0.260,11.248,0.047,2,0.326,12.203,0.018,0,12.083,0.053,0,11.725,0.014,2,11.574,0.047,2,11.512,0.013,2,11.340,0.049,2,11.405,0.013,3,11.224,0.055,3,11.341,0.013,3,11.160,0.059,3,11.296,0.014,3,11.123,0.065,3,11.258,0.015,3,11.101,0.071,3,11.222,0.017,3,11.084,0.075,3,1111074301351023782,0.088302,-110.8,1,11.466,0.022,11.185,0.020,8.628,0.022,6.437,0.048,709914239,0.291862,-59.2,1,0.44,13.766,0.0710,12.908,0.0864,12.491,0.0531,-0.1059929606665140,0.2512511174437270,-0.9621010177067820,111022110,10214825440087
112.8727917,-74.1753965,0.0438,0.0455,0.0072,285.9232749,-23.3596884,235.1436063,-79.3122661,421.961,33.003,420.532,32.748,7946001245000138,79460a245-000138,245,79460a,138,11.548,0.022,50.2,16.2,11.338,0.026,42.0,4.59,9.98,1,0,0.00000,0.00000,0000,0000,3,AA,0,10,1.0,40.512,00,0000,0000,57796.73846691,0,,0,,13.177,3.492,0.000,35.120,4.111,0.000,4851,96.58,2101,49.99,7.50,7.50,11.466,0.018,2,0.260,11.205,0.038,2,0.326,12.190,0.025,0,12.040,0.038,2,11.726,0.018,2,11.531,0.038,2,11.524,0.016,2,11.304,0.049,2,11.425,0.016,3,11.193,0.058,3,11.369,0.016,3,11.138,0.062,3,11.333,0.017,3,11.106,0.063,3,11.305,0.019,3,11.081,0.064,3,11.282,0.020,3,11.054,0.065,3,1111074301351023782,0.106211,122.2,1,11.466,0.022,11.185,0.020,8.628,0.022,6.437,0.048,709914239,0.146790,-32.2,1,0.35,13.766,0.0710,12.908,0.0864,12.491,0.0531,-0.1059922358808350,0.2512515507750000,-0.9621009843910040,111022110,10214825440087
112.8729568,-74.1754066,0.0423,0.0415,-0.0087,285.9233000,-23.3596484,235.1435176,-79.3122230,419.519,947.606,421.921,947.431,7946001246000142,79460a246-000142,246,79460a,142,11.563,0.021,51.1,14,11.336,0.028,39.4,5.05,8.96,1,0,0.00000,0.00000,0000,0000,3,AA,0,10,1.0,40.092,00,0000,0000,57796.73859424,0,,0,,13.794,3.692,0.000,34.483,4.119,0.000,4781,93.59,2106,53.44,7.50,7.50,11.482,0.014,2,0.260,11.255,0.030,0,0.326,12.204,0.017,0,12.092,0.040,0,11.741,0.014,2,11.581,0.030,0,11.538,0.013,2,11.361,0.028,0,11.436,0.013,3,11.264,0.029,3,11.377,0.013,3,11.214,0.032,3,11.335,0.014,3,11.177,0.036,3,11.297,0.015,3,11.150,0.042,3,11.257,0.016,3,11.136,0.048,3,1111074301351023782,0.074918,-105.6,1,11.466,0.022,11.185,0.020,8.628,0.022,6.437,0.048,709914239,0.289021,-56.3,1,0.45,13.766,0.0710,12.908,0.0864,12.491,0.0531,-0.1059928939507390,0.2512510890913780,-0.9621010324609069,111022110,10214825440087
112.8728485,-74.1754090,0.0467,0.0424,0.0108,285.9232929,-23.3596773,235.1436163,-79.3122463,453.471,386.582,453.310,386.209,7946401245000140,79464a245-000140,245,79464a,140,11.560,0.019,57.0,13.6,11.278,0.026,41.3,3.17,7.99,1,0,0.00000,0.00000,0000,0000,3,AA,0,10,1.0,30.578,00,0000,0000,57796.86949821,0,,0,,13.734,3.766,0.000,34.362,5.132,0.000,4795,84.18,2220,53.77,7.50,7.50,11.474,0.013,0,0.260,11.196,0.066,2,0.326,12.210,0.017,0,12.050,0.057,0,11.733,0.013,0,11.522,0.066,2,11.527,0.013,2,11.284,0.082,2,11.428,0.013,3,11.171,0.083,3,11.370,0.015,3,11.114,0.083,3,11.330,0.017,3,11.081,0.086,3,11.300,0.017,3,11.059,0.090,3,11.269,0.019,3,11.036,0.094,3,1111074301351023782,0.036053,108.6,1,11.466,0.022,11.185,0.020,8.628,0.022,6.437,0.048,709914239,0.215836,-38.4,1,0.40,13.766,0.0710,12.908,0.0864,12.491,0.0531,-0.1059924033736020,0.2512512523062430,-0.9621010438834540,111022110,10214825440087
112.8728744,-74.1753907,0.0491,0.0463,0.0194,285.9232762,-23.3596651,235.1435130,-79.3122505,706.614,135.429,703.888,133.901,7949201245000144,79492a245-000144,245,79492a,144,11.521,0.021,50.6,16.5,11.324,0.027,40.5,3.3,9.89,1,0,0.00000,0.00000,0000,0000,3,AA,0,10,1.0,36.373,00,0000,0000,57797.78633523,0,,0,,13.878,4.527,0.000,34.810,4.453,0.000,4969,98.31,2129,52.61,7.50,7.50,11.474,0.018,2,0.260,11.213,0.044,2,0.326,12.205,0.021,2,12.047,0.057,2,11.734,0.018,2,11.539,0.044,2,11.522,0.022,2,11.315,0.040,2,11.413,0.025,3,11.213,0.042,3,11.349,0.027,3,11.165,0.047,3,11.304,0.029,3,11.142,0.054,3,11.267,0.031,3,11.133,0.062,3,11.230,0.032,3,11.132,0.070,3,1111074301351023782,0.077892,173.6,1,11.466,0.022,11.185,0.020,8.628,0.022,6.437,0.048,709914239,0.189979,-57.1,1,0.36,13.766,0.0710,12.908,0.0864,12.491,0.0531,-0.1059926363893390,0.2512514875214770,-0.9621009567864910,111022110,10214825440087
112.8727861,-74.1754364,0.0465,0.0387,-0.0129,285.9233159,-23.3597017,235.1437902,-79.3122454,983.980,267.192,980.044,264.462,7952401245000132,79524a245-000132,245,79524a,132,11.528,0.020,54.0,19.9,11.308,0.025,42.8,6.43,13,1,0,0.00000,0.00000,0000,0000,3,AA,0,10,1.0,32.537,00,0000,0000,57798.83420406,0,,0,,12.955,3.445,0.000,34.192,4.398,0.000,4940,91.55,2160,50.4,7.50,7.50,11.518,0.015,2,0.260,11.230,0.023,2,0.326,12.247,0.019,2,12.072,0.028,0,11.778,0.015,2,11.556,0.023,2,11.568,0.014,2,11.326,0.026,2,11.461,0.014,2,11.215,0.029,2,11.396,0.015,3,11.153,0.031,3,11.348,0.017,3,11.110,0.033,3,11.306,0.019,3,11.077,0.036,3,11.265,0.022,3,11.049,0.039,3,1111074301351023782,0.129209,47.6,1,11.466,0.022,11.185,0.020,8.628,0.022,6.437,0.048,709914239,0.277543,-15.2,1,0.48,13.766,0.0710,12.908,0.0864,12.491,0.0531,-0.1059919509063340,0.2512509438219860,-0.9621011742907450,111022110,10214825440092
112.8726912,-74.1754207,0.0447,0.0447,0.0110,285.9232912,-23.3597217,235.1437967,-79.3122756,729.634,775.799,729.432,774.267,7350201018000128,73502a018-000128,18,73502a,128,11.500,0.021,51.3,19.5,11.287,0.026,42.4,5.82,11.6,1,0,0.00000,0.00000,0000,0000,3,AA,0,5,0.5,41.444,00,0000,0000,57601.60741003,0,,0,,13.497,3.550,0.000,38.520,5.621,0.000,5066,98.84,2201,51.97,7.50,7.50,11.471,0.017,2,0.260,11.097,0.130,2,0.326,12.172,0.019,2,11.929,0.094,2,11.731,0.017,2,11.423,0.130,2,11.533,0.018,3,11.201,0.158,3,11.439,0.019,3,11.097,0.155,3,11.387,0.021,3,11.048,0.155,3,11.350,0.022,3,11.025,0.157,3,11.319,0.023,3,11.006,0.159,3,11.288,0.025,3,10.989,0.161,3,1111074301351023782,0.191050,80.8,1,11.466,0.022,11.185,0.020,8.628,0.022,6.437,0.048,709914239,0.212304,5.5,1,0.41,13.766,0.0710,12.908,0.0864,12.491,0.0531,-0.1059916372245380,0.2512513622805680,-0.9621010995683460,111022110,10214825440092
112.8727539,-74.1754282,0.0419,0.0401,0.0099,285.9233045,-23.3597076,235.1437795,-79.3122572,325.378,288.166,325.586,288.328,7355002017000141,73550b017-000141,17,73550b,141,11.497,0.018,61.1,19.7,11.172,0.024,45.0,2.66,11.1,1,0,0.00000,0.00000,0000,0000,3,AA,0,10,1.0,30.531,00,0000,0000,57603.17964959,0,,0,,14.262,3.431,0.000,38.692,4.961,0.000,5080,83.19,2447,54.35,7.50,7.50,11.450,0.013,0,0.260,11.120,0.047,0,0.326,12.183,0.017,0,11.957,0.065,0,11.710,0.013,0,11.446,0.047,0,11.503,0.012,3,11.217,0.044,1,11.403,0.012,3,11.109,0.047,3,11.345,0.012,3,11.051,0.050,3,11.302,0.012,3,11.013,0.053,3,11.263,0.013,3,10.981,0.056,3,11.225,0.014,3,10.950,0.058,3,1111074301351023782,0.139480,65.6,1,11.466,0.022,11.185,0.020,8.628,0.022,6.437,0.048,709914239,0.241844,-9.8,1,0.45,13.766,0.0710,12.908,0.0864,12.491,0.0531,-0.1059918632236200,0.2512511302552750,-0.9621011352637689,111022110,10214825440092
112.8727794,-74.1754384,0.0455,0.0384,0.0154,285.9233174,-23.3597040,235.1438046,-79.3122458,14.176,614.903,17.601,616.423,7358601017000167,73586a017-000167,17,73586a,167,11.497,0.018,59.0,17.7,11.237,0.023,46.7,4.86,10.8,1,0,0.00000,0.00000,0000,0000,3,AA,0,10,1.0,25.284,00,0000,0000,57604.35892545,0,,0,,14.466,3.733,0.000,38.544,3.511,0.000,5081,86.15,2306,49.34,7.50,7.50,11.444,0.013,0,0.260,11.141,0.020,0,0.326,12.186,0.017,0,11.986,0.026,0,11.704,0.013,0,11.467,0.020,0,11.491,0.012,0,11.230,0.020,0,11.387,0.012,1,11.120,0.023,3,11.328,0.013,3,11.066,0.028,3,11.289,0.014,3,11.032,0.033,3,11.257,0.015,3,11.002,0.035,3,11.224,0.016,3,10.976,0.039,3,1111074301351023782,0.138924,47.2,1,11.466,0.022,11.185,0.020,8.628,0.022,6.437,0.048,709914239,0.282887,-13.5,1,0.48,13.766,0.0710,12.908,0.0864,12.491,0.0531,-0.1059919084722770,0.2512509252733820,-0.9621011838095170,111022110,10214825440092
112.8728877,-74.1754511,0.0467,0.0416,-0.0057,285.9233401,-23.3596796,235.1437738,-79.3122142,442.280,137.749,441.226,137.375,7353401017000149,73534a017-000149,17,73534a,149,11.454,0.021,52.4,24.5,11.267,0.025,43.2,3.59,12.9,1,0,0.00000,0.00000,0000,0000,3,AA,0,10,1.0,44.868,00,0001,0000,57602.65552722,0,,0,,15.552,3.655,0.000,38.807,4.341,0.000,5285,100.8,2242,51.91,7.50,7.50,11.472,0.024,2,0.260,11.154,0.034,2,0.326,12.219,0.030,2,11.981,0.040,2,11.731,0.024,2,11.480,0.034,2,11.522,0.022,2,11.262,0.034,2,11.421,0.022,3,11.166,0.035,3,11.368,0.023,3,11.121,0.037,3,11.335,0.025,3,11.097,0.039,3,11.309,0.027,3,11.081,0.042,3,11.284,0.028,3,11.069,0.045,3,1111074301351023782,0.140107,-1.8,1,11.466,0.022,11.185,0.020,8.628,0.022,6.437,0.048,709914239,0.364195,-28.3,1,0.56,13.766,0.0710,12.908,0.0864,12.491,0.0531,-0.1059923004943100,0.2512505284400930,-0.9621012442536900,111022110,10214825440094
112.8727927,-74.1754454,0.0530,0.0411,-0.0183,285.9233258,-23.3597027,235.1438253,-79.3122389,519.553,987.267,521.553,986.599,7352601018000138,73526a018-000138,18,73526a,138,11.478,0.023,47.5,16.5,11.245,0.026,41.7,4.76,10.4,1,0,0.00000,0.00000,0000,0000,3,AA,0,10,1.0,27.506,00,0000,0000,57602.39359343,0,,0,,14.685,3.824,0.000,39.159,4.017,0.000,5171,108.8,2289,54.88,7.50,7.50,11.405,0.019,2,0.260,11.116,0.032,2,0.326,12.108,0.021,2,11.920,0.034,2,11.665,0.019,2,11.442,0.032,2,11.471,0.018,2,11.242,0.035,2,11.375,0.018,3,11.152,0.042,3,11.320,0.019,3,11.098,0.053,3,11.281,0.019,3,11.043,0.055,3,11.244,0.020,3,10.973,0.055,3,11.207,0.021,3,10.910,0.056,3,1111074301351023782,0.148982,36.7,1,11.466,0.022,11.185,0.020,8.628,0.022,6.437,0.048,709914239,0.310516,-14.8,1,0.51,13.766,0.0710,12.908,0.0864,12.491,0.0531,-0.1059919211075370,0.2512507923691500,-0.9621012171252090,111022110,10214825440095
112.8728533,-74.1754851,0.0453,0.0491,0.0087,285.9233725,-23.3596987,235.1439545,-79.3122032,287.689,326.061,288.262,326.423,7355401017000139,73554a017-000139,17,73554a,139,11.536,0.021,52.1,17.6,11.241,0.026,41.0,2.73,9.06,1,0,0.00000,0.00000,0000,0000,3,AA,0,10,1.0,24.780,00,0000,0000,57603.31068018,0,,0,,14.944,3.614,0.000,39.191,5.265,0.000,4901,93.98,2297,55.99,7.50,7.50,11.487,0.016,2,0.260,11.174,0.059,2,0.326,12.228,0.021,2,12.010,0.083,2,11.747,0.016,2,11.500,0.059,2,11.531,0.014,2,11.268,0.052,2,11.423,0.014,3,11.154,0.050,3,11.359,0.014,3,11.090,0.052,3,11.313,0.014,3,11.052,0.055,3,11.273,0.015,3,11.028,0.058,3,11.236,0.015,3,11.009,0.063,3,1111074301351023782,0.264087,6.4,1,11.466,0.022,11.185,0.020,8.628,0.022,6.437,0.048,709914239,0.464362,-17.4,1,0.66,13.766,0.0710,12.908,0.0864,12.491,0.0531,-0.1059919277347870,0.2512500660465100,-0.9621014060725031,111022110,10214825440095
112.8727895,-74.1754453,0.0471,0.0408,0.0157,285.9233254,-23.3597035,235.1438274,-79.3122397,40.656,580.701,43.762,582.129,7358201017000129,73582a017-000129,17,73582a,129,11.472,0.018,59.6,17.1,11.194,0.031,35.3,2.54,10.4,1,0,0.00000,0.00000,0000,0000,3,AA,0,10,1.0,27.779,00,0000,0000,57604.22789487,0,,0,,12.996,2.564,0.000,38.342,3.664,0.000,5199,87.27,2398,67.91,7.50,7.50,11.447,0.013,0,0.260,11.078,0.048,2,0.326,12.184,0.016,0,11.912,0.071,0,11.706,0.013,0,11.404,0.048,2,11.495,0.011,1,11.184,0.044,3,11.392,0.011,1,11.082,0.049,3,11.333,0.012,3,11.024,0.055,3,11.292,0.012,3,10.985,0.058,3,11.260,0.012,3,10.954,0.059,3,11.228,0.013,3,10.924,0.060,3,1111074301351023782,0.150593,37.7,1,11.466,0.022,11.185,0.020,8.628,0.022,6.437,0.048,709914239,0.309381,-14.2,1,0.51,13.766,0.0710,12.908,0.0864,12.491,0.0531,-0.1059919077277210,0.2512507998360050,-0.9621012166492700,111022110,10214825440095
112.8727575,-74.1754046,0.0432,0.0409,0.0126,285.9232803,-23.3596997,235.1436705,-79.3122694,786.447,492.278,784.653,490.446,794318013000124,07943r013-000124,13,07943r,124,11.464,0.019,57.1,19.2,11.145,0.025,43.5,3.51,11.2,1,0,0.00000,0.00000,0000,0000,3,AA,0,10,1.0,32.097,00,0000,0000,58689.50384515,0,,0,,12.267,3.352,0.000,50.088,5.412,0.000,5233,91.58,2509,57.68,7.50,7.50,11.377,0.044,0,0.260,11.049,0.049,2,0.326,12.098,0.045,0,11.882,0.057,2,11.637,0.044,0,11.375,0.049,2,11.445,0.040,2,11.149,0.056,2,11.356,0.038,3,11.044,0.067,3,11.306,0.037,3,10.990,0.071,3,11.272,0.037,3,10.961,0.077,3,11.242,0.037,3,10.940,0.090,3,11.213,0.039,3,10.921,0.113,3,1111074301351023782,0.126492,102.5,1,11.466,0.022,11.185,0.020,8.628,0.022,6.437,0.048,709914239,0.159732,-16.2,1,0.37,13.766,0.0710,12.908,0.0864,12.491,0.0531,-0.1059920330414540,0.2512514887228960,-0.9621010229421170,111022110,10214825440085
112.8730766,-74.1753277,0.0465,0.0458,0.0159,285.9232285,-23.3595937,235.1430657,-79.3122394,856.081,177.765,852.536,175.661,793518011000137,07935r011-000137,11,07935r,137,11.440,0.021,51.5,24.5,11.169,0.024,45.7,8.8,15.5,1,0,0.00000,0.00000,0000,0000,3,AA,0,5,0.5,29.333,00,0000,0000,58689.24216623,0,,0,,14.287,3.761,0.000,49.660,4.706,0.000,5352,104,2454,53.68,7.50,7.50,11.387,0.022,2,0.260,11.033,0.028,2,0.326,12.133,0.031,2,11.897,0.030,0,11.647,0.022,2,11.359,0.028,2,11.435,0.020,2,11.112,0.032,2,11.332,0.023,3,10.991,0.037,3,11.274,0.030,3,10.924,0.040,3,11.232,0.037,3,10.880,0.042,3,11.198,0.041,3,10.841,0.045,3,11.165,0.041,3,10.799,0.052,3,1111074301351023782,0.358535,-148.0,1,11.466,0.022,11.185,0.020,8.628,0.022,6.437,0.048,709914239,0.378628,-109.0,1,0.41,13.766,0.0710,12.908,0.0864,12.491,0.0531,-0.1059939342596410,0.2512520881676220,-0.9621006569437380,111022110,10214825440200
112.8729898,-74.1754098,0.0488,0.0452,0.0095,285.9233062,-23.3596407,235.1435052,-79.3122138,999.824,754.709,997.883,752.021,791918014000131,07919r014-000131,14,07919r,131,11.495,0.024,45.3,16.7,11.141,0.025,43.6,3.7,9.46,1,0,0.00000,0.00000,0000,0000,3,AA,0,10,1.0,46.619,00,0000,0000,58688.71842630,0,,0,,15.398,3.802,0.000,49.576,5.156,0.000,5085,112.3,2519,57.71,7.50,7.50,11.425,0.026,2,0.260,11.042,0.025,2,0.326,12.121,0.036,2,11.831,0.028,0,11.684,0.026,2,11.368,0.025,2,11.491,0.022,2,11.181,0.034,2,11.397,0.021,3,11.095,0.069,3,11.342,0.021,3,11.048,0.106,3,11.301,0.023,3,11.015,0.115,3,11.265,0.025,3,10.984,0.117,3,11.232,0.025,3,10.952,0.118,3,1111074301351023782,0.104907,-94.7,1,11.466,0.022,11.185,0.020,8.628,0.022,6.437,0.048,709914239,0.322467,-57.7,1,0.48,13.766,0.0710,12.908,0.0864,12.491,0.0531,-0.1059930177751660,0.2512509785351140,-0.9621010476909690,111022110,10214825440087
112.8729265,-74.1754072,0.0443,0.0388,0.0079,285.9232979,-23.3596565,235.1435449,-79.3122296,942.523,369.405,939.193,366.912,792318014000127,07923r014-000127,14,07923r,127,11.465,0.020,55.0,21.5,11.232,0.026,42.5,9.93,15.6,1,0,0.00000,0.00000,0000,0000,3,AA,0,5,0.5,51.694,00,0000,0000,58688.84920210,0,,0,,14.175,3.124,0.000,50.021,4.855,0.000,5230,95.14,2315,54.42,7.50,7.50,11.416,0.023,0,0.260,11.108,0.035,2,0.326,12.145,0.033,0,11.947,0.044,2,11.675,0.023,0,11.434,0.035,2,11.469,0.021,2,11.198,0.046,2,11.370,0.021,3,11.085,0.077,3,11.318,0.021,3,11.024,0.096,3,11.284,0.022,3,10.986,0.099,3,11.254,0.022,3,10.963,0.099,3,11.228,0.023,3,10.946,0.099,3,1111074301351023782,0.046071,-113.0,1,11.466,0.022,11.185,0.020,8.628,0.022,6.437,0.048,709914239,0.266119,-52.3,1,0.43,13.766,0.0710,12.908,0.0864,12.491,0.0531,-0.1059927571643380,0.2512511358611850,-0.9621010353165440,111022110,10214825440087
112.8728739,-74.1754114,0.0472,0.0413,0.0144,285.9232976,-23.3596714,235.1436065,-79.3122392,925.603,901.474,924.800,899.166,792718014000139,07927r014-000139,14,07927r,139,11.397,0.022,50.3,13.3,11.132,0.027,40.2,2.56,7.78,1,0,0.00000,0.00000,0000,0000,3,AA,0,10,1.0,48.607,00,0000,0000,58688.98010531,0,,0,,14.470,3.676,0.000,50.217,4.609,0.000,5564,110.7,2538,63.13,7.50,7.50,11.377,0.014,0,0.260,11.103,0.032,2,0.326,12.091,0.017,0,11.884,0.033,2,11.637,0.014,0,11.429,0.032,2,11.440,0.013,0,11.242,0.045,2,11.343,0.013,1,11.162,0.064,3,11.288,0.013,3,11.128,0.074,3,11.248,0.014,3,11.112,0.077,3,11.214,0.015,3,11.102,0.080,3,11.184,0.016,3,11.093,0.084,3,1111074301351023782,0.009667,107.3,1,11.466,0.022,11.185,0.020,8.628,0.022,6.437,0.048,709914239,0.238512,-41.8,1,0.43,13.766,0.0710,12.908,0.0864,12.491,0.0531,-0.1059924990924260,0.2512511681867850,-0.9621010553059990,111022110,10214825440087
112.8728184,-74.1754103,0.0455,0.0446,0.0075,285.9232916,-23.3596855,235.1436466,-79.3122524,822.947,810.882,822.344,808.953,793918013000124,07939r013-000124,13,07939r,124,11.395,0.022,49.7,14.5,11.131,0.030,36.2,3.49,8.55,1,0,0.00000,0.00000,0000,0000,3,AA,0,10,1.0,26.847,00,0000,0000,58689.37306934,0,,0,,16.417,4.245,0.000,49.124,5.378,0.000,5577,112.2,2540,70.22,7.50,7.50,11.359,0.047,2,0.260,11.031,0.043,2,0.326,12.070,0.021,0,11.847,0.038,2,11.618,0.047,2,11.357,0.043,2,11.428,0.074,2,11.141,0.077,2,11.337,0.076,3,11.032,0.104,3,11.282,0.073,3,10.971,0.117,3,11.240,0.071,3,10.932,0.119,3,11.202,0.069,3,10.901,0.119,3,11.167,0.068,3,10.870,0.118,3,1111074301351023782,0.064078,96.1,1,11.466,0.022,11.185,0.020,8.628,0.022,6.437,0.048,709914239,0.202841,-31.0,1,0.38,13.766,0.0710,12.908,0.0864,12.491,0.0531,-0.1059922628954300,0.2512512878757580,-0.9621010500706660,111022110,10214825440087
112.8728801,-74.1754049,0.0468,0.0443,-0.0052,285.9232914,-23.3596678,235.1435723,-79.3122414,764.046,102.475,760.812,100.720,794718012000125,07947r012-000125,12,07947r,125,11.392,0.023,47.7,14.4,11.107,0.024,45.9,3.77,8.88,1,0,0.00000,0.00000,0000,0000,3,AA,0,10,1.0,41.043,00,0000,0000,58689.63462095,0,,0,,13.884,3.917,0.000,49.774,4.855,0.000,5591,117.2,2598,56.56,7.50,7.50,11.339,0.062,0,0.260,11.073,0.066,0,0.326,12.081,0.095,0,11.904,0.053,0,11.598,0.062,0,11.399,0.066,0,11.386,0.052,3,11.181,0.084,1,11.284,0.048,3,11.085,0.090,3,11.227,0.047,3,11.038,0.095,3,11.186,0.048,3,11.007,0.096,3,11.152,0.050,3,10.978,0.097,3,11.122,0.051,3,10.947,0.101,3,1111074301351023782,0.026467,173.2,1,11.466,0.022,11.185,0.020,8.628,0.022,6.437,0.048,709914239,0.226019,-46.9,1,0.41,13.766,0.0710,12.908,0.0864,12.491,0.0531,-0.1059925687044950,0.2512512572819160,-0.9621010243699361,111022110,10214825440087
112.8728375,-74.1754144,0.0410,0.0401,0.0060,285.9232975,-23.3596818,235.1436495,-79.3122458,709.293,637.323,708.583,635.826,795118013000120,07951r013-000120,13,07951r,120,11.453,0.019,58.5,13,11.164,0.026,41.8,4.78,8.69,1,0,0.00000,0.00000,0000,0000,3,AA,0,5,0.5,48.543,00,0000,0000,58689.76552407,0,,0,,15.916,4.530,0.000,50.198,6.095,0.000,5286,90.43,2465,58.94,7.50,7.50,11.326,0.020,2,0.260,11.031,0.049,2,0.326,12.057,0.018,0,11.871,0.065,0,11.586,0.020,2,11.357,0.049,2,11.385,0.020,2,11.139,0.050,2,11.292,0.022,3,11.045,0.059,3,11.240,0.024,3,10.992,0.073,3,11.204,0.026,3,10.959,0.082,3,11.173,0.027,3,10.949,0.089,3,11.140,0.028,3,10.954,0.102,3,1111074301351023782,0.045654,80.0,1,11.466,0.022,11.185,0.020,8.628,0.022,6.437,0.048,709914239,0.225309,-33.1,1,0.42,13.766,0.0710,12.908,0.0864,12.491,0.0531,-0.1059923198922660,0.2512511891092960,-0.9621010695841790,111022110,10214825440087
112.8728360,-74.1754063,0.0446,0.0420,0.0093,285.9232890,-23.3596797,235.1436144,-79.3122507,693.581,243.407,691.369,241.980,795518013000139,07955r013-000139,13,07955r,139,11.379,0.021,51.6,13.2,11.133,0.025,42.8,4.71,8.72,1,0,0.00000,0.00000,0000,0000,3,AA,0,10,1.0,49.364,00,0000,0000,58689.89629992,0,,0,,13.398,4.256,0.000,49.542,5.130,0.000,5657,109.7,2536,59.25,7.50,7.50,11.467,0.143,2,0.260,11.113,0.072,2,0.326,12.216,0.220,2,11.937,0.049,2,11.727,0.143,2,11.439,0.072,2,11.512,0.118,2,11.214,0.092,2,11.409,0.108,3,11.104,0.105,3,11.353,0.103,3,11.041,0.109,3,11.317,0.100,3,11.001,0.120,3,11.287,0.100,3,10.968,0.234,3,11.259,0.102,3,10.935,0.511,3,1111074301351023782,0.051061,114.6,1,11.466,0.022,11.185,0.020,8.628,0.022,6.437,0.048,709914239,0.200629,-37.4,1,0.39,13.766,0.0710,12.908,0.0864,12.491,0.0531,-0.1059923661813570,0.2512513172032030,-0.9621010310330890,111022110,10214825440087
112.8728833,-74.1754078,0.0423,0.0407,-0.0127,285.9232947,-23.3596679,235.1435827,-79.3122391,654.574,788.322,654.890,787.076,795918013000128,07959r013-000128,13,07959r,128,11.441,0.020,55.1,13.3,11.191,0.025,43.1,3.69,8.65,1,0,0.00000,0.00000,0000,0000,3,AA,0,10,1.0,43.054,00,0000,0000,58690.02720309,0,,0,,15.016,4.414,0.000,50.088,5.789,0.000,5346,97.07,2405,55.86,7.50,7.50,11.358,0.021,0,0.260,11.082,0.027,2,0.326,12.083,0.025,0,11.902,0.031,2,11.617,0.021,0,11.408,0.027,2,11.419,0.019,2,11.201,0.029,2,11.325,0.019,3,11.113,0.037,3,11.274,0.020,3,11.078,0.046,3,11.240,0.021,3,11.066,0.065,3,11.210,0.021,3,11.067,0.091,3,11.181,0.022,3,11.068,0.109,3,1111074301351023782,0.015840,180.0,1,11.466,0.022,11.185,0.020,8.628,0.022,6.437,0.048,709914239,0.235510,-45.6,1,0.41,13.766,0.0710,12.908,0.0864,12.491,0.0531,-0.1059925638093450,0.2512512064948810,-0.9621010381721810,111022110,10214825440087
112.8728527,-74.1754199,0.0443,0.0406,0.0083,285.9233046,-23.3596794,235.1436619,-79.3122393,608.441,412.278,607.434,411.211,796318013000132,07963r013-000132,13,07963r,132,11.463,0.019,57.0,20,11.218,0.029,37.7,3.61,11,1,0,0.00000,0.00000,0000,0000,3,AA,0,5,0.5,34.221,00,0000,0000,58690.15797889,0,,0,,13.339,3.571,0.000,49.414,5.339,0.000,5240,91.87,2346,62.19,7.50,7.50,11.389,0.028,2,0.260,11.076,0.061,2,0.326,12.110,0.028,2,11.926,0.087,0,11.649,0.028,2,11.402,0.061,2,11.450,0.027,2,11.165,0.053,2,11.351,0.026,3,11.050,0.056,3,11.292,0.027,3,10.984,0.066,3,11.249,0.035,3,10.943,0.116,3,11.214,0.040,3,10.910,0.286,3,11.181,0.042,3,10.048,,32,1111074301351023782,0.040875,47.3,1,11.466,0.022,11.185,0.020,8.628,0.022,6.437,0.048,709914239,0.250051,-33.5,1,0.45,13.766,0.0710,12.908,0.0864,12.491,0.0531,-0.1059923506494450,0.2512510758974150,-0.9621010957608330,111022110,10214825440087
112.8727895,-74.1754254,0.0438,0.0421,0.0095,285.9233047,-23.3596975,235.1437380,-79.3122507,880.317,885.197,879.668,883.056,3029518014000153,30295r014-000153,14,30295r,153,11.508,0.021,50.7,15.1,11.297,0.026,41.8,3.92,9.09,1,0,0.00000,0.00000,0000,0000,3,AA,0,5,0.5,24.969,00,0000,0000,59420.32246951,0,,0,,12.458,3.410,0.000,54.338,4.736,0.000,5025,99.03,2181,52.2,7.50,7.50,11.467,0.013,0,0.260,11.206,0.070,0,0.326,12.197,0.017,0,12.034,0.055,0,11.727,0.013,0,11.532,0.070,0,11.524,0.013,0,11.314,0.075,2,11.428,0.017,3,11.216,0.075,3,11.378,0.024,3,11.173,0.084,3,11.342,0.027,3,11.156,0.097,3,11.311,0.028,3,11.150,0.109,3,11.278,0.033,3,11.145,0.127,3,1111074301351023782,0.103622,62.7,1,11.466,0.022,11.185,0.020,8.628,0.022,6.437,0.048,709914239,0.240587,-18.4,1,0.43,13.766,0.0710,12.908,0.0864,12.491,0.0531,-0.1059920376101970,0.2512511077187160,-0.9621011219374800,111022110,10214825440085
112.8728398,-74.1754179,0.0475,0.0421,0.0058,285.9233014,-23.3596822,235.1436634,-79.3122434,857.172,424.802,854.689,422.664,3029918013000171,30299r013-000171,13,30299r,171,11.536,0.019,56.0,18.2,11.363,0.027,39.7,3.05,10.5,1,0,0.00000,0.00000,0000,0000,3,AA,0,10,1.0,26.489,00,0000,0000,59420.45311803,0,,0,,15.313,4.373,0.000,53.891,5.374,0.000,4899,87.46,2052,51.74,7.50,7.50,11.467,0.024,0,0.260,10.210,,32,0.326,12.203,0.023,0,11.027,,32,11.727,0.024,0,10.536,,32,11.517,0.026,2,10.338,,32,11.409,0.027,3,10.272,,32,11.342,0.029,3,10.245,,32,11.294,0.030,3,10.223,,32,11.254,0.035,3,10.199,,32,11.217,0.080,3,10.176,,32,1111074301351023782,0.047378,64.3,1,11.466,0.022,11.185,0.020,8.628,0.022,6.437,0.048,709914239,0.237145,-31.9,1,0.42,13.766,0.0710,12.908,0.0864,12.491,0.0531,-0.1059923071344380,0.2512511307042910,-0.9621010862420510,111022110,10214825440087
112.8728014,-74.1754132,0.0442,0.0378,0.0099,285.9232931,-23.3596908,235.1436735,-79.3122547,62.923,433.892,65.222,435.264,6263001021000181,62630a021-000181,21,62630a,181,11.561,0.017,62.1,21.7,11.364,0.025,44.0,3.13,11.6,1,0,0.00000,0.00000,0000,0000,3,AA,0,10,1.0,25.658,00,0000,0000,57245.25547147,0,,0,,13.378,3.135,0.000,36.550,3.831,0.000,4781,77.01,2052,46.63,7.50,7.50,11.538,0.015,0,0.260,11.302,0.048,0,0.326,12.282,0.015,0,12.149,0.056,0,11.797,0.015,0,11.628,0.048,0,11.581,0.021,0,11.389,0.046,2,11.474,0.024,1,11.277,0.047,3,11.414,0.024,1,11.217,0.049,3,11.373,0.024,1,11.176,0.050,3,11.341,0.023,1,11.147,0.052,3,11.311,0.023,1,11.121,0.054,3,1111074301351023782,0.080481,87.4,1,11.466,0.022,11.185,0.020,8.628,0.022,6.437,0.048,709914239,0.204148,-25.5,1,0.41,13.766,0.0710,12.908,0.0864,12.491,0.0531,-0.1059921694200630,0.2512512744569640,-0.9621010638729069,111022110,10214825440087
112.8727856,-74.1754105,0.0469,0.0395,0.0127,285.9232889,-23.3596941,235.1436742,-79.3122598,165.425,436.779,167.165,437.665,6261801021000159,62618a021-000159,21,62618a,159,11.610,0.017,62.5,21.8,11.408,0.028,39.0,4.2,12.8,1,0,0.00000,0.00000,0000,0000,3,AA,0,10,1.0,50.457,00,0000,0000,57244.86186726,0,,0,,12.090,2.809,0.000,36.348,3.426,0.000,4571,73.15,1972,50.58,7.50,7.50,11.537,0.014,0,0.260,11.299,0.054,2,0.326,12.289,0.018,0,12.130,0.051,2,11.796,0.014,0,11.625,0.054,2,11.575,0.012,0,11.397,0.062,2,11.462,0.012,1,11.282,0.065,3,11.395,0.012,1,11.216,0.065,3,11.349,0.013,1,11.170,0.065,3,11.309,0.014,3,11.137,0.066,3,11.270,0.015,3,11.114,0.068,3,1111074301351023782,0.096107,93.7,1,11.466,0.022,11.185,0.020,8.628,0.022,6.437,0.048,709914239,0.188959,-22.5,1,0.37,13.766,0.0710,12.908,0.0864,12.491,0.0531,-0.1059921177567400,0.2512513454585970,-0.9621010510225450,111022110,10214825440087
112.8729225,-74.1754127,0.0426,0.0393,0.0034,285.9233033,-23.3596591,235.1435729,-79.3122275,134.789,122.888,135.351,123.915,6262201021000150,62622a021-000150,21,62622a,150,11.571,0.018,59.2,20.2,11.356,0.024,44.7,4.21,11.8,1,0,0.00000,0.00000,0000,0000,3,AA,0,10,1.0,43.284,00,0000,0000,57244.99302520,0,,0,,14.984,3.903,0.000,36.893,4.098,0.000,4737,80.04,2068,46.26,7.50,7.50,11.513,0.012,2,0.260,11.247,0.024,2,0.326,12.249,0.016,0,12.098,0.029,0,11.773,0.012,2,11.573,0.024,2,11.562,0.012,2,11.344,0.024,2,11.457,0.012,3,11.234,0.025,3,11.397,0.013,3,11.171,0.027,3,11.355,0.013,3,11.131,0.031,3,11.317,0.014,3,11.108,0.038,3,11.282,0.015,3,11.093,0.044,3,1111074301351023782,0.038525,-87.3,1,11.466,0.022,11.185,0.020,8.628,0.022,6.437,0.048,709914239,0.275711,-48.5,1,0.46,13.766,0.0710,12.908,0.0864,12.491,0.0531,-0.1059927037263400,0.2512510581677570,-0.9621010614932110,111022110,10214825440087
112.8728346,-74.1753734,0.0441,0.0387,0.0148,285.9232547,-23.3596703,235.1434676,-79.3122691,205.934,735.159,208.675,735.823,6261401021000148,62614a021-000148,21,62614a,148,11.582,0.018,61.1,18,11.362,0.026,41.6,4.18,10.5,1,0,0.00000,0.00000,0000,0000,3,AA,0,10,1.0,49.969,00,0000,0000,57244.73070936,0,,0,,13.552,3.513,0.000,36.905,4.132,0.000,4692,76.82,2058,49.45,7.50,7.50,11.529,0.013,1,0.260,11.205,0.028,3,0.326,12.262,0.016,1,12.114,0.035,3,11.788,0.013,1,11.531,0.028,3,11.575,0.012,1,11.145,0.024,3,11.469,0.012,3,10.797,0.021,3,11.404,0.012,3,10.550,0.021,3,11.356,0.013,3,10.433,0.023,3,11.314,0.013,3,10.381,0.028,3,11.274,0.014,3,10.359,0.031,3,1111074301351023782,0.147635,161.1,1,11.466,0.022,11.185,0.020,8.628,0.022,6.437,0.048,709914239,0.127161,-71.2,1,0.29,13.766,0.0710,12.908,0.0864,12.491,0.0531,-0.1059925747728050,0.2512518288049220,-0.9621008744488350,111022110,10214825440087
112.8729514,-74.1753968,0.0425,0.0390,0.0073,285.9232893,-23.3596469,235.1434779,-79.3122297,243.009,128.077,242.994,128.621,6261001021000151,62610a021-000151,21,62610a,151,11.600,0.018,60.6,23.1,11.386,0.024,45.8,4.18,12.6,1,0,0.00000,0.00000,0000,0000,3,AA,0,10,1.0,41.941,00,0000,0000,57244.59942411,0,,0,,13.128,3.579,0.000,37.208,3.315,0.000,4614,76.16,2012,43.91,7.50,7.50,11.516,0.013,18,0.260,11.291,0.022,0,0.326,12.241,0.016,0,12.140,0.027,0,11.775,0.013,18,11.617,0.022,0,11.570,0.012,19,11.378,0.022,1,11.464,0.012,19,11.267,0.023,3,11.403,0.013,19,11.209,0.026,3,11.362,0.014,19,11.174,0.030,3,11.326,0.015,19,11.147,0.033,3,11.296,0.017,19,11.124,0.037,3,1111074301351023782,0.086850,-129.7,1,11.466,0.022,11.185,0.020,8.628,0.022,6.437,0.048,709914239,0.266324,-61.9,1,0.43,13.766,0.0710,12.908,0.0864,12.491,0.0531,-0.1059929342335230,0.2512512507013970,-0.9621009858188230,111022110,10214825440087
112.8728743,-74.1754641,0.0480,0.0446,0.0220,285.9233525,-23.3596870,235.1438431,-79.3122100,35.669,130.402,36.802,131.916,6263401021000189,62634a021-000189,21,62634a,189,11.507,0.022,48.6,23.5,11.350,0.027,40.7,3.95,13.2,1,0,0.00000,0.00000,0000,0000,3,AA,0,10,1.0,26.927,00,0000,0101,57245.38662946,0,,0,,12.987,2.878,0.000,36.505,4.030,0.000,5026,103.4,2079,51.14,7.50,7.50,11.652,0.015,2,0.260,11.392,0.028,2,0.326,12.393,0.019,2,12.266,0.034,2,11.912,0.015,2,11.718,0.028,2,11.684,0.014,2,11.468,0.030,2,11.565,0.014,3,11.350,0.036,3,11.491,0.016,3,11.285,0.042,3,11.437,0.017,3,11.245,0.045,3,11.391,0.017,3,11.214,0.048,3,11.347,0.018,3,11.180,0.052,3,1111074301351023782,0.187049,2.7,1,11.466,0.022,11.185,0.020,8.628,0.022,6.437,0.048,709914239,0.400607,-23.4,1,0.58,13.766,0.0710,12.908,0.0864,12.491,0.0531,-0.1059921568851550,0.2512503520996360,-0.9621013061256291,111022110,10214825440094
112.8726781,-74.1753885,0.0512,0.0491,-0.0150,285.9232565,-23.3597156,235.1436626,-79.3122964,954.149,136.926,949.871,134.308,9559101013000160,95591a013-000160,13,95591a,160,11.507,0.024,45.9,21.4,11.316,0.028,38.9,3.73,12,1,0,0.00000,0.00000,0000,0000,3,AA,0,5,0.5,44.553,00,0000,0000,58324.68114493,0,,0,,14.459,3.945,0.000,43.663,4.196,0.000,5031,109.6,2143,55.03,7.50,7.50,11.539,0.031,2,0.260,11.255,0.181,2,0.326,12.298,0.026,2,12.092,0.239,2,11.799,0.031,2,11.581,0.181,2,11.573,0.035,2,11.351,0.155,2,11.463,0.039,3,11.239,0.142,3,11.403,0.042,3,11.182,0.137,3,11.365,0.042,3,11.146,0.134,3,11.336,0.042,3,11.115,0.133,3,11.304,0.042,3,11.082,0.135,3,1111074301351023782,0.218767,113.0,1,11.466,0.022,11.185,0.020,8.628,0.022,6.437,0.048,709914239,0.101038,19.2,1,0.30,13.766,0.0710,12.908,0.0864,12.491,0.0531,-0.1059917899394860,0.2512518846966990,-0.9621009463158120,111022110,10214825440085
112.8727629,-74.1754206,0.0437,0.0426,0.0071,285.9232974,-23.3597030,235.1437380,-79.3122594,840.797,777.107,839.895,775.076,9560301014000139,95603a014-000139,14,95603a,139,11.532,0.021,51.4,20.8,11.321,0.027,40.5,5.88,12.8,1,0,0.00000,0.00000,0000,0000,3,AA,0,5,0.5,40.444,00,0000,0000,58325.07385479,0,,0,,15.111,3.778,0.000,43.959,5.517,0.000,4914,95.55,2133,52.6,7.50,7.50,11.496,0.015,2,0.260,11.242,0.104,2,0.326,12.227,0.020,2,12.055,0.109,2,11.755,0.015,2,11.568,0.104,2,11.542,0.016,2,11.355,0.096,2,11.438,0.018,3,11.256,0.092,3,11.382,0.019,3,11.205,0.094,3,11.342,0.022,3,11.170,0.101,3,11.306,0.029,3,11.132,0.103,3,11.270,0.031,3,11.063,0.102,3,1111074301351023782,0.122003,75.6,1,11.466,0.022,11.185,0.020,8.628,0.022,6.437,0.048,709914239,0.216797,-13.3,1,0.42,13.766,0.0710,12.908,0.0864,12.491,0.0531,-0.1059919522933540,0.2512512311894720,-0.9621010990924070,111022110,10214825440085
112.8728427,-74.1754208,0.0527,0.0408,0.0108,285.9233047,-23.3596823,235.1436741,-79.3122411,883.664,559.941,881.606,557.684,9559901014000146,95599a014-000146,14,95599a,146,11.544,0.022,49.0,18,11.357,0.028,39.0,4.4,10.9,1,0,0.00000,0.00000,0000,0000,3,AA,0,10,1.0,49.666,00,0000,0000,58324.94295148,0,,0,,13.376,3.412,0.000,44.327,4.559,0.000,4861,99.14,2063,52.91,7.50,7.50,11.543,0.015,3,0.260,11.216,0.051,3,0.326,12.264,0.018,2,12.028,0.056,2,11.802,0.015,3,11.542,0.051,3,11.595,0.014,3,11.339,0.080,3,11.492,0.015,3,11.248,0.115,3,11.435,0.015,3,11.191,0.122,3,11.396,0.015,3,11.142,0.128,3,11.361,0.016,3,11.097,0.133,3,11.328,0.017,3,11.052,0.132,3,1111074301351023782,0.050469,52.2,1,11.466,0.022,11.185,0.020,8.628,0.022,6.437,0.048,709914239,0.247530,-31.2,1,0.44,13.766,0.0710,12.908,0.0864,12.491,0.0531,-0.1059923009237640,0.2512510804722290,-0.9621011000442850,111022110,10214825440087
112.8728144,-74.1754210,0.0440,0.0388,-0.0132,285.9233024,-23.3596897,235.1436980,-79.3122474,1001.611,619.541,999.033,616.829,9558301014000167,95583a014-000167,14,95583a,167,11.520,0.022,50.3,14.5,11.317,0.026,42.5,4.32,9.09,1,0,0.00000,0.00000,0000,0000,3,AA,0,10,1.0,26.281,00,0000,0000,58324.41946582,0,,0,,16.515,4.368,0.000,44.273,4.835,0.000,4972,98.79,2140,50.39,7.50,7.50,11.578,0.015,3,0.260,11.241,0.033,3,0.326,12.315,0.020,3,12.064,0.032,3,11.838,0.015,3,11.567,0.033,3,11.626,0.015,3,11.348,0.055,3,11.521,0.015,3,11.244,0.075,3,11.463,0.017,3,11.187,0.079,3,11.427,0.018,3,11.153,0.079,3,11.401,0.020,3,11.128,0.084,3,11.382,0.022,3,11.109,0.089,3,1111074301351023782,0.074690,64.9,1,11.466,0.022,11.185,0.020,8.628,0.022,6.437,0.048,709914239,0.234988,-25.3,1,0.44,13.766,0.0710,12.908,0.0864,12.491,0.0531,-0.1059921755184090,0.2512511297304850,-0.9621011009961630,111022110,10214825440087
112.8727849,-74.1754059,0.0470,0.0420,0.0060,285.9232841,-23.3596929,235.1436541,-79.3122625,981.204,828.939,979.727,826.331,9558701014000150,95587a014-000150,14,95587a,150,11.490,0.022,48.8,13.4,11.254,0.026,41.4,2.83,7.68,1,0,0.00000,0.00000,0000,0000,3,AA,0,10,1.0,34.179,00,0000,0000,58324.55036909,0,,0,,14.134,3.213,0.000,43.718,4.494,0.000,5108,104.6,2269,54.76,7.50,7.50,11.468,0.016,0,0.260,11.187,0.050,2,0.326,12.185,0.018,0,11.991,0.039,2,11.728,0.016,0,11.513,0.050,2,11.531,0.016,0,11.307,0.083,2,11.437,0.016,3,11.210,0.106,3,11.384,0.017,3,11.152,0.107,3,11.344,0.017,3,11.109,0.105,3,11.309,0.018,3,11.072,0.104,3,11.278,0.019,3,11.038,0.104,3,1111074301351023782,0.099226,103.2,1,11.466,0.022,11.185,0.020,8.628,0.022,6.437,0.048,709914239,0.173489,-24.4,1,0.37,13.766,0.0710,12.908,0.0864,12.491,0.0531,-0.1059921447102010,0.2512514179223960,-0.9621010291293310,111022110,10214825440087
112.8728150,-74.1754243,0.0441,0.0400,0.0066,285.9233059,-23.3596906,235.1437123,-79.3122455,908.819,356.474,905.693,354.105,9559501013000141,95595a013-000141,13,95595a,141,11.571,0.019,57.1,25.5,11.352,0.027,40.8,5.73,15.1,1,0,0.00000,0.00000,0000,0000,3,AA,0,5,0.5,51.257,00,0000,0000,58324.81204823,0,,0,,13.491,3.643,0.000,43.981,4.480,0.000,4744,83.04,2074,50.84,7.50,7.50,11.478,0.015,2,0.260,11.252,0.100,2,0.326,12.208,0.018,2,12.067,0.094,0,11.738,0.015,2,11.578,0.100,2,11.524,0.014,2,11.367,0.099,2,11.413,0.015,3,11.266,0.107,3,11.346,0.015,3,11.205,0.114,3,11.298,0.016,3,11.161,0.114,3,11.254,0.019,3,11.129,0.118,3,11.203,0.022,3,11.102,0.123,3,1111074301351023782,0.079957,57.0,1,11.466,0.022,11.185,0.020,8.628,0.022,6.437,0.048,709914239,0.246020,-24.3,1,0.44,13.766,0.0710,12.908,0.0864,12.491,0.0531,-0.1059921566111840,0.2512510775646230,-0.9621011167021510,111022110,10214825440087
112.8729378,-74.1753544,0.0517,0.0508,0.0169,285.9232440,-23.3596378,235.1432984,-79.3122562,751.954,187.024,749.095,185.333,1907918013000145,19079r013-000145,13,19079r,145,11.567,0.021,50.7,22.6,11.321,0.031,35.3,7.98,14.5,1,0,0.00000,0.00000,0000,0000,3,AA,0,5,0.5,44.151,00,0000,0000,59053.68272310,0,,0,,15.443,4.936,0.000,56.394,5.843,0.000,4759,93.78,2133,60.41,7.50,7.50,11.437,0.015,2,0.260,11.231,0.209,2,0.326,12.191,0.020,0,12.082,0.223,2,11.697,0.015,2,11.557,0.209,2,11.482,0.014,2,11.319,0.492,2,11.375,0.014,3,10.179,,32,11.317,0.016,3,10.034,,32,11.279,0.019,3,10.007,,32,11.250,0.022,3,9.997,,32,11.224,0.026,3,9.987,,32,1111074301351023782,0.214848,-165.6,1,11.466,0.022,11.185,0.020,8.628,0.022,6.437,0.048,709914239,0.223350,-97.0,1,0.31,13.766,0.0710,12.908,0.0864,12.491,0.0531,-0.1059931513314600,0.2512519318507730,-0.9621007840200950,111022110,10214825440084
112.8727071,-74.1753459,0.0485,0.0444,-0.0149,285.9232148,-23.3596953,235.1434475,-79.3123133,828.952,370.625,826.352,368.608,1907118013000139,19071r013-000139,13,19071r,139,11.560,0.020,53.4,22.3,11.297,0.030,36.7,3.66,12.3,1,0,0.00000,0.00000,0000,0000,3,AA,0,10,1.0,27.923,00,0000,0000,59053.42117154,0,,0,,14.374,4.247,0.000,56.986,5.615,0.000,4788,89.74,2181,59.38,7.50,7.50,11.444,0.022,2,0.260,11.241,0.049,2,0.326,12.172,0.027,2,12.103,0.057,2,11.704,0.022,2,11.567,0.049,2,11.504,0.020,2,11.332,0.055,2,11.405,0.019,3,11.225,0.076,3,11.348,0.020,3,11.170,0.109,3,11.309,0.022,3,11.134,0.137,3,11.278,0.028,3,11.103,0.147,3,11.248,0.040,3,11.074,0.173,3,1111074301351023782,0.294769,144.1,1,11.466,0.022,11.185,0.020,8.628,0.022,6.437,0.048,709914239,0.058159,175.3,1,0.14,13.766,0.0710,12.908,0.0864,12.491,0.0531,-0.1059921951483100,0.2512524901351810,-0.9621007435650970,111022110,10214825440112
112.8727919,-74.1754207,0.0492,0.0433,-0.0053,285.9233001,-23.3596955,235.1437149,-79.3122527,253.599,986.297,257.109,986.721,1913518013000133,19135r013-000133,13,19135r,133,11.591,0.023,47.5,25.8,11.311,0.026,41.8,4.72,14.8,1,0,0.00000,0.00000,0000,0000,3,AA,0,5,0.5,32.640,00,0000,0000,59055.51383992,0,,0,,15.362,4.272,0.000,55.189,5.616,0.000,4654,98.03,2154,51.52,7.50,7.50,11.436,0.061,2,0.260,11.160,0.127,2,0.326,12.178,0.091,2,11.995,0.100,2,11.695,0.061,2,11.486,0.127,2,11.480,0.053,2,11.271,0.135,2,11.374,0.051,3,11.173,0.134,3,11.310,0.049,3,11.121,0.132,3,11.264,0.049,3,11.083,0.142,3,11.228,0.050,3,11.047,0.174,3,11.195,0.052,3,11.016,0.205,3,1111074301351023782,0.094801,71.2,1,11.466,0.022,11.185,0.020,8.628,0.022,6.437,0.048,709914239,0.225408,-20.4,1,0.43,13.766,0.0710,12.908,0.0864,12.491,0.0531,-0.1059920788103400,0.2512511759949430,-0.9621010995683460,111022110,10214825440085
112.8727326,-74.1753954,0.0447,0.0395,0.0152,285.9232685,-23.3597034,235.1436493,-79.3122802,150.958,692.906,153.837,693.848,1915118013000140,19151r013-000140,13,19151r,140,11.504,0.019,58.6,19.4,11.262,0.024,44.7,4.79,11.7,1,0,0.00000,0.00000,0000,0000,3,AA,0,5,0.5,42.949,00,0000,0000,59056.03694317,0,,0,,15.078,3.805,0.000,55.557,3.871,0.000,5046,86.17,2253,50.4,7.50,7.50,11.459,0.013,0,0.260,11.160,0.032,2,0.326,12.197,0.016,0,11.999,0.032,2,11.718,0.013,0,11.486,0.032,2,11.508,0.012,0,11.253,0.035,2,11.400,0.012,3,11.138,0.036,3,11.332,0.013,3,11.073,0.042,3,11.283,0.014,3,11.035,0.048,3,11.245,0.014,3,11.009,0.054,3,11.211,0.015,3,10.982,0.058,3,1111074301351023782,0.159827,112.2,1,11.466,0.022,11.185,0.020,8.628,0.022,6.437,0.048,709914239,0.121929,-9.5,1,0.31,13.766,0.0710,12.908,0.0864,12.491,0.0531,-0.1059919838968350,0.2512516771234000,-0.9621009791556659,111022110,10214825440085
112.8728816,-74.1754273,0.0460,0.0400,0.0075,285.9233149,-23.3596741,235.1436717,-79.3122287,863.460,433.598,860.961,431.425,1906718013000144,19067r013-000144,13,19067r,144,11.517,0.018,59.5,20.5,11.284,0.035,31.4,2.51,11.9,1,0,0.00000,0.00000,0000,0000,3,AA,0,10,1.0,27.425,00,0000,0000,59053.29039567,0,,0,,16.722,4.514,0.000,56.693,4.656,0.000,4984,83.74,2206,70.29,7.50,7.50,11.460,0.014,2,0.260,11.243,0.087,2,0.326,12.200,0.017,0,12.092,0.121,2,11.720,0.014,2,11.569,0.087,2,11.512,0.013,2,11.332,0.081,2,11.412,0.015,3,11.214,0.083,3,11.356,0.018,3,11.150,0.092,3,11.319,0.022,3,11.110,0.103,3,11.288,0.026,3,11.075,0.109,3,11.258,0.030,3,11.031,0.114,3,1111074301351023782,0.054386,1.8,1,11.466,0.022,11.185,0.020,8.628,0.022,6.437,0.048,709914239,0.288068,-35.3,1,0.48,13.766,0.0710,12.908,0.0864,12.491,0.0531,-0.1059924290823250,0.2512509079458610,-0.9621011309803190,111022110,10214825440086
112.8728446,-74.1754313,0.0448,0.0450,0.0138,285.9233157,-23.3596849,235.1437198,-79.3122349,741.981,134.063,739.031,132.380,1908318012000140,19083r012-000140,12,19083r,140,11.455,0.021,52.1,14.6,11.280,0.027,39.8,2.66,8.32,1,0,0.00000,0.00000,0000,0000,3,AA,0,10,1.0,49.516,00,0000,0101,59053.81349897,0,,0,,15.182,4.204,0.000,56.223,5.925,0.000,5275,101.2,2215,55.7,7.50,7.50,11.467,0.031,2,0.260,11.287,0.052,2,0.326,12.198,0.020,2,12.128,0.049,2,11.726,0.031,2,11.613,0.052,2,11.510,0.050,2,11.387,0.054,2,11.403,0.055,3,11.287,0.057,3,11.340,0.053,3,11.238,0.061,3,11.297,0.052,3,11.216,0.066,19,11.265,0.052,3,11.210,0.076,19,11.235,0.052,3,11.209,0.088,19,1111074301351023782,0.078558,28.9,1,11.466,0.022,11.185,0.020,8.628,0.022,6.437,0.048,709914239,0.281399,-27.6,1,0.47,13.766,0.0710,12.908,0.0864,12.491,0.0531,-0.1059922407244570,0.2512509145067880,-0.9621011500178720,111022110,10214825440086
112.8729335,-74.1754205,0.0486,0.0445,0.0142,285.9233124,-23.3596586,235.1435990,-79.3122206,454.925,444.412,454.954,444.016,1911518013000142,19115r013-000142,13,19115r,142,11.546,0.020,54.3,17,11.306,0.029,37.6,3.12,10.1,1,0,0.00000,0.00000,0000,0000,3,AA,0,10,1.0,49.821,00,0000,0000,59054.85983285,0,,0,,15.536,4.001,0.000,55.686,5.995,0.000,4851,89.27,2163,57.49,7.50,7.50,11.481,0.022,0,0.260,11.193,0.074,0,0.326,12.224,0.033,0,12.057,0.097,0,11.741,0.022,0,11.519,0.074,0,11.530,0.019,2,11.268,0.093,2,11.426,0.021,3,11.149,0.197,3,11.366,0.026,3,11.085,0.370,3,11.323,0.028,3,11.038,0.432,3,11.289,0.029,3,10.994,0.428,3,11.256,0.033,3,10.953,0.417,3,1111074301351023782,0.057632,-58.8,1,11.466,0.022,11.185,0.020,8.628,0.022,6.437,0.048,709914239,0.302713,-45.9,1,0.48,13.766,0.0710,12.908,0.0864,12.491,0.0531,-0.1059927010540700,0.2512509171411080,-0.9621010986164680,111022110,10214825440086
112.8728363,-74.1754323,0.0455,0.0454,0.0088,285.9233161,-23.3596874,235.1437310,-79.3122362,431.030,380.005,430.952,379.734,1911918013000146,19119r013-000146,13,19119r,146,11.558,0.019,58.0,14.7,11.253,0.028,38.1,1.95,8.22,1,0,0.00000,0.00000,0000,0000,3,AA,0,10,1.0,46.273,00,0000,0000,59054.99060925,0,,0,,15.312,3.776,0.000,55.844,5.854,0.000,4798,82.7,2272,59.62,7.50,7.50,11.464,0.015,0,0.260,11.232,0.108,2,0.326,12.201,0.019,0,12.063,0.126,2,11.724,0.015,0,11.558,0.108,2,11.511,0.014,2,11.341,0.103,2,11.405,0.014,3,11.242,0.104,3,11.342,0.014,3,11.185,0.106,3,11.296,0.015,3,11.142,0.106,3,11.256,0.016,3,11.107,0.107,3,11.216,0.018,3,11.076,0.113,3,1111074301351023782,0.085819,32.5,1,11.466,0.022,11.185,0.020,8.628,0.022,6.437,0.048,709914239,0.280962,-25.7,1,0.47,13.766,0.0710,12.908,0.0864,12.491,0.0531,-0.1059921978008940,0.2512509143895810,-0.9621011547772590,111022110,10214825440086
112.8730316,-74.1754271,0.0432,0.0423,0.0099,285.9233279,-23.3596350,235.1435490,-79.3121947,722.477,792.082,722.418,790.566,9071201240000149,90712a240-000149,240,90712a,149,11.546,0.020,55.3,18,11.357,0.030,36.1,3.98,11.1,1,0,0.00000,0.00000,0000,0000,3,AA,0,10,1.0,22.676,00,0000,0000,58165.06691022,0,,0,,13.082,3.968,0.000,34.088,4.440,0.000,4851,87.77,2064,57.16,7.50,7.50,11.467,0.013,2,0.260,11.278,0.041,2,0.326,12.198,0.016,0,12.115,0.052,2,11.727,0.013,2,11.604,0.041,2,11.522,0.013,2,11.370,0.041,2,11.422,0.013,3,11.257,0.049,3,11.364,0.014,3,11.197,0.057,3,11.324,0.014,3,11.158,0.061,3,11.293,0.016,3,11.127,0.065,3,11.270,0.017,3,11.097,0.069,3,1111074301351023782,0.155153,-69.8,1,11.466,0.022,11.185,0.020,8.628,0.022,6.437,0.048,709914239,0.391617,-53.2,1,0.56,13.766,0.0710,12.908,0.0864,12.491,0.0531,-0.1059930881606650,0.2512506335517630,-0.9621011300284410,111022110,10214825440086
112.8729680,-74.1754386,0.0461,0.0436,-0.0046,285.9233342,-23.3596550,235.1436524,-79.3122028,762.710,698.653,762.013,696.927,9071601224000154,90716a224-000154,224,90716a,154,11.600,0.020,53.2,19,11.333,0.029,37.0,4.68,11.4,1,0,0.00000,0.00000,0000,0000,3,AA,0,10,1.0,31.655,00,0000,0000,58165.19730527,0,,0,,13.808,4.455,0.000,35.337,4.374,0.000,4618,86.77,2110,57.05,7.50,7.50,11.482,0.014,2,0.260,11.341,0.034,2,0.326,12.203,0.017,2,12.145,0.040,2,11.741,0.014,2,11.667,0.034,2,11.539,0.013,2,11.456,0.034,2,11.440,0.013,3,11.360,0.038,3,11.382,0.014,3,11.308,0.045,3,11.337,0.015,3,11.271,0.055,3,11.296,0.018,3,11.243,0.068,3,11.257,0.019,3,11.223,0.095,3,1111074301351023782,0.126279,-41.2,1,11.466,0.022,11.185,0.020,8.628,0.022,6.437,0.048,709914239,0.373098,-42.3,1,0.55,13.766,0.0710,12.908,0.0864,12.491,0.0531,-0.1059927342067440,0.2512505732851190,-0.9621011847613939,111022110,10214825440086
112.8730223,-74.1754296,0.0457,0.0456,0.0059,285.9233297,-23.3596382,235.1435678,-79.3121954,864.387,834.908,863.700,832.784,9072801240000147,90728a240-000147,240,90728a,147,11.545,0.023,47.2,17.5,11.320,0.029,37.1,3.64,10.2,1,0,0.00000,0.00000,0000,0000,3,AA,0,10,1.0,53.395,00,0000,0000,58165.59052778,0,,0,,12.379,3.394,0.000,33.455,4.165,0.000,4859,103,2134,57.53,7.50,7.50,11.542,0.013,2,0.260,11.336,0.045,2,0.326,12.262,0.017,2,12.171,0.056,2,11.801,0.013,2,11.662,0.045,2,11.593,0.013,2,11.449,0.044,2,11.492,0.014,3,11.357,0.048,3,11.435,0.015,3,11.312,0.058,3,11.396,0.016,3,11.286,0.082,3,11.363,0.017,3,11.269,0.112,3,11.333,0.018,3,11.245,0.123,3,1111074301351023782,0.150146,-65.3,1,11.466,0.022,11.185,0.020,8.628,0.022,6.437,0.048,709914239,0.389894,-51.4,1,0.56,13.766,0.0710,12.908,0.0864,12.491,0.0531,-0.1059930310617110,0.2512506120774280,-0.9621011419269120,111022110,10214825440086
112.8728376,-74.1754152,0.0437,0.0408,-0.0111,285.9232984,-23.3596820,235.1436531,-79.3122454,596.793,767.137,597.388,766.129,9069601240000150,90696a240-000150,240,90696a,150,11.593,0.020,55.2,16.6,11.353,0.027,40.3,4.5,10.5,1,0,0.00000,0.00000,0000,0000,3,AA,0,10,1.0,54.700,00,0000,0000,58164.54329260,0,,0,,14.664,4.691,0.000,35.747,4.668,0.000,4647,84.17,2070,51.32,7.50,7.50,11.485,0.015,2,0.260,11.227,0.052,2,0.326,12.219,0.019,0,12.065,0.059,2,11.744,0.015,2,11.553,0.052,2,11.532,0.015,2,11.314,0.053,2,11.426,0.017,3,11.201,0.052,3,11.364,0.018,3,11.145,0.052,3,11.320,0.019,3,11.112,0.056,3,11.282,0.019,3,11.085,0.063,3,11.246,0.020,3,11.059,0.072,3,1111074301351023782,0.046145,76.5,1,11.466,0.022,11.185,0.020,8.628,0.022,6.437,0.048,709914239,0.227779,-32.8,1,0.42,13.766,0.0710,12.908,0.0864,12.491,0.0531,-0.1059923151093660,0.2512511765471160,-0.9621010733916930,111022110,10214825440087
112.8728718,-74.1754152,0.0412,0.0397,-0.0090,285.9233014,-23.3596731,235.1436253,-79.3122376,623.514,776.723,624.000,775.626,9070001240000139,90700a240-000139,240,90700a,139,11.581,0.019,55.9,17.5,11.355,0.025,43.3,4.56,10.9,1,0,0.00000,0.00000,0000,0000,3,AA,0,10,1.0,46.421,00,0000,0000,58164.67419701,0,,0,,13.266,3.898,0.000,33.528,5.557,0.000,4700,84.07,2067,47.71,7.50,7.50,11.493,0.018,0,0.260,11.198,0.042,2,0.326,12.223,0.020,0,12.024,0.038,0,11.753,0.018,0,11.524,0.042,2,11.547,0.017,2,11.303,0.054,2,11.446,0.017,3,11.196,0.063,3,11.386,0.017,3,11.137,0.067,3,11.340,0.019,3,11.100,0.069,3,11.299,0.021,3,11.075,0.075,3,11.259,0.021,3,11.054,0.094,3,1111074301351023782,0.015623,46.3,1,11.466,0.022,11.185,0.020,8.628,0.022,6.437,0.048,709914239,0.247568,-39.3,1,0.43,13.766,0.0710,12.908,0.0864,12.491,0.0531,-0.1059924650818290,0.2512511132799820,-0.9621010733916930,111022110,10214825440087
112.8729757,-74.1753918,0.0455,0.0437,-0.0053,285.9232863,-23.3596391,235.1434357,-79.3122269,803.534,815.456,803.142,813.542,9072001240000145,90720a240-000145,240,90720a,145,11.556,0.023,48.2,17.2,11.378,0.028,39.1,2.7,9.34,1,0,0.00000,0.00000,0000,0000,3,AA,0,10,1.0,45.454,00,0000,0000,58165.32871899,0,,0,,14.094,3.957,0.000,34.783,4.411,0.000,4809,99.83,2023,51.68,7.50,7.50,11.451,0.013,3,0.260,11.271,0.088,1,0.326,12.176,0.017,1,12.083,0.066,1,11.711,0.013,3,11.597,0.088,1,11.514,0.012,3,11.395,0.092,3,11.416,0.013,3,11.308,0.090,3,11.359,0.014,3,11.261,0.092,3,11.318,0.015,3,11.223,0.094,3,11.282,0.015,3,11.186,0.098,3,11.250,0.016,3,11.156,0.105,3,1111074301351023782,0.116711,-129.0,1,11.466,0.022,11.185,0.020,8.628,0.022,6.437,0.048,709914239,0.280222,-67.5,1,0.43,13.766,0.0710,12.908,0.0864,12.491,0.0531,-0.1059930734269720,0.2512512831055240,-0.9621009620218310,111022110,10214825440087
112.8728521,-74.1754176,0.0439,0.0406,-0.0030,285.9233022,-23.3596789,235.1436521,-79.3122408,838.730,828.575,838.191,826.536,9072401240000150,90724a240-000150,240,90724a,150,11.475,0.023,47.3,16.8,11.340,0.025,43.2,5.07,10.4,1,0,0.00000,0.00000,0000,0000,3,AA,0,10,1.0,54.605,00,0000,0000,58165.45962341,0,,0,,13.300,3.869,0.000,34.934,4.304,0.000,5179,109.4,2097,48.53,7.50,7.50,11.563,0.013,2,0.260,11.240,0.030,0,0.326,12.302,0.018,2,12.069,0.030,0,11.823,0.013,2,11.566,0.030,0,11.612,0.012,2,11.348,0.044,2,11.502,0.013,2,11.256,0.054,2,11.436,0.013,3,11.208,0.058,3,11.391,0.014,3,11.177,0.060,3,11.356,0.015,3,11.152,0.063,3,11.324,0.016,3,11.128,0.065,3,1111074301351023782,0.036277,57.6,1,11.466,0.022,11.185,0.020,8.628,0.022,6.437,0.048,709914239,0.242858,-34.5,1,0.42,13.766,0.0710,12.908,0.0864,12.491,0.0531,-0.1059923630299300,0.2512511125917790,-0.9621010848142330,111022110,10214825440087
112.8728824,-74.1754496,0.0421,0.0433,0.0092,285.9233381,-23.3596806,235.1437713,-79.3122162,652.082,777.887,652.413,776.620,9070401240000150,90704a240-000150,240,90704a,150,11.581,0.019,56.4,19.3,11.367,0.028,39.3,3.25,11.5,1,0,0.00000,0.00000,0000,0000,3,AA,0,10,1.0,32.986,00,0000,0000,58164.80510144,0,,0,,12.440,3.780,0.000,35.315,4.923,0.000,4698,83.35,2046,52.06,7.50,7.50,11.486,0.015,0,0.260,11.306,0.053,2,0.326,12.216,0.017,0,12.149,0.060,2,11.745,0.015,0,11.632,0.053,2,11.536,0.014,2,11.390,0.049,2,11.430,0.014,3,11.261,0.049,3,11.369,0.015,3,11.182,0.051,3,11.327,0.016,3,11.128,0.056,3,11.295,0.018,3,11.082,0.071,3,11.268,0.025,3,11.046,0.082,3,1111074301351023782,0.134643,0.4,1,11.466,0.022,11.185,0.020,8.628,0.022,6.437,0.048,709914239,0.356980,-27.9,1,0.56,13.766,0.0710,12.908,0.0864,12.491,0.0531,-0.1059922870431940,0.2512505614518640,-0.9621012371146170,111022110,10214825440094
112.8728937,-74.1754463,0.0459,0.0430,0.0046,285.9233357,-23.3596766,235.1437473,-79.3122154,685.979,787.598,686.132,786.237,9070801240000167,90708a240-000167,240,90708a,167,11.572,0.020,53.4,18.4,11.351,0.031,35.6,4.95,11.8,1,0,0.00000,0.00000,0000,0000,3,AA,0,10,1.0,23.480,00,0000,0001,58164.93600580,0,,0,,13.225,3.656,0.000,34.525,6.315,0.000,4736,88.77,2074,58.28,7.50,7.50,11.506,0.015,0,0.260,11.320,0.107,2,0.326,12.232,0.018,0,12.162,0.132,2,11.765,0.015,0,11.646,0.107,2,11.557,0.019,0,11.417,0.096,2,11.454,0.022,3,11.311,0.101,3,11.394,0.022,3,11.254,0.108,3,11.352,0.022,3,11.214,0.114,3,11.314,0.023,3,11.174,0.124,3,11.278,0.026,3,11.133,0.129,3,1111074301351023782,0.123184,-4.8,1,11.466,0.022,11.185,0.020,8.628,0.022,6.437,0.048,709914239,0.352019,-30.4,1,0.54,13.766,0.0710,12.908,0.0864,12.491,0.0531,-0.1059923581337760,0.2512505916037180,-0.9621012214086540,111022110,10214825440094
112.8728901,-74.1754492,0.0442,0.0413,0.0043,285.9233384,-23.3596784,235.1437633,-79.3122147,904.832,843.662,903.964,841.359,9073201240000161,90732a240-000161,240,90732a,161,11.480,0.022,48.7,17.3,11.286,0.029,36.8,3.26,10.3,1,0,0.00000,0.00000,0000,0000,3,AA,0,10,1.0,41.601,00,0000,0000,58165.72143220,0,,0,,11.139,3.223,0.000,35.021,4.421,0.000,5157,106,2203,59.82,7.50,7.50,11.608,0.014,2,0.260,11.305,0.035,2,0.326,12.364,0.018,2,12.138,0.039,2,11.867,0.014,2,11.631,0.035,2,11.653,0.013,2,11.404,0.037,2,11.546,0.014,3,11.294,0.040,3,11.482,0.015,3,11.234,0.045,3,11.435,0.015,3,11.195,0.052,3,11.398,0.016,3,11.168,0.057,3,11.366,0.018,3,11.149,0.065,3,1111074301351023782,0.133367,-2.9,1,11.466,0.022,11.185,0.020,8.628,0.022,6.437,0.048,709914239,0.359325,-29.1,1,0.54,13.766,0.0710,12.908,0.0864,12.491,0.0531,-0.1059923234195590,0.2512505533961140,-0.9621012352108640,111022110,10214825440094
112.8728938,-74.1754595,0.0519,0.0440,0.0168,285.9233494,-23.3596805,235.1438066,-79.3122081,937.120,853.132,936.084,850.717,9073601240000143,90736a240-000143,240,90736a,143,11.549,0.023,46.9,14.9,11.306,0.027,39.6,5.31,9.61,1,0,0.00000,0.00000,0000,0000,3,AA,0,10,1.0,28.715,00,0000,0000,58165.85233661,0,,0,,12.200,3.226,0.000,33.957,4.009,0.000,4840,103.2,2164,54.68,7.50,7.50,11.479,0.015,2,0.260,11.203,0.048,2,0.326,12.193,0.019,0,12.029,0.051,2,11.738,0.015,2,11.529,0.048,2,11.539,0.014,2,11.303,0.047,2,11.436,0.014,3,11.191,0.046,3,11.377,0.014,3,11.129,0.048,3,11.339,0.014,3,11.096,0.055,3,11.310,0.015,3,11.071,0.068,3,11.286,0.017,3,11.046,0.075,3,1111074301351023782,0.170592,-3.5,1,11.466,0.022,11.185,0.020,8.628,0.022,6.437,0.048,709914239,0.393768,-27.0,1,0.59,13.766,0.0710,12.908,0.0864,12.491,0.0531,-0.1059922724187120,0.2512503871951580,-0.9621012842324870,111022110,10214825440094
112.8729628,-74.1754619,0.0458,0.0428,0.0119,285.9233580,-23.3596633,235.1437613,-79.3121911,962.343,855.060,961.151,852.519,9074001240000174,90740a240-000174,240,90740a,174,11.522,0.022,48.3,12.6,11.320,0.026,41.6,4.9,8.4,1,0,0.00000,0.00000,0000,0000,3,AA,0,10,1.0,21.126,00,0000,0000,58165.98324108,0,,0,,12.789,3.605,0.000,33.888,4.393,0.000,4963,102.7,2135,51.34,7.50,7.50,11.509,0.013,2,0.260,11.244,0.042,2,0.326,12.227,0.017,0,12.058,0.037,2,11.769,0.013,2,11.570,0.042,2,11.571,0.012,3,11.350,0.042,3,11.475,0.013,3,11.236,0.041,3,11.424,0.013,3,11.168,0.042,3,11.388,0.014,3,11.117,0.044,3,11.356,0.015,3,11.077,0.046,3,11.325,0.016,3,11.047,0.050,3,1111074301351023782,0.195201,-23.6,1,11.466,0.022,11.185,0.020,8.628,0.022,6.437,0.048,709914239,0.435844,-34.4,1,0.62,13.766,0.0710,12.908,0.0864,12.491,0.0531,-0.1059925593294120,0.2512502224193600,-0.9621012956549970,111022110,10214825440094
112.8728715,-74.1754426,0.0470,0.0423,0.0046,285.9233299,-23.3596813,235.1437487,-79.3122225,767.463,871.073,767.501,869.324,1426818240000158,14268r240-000158,240,14268r,158,11.496,0.020,53.2,16.6,11.204,0.031,34.9,2.82,9.73,1,0,0.00000,0.00000,0000,0000,3,AA,0,10,1.0,50.792,00,0000,0000,58896.40159397,0,,0,,12.907,3.275,0.000,37.243,4.372,0.000,5080,95.52,2376,68.17,7.50,7.50,11.448,0.013,0,0.260,11.226,0.043,2,0.326,12.169,0.016,0,12.038,0.052,2,11.707,0.013,0,11.552,0.043,2,11.502,0.012,2,11.333,0.041,2,11.402,0.013,3,11.234,0.042,3,11.344,0.015,3,11.185,0.046,3,11.304,0.015,3,11.158,0.051,3,11.272,0.016,3,11.142,0.056,3,11.243,0.018,3,11.130,0.068,3,1111074301351023782,0.110051,6.0,1,11.466,0.022,11.185,0.020,8.628,0.022,6.437,0.048,709914239,0.329712,-28.4,1,0.53,13.766,0.0710,12.908,0.0864,12.491,0.0531,-0.1059922849325230,0.2512506899163180,-0.9621012037989330,111022110,10214825440094
112.8729698,-74.1753514,0.0459,0.0421,-0.0096,285.9232437,-23.3596286,235.1432589,-79.3122506,686.296,216.351,684.012,214.922,1417218240000153,14172r240-000153,240,14172r,153,11.375,0.026,42.2,9.04,11.177,0.026,41.8,3.89,5.94,1,0,0.00000,0.00000,0000,0000,3,AA,0,10,1.0,35.940,00,0000,0000,58893.26156432,0,,0,,13.847,4.347,0.000,36.308,4.539,0.000,5681,134.6,2436,58.23,7.50,7.50,11.594,0.037,3,0.260,11.077,0.038,1,0.326,12.324,0.053,2,11.901,0.041,0,11.853,0.037,3,11.403,0.038,1,11.629,0.031,3,11.180,0.047,3,11.516,0.030,3,11.068,0.055,3,11.448,0.030,3,10.998,0.060,3,11.401,0.031,3,10.949,0.064,3,11.365,0.032,3,10.915,0.066,3,11.335,0.035,3,10.890,0.068,3,1111074301351023782,0.234775,-158.8,1,11.466,0.022,11.185,0.020,8.628,0.022,6.437,0.048,709914239,0.255943,-98.6,1,0.34,13.766,0.0710,12.908,0.0864,12.491,0.0531,-0.1059933112374050,0.2512519190673890,-0.9621007697418630,111022110,10214825440084
112.8729096,-74.1754254,0.0416,0.0388,0.0119,285.9233154,-23.3596663,235.1436404,-79.3122234,244.824,446.498,246.114,447.007,1412418240000131,14124r240-000131,240,14124r,131,11.500,0.018,59.7,18.6,11.206,0.022,49.5,4.18,11.1,1,0,0.00000,0.00000,0000,0000,3,AA,0,5,0.5,46.394,00,0000,0000,58891.69187163,0,,0,,12.871,3.428,0.000,36.661,3.913,0.000,5060,84.8,2372,47.93,7.50,7.50,11.454,0.013,0,0.260,11.142,0.025,2,0.326,12.194,0.017,0,11.986,0.028,0,11.714,0.013,0,11.468,0.025,2,11.500,0.012,2,11.238,0.033,2,11.396,0.012,3,11.132,0.042,3,11.337,0.012,3,11.075,0.045,3,11.298,0.013,3,11.038,0.046,3,11.265,0.013,3,11.014,0.049,3,11.232,0.014,3,10.995,0.052,3,1111074301351023782,0.054081,-28.5,1,11.466,0.022,11.185,0.020,8.628,0.022,6.437,0.048,709914239,0.299538,-40.4,1,0.47,13.766,0.0710,12.908,0.0864,12.491,0.0531,-0.1059925642675700,0.2512508855439680,-0.9621011219374800,111022110,10214825440086
112.8730388,-74.1754392,0.0426,0.0383,-0.0113,285.9233411,-23.3596367,235.1435976,-79.3121864,496.613,988.791,498.713,988.339,1423618240000140,14236r240-000140,240,14236r,140,11.502,0.021,52.2,24.5,11.248,0.024,44.9,5.87,14.2,1,0,0.00000,0.00000,0000,0000,3,AA,0,5,0.5,47.023,00,0000,0000,58895.35512984,0,,0,,13.377,3.179,0.000,36.569,4.695,0.000,5055,96.83,2282,50.78,7.50,7.50,11.458,0.013,0,0.260,11.141,0.028,0,0.326,12.188,0.017,0,11.981,0.030,0,11.717,0.013,0,11.467,0.028,0,11.508,0.012,0,11.238,0.031,2,11.404,0.012,1,11.132,0.035,3,11.341,0.013,1,11.077,0.037,3,11.292,0.014,3,11.044,0.043,3,11.250,0.014,3,11.020,0.056,3,11.214,0.015,3,11.001,0.070,3,1111074301351023782,0.180972,-57.5,1,11.466,0.022,11.185,0.020,8.628,0.022,6.437,0.048,709914239,0.424457,-49.1,1,0.59,13.766,0.0710,12.908,0.0864,12.491,0.0531,-0.1059930407591700,0.2512504330275570,-0.9621011876170250,111022110,10214825440086
112.8729707,-74.1754244,0.0440,0.0395,-0.0026,285.9233197,-23.3596501,235.1435863,-79.3122100,559.189,481.677,558.771,480.815,1424418239000141,14244r239-000141,239,14244r,141,11.505,0.018,58.7,15.6,11.232,0.026,41.9,2.06,8.9,1,0,0.00000,0.00000,0000,0000,3,AA,0,5,0.5,52.756,00,0000,0000,58895.61668214,0,,0,,13.539,3.612,0.000,36.563,4.943,0.000,5039,85.82,2314,55.28,7.50,7.50,11.437,0.013,0,0.260,11.108,0.055,2,0.326,12.167,0.016,0,11.920,0.069,2,11.697,0.013,0,11.434,0.055,2,11.489,0.012,2,11.228,0.052,2,11.384,0.013,3,11.135,0.057,3,11.320,0.014,3,11.080,0.061,3,11.275,0.015,3,11.039,0.063,3,11.237,0.019,3,11.004,0.066,3,11.205,0.022,3,10.974,0.075,3,1111074301351023782,0.096388,-62.9,1,11.466,0.022,11.185,0.020,8.628,0.022,6.437,0.048,709914239,0.339059,-48.5,1,0.51,13.766,0.0710,12.908,0.0864,12.491,0.0531,-0.1059928387272980,0.2512507879852320,-0.9621011171780900,111022110,10214825440086
112.8728846,-74.1754321,0.0474,0.0443,0.0132,285.9233201,-23.3596748,235.1436909,-79.3122254,626.262,913.665,627.329,912.540,1425218240000160,14252r240-000160,240,14252r,160,11.494,0.025,43.0,14.8,11.236,0.025,44.2,3.57,8.44,1,0,0.00000,0.00000,0000,0000,3,AA,0,10,1.0,27.311,00,0010,0000,58895.87836185,0,,0,,14.660,4.203,0.000,36.472,4.592,0.000,5089,118.4,2307,52.25,7.50,7.50,11.533,0.014,2,0.260,11.099,0.030,2,0.326,12.254,0.019,2,11.909,0.030,2,11.792,0.014,2,11.425,0.030,2,11.581,0.013,2,11.212,0.038,2,11.471,0.013,3,11.110,0.046,3,11.402,0.014,3,11.055,0.053,3,11.350,0.015,3,11.022,0.058,3,11.307,0.016,3,10.995,0.061,3,11.266,0.017,3,10.968,0.062,3,1111074301351023782,0.071651,-1.0,1,11.466,0.022,11.185,0.020,8.628,0.022,6.437,0.048,709914239,0.303967,-33.9,1,0.49,13.766,0.0710,12.908,0.0864,12.491,0.0531,-0.1059924109092330,0.2512508281329980,-0.9621011538253820,111022110,10214825440086
112.8729194,-74.1754342,0.0475,0.0389,0.0090,285.9233254,-23.3596663,235.1436720,-79.3122163,706.718,448.625,705.255,447.111,1426018239000172,14260r239-000172,239,14260r,172,11.544,0.020,54.8,15.8,11.203,0.023,46.7,3.46,8.7,1,0,0.00000,0.00000,0000,0000,3,AA,0,10,1.0,25.570,00,0000,0000,58896.13991426,0,,0,,12.617,3.577,0.000,36.875,4.339,0.000,4861,88.75,2377,50.85,7.50,7.50,11.376,0.021,2,0.260,11.138,0.097,0,0.326,12.124,0.029,2,11.967,0.097,0,11.636,0.021,2,11.464,0.097,0,11.433,0.020,2,11.243,0.091,2,11.335,0.021,3,11.136,0.087,3,11.279,0.023,3,11.076,0.085,3,11.242,0.024,3,11.032,0.084,3,11.213,0.027,3,10.987,0.083,3,11.189,0.029,3,10.941,0.084,3,1111074301351023782,0.086767,-24.1,1,11.466,0.022,11.185,0.020,8.628,0.022,6.437,0.048,709914239,0.330171,-38.1,1,0.52,13.766,0.0710,12.908,0.0864,12.491,0.0531,-0.1059925498063150,0.2512507312657520,-0.9621011638200950,111022110,10214825440086
112.8728595,-74.1753937,0.0684,0.0641,0.0137,285.9232780,-23.3596699,235.1435386,-79.3122523,208.768,716.043,211.512,716.643,1412018240000252,14120r240-000252,240,14120r,252,12.548,0.026,41.0,42.8,12.264,0.041,26.8,8.32,22.9,1,0,0.00000,0.00000,0000,0000,3,AA,0,0,0.0,52.690,00,0000,0000,58891.56109546,0,,0,,13.990,3.653,0.000,37.186,4.203,0.000,1928,47.03,895.1,33.42,7.50,7.50,12.190,0.022,3,0.260,11.912,0.087,3,0.326,13.070,0.026,3,12.874,0.105,3,12.449,0.022,3,12.238,0.087,3,12.076,0.022,3,11.854,0.072,3,11.810,0.020,3,11.584,0.066,3,11.605,0.019,3,11.377,0.063,3,11.449,0.018,3,11.211,0.059,3,11.330,0.017,3,11.076,0.058,3,11.229,0.017,3,10.965,0.057,3,1111074301351023782,0.070579,160.7,1,11.466,0.022,11.185,0.020,8.628,0.022,6.437,0.048,709914239,0.184365,-51.8,1,0.35,13.766,0.0710,12.908,0.0864,12.491,0.0531,-0.1059925514700410,0.2512514686708390,-0.9621009710646889,111022110,10214825440087
112.8730190,-74.1753863,0.0423,0.0391,0.0115,285.9232844,-23.3596262,235.1433758,-79.3122201,340.189,666.837,341.873,666.923,9066801240000149,90668a240-000149,240,90668a,149,11.543,0.017,62.3,19.5,11.319,0.025,44.0,2.85,11.2,1,0,0.00000,0.00000,0000,0000,3,AA,0,10,1.0,50.669,00,0000,0000,58163.62696118,0,,0,,12.830,3.535,0.000,35.118,4.753,0.000,4867,78.06,2138,48.63,7.50,7.50,11.499,0.013,0,0.260,11.237,0.027,2,0.326,12.238,0.016,0,12.074,0.033,0,11.758,0.013,0,11.563,0.027,2,11.546,0.012,1,11.336,0.028,3,11.442,0.012,1,11.227,0.038,3,11.386,0.012,1,11.165,0.049,3,11.351,0.013,1,11.125,0.057,3,11.321,0.014,3,11.095,0.062,3,11.293,0.015,3,11.065,0.065,3,1111074301351023782,0.162605,-125.0,1,11.466,0.022,11.185,0.020,8.628,0.022,6.437,0.048,709914239,0.313821,-73.8,1,0.43,13.766,0.0710,12.908,0.0864,12.491,0.0531,-0.1059932992019620,0.2512512880966130,-0.9621009358451310,111022110,10214825440084
112.8729413,-74.1754192,0.0480,0.0397,0.0158,285.9233117,-23.3596562,235.1435868,-79.3122196,18.588,625.243,21.961,626.771,9063201240000150,90632a240-000150,240,90632a,150,11.530,0.020,54.0,19.3,11.312,0.023,46.6,4.44,10.8,1,0,0.00000,0.00000,0000,0000,3,AA,0,10,1.0,54.009,00,0000,0000,58162.44882163,0,,0,,10.380,2.475,0.000,35.491,4.449,0.000,4923,91.16,2151,46.1,7.50,7.50,11.507,0.016,2,0.260,11.234,0.024,0,0.326,12.236,0.022,2,12.085,0.028,0,11.767,0.016,2,11.560,0.024,0,11.556,0.014,2,11.332,0.024,2,11.448,0.014,3,11.234,0.026,3,11.382,0.014,3,11.189,0.029,3,11.334,0.014,3,11.165,0.034,3,11.295,0.014,3,11.149,0.038,3,11.259,0.015,3,11.130,0.042,3,1111074301351023782,0.062266,-66.1,1,11.466,0.022,11.185,0.020,8.628,0.022,6.437,0.048,709914239,0.305081,-47.5,1,0.49,13.766,0.0710,12.908,0.0864,12.491,0.0531,-0.1059927437431220,0.2512509228246340,-0.9621010924292600,111022110,10214825440086
112.8728442,-74.1754534,0.0483,0.0437,-0.0056,285.9233387,-23.3596916,235.1438194,-79.3122228,547.947,702.355,548.533,701.551,9069201240000156,90692a240-000156,240,90692a,156,11.600,0.021,50.8,16.9,11.329,0.027,39.7,2.92,8.65,1,0,0.00000,0.00000,0000,0000,3,AA,0,10,1.0,52.307,00,0000,0000,58164.41238818,0,,0,,11.957,3.429,0.000,35.307,4.756,0.000,4616,90.92,2117,53.34,7.50,7.50,11.456,0.025,2,0.260,11.227,0.032,2,0.326,12.170,0.030,2,12.065,0.041,0,11.716,0.025,2,11.553,0.032,2,11.514,0.022,2,11.325,0.034,2,11.405,0.021,3,11.223,0.039,3,11.340,0.021,3,11.172,0.049,3,11.296,0.021,3,11.135,0.061,3,11.261,0.022,3,11.107,0.070,3,11.229,0.023,3,11.091,0.085,3,1111074301351023782,0.153206,14.5,1,11.466,0.022,11.185,0.020,8.628,0.022,6.437,0.048,709914239,0.353709,-21.5,1,0.55,13.766,0.0710,12.908,0.0864,12.491,0.0531,-0.1059920947287210,0.2512505733268840,-0.9621012552002670,111022110,10214825440095
112.8728981,-74.1754318,0.0452,0.0404,0.0153,285.9233210,-23.3596712,235.1436786,-79.3122225,62.193,632.858,65.348,634.198,9063601240000144,90636a240-000144,240,90636a,144,11.566,0.018,59.7,19.7,11.341,0.025,43.7,3.98,11.9,1,0,0.00000,0.00000,0000,0000,3,AA,0,10,1.0,53.573,00,0000,0000,58162.57972600,0,,0,,12.047,3.180,0.000,33.997,4.092,0.000,4766,79.87,2094,47.87,7.50,7.50,11.502,0.013,1,0.260,11.238,0.033,3,0.326,12.248,0.016,1,12.074,0.039,1,11.762,0.013,1,11.564,0.033,3,11.543,0.012,3,11.336,0.032,3,11.433,0.012,3,11.220,0.032,3,11.369,0.012,3,11.144,0.035,3,11.327,0.013,19,11.083,0.039,3,11.292,0.014,19,11.035,0.042,3,11.256,0.015,19,10.998,0.046,3,1111074301351023782,0.072040,-11.6,1,11.466,0.022,11.185,0.020,8.628,0.022,6.437,0.048,709914239,0.310674,-36.0,1,0.49,13.766,0.0710,12.908,0.0864,12.491,0.0531,-0.1059924720668480,0.2512508078005620,-0.9621011523975660,111022110,10214825440086
112.8729464,-74.1754243,0.0434,0.0411,0.0115,285.9233175,-23.3596564,235.1436056,-79.3122156,437.445,687.253,438.627,686.934,9068001240000160,90680a240-000160,240,90680a,160,11.573,0.019,57.2,21.1,11.400,0.026,41.1,3.03,11.7,1,0,0.00000,0.00000,0000,0000,3,AA,0,10,1.0,21.095,00,0000,0000,58164.01967447,0,,0,,12.396,3.062,0.000,33.469,4.825,0.000,4731,82.7,1984,48.23,7.50,7.50,11.499,0.014,0,0.260,11.288,0.038,2,0.326,12.237,0.017,0,12.126,0.039,0,11.759,0.014,0,11.614,0.038,2,11.549,0.014,2,11.392,0.046,2,11.442,0.014,3,11.297,0.056,3,11.377,0.015,3,11.259,0.063,3,11.331,0.015,3,11.249,0.068,3,11.292,0.016,3,11.255,0.074,3,11.256,0.017,3,11.265,0.080,3,1111074301351023782,0.075727,-54.9,1,11.466,0.022,11.185,0.020,8.628,0.022,6.437,0.048,709914239,0.321328,-45.7,1,0.49,13.766,0.0710,12.908,0.0864,12.491,0.0531,-0.1059927328207390,0.2512508344855110,-0.9621011167021510,111022110,10214825440086
112.8729641,-74.1754312,0.0467,0.0428,0.0075,285.9233262,-23.3596538,235.1436223,-79.3122078,521.816,702.984,522.557,702.332,9068801240000151,90688a240-000151,240,90688a,151,11.588,0.021,51.4,21.5,11.368,0.028,39.3,5.45,13.6,1,0,0.00000,0.00000,0000,0000,3,AA,0,5,0.5,40.739,00,0000,0000,58164.28148377,0,,0,,12.794,3.295,0.000,34.203,4.573,0.000,4667,90.76,2042,52.01,7.50,7.50,11.524,0.021,0,0.260,11.288,0.035,2,0.326,12.262,0.029,0,12.137,0.037,2,11.784,0.021,0,11.614,0.035,2,11.575,0.019,2,11.371,0.039,2,11.472,0.018,3,11.246,0.044,3,11.416,0.018,3,11.178,0.057,3,11.378,0.019,3,11.141,0.069,3,11.349,0.021,3,11.125,0.075,3,11.322,0.023,3,11.121,0.082,3,1111074301351023782,0.104740,-49.2,1,11.466,0.022,11.185,0.020,8.628,0.022,6.437,0.048,709914239,0.351155,-44.8,1,0.52,13.766,0.0710,12.908,0.0864,12.491,0.0531,-0.1059927654030140,0.2512506949887160,-0.9621011495419330,111022110,10214825440086
112.8729763,-74.1754006,0.0450,0.0409,0.0133,285.9232955,-23.3596415,235.1434748,-79.3122219,124.942,645.847,127.808,646.882,9064401240000149,90644a240-000149,240,90644a,149,11.575,0.018,59.9,20.9,11.300,0.028,39.2,3.23,12.3,1,0,0.00000,0.00000,0000,0000,3,AA,0,10,1.0,29.863,00,0000,0000,58162.84153483,0,,0,,12.848,3.856,0.000,35.616,3.891,0.000,4726,78.87,2175,55.44,7.50,7.50,11.512,0.013,0,0.260,11.203,0.027,2,0.326,12.259,0.017,0,12.048,0.035,2,11.772,0.013,0,11.529,0.027,2,11.554,0.012,0,11.289,0.026,2,11.442,0.012,1,11.166,0.028,3,11.376,0.012,3,11.097,0.032,3,11.330,0.013,3,11.048,0.037,3,11.292,0.014,3,11.008,0.040,3,11.255,0.015,3,10.975,0.043,3,1111074301351023782,0.100395,-114.6,1,11.466,0.022,11.185,0.020,8.628,0.022,6.437,0.048,709914239,0.294331,-61.8,1,0.45,13.766,0.0710,12.908,0.0864,12.491,0.0531,-0.1059930186221700,0.2512511458466420,-0.9621010039045330,111022110,10214825440087
112.8729851,-74.1754130,0.0439,0.0395,0.0109,285.9233091,-23.3596429,235.1435234,-79.3122131,229.173,652.824,231.442,653.395,9065601240000153,90656a240-000153,240,90656a,153,11.554,0.018,61.0,22.8,11.362,0.025,42.9,3.97,13,1,0,0.00000,0.00000,0000,0000,3,AA,0,5,0.5,35.785,00,0000,0000,58163.23424797,0,,0,,12.013,2.794,0.000,35.149,4.043,0.000,4819,79.03,2054,47.86,7.50,7.50,11.511,0.012,0,0.260,11.238,0.032,2,0.326,12.263,0.016,0,12.088,0.033,2,11.771,0.012,0,11.564,0.032,2,11.553,0.012,0,11.335,0.047,2,11.443,0.011,1,11.233,0.062,3,11.379,0.012,3,11.180,0.066,3,11.333,0.012,3,11.148,0.068,3,11.295,0.013,3,11.125,0.073,3,11.260,0.014,3,11.098,0.076,3,1111074301351023782,0.099978,-88.3,1,11.466,0.022,11.185,0.020,8.628,0.022,6.437,0.048,709914239,0.324942,-55.6,1,0.49,13.766,0.0710,12.908,0.0864,12.491,0.0531,-0.1059929762791380,0.2512509377210700,-0.9621010629210290,111022110,10214825440087
112.8729003,-74.1754155,0.0459,0.0426,0.0062,285.9233042,-23.3596657,235.1436035,-79.3122310,269.796,661.184,271.857,661.582,9066001240000153,90660a240-000153,240,90660a,153,11.580,0.019,58.5,17.6,11.352,0.028,38.7,2.33,9.68,1,0,0.00000,0.00000,0000,0000,3,AA,0,5,0.5,48.474,00,0000,0000,58163.36515240,0,,0,,12.675,3.364,0.000,34.626,4.291,0.000,4705,80.46,2072,53.59,7.50,7.50,11.507,0.013,0,0.260,11.262,0.059,0,0.326,12.254,0.017,0,12.110,0.085,0,11.767,0.013,0,11.588,0.059,0,11.552,0.012,3,11.349,0.051,3,11.450,0.012,3,11.239,0.049,3,11.394,0.013,3,11.196,0.055,3,11.353,0.014,3,11.185,0.068,3,11.314,0.014,3,11.184,0.081,3,11.279,0.015,3,11.175,0.089,3,1111074301351023782,0.020485,-54.6,1,11.466,0.022,11.185,0.020,8.628,0.022,6.437,0.048,709914239,0.266956,-43.8,1,0.45,13.766,0.0710,12.908,0.0864,12.491,0.0531,-0.1059925881008160,0.2512510559158580,-0.9621010748195100,111022110,10214825440087
112.8729392,-74.1754028,0.0440,0.0416,0.0035,285.9232945,-23.3596518,235.1435148,-79.3122291,375.408,673.963,376.912,673.898,9067201240000156,90672a240-000156,240,90672a,156,11.595,0.019,56.9,17.8,11.327,0.025,43.6,3.54,10.5,1,0,0.00000,0.00000,0000,0000,3,AA,0,10,1.0,37.856,00,0000,0000,58163.75786559,0,,0,,11.333,3.093,0.000,34.178,4.483,0.000,4640,81.52,2122,48.72,7.50,7.50,11.516,0.013,0,0.260,11.231,0.073,0,0.326,12.262,0.018,0,12.084,0.099,0,11.776,0.013,0,11.557,0.073,0,11.561,0.012,0,11.332,0.065,2,11.454,0.013,1,11.234,0.063,3,11.389,0.014,3,11.185,0.064,3,11.341,0.015,3,11.157,0.066,3,11.300,0.017,3,11.142,0.070,3,11.261,0.018,3,11.136,0.075,3,1111074301351023782,0.064472,-121.7,1,11.466,0.022,11.185,0.020,8.628,0.022,6.437,0.048,709914239,0.267060,-56.6,1,0.42,13.766,0.0710,12.908,0.0864,12.491,0.0531,-0.1059928415737690,0.2512511804416460,-0.9621010143752050,111022110,10214825440087
112.8730113,-74.1754060,0.0503,0.0477,0.0203,285.9233042,-23.3596340,235.1434707,-79.3122110,408.453,673.569,409.758,673.367,9067601240000143,90676a240-000143,240,90676a,143,11.572,0.020,53.4,15.7,11.377,0.027,40.2,5.41,10.1,1,0,0.00000,0.00000,0000,0000,3,AA,0,10,1.0,26.546,00,0000,0000,58163.88877000,0,,0,,11.952,3.375,0.000,37.983,4.634,0.000,4738,88.66,2026,50.38,7.50,7.50,11.495,0.019,2,0.260,11.225,0.046,2,0.326,12.211,0.024,2,12.077,0.057,0,11.754,0.019,2,11.551,0.046,2,11.550,0.021,3,11.317,0.042,3,11.448,0.022,3,11.209,0.042,3,11.384,0.023,3,11.156,0.046,3,11.334,0.024,3,11.120,0.056,3,11.291,0.024,3,11.090,0.064,3,11.249,0.025,3,11.055,0.069,3,1111074301351023782,0.127624,-100.1,1,11.466,0.022,11.185,0.020,8.628,0.022,6.437,0.048,709914239,0.333799,-61.7,1,0.49,13.766,0.0710,12.908,0.0864,12.491,0.0531,-0.1059931368579330,0.2512509975532320,-0.9621010296052700,111022110,10214825440087
112.8727821,-74.1754313,0.0448,0.0407,0.0140,285.9233102,-23.3597012,235.1437705,-79.3122491,156.718,642.555,159.358,643.444,9064801240000141,90648a240-000141,240,90648a,141,11.587,0.018,59.2,20.3,11.354,0.025,43.1,3.35,11.5,1,0,0.00000,0.00000,0000,0000,3,AA,0,5,0.5,21.796,00,0000,0000,58162.97243919,0,,0,,12.324,3.683,0.000,32.340,4.500,0.000,4672,78.93,2070,48.01,7.50,7.50,11.517,0.013,0,0.260,11.297,0.027,0,0.326,12.265,0.017,0,12.144,0.031,0,11.777,0.013,0,11.623,0.027,0,11.557,0.012,0,11.390,0.030,2,11.447,0.012,3,11.282,0.035,3,11.382,0.013,3,11.226,0.039,3,11.338,0.014,3,11.190,0.043,3,11.302,0.014,3,11.157,0.051,3,11.268,0.015,3,11.115,0.057,3,1111074301351023782,0.120822,55.3,1,11.466,0.022,11.185,0.020,8.628,0.022,6.437,0.048,709914239,0.258797,-15.4,1,0.45,13.766,0.0710,12.908,0.0864,12.491,0.0531,-0.1059919666521620,0.2512510301262370,-0.9621011500178720,111022110,10214825440092
112.8727658,-74.1754529,0.0474,0.0408,0.0163,285.9233312,-23.3597119,235.1438808,-79.3122409,93.460,632.847,96.426,634.035,9064001240000153,90640a240-000153,240,90640a,153,11.582,0.019,57.1,17,11.340,0.025,43.8,5.02,10.7,1,0,0.00000,0.00000,0000,0000,3,AA,0,10,1.0,42.801,00,0000,0000,58162.71063042,0,,0,,11.096,2.936,0.000,34.344,3.657,0.000,4696,82.18,2096,47.83,7.50,7.50,11.520,0.013,0,0.260,11.240,0.027,0,0.326,12.261,0.017,0,12.099,0.033,0,11.780,0.013,0,11.566,0.027,0,11.565,0.012,0,11.326,0.027,0,11.458,0.012,1,11.216,0.028,3,11.393,0.013,1,11.162,0.030,3,11.348,0.013,1,11.132,0.034,3,11.311,0.014,1,11.111,0.041,3,11.278,0.015,3,11.096,0.051,3,1111074301351023782,0.186477,38.2,1,11.466,0.022,11.185,0.020,8.628,0.022,6.437,0.048,709914239,0.331475,-9.2,1,0.53,13.766,0.0710,12.908,0.0864,12.491,0.0531,-0.1059917541962570,0.2512507260954220,-0.9621012528205770,111022110,10214825440095
112.8727571,-74.1754483,0.0466,0.0428,-0.0027,285.9233257,-23.3597128,235.1438672,-79.3122454,694.390,345.929,692.589,344.455,2540018239000160,25400r239-000160,239,25400r,160,11.474,0.022,48.9,14.6,11.257,0.024,45.0,4.01,8.77,1,0,0.00000,0.00000,0000,0000,3,AA,0,10,1.0,48.468,00,0000,0000,59260.37440162,0,,0,,12.547,4.191,0.000,36.968,5.039,0.000,5184,106.1,2263,50.31,7.50,7.50,11.571,0.023,2,0.260,11.173,0.028,2,0.326,12.314,0.030,2,11.982,0.028,2,11.831,0.023,2,11.499,0.028,2,11.614,0.023,2,11.295,0.038,2,11.504,0.026,3,11.200,0.042,3,11.442,0.032,3,11.149,0.044,3,11.394,0.037,3,11.120,0.047,3,11.353,0.038,3,11.103,0.052,3,11.319,0.040,3,11.086,0.057,3,1111074301351023782,0.179550,43.6,1,11.466,0.022,11.185,0.020,8.628,0.022,6.437,0.048,709914239,0.313819,-8.1,1,0.50,13.766,0.0710,12.908,0.0864,12.491,0.0531,-0.1059917460684770,0.2512508133584840,-0.9621012309274199,111022110,10214825440095
112.8727991,-74.1754225,0.0516,0.0447,0.0121,285.9233026,-23.3596942,235.1437171,-79.3122501,502.302,473.156,502.183,472.544,2537618239000148,25376r239-000148,239,25376r,148,11.496,0.024,45.2,18.8,11.277,0.028,39.4,2.54,10.3,1,0,0.00000,0.00000,0000,0000,3,AA,0,10,1.0,54.044,00,0000,0000,59259.58987183,0,,0,,14.075,3.671,0.000,37.752,4.935,0.000,5083,112.3,2220,56.35,7.50,7.50,11.553,0.021,2,0.260,11.154,0.134,2,0.326,12.315,0.030,2,11.954,0.162,2,11.813,0.021,2,11.480,0.134,2,11.587,0.019,2,11.285,0.117,2,11.476,0.019,3,11.195,0.111,3,11.412,0.019,3,11.149,0.115,3,11.364,0.019,3,11.123,0.127,3,11.323,0.021,3,11.107,0.133,3,11.290,0.022,3,11.092,0.137,3,1111074301351023782,0.090595,65.8,1,11.466,0.022,11.185,0.020,8.628,0.022,6.437,0.048,709914239,0.233983,-21.4,1,0.43,13.766,0.0710,12.908,0.0864,12.491,0.0531,-0.1059920986353260,0.2512511348269000,-0.9621011081352490,111022110,10214825440085
112.8728144,-74.1754324,0.0453,0.0430,-0.0134,285.9233142,-23.3596931,235.1437492,-79.3122412,652.667,192.475,650.464,191.222,2539618239000142,25396r239-000142,239,25396r,142,11.550,0.022,50.3,20.6,11.216,0.024,44.4,4.16,11,1,0,0.00000,0.00000,0000,0000,3,AA,0,10,1.0,35.288,00,0000,0000,59260.24362542,0,,0,,12.761,3.086,0.000,37.283,4.708,0.000,4836,96.15,2349,52.87,7.50,7.50,11.442,0.017,2,0.260,11.227,0.035,2,0.326,12.168,0.019,2,12.066,0.039,2,11.701,0.017,2,11.553,0.035,2,11.498,0.017,2,11.330,0.036,2,11.397,0.016,3,11.228,0.040,3,11.341,0.017,3,11.176,0.045,3,11.303,0.018,3,11.143,0.053,3,11.271,0.019,3,11.121,0.062,3,11.240,0.020,3,11.108,0.071,3,1111074301351023782,0.099314,42.9,1,11.466,0.022,11.185,0.020,8.628,0.022,6.437,0.048,709914239,0.272649,-21.6,1,0.46,13.766,0.0710,12.908,0.0864,12.491,0.0531,-0.1059921011132990,0.2512509533555040,-0.9621011552531979,111022110,10214825440085
112.8729388,-74.1754216,0.0418,0.0405,0.0049,285.9233140,-23.3596575,235.1435997,-79.3122188,378.577,885.051,380.953,884.981,2536418240000154,25364r240-000154,240,25364r,154,11.539,0.020,54.0,15.9,11.215,0.025,44.0,2.43,8.53,1,0,0.00000,0.00000,0000,0000,3,AA,0,10,1.0,30.601,00,0000,0000,59259.19767068,0,,0,,14.349,4.437,0.000,36.766,4.615,0.000,4883,90.45,2352,53.49,7.50,7.50,11.435,0.013,2,0.260,11.159,0.043,2,0.326,12.155,0.017,0,11.961,0.048,0,11.694,0.013,2,11.485,0.043,2,11.490,0.013,2,11.287,0.043,2,11.386,0.013,3,11.204,0.045,3,11.323,0.014,3,11.168,0.047,3,11.280,0.018,3,11.150,0.050,3,11.245,0.022,3,11.138,0.054,3,11.209,0.023,3,11.123,0.060,3,1111074301351023782,0.064138,-58.2,1,11.466,0.022,11.185,0.020,8.628,0.022,6.437,0.048,709914239,0.309206,-46.1,1,0.49,13.766,0.0710,12.908,0.0864,12.491,0.0531,-0.1059927171159180,0.2512508903179000,-0.9621011038517980,111022110,10214825440086
112.8730741,-74.1754085,0.0485,0.0402,-0.0066,285.9233123,-23.3596184,235.1434309,-79.3121953,408.924,138.389,407.984,138.207,2536818239000140,25368r239-000140,239,25368r,140,11.477,0.019,55.8,15.8,11.259,0.026,42.4,4.87,10.4,1,0,0.00000,0.00000,0000,0000,3,AA,0,10,1.0,44.013,00,0000,0000,59259.32831947,0,,0,,12.788,3.410,0.000,37.091,4.341,0.000,5171,92.61,2258,53.29,7.50,7.50,11.445,0.028,0,0.260,11.219,0.026,2,0.326,12.176,0.040,0,12.047,0.034,2,11.704,0.028,0,11.545,0.026,2,11.504,0.025,2,11.322,0.025,2,11.411,0.028,3,11.215,0.026,3,11.362,0.033,3,11.160,0.029,3,11.330,0.034,3,11.130,0.033,3,11.302,0.034,3,11.108,0.036,3,11.276,0.034,3,11.084,0.040,3,1111074301351023782,0.187781,-94.1,1,11.466,0.022,11.185,0.020,8.628,0.022,6.437,0.048,709914239,0.392917,-64.8,1,0.53,13.766,0.0710,12.908,0.0864,12.491,0.0531,-0.1059933959286550,0.2512508426988800,-0.9621010415037570,111022110,10214825440086
112.8729100,-74.1754314,0.0418,0.0392,0.0070,285.9233216,-23.3596680,235.1436671,-79.3122200,560.984,791.513,561.872,790.688,2538418240000151,25384r240-000151,240,25384r,151,11.545,0.019,57.4,19.3,11.248,0.025,42.7,2.74,11.3,1,0,0.00000,0.00000,0000,0000,3,AA,0,10,1.0,29.580,00,0000,0000,59259.85142422,0,,0,,11.839,3.199,0.000,37.759,5.796,0.000,4859,84.72,2281,53.37,7.50,7.50,11.476,0.013,0,0.260,11.123,0.027,2,0.326,12.199,0.016,0,11.940,0.033,2,11.736,0.013,0,11.449,0.027,2,11.533,0.013,0,11.233,0.027,2,11.429,0.015,19,11.126,0.032,3,11.369,0.016,19,11.056,0.044,3,11.329,0.016,19,10.980,0.058,3,11.294,0.017,19,10.890,0.070,3,11.262,0.018,19,10.804,0.074,3,1111074301351023782,0.073923,-20.8,1,11.466,0.022,11.185,0.020,8.628,0.022,6.437,0.048,709914239,0.316547,-37.9,1,0.50,13.766,0.0710,12.908,0.0864,12.491,0.0531,-0.1059925268608920,0.2512507919751280,-0.9621011504938110,111022110,10214825440086
112.8730603,-74.1754259,0.0458,0.0443,-0.0061,285.9233292,-23.3596272,235.1435203,-79.3121888,596.342,954.645,597.741,953.685,2538818240000184,25388r240-000184,240,25388r,184,11.465,0.025,43.7,12.4,11.234,0.025,43.1,4.48,7.85,1,0,0.00000,0.00000,0000,0000,3,AA,0,10,1.0,21.151,00,0000,0000,59259.98220038,0,,0,,13.731,3.479,0.000,37.784,4.317,0.000,5228,119.6,2310,53.63,7.50,7.50,11.536,0.014,3,0.260,11.133,0.032,3,0.326,12.259,0.018,3,11.952,0.034,1,11.795,0.014,3,11.459,0.032,3,11.586,0.015,3,11.237,0.036,3,11.479,0.016,3,11.130,0.040,3,11.419,0.016,3,11.072,0.042,3,11.378,0.017,3,11.041,0.046,3,11.345,0.018,3,11.023,0.051,3,11.313,0.019,3,11.007,0.055,3,1111074301351023782,0.180624,-74.2,1,11.466,0.022,11.185,0.020,8.628,0.022,6.437,0.048,709914239,0.412106,-56.1,1,0.56,13.766,0.0710,12.908,0.0864,12.491,0.0531,-0.1059932218466770,0.2512505990245410,-0.9621011243171740,111022110,10214825440086
112.8728204,-74.1754054,0.0466,0.0427,0.0099,285.9232867,-23.3596835,235.1436230,-79.3122547,883.084,588.518,881.087,586.302,8449101015000178,84491a015-000178,15,84491a,178,11.572,0.020,54.8,21.7,11.405,0.032,33.9,5.27,12.8,1,0,0.00000,0.00000,0000,0000,3,AA,0,5,0.5,27.395,00,0000,0000,57961.41577388,0,,0,,13.828,3.484,0.000,40.367,4.747,0.000,4738,86.45,1973,58.24,7.50,7.50,11.474,0.013,2,0.260,11.281,0.066,2,0.326,12.205,0.016,0,12.097,0.062,2,11.734,0.013,2,11.607,0.066,2,11.525,0.012,2,11.374,0.069,2,11.421,0.012,3,11.250,0.073,3,11.361,0.014,3,11.184,0.077,3,11.321,0.014,3,11.145,0.081,3,11.290,0.015,3,11.115,0.089,3,11.258,0.016,3,11.083,0.097,3,1111074301351023782,0.066424,111.6,1,11.466,0.022,11.185,0.020,8.628,0.022,6.437,0.048,709914239,0.189038,-34.3,1,0.38,13.766,0.0710,12.908,0.0864,12.491,0.0531,-0.1059923036469020,0.2512513599862180,-0.9621010267496330,111022110,10214825440087
112.8727991,-74.1754085,0.0468,0.0431,-0.0050,285.9232880,-23.3596900,235.1436542,-79.3122578,825.359,755.548,824.494,753.608,8449901015000138,84499a015-000138,15,84499a,138,11.574,0.020,54.9,17.3,11.415,0.036,30.3,4.06,10.6,1,0,0.00000,0.00000,0000,0000,3,AA,0,10,1.0,45.338,00,0000,0000,57961.67770758,0,,0,,15.861,3.878,0.000,41.523,5.176,0.000,4727,86.1,1956,64.63,7.50,7.50,11.495,0.013,3,0.260,11.305,0.081,3,0.326,12.221,0.017,0,12.141,0.077,2,11.755,0.013,3,11.631,0.081,3,11.555,0.013,3,11.394,0.081,3,11.461,0.014,3,11.276,0.082,3,11.408,0.022,3,11.206,0.084,3,11.375,0.033,3,11.156,0.084,3,11.347,0.035,3,11.119,0.085,3,11.319,0.036,3,11.090,0.088,3,1111074301351023782,0.083725,99.2,1,11.466,0.022,11.185,0.020,8.628,0.022,6.437,0.048,709914239,0.187973,-27.1,1,0.38,13.766,0.0710,12.908,0.0864,12.491,0.0531,-0.1059921900099590,0.2512513514277650,-0.9621010415037570,111022110,10214825440087
112.8728384,-74.1754263,0.0457,0.0408,0.0071,285.9233100,-23.3596851,235.1437023,-79.3122391,780.770,503.966,779.089,502.156,8450301015000131,84503a015-000131,15,84503a,131,11.611,0.020,54.4,16.4,11.386,0.026,41.3,6.12,10.9,1,0,0.00000,0.00000,0000,0000,3,AA,0,5,0.5,50.876,00,0000,0000,57961.80861080,0,,0,,14.447,4.003,0.000,40.264,5.971,0.000,4572,84.01,2009,48.67,7.50,7.50,11.530,0.016,2,0.260,11.263,0.046,0,0.326,12.267,0.019,0,12.106,0.051,0,11.790,0.016,2,11.589,0.046,0,11.582,0.016,2,11.361,0.044,2,11.479,0.016,2,11.249,0.045,2,11.423,0.017,3,11.184,0.049,3,11.387,0.018,3,11.139,0.057,3,11.357,0.019,3,11.097,0.067,3,11.323,0.022,3,11.049,0.072,3,1111074301351023782,0.067227,41.0,1,11.466,0.022,11.185,0.020,8.628,0.022,6.437,0.048,709914239,0.262641,-28.2,1,0.44,13.766,0.0710,12.908,0.0864,12.491,0.0531,-0.1059922461703440,0.2512510033336850,-0.9621011262209300,111022110,10214825440087
112.8729206,-74.1753859,0.0471,0.0441,-0.0125,285.9232753,-23.3596517,235.1434540,-79.3122427,626.693,169.305,624.597,168.175,8452301014000184,84523a014-000184,14,84523a,184,11.662,0.021,50.8,22.1,11.413,0.024,44.8,5.58,12.5,1,0,0.00000,0.00000,0000,0000,3,AA,0,10,1.0,28.902,00,0000,0000,57962.46325405,0,,0,,13.763,4.149,0.000,39.436,4.312,0.000,4363,85.93,1960,43.77,7.50,7.50,11.527,0.022,2,0.260,11.299,0.030,0,0.326,12.268,0.022,0,12.152,0.030,0,11.787,0.022,2,11.625,0.030,0,11.582,0.026,3,11.353,0.034,3,11.482,0.027,3,11.057,0.034,3,11.426,0.028,3,10.477,0.027,3,11.389,0.030,3,9.734,0.020,3,11.358,0.032,3,9.202,0.015,3,11.326,0.033,3,8.969,0.013,3,1111074301351023782,0.101514,-158.9,1,11.466,0.022,11.185,0.020,8.628,0.022,6.437,0.048,709914239,0.222123,-67.2,1,0.36,13.766,0.0710,12.908,0.0864,12.491,0.0531,-0.1059928703125590,0.2512514763181460,-0.9621009339413700,111022110,10214825440087
112.8729308,-74.1753906,0.0486,0.0424,-0.0118,285.9232810,-23.3596504,235.1434668,-79.3122378,514.311,298.492,513.432,297.834,8453501014000144,84535a014-000144,14,84535a,144,11.557,0.020,55.3,19.7,11.383,0.031,35.2,4.6,11.6,1,0,0.00000,0.00000,0000,0000,3,AA,0,10,1.0,51.140,00,0000,0000,57962.85609102,0,,0,,13.507,3.647,0.000,39.964,4.653,0.000,4804,86.87,2014,57.22,7.50,7.50,11.480,0.019,2,0.260,11.313,0.089,2,0.326,12.207,0.022,0,12.153,0.123,2,11.740,0.019,2,11.639,0.089,2,11.538,0.018,2,11.408,0.077,2,11.438,0.017,3,11.304,0.076,3,11.380,0.017,3,11.248,0.082,3,11.338,0.018,3,11.201,0.087,3,11.304,0.019,3,11.160,0.091,3,11.271,0.020,3,11.125,0.095,3,1111074301351023782,0.090670,-149.1,1,11.466,0.022,11.185,0.020,8.628,0.022,6.437,0.048,709914239,0.238197,-64.4,1,0.40,13.766,0.0710,12.908,0.0864,12.491,0.0531,-0.1059928843653130,0.2512513847329870,-0.9621009563105520,111022110,10214825440087
112.8728127,-74.1753854,0.0426,0.0432,-0.0126,285.9232652,-23.3596796,235.1435393,-79.3122675,478.107,54.463,476.452,53.958,8453901014000171,84539a014-000171,14,84539a,171,11.559,0.021,52.6,19,11.395,0.025,44.3,5.66,12.1,1,0,0.00000,0.00000,0000,0000,3,AA,0,10,1.0,46.511,00,0000,0000,57962.98699424,0,,0,,14.357,4.394,0.000,40.123,3.898,0.000,4797,91.14,1993,45.01,7.50,7.50,11.473,0.016,0,0.260,11.288,0.025,2,0.326,12.201,0.018,0,12.126,0.031,0,11.732,0.016,0,11.614,0.025,2,11.525,0.016,0,11.388,0.025,2,11.423,0.017,3,11.282,0.036,3,11.368,0.018,3,11.231,0.052,3,11.333,0.022,3,11.210,0.061,3,11.303,0.025,3,11.205,0.068,3,11.271,0.027,3,11.205,0.074,3,1111074301351023782,0.118794,144.3,1,11.466,0.022,11.185,0.020,8.628,0.022,6.437,0.048,709914239,0.129881,-49.6,1,0.31,13.766,0.0710,12.908,0.0864,12.491,0.0531,-0.1059924004163940,0.2512516836603050,-0.9621009315616700,111022110,10214825440087
112.8729941,-74.1753907,0.0466,0.0425,-0.0112,285.9232867,-23.3596339,235.1434158,-79.3122233,475.950,969.573,478.116,969.105,8453901015000137,84539a015-000137,15,84539a,137,11.585,0.023,48.0,20.3,11.425,0.027,39.7,5.48,12.5,1,0,0.00000,0.00000,0000,0000,3,AA,0,10,1.0,45.845,00,0000,0000,57962.98712155,0,,0,,13.461,3.466,0.000,40.428,4.327,0.000,4680,97.47,1938,48.88,7.50,7.50,11.482,0.016,3,0.260,11.296,0.035,3,0.326,12.200,0.022,0,12.125,0.043,2,11.742,0.016,3,11.622,0.035,3,11.542,0.016,3,11.402,0.033,3,11.443,0.021,3,11.302,0.035,3,11.384,0.024,3,11.254,0.038,3,11.342,0.025,3,11.223,0.044,3,11.308,0.027,3,11.199,0.053,3,11.277,0.027,3,11.180,0.075,3,1111074301351023782,0.133499,-125.4,1,11.466,0.022,11.185,0.020,8.628,0.022,6.437,0.048,709914239,0.295583,-69.5,1,0.44,13.766,0.0710,12.908,0.0864,12.491,0.0531,-0.1059931612934430,0.2512512660854470,-0.9621009567864910,111022110,10214825440087
112.8729479,-74.1754108,0.0470,0.0420,0.0172,285.9233036,-23.3596520,235.1435437,-79.3122227,212.858,776.865,215.754,777.482,8457101015000158,84571a015-000158,15,84571a,158,11.547,0.019,56.7,18.8,11.361,0.029,37.7,3.52,11.5,1,0,0.00000,0.00000,0000,0000,3,AA,0,10,1.0,42.539,00,0000,0000,57964.03460240,0,,0,,13.634,3.507,0.000,40.109,4.649,0.000,4849,85.45,2056,54.54,7.50,7.50,11.469,0.031,0,0.260,11.226,0.033,2,0.326,12.216,0.027,0,12.064,0.039,2,11.729,0.031,0,11.552,0.033,2,11.514,0.030,2,11.324,0.035,2,11.408,0.028,3,11.216,0.037,3,11.347,0.028,3,11.156,0.039,3,11.307,0.027,3,11.116,0.040,3,11.276,0.028,3,11.083,0.043,3,11.247,0.028,3,11.053,0.047,3,1111074301351023782,0.063617,-94.5,1,11.466,0.022,11.185,0.020,8.628,0.022,6.437,0.048,709914239,0.290678,-52.8,1,0.45,13.766,0.0710,12.908,0.0864,12.491,0.0531,-0.1059928275102670,0.2512510405755210,-0.9621010524503630,111022110,10214825440087
112.8728390,-74.1754230,0.0463,0.0429,0.0169,285.9233066,-23.3596839,235.1436870,-79.3122408,172.147,532.219,174.288,533.053,8457501015000156,84575a015-000156,15,84575a,156,11.625,0.019,58.6,20.6,11.392,0.026,42.1,3.61,11.4,1,0,0.00000,0.00000,0000,0000,3,AA,0,5,0.5,32.349,00,0000,0000,57964.16550560,0,,0,,14.410,3.355,0.000,40.526,4.252,0.000,4510,76.97,1998,47.47,7.50,7.50,11.544,0.013,3,0.260,11.281,0.054,3,0.326,12.289,0.017,3,12.152,0.054,1,11.803,0.013,3,11.607,0.054,3,11.587,0.012,3,11.360,0.053,3,11.477,0.012,3,11.245,0.052,3,11.415,0.013,3,11.188,0.054,3,11.374,0.014,3,11.152,0.060,3,11.341,0.014,3,11.125,0.065,3,11.308,0.015,3,11.100,0.068,3,1111074301351023782,0.058335,48.2,1,11.466,0.022,11.185,0.020,8.628,0.022,6.437,0.048,709914239,0.252524,-29.6,1,0.44,13.766,0.0710,12.908,0.0864,12.491,0.0531,-0.1059922703397810,0.2512510532796430,-0.9621011105149440,111022110,10214825440087
112.8728961,-74.1754054,0.0502,0.0428,0.0200,285.9232934,-23.3596638,235.1435615,-79.3122375,143.221,275.180,144.460,276.170,8457901014000212,84579a014-000212,14,84579a,212,11.571,0.020,53.9,20.7,11.404,0.026,41.5,2.54,10.3,1,0,0.00000,0.00000,0000,0000,3,AA,0,10,1.0,25.099,00,0000,0000,57964.29640882,0,,0,,13.925,3.402,0.000,40.372,3.794,0.000,4744,87.98,1975,47.63,7.50,7.50,11.572,0.014,2,0.260,11.326,0.029,2,0.326,12.304,0.018,2,12.150,0.034,2,11.832,0.014,2,11.652,0.029,2,11.616,0.013,2,11.427,0.036,2,11.508,0.013,3,11.315,0.041,3,11.446,0.013,3,11.256,0.045,3,11.402,0.014,3,11.219,0.049,3,11.364,0.015,3,11.190,0.053,3,11.325,0.016,3,11.164,0.057,3,1111074301351023782,0.027517,-152.8,1,11.466,0.022,11.185,0.020,8.628,0.022,6.437,0.048,709914239,0.238903,-49.2,1,0.42,13.766,0.0710,12.908,0.0864,12.491,0.0531,-0.1059926356036860,0.2512512199474580,-0.9621010267496330,111022110,10214825440087
112.8729767,-74.1754095,0.0445,0.0490,0.0138,285.9233048,-23.3596441,235.1435145,-79.3122169,114.429,953.661,118.645,954.674,8458301015000216,84583a015-000216,15,84583a,216,11.582,0.024,44.8,15,11.368,0.025,44.3,6.15,9.96,1,0,0.00000,0.00000,0000,0000,3,AA,0,10,1.0,27.607,00,0010,0000,57964.42743935,0,,0,,16.694,5.178,0.000,40.617,4.490,0.000,4693,104.8,2044,46.16,7.50,7.50,11.590,0.038,2,0.260,11.252,0.029,0,0.326,12.325,0.047,2,12.094,0.033,0,11.849,0.038,2,11.578,0.029,0,11.624,0.034,3,11.344,0.027,1,11.507,0.033,3,11.229,0.028,1,11.442,0.032,3,11.160,0.029,3,11.399,0.033,3,11.112,0.032,3,11.362,0.034,3,11.075,0.034,3,11.324,0.035,3,11.048,0.038,3,1111074301351023782,0.092204,-96.1,1,11.466,0.022,11.185,0.020,8.628,0.022,6.437,0.048,709914239,0.311072,-56.7,1,0.47,13.766,0.0710,12.908,0.0864,12.491,0.0531,-0.1059929622876510,0.2512510074105940,-0.9621010462631510,111022110,10214825440087
112.8726981,-74.1754290,0.0465,0.0443,0.0041,285.9233004,-23.3597224,235.1438284,-79.3122695,718.469,911.484,718.910,910.038,8451101015000169,84511a015-000169,15,84511a,169,11.424,0.026,42.6,12.8,11.378,0.027,39.6,4.46,8.48,1,0,0.00000,0.00000,0000,0000,3,AA,0,5,0.5,39.234,00,0000,0000,57962.07054455,0,,0,,14.040,3.537,0.000,41.069,4.434,0.000,5427,127.5,2024,51.08,7.50,7.50,11.672,0.019,2,0.260,11.243,0.050,2,0.326,12.440,0.024,2,12.055,0.052,2,11.932,0.019,2,11.569,0.050,2,11.701,0.021,2,11.367,0.051,2,11.582,0.024,3,11.290,0.055,3,11.514,0.025,3,11.265,0.060,3,11.467,0.025,3,11.254,0.064,3,11.425,0.025,3,11.247,0.069,3,11.381,0.025,3,11.243,0.079,3,1111074301351023782,0.191605,71.6,1,11.466,0.022,11.185,0.020,8.628,0.022,6.437,0.048,709914239,0.241586,3.2,1,0.44,13.766,0.0710,12.908,0.0864,12.491,0.0531,-0.1059916133102850,0.2512512211027640,-0.9621011390712790,111022110,10214825440092
112.8727145,-74.1754291,0.0519,0.0420,-0.0076,285.9233020,-23.3597182,235.1438155,-79.3122657,653.643,407.199,652.353,405.936,8451901014000212,84519a014-000212,14,84519a,212,11.632,0.021,52.4,20.9,11.366,0.028,38.9,3.79,12.2,1,0,0.00000,0.00000,0000,0000,3,AA,0,10,1.0,24.888,00,0000,0000,57962.33235089,0,,0,,13.708,3.902,0.000,40.066,5.013,0.000,4484,85.51,2047,52.57,7.50,7.50,11.499,0.031,2,0.260,11.206,0.078,2,0.326,12.243,0.037,2,12.055,0.098,2,11.759,0.031,2,11.532,0.078,2,11.549,0.028,2,11.303,0.069,2,11.449,0.026,3,11.198,0.067,3,11.392,0.026,3,11.140,0.067,3,11.351,0.027,3,11.099,0.071,3,11.314,0.028,3,11.069,0.076,3,11.279,0.029,3,11.050,0.082,3,1111074301351023782,0.176526,69.8,1,11.466,0.022,11.185,0.020,8.628,0.022,6.437,0.048,709914239,0.241572,-0.6,1,0.44,13.766,0.0710,12.908,0.0864,12.491,0.0531,-0.1059916845742480,0.2512511892172000,-0.9621011395472180,111022110,10214825440092
112.8728494,-74.1754530,0.0464,0.0424,-0.0097,285.9233387,-23.3596902,235.1438134,-79.3122218,250.712,110.266,250.574,110.781,8456701014000153,84567a014-000153,14,84567a,153,11.581,0.021,50.8,17.4,11.330,0.027,40.8,4.06,10,1,0,0.00000,0.00000,0000,0000,3,AA,0,10,1.0,50.787,00,0000,0000,57963.90357181,0,,0,,13.803,3.502,0.000,40.068,4.553,0.000,4700,92.54,2114,51.81,7.50,7.50,11.528,0.017,0,0.260,11.292,0.058,0,0.326,12.265,0.023,0,12.133,0.058,0,11.788,0.017,0,11.618,0.058,0,11.573,0.015,2,11.388,0.065,2,11.464,0.015,3,11.277,0.066,3,11.399,0.016,3,11.214,0.067,3,11.356,0.017,3,11.171,0.077,3,11.319,0.018,3,11.139,0.113,3,11.280,0.020,3,11.116,0.154,3,1111074301351023782,0.150603,12.8,1,11.466,0.022,11.185,0.020,8.628,0.022,6.437,0.048,709914239,0.354282,-22.4,1,0.55,13.766,0.0710,12.908,0.0864,12.491,0.0531,-0.1059921201422090,0.2512505698959400,-0.9621012532965150,111022110,10214825440094
112.8728703,-74.1754406,0.0467,0.0430,-0.0075,285.9233277,-23.3596810,235.1437407,-79.3122239,116.242,39.426,116.574,40.558,8458301014000203,84583a014-000203,14,84583a,203,11.564,0.021,51.7,17.1,11.331,0.025,43.5,3.57,9.99,1,0,0.00000,0.00000,0000,0000,3,AA,0,10,1.0,26.840,00,0000,0000,57964.42731204,0,,0,,13.280,3.656,0.000,40.438,4.021,0.000,4774,92.41,2113,48.52,7.50,7.50,11.480,0.014,2,0.260,11.173,0.028,2,0.326,12.209,0.017,0,12.025,0.033,2,11.739,0.014,2,11.499,0.028,2,11.533,0.014,2,11.262,0.030,2,11.427,0.014,3,11.144,0.032,3,11.361,0.015,3,11.080,0.034,3,11.314,0.018,3,11.043,0.036,3,11.275,0.022,3,11.016,0.038,3,11.241,0.025,3,10.991,0.041,3,1111074301351023782,0.103033,7.1,1,11.466,0.022,11.185,0.020,8.628,0.022,6.437,0.048,709914239,0.322825,-28.8,1,0.51,13.766,0.0710,12.908,0.0864,12.491,0.0531,-0.1059922927239000,0.2512507230791840,-0.9621011942801641,111022110,10214825440094
112.8728428,-74.1754419,0.0474,0.0429,0.0159,285.9233266,-23.3596886,235.1437689,-79.3122294,53.514,425.313,55.940,426.678,8459101014000156,84591a014-000156,14,84591a,156,11.576,0.019,58.0,24.6,11.371,0.027,40.9,5.52,14.3,1,0,0.00000,0.00000,0000,0000,3,AA,0,5,0.5,46.107,00,0000,0000,57964.68924574,0,,0,,13.911,3.186,0.000,41.234,4.243,0.000,4722,81.48,2037,49.81,7.50,7.50,11.512,0.012,0,0.260,11.309,0.028,2,0.326,12.271,0.016,0,12.157,0.036,2,11.772,0.012,0,11.635,0.028,2,11.542,0.011,0,11.400,0.028,2,11.422,0.011,1,11.293,0.029,3,11.346,0.012,1,11.239,0.031,3,11.291,0.012,3,11.205,0.034,3,11.245,0.012,3,11.174,0.038,3,11.204,0.013,3,11.136,0.041,3,1111074301351023782,0.114073,20.4,1,11.466,0.022,11.185,0.020,8.628,0.022,6.437,0.048,709914239,0.315000,-24.1,1,0.52,13.766,0.0710,12.908,0.0864,12.491,0.0531,-0.1059921636473940,0.2512507538388700,-0.9621012004673640,111022110,10214825440094
112.8727923,-74.1754449,0.0531,0.0471,0.0110,285.9233253,-23.3597026,235.1438234,-79.3122393,566.215,556.399,566.074,555.512,8453101015000135,84531a015-000135,15,84531a,135,11.626,0.021,52.1,17,11.407,0.029,36.9,3.06,9.88,1,0,0.00000,0.00000,0000,0000,3,AA,0,10,1.0,48.393,00,0000,0000,57962.72518775,0,,0,,14.680,3.661,0.000,40.518,5.487,0.000,4508,86.56,1970,53.47,7.50,7.50,11.572,0.019,2,0.260,11.283,0.093,2,0.326,12.302,0.027,2,12.097,0.094,2,11.832,0.019,2,11.609,0.093,2,11.615,0.018,2,11.389,0.092,2,11.509,0.018,3,11.268,0.088,3,11.449,0.018,3,11.195,0.092,3,11.401,0.020,3,11.143,0.101,3,11.356,0.021,3,11.104,0.118,3,11.313,0.022,3,11.074,0.136,3,1111074301351023782,0.147779,37.2,1,11.466,0.022,11.185,0.020,8.628,0.022,6.437,0.048,709914239,0.308676,-14.8,1,0.51,13.766,0.0710,12.908,0.0864,12.491,0.0531,-0.1059919226168550,0.2512508008448600,-0.9621012147455170,111022110,10214825440095
112.8727994,-74.1754438,0.0460,0.0410,0.0151,285.9233248,-23.3597004,235.1438126,-79.3122383,321.085,625.693,322.702,625.857,8455901015000167,84559a015-000167,15,84559a,167,11.545,0.019,55.8,15.8,11.353,0.025,43.3,3.21,8.89,1,0,0.00000,0.00000,0000,0000,3,AA,0,10,1.0,42.602,00,0000,0000,57963.64176538,0,,0,,14.543,3.843,0.000,41.056,4.502,0.000,4855,87.05,2071,47.87,7.50,7.50,11.584,0.014,2,0.260,11.269,0.031,2,0.326,12.332,0.019,2,12.114,0.035,0,11.844,0.014,2,11.595,0.031,2,11.620,0.013,3,11.370,0.031,3,11.505,0.012,3,11.270,0.034,3,11.437,0.013,3,11.222,0.039,3,11.387,0.014,3,11.198,0.045,3,11.343,0.015,3,11.184,0.051,3,11.299,0.016,3,11.168,0.058,3,1111074301351023782,0.140446,35.9,1,11.466,0.022,11.185,0.020,8.628,0.022,6.437,0.048,709914239,0.306725,-16.2,1,0.51,13.766,0.0710,12.908,0.0864,12.491,0.0531,-0.1059919609308820,0.2512508047291530,-0.9621012095101950,111022110,10214825440095
112.8728004,-74.1754452,0.0470,0.0432,0.0172,285.9233263,-23.3597006,235.1438181,-79.3122373,273.389,375.179,274.311,375.565,8456301014000142,84563a014-000142,14,84563a,142,11.592,0.019,58.6,20.6,11.407,0.027,40.6,3.86,12,1,0,0.00000,0.00000,0000,0000,3,AA,0,5,0.5,50.477,00,0000,0000,57963.77266860,0,,0,,15.012,3.694,0.000,39.949,4.652,0.000,4652,79.41,1970,48.48,7.50,7.50,11.519,0.013,0,0.260,11.339,0.032,2,0.326,12.273,0.017,0,12.182,0.039,2,11.778,0.013,0,11.665,0.032,2,11.555,0.012,1,11.425,0.034,3,11.441,0.012,1,11.315,0.041,3,11.372,0.012,3,11.264,0.050,3,11.319,0.013,3,11.236,0.056,3,11.273,0.013,3,11.208,0.058,3,11.229,0.014,3,11.171,0.062,3,1111074301351023782,0.144002,34.4,1,11.466,0.022,11.185,0.020,8.628,0.022,6.437,0.048,709914239,0.311839,-16.2,1,0.51,13.766,0.0710,12.908,0.0864,12.491,0.0531,-0.1059919561785710,0.2512507812191550,-0.9621012161733320,111022110,10214825440095
112.8727441,-74.1753543,0.0514,0.0491,-0.0058,285.9232268,-23.3596882,235.1434552,-79.3123003,877.968,145.997,874.211,143.685,1428018239000151,14280r239-000151,239,14280r,151,11.589,0.024,45.6,15.6,11.187,0.025,43.6,12.2,13,1,0,0.00000,0.00000,0000,0000,3,AA,0,10,1.0,35.569,00,0000,0000,58896.79392243,0,,0,,13.278,3.862,0.000,35.960,3.948,0.000,4666,102.4,2414,55.43,7.50,7.50,11.467,0.027,2,0.260,11.040,0.030,2,0.326,12.195,0.040,2,11.915,0.038,0,11.726,0.027,2,11.366,0.030,2,11.523,0.024,2,11.122,0.029,2,11.421,0.024,3,11.014,0.029,3,11.362,0.024,3,10.961,0.032,3,11.318,0.024,3,10.924,0.035,3,11.281,0.024,3,10.889,0.039,5,11.248,0.025,3,10.859,0.044,5,1111074301351023782,0.249241,146.8,1,11.466,0.022,11.185,0.020,8.628,0.022,6.437,0.048,709914239,0.041969,-131.3,1,0.18,13.766,0.0710,12.908,0.0864,12.491,0.0531,-0.1059923025754290,0.2512522917278260,-0.9621007835441540,111022110,10214825440084
112.8729917,-74.1753822,0.0460,0.0442,0.0119,285.9232777,-23.3596320,235.1433796,-79.3122286,24.127,868.311,28.474,869.800,296418240000143,02964r240-000143,240,02964r,143,11.504,0.021,51.8,17.3,11.222,0.024,45.3,4.73,10.2,1,0,0.00000,0.00000,0000,0000,3,AA,0,10,1.0,47.226,00,0000,0000,58526.67568565,0,,0,,12.286,4.096,0.000,37.132,3.579,0.000,5043,97.35,2338,51.65,7.50,7.50,11.386,0.018,2,0.260,11.156,0.022,0,0.326,12.127,0.020,2,11.998,0.028,0,11.646,0.018,2,11.482,0.022,0,11.425,0.021,2,11.252,0.022,0,11.312,0.023,3,11.144,0.025,3,11.251,0.024,3,11.088,0.027,3,11.213,0.030,3,11.056,0.029,3,11.183,0.039,3,11.034,0.031,3,11.159,0.041,3,11.013,0.033,3,1111074301351023782,0.151619,-135.4,1,11.466,0.022,11.185,0.020,8.628,0.022,6.437,0.048,709914239,0.284047,-75.2,1,0.42,13.766,0.0710,12.908,0.0864,12.491,0.0531,-0.1059932062469450,0.2512514020327400,-0.9621009163315850,111022110,10214825440084
112.8727696,-74.1754148,0.0451,0.0395,0.0145,285.9232920,-23.3596996,235.1437065,-79.3122611,336.848,413.591,337.465,413.744,300018239000140,03000r239-000140,239,03000r,140,11.532,0.018,59.1,16.6,11.235,0.024,44.7,3.58,9.3,1,0,0.00000,0.00000,0000,0000,3,AA,0,10,1.0,29.693,00,0000,0000,58527.85330924,0,,0,,14.532,3.775,0.000,36.220,4.480,0.000,4914,83.19,2310,51.69,7.50,7.50,11.460,0.013,0,0.260,11.144,0.029,2,0.326,12.206,0.017,0,12.001,0.040,0,11.719,0.013,0,11.470,0.029,2,11.501,0.012,0,11.239,0.026,2,11.392,0.012,3,11.139,0.028,3,11.331,0.014,3,11.095,0.031,3,11.290,0.015,3,11.074,0.038,3,11.257,0.016,3,11.061,0.049,3,11.228,0.016,3,11.045,0.057,3,1111074301351023782,0.112011,85.2,1,11.466,0.022,11.185,0.020,8.628,0.022,6.437,0.048,709914239,0.198312,-16.6,1,0.40,13.766,0.0710,12.908,0.0864,12.491,0.0531,-0.1059920195290930,0.2512513085297480,-0.9621010714879360,111022110,10214825440085
112.8730017,-74.1754307,0.0448,0.0387,0.0127,285.9233290,-23.3596439,235.1435895,-79.3121995,65.313,307.644,67.032,309.027,296818239000135,02968r239-000135,239,02968r,135,11.504,0.017,62.5,20,11.230,0.027,40.4,3.05,11.8,1,0,0.00000,0.00000,0000,0000,3,AA,0,10,1.0,33.930,00,0000,0000,58526.80646194,0,,0,,12.971,3.502,0.000,36.638,3.745,0.000,5044,80.75,2320,57.42,7.50,7.50,11.437,0.013,0,0.260,11.180,0.034,2,0.326,12.178,0.016,0,12.012,0.036,2,11.697,0.013,0,11.506,0.034,2,11.486,0.012,3,11.274,0.042,3,11.382,0.012,3,11.162,0.045,3,11.320,0.012,3,11.104,0.046,3,11.277,0.013,3,11.075,0.048,3,11.242,0.014,3,11.059,0.053,3,11.211,0.015,3,11.043,0.059,3,1111074301351023782,0.133961,-60.2,1,11.466,0.022,11.185,0.020,8.628,0.022,6.437,0.048,709914239,0.376894,-49.0,1,0.54,13.766,0.0710,12.908,0.0864,12.491,0.0531,-0.1059929335481090,0.2512506331673010,-0.9621011471622390,111022110,10214825440086
112.8729207,-74.1754269,0.0440,0.0402,0.0151,285.9233179,-23.3596638,235.1436382,-79.3122200,93.767,667.637,96.875,668.787,297218239000161,02972r239-000161,239,02972r,161,11.492,0.018,59.8,19.5,11.248,0.024,44.9,4.54,11.6,1,0,0.00000,0.00000,0000,0000,3,AA,0,5,0.5,24.111,00,0000,0000,58526.93736565,0,,0,,14.751,4.209,0.000,36.063,3.966,0.000,5101,85.37,2282,50.77,7.50,7.50,11.366,0.012,0,0.260,11.156,0.027,2,0.326,12.154,0.016,0,11.987,0.036,0,11.625,0.012,0,11.482,0.027,2,11.371,0.011,2,11.271,0.026,2,11.250,0.011,3,11.178,0.028,3,11.189,0.011,3,11.130,0.032,3,11.151,0.012,3,11.103,0.037,3,11.119,0.013,3,11.088,0.046,3,11.090,0.015,3,11.078,0.058,3,1111074301351023782,0.064409,-34.8,1,11.466,0.022,11.185,0.020,8.628,0.022,6.437,0.048,709914239,0.310747,-41.2,1,0.50,13.766,0.0710,12.908,0.0864,12.491,0.0531,-0.1059926031526010,0.2512508418026440,-0.9621011290765630,111022110,10214825440086
112.8728445,-74.1754317,0.0516,0.0449,-0.0102,285.9233162,-23.3596851,235.1437216,-79.3122347,122.156,111.517,122.714,112.533,297618239000159,02976r239-000159,239,02976r,159,11.529,0.024,46.0,21.4,11.265,0.028,39.3,4.99,12.9,1,0,0.00000,0.00000,0000,0000,3,AA,0,5,0.5,22.535,00,0000,0000,58527.06814205,0,,0,,10.572,3.066,0.000,36.300,4.425,0.000,4929,107.1,2246,57.1,7.50,7.50,11.444,0.022,0,0.260,11.189,0.085,2,0.326,12.189,0.032,0,12.021,0.130,2,11.703,0.022,0,11.515,0.085,2,11.490,0.019,0,11.284,0.070,2,11.387,0.019,3,11.177,0.064,3,11.329,0.019,3,11.126,0.063,3,11.291,0.019,3,11.096,0.063,3,11.263,0.019,19,11.069,0.063,3,11.239,0.021,19,11.042,0.064,3,1111074301351023782,0.079868,28.5,1,11.466,0.022,11.185,0.020,8.628,0.022,6.437,0.048,709914239,0.282631,-27.4,1,0.47,13.766,0.0710,12.908,0.0864,12.491,0.0531,-0.1059922376752330,0.2512509085031850,-0.9621011519216270,111022110,10214825440086
112.8728835,-74.1754297,0.0448,0.0385,0.0133,285.9233175,-23.3596743,235.1436810,-79.3122269,175.497,351.680,176.764,352.508,298018232000139,02980r232-000139,232,02980r,139,11.530,0.018,61.2,20.4,11.283,0.025,43.7,4.92,12.4,1,0,0.00000,0.00000,0000,0000,3,AA,0,5,0.5,30.954,00,0000,0000,58527.19853630,0,,0,,13.806,3.858,0.000,36.563,4.410,0.000,4926,80.5,2208,50.58,7.50,7.50,11.449,0.012,0,0.260,11.182,0.032,0,0.326,12.199,0.016,0,12.039,0.037,0,11.709,0.012,0,11.508,0.032,0,11.489,0.011,0,11.276,0.035,2,11.377,0.011,1,11.175,0.042,3,11.310,0.011,1,11.128,0.048,3,11.263,0.012,1,11.100,0.051,3,11.222,0.014,1,11.082,0.054,3,11.184,0.014,3,11.070,0.057,3,1111074301351023782,0.063000,-0.2,1,11.466,0.022,11.185,0.020,8.628,0.022,6.437,0.048,709914239,0.296218,-34.6,1,0.49,13.766,0.0710,12.908,0.0864,12.491,0.0531,-0.1059924217498420,0.2512508672994630,-0.9621011424028511,111022110,10214825440086
112.8729414,-74.1754241,0.0456,0.0383,0.0123,285.9233168,-23.3596576,235.1436088,-79.3122169,277.105,617.340,278.916,617.752,299218239000349,02992r239-000349,239,02992r,349,11.486,0.019,57.4,21.4,11.247,0.025,44.0,3.28,12.4,1,0,0.00000,0.00000,0000,0000,3,AA,0,5,0.5,53.680,00,0000,0000,58527.59162922,0,,0,,11.137,2.896,0.000,36.745,4.713,0.000,5126,89.36,2283,51.95,7.50,7.50,11.443,0.016,2,0.260,11.163,0.022,2,0.326,12.176,0.020,2,12.006,0.028,2,11.702,0.016,2,11.489,0.022,2,11.490,0.014,2,11.252,0.026,2,11.383,0.014,3,11.140,0.038,3,11.319,0.014,3,11.088,0.050,3,11.273,0.015,3,11.065,0.059,3,11.236,0.015,3,11.055,0.069,3,11.202,0.016,3,11.046,0.089,3,1111074301351023782,0.071333,-53.1,1,11.466,0.022,11.185,0.020,8.628,0.022,6.437,0.048,709914239,0.317324,-45.2,1,0.49,13.766,0.0710,12.908,0.0864,12.491,0.0531,-0.1059927122003260,0.2512508468294160,-0.9621011157502730,111022110,10214825440086
112.8729196,-74.1754328,0.0420,0.0409,0.0028,285.9233239,-23.3596659,235.1436656,-79.3122170,304.961,967.868,308.077,968.191,299618240000143,02996r240-000143,240,02996r,143,11.533,0.020,53.4,24.1,11.238,0.027,40.3,4.11,13.1,1,0,0.00000,0.00000,0000,0000,3,AA,0,5,0.5,42.465,00,0000,0000,58527.72253294,0,,0,,14.911,4.428,0.000,36.784,4.455,0.000,4912,91.93,2302,57.12,7.50,7.50,11.473,0.013,2,0.260,11.134,0.042,2,0.326,12.198,0.016,0,11.970,0.059,0,11.732,0.013,2,11.460,0.042,2,11.526,0.013,2,11.233,0.036,2,11.424,0.016,3,11.125,0.036,3,11.362,0.024,3,11.068,0.038,3,11.318,0.028,3,11.036,0.040,3,11.283,0.029,3,11.013,0.043,3,11.253,0.030,3,10.991,0.050,3,1111074301351023782,0.082278,-25.7,1,11.466,0.022,11.185,0.020,8.628,0.022,6.437,0.048,709914239,0.326341,-38.6,1,0.50,13.766,0.0710,12.908,0.0864,12.491,0.0531,-0.1059925598208560,0.2512507525558370,-0.9621011571569530,111022110,10214825440086
112.8730704,-74.1754154,0.0500,0.0413,0.0092,285.9233192,-23.3596214,235.1434649,-79.3121923,735.240,559.831,734.065,558.216,304418240000137,03044r240-000137,240,03044r,137,11.519,0.020,53.2,16.3,11.248,0.028,39.4,2.9,8.69,1,0,0.00000,0.00000,0000,0000,3,AA,0,10,1.0,39.237,00,0000,0000,58529.29223130,0,,0,,12.976,3.203,0.000,36.403,5.459,0.000,4976,93.5,2281,57.93,7.50,7.50,11.412,0.024,2,0.260,11.055,0.109,2,0.326,12.132,0.034,0,11.913,0.139,0,11.672,0.024,2,11.381,0.109,2,11.468,0.021,3,11.147,0.093,3,11.365,0.021,3,11.043,0.086,3,11.308,0.022,3,10.991,0.085,3,11.268,0.024,3,10.958,0.086,3,11.232,0.026,3,10.928,0.088,3,11.197,0.028,3,10.902,0.089,3,1111074301351023782,0.184036,-86.4,1,11.466,0.022,11.185,0.020,8.628,0.022,6.437,0.048,709914239,0.400934,-61.3,1,0.55,13.766,0.0710,12.908,0.0864,12.491,0.0531,-0.1059933346684380,0.2512507427905650,-0.9621010743435710,111022110,10214825440086
112.8729528,-74.1754231,0.0444,0.0403,-0.0050,285.9233168,-23.3596543,235.1435950,-79.3122148,776.091,921.976,776.315,920.274,304818241000139,03048r241-000139,241,03048r,139,11.429,0.021,51.3,14,11.283,0.027,40.9,2.56,8.05,1,0,0.00000,0.00000,0000,0000,3,AA,0,10,1.0,50.096,00,0000,0000,58529.42313492,0,,0,,13.710,4.029,0.000,37.174,5.028,0.000,5406,105.3,2208,53.99,7.50,7.50,11.413,0.015,0,0.260,11.150,0.032,0,0.326,12.128,0.017,0,11.975,0.041,0,11.673,0.015,0,11.476,0.032,0,11.481,0.014,2,11.252,0.036,2,11.390,0.014,3,11.148,0.059,3,11.337,0.015,3,11.093,0.083,3,11.301,0.015,3,11.059,0.090,3,11.271,0.016,3,11.035,0.096,3,11.243,0.018,3,11.012,0.104,3,1111074301351023782,0.078707,-60.1,1,11.466,0.022,11.185,0.020,8.628,0.022,6.437,0.048,709914239,0.322899,-47.1,1,0.50,13.766,0.0710,12.908,0.0864,12.491,0.0531,-0.1059927687178870,0.2512508412117750,-0.9621011109908830,111022110,10214825440086
112.8729003,-74.1754304,0.0420,0.0384,0.0095,285.9233197,-23.3596702,235.1436705,-79.3122227,840.270,721.127,839.163,719.086,305618240000133,03056r240-000133,240,03056r,133,11.466,0.019,56.0,18.6,11.240,0.025,43.7,5.48,11.9,1,0,0.00000,0.00000,0000,0000,3,AA,0,10,1.0,46.531,00,0000,0000,58529.68481497,0,,0,,12.883,3.512,0.000,36.085,4.693,0.000,5226,93.23,2297,52.55,7.50,7.50,11.424,0.012,0,0.260,11.099,0.034,2,0.326,12.150,0.016,0,11.919,0.041,2,11.684,0.012,0,11.425,0.034,2,11.481,0.012,0,11.204,0.032,2,11.382,0.012,3,11.099,0.034,3,11.327,0.012,3,11.048,0.037,3,11.287,0.013,3,11.018,0.042,3,11.254,0.014,3,10.991,0.046,3,11.226,0.016,3,10.961,0.050,3,1111074301351023782,0.067612,-14.3,1,11.466,0.022,11.185,0.020,8.628,0.022,6.437,0.048,709914239,0.307904,-36.9,1,0.49,13.766,0.0710,12.908,0.0864,12.491,0.0531,-0.1059924908516890,0.2512508253908150,-0.9621011457344230,111022110,10214825440086
112.8729192,-74.1754094,0.0398,0.0393,0.0093,285.9232996,-23.3596590,235.1435607,-79.3122300,205.572,823.363,208.655,824.066,298418240000123,02984r240-000123,240,02984r,123,11.521,0.018,59.5,31.3,11.273,0.025,43.1,3.51,16.9,1,0,0.00000,0.00000,0000,0000,3,AA,0,5,0.5,44.761,00,0000,0000,58527.32994927,0,,0,,12.736,3.832,0.000,36.596,4.827,0.000,4967,83.5,2229,51.67,7.50,7.50,11.460,0.014,0,0.260,11.167,0.018,4,0.326,12.200,0.018,0,12.006,0.016,2,11.720,0.014,0,11.493,0.018,4,11.506,0.014,0,11.273,0.019,4,11.402,0.014,1,11.183,0.023,5,11.344,0.016,1,11.147,0.030,5,11.304,0.018,1,11.133,0.037,3,11.272,0.020,3,11.124,0.043,3,11.242,0.021,3,11.108,0.049,3,1111074301351023782,0.036656,-106.0,1,11.466,0.022,11.185,0.020,8.628,0.022,6.437,0.048,709914239,0.265505,-50.0,1,0.43,13.766,0.0710,12.908,0.0864,12.491,0.0531,-0.1059927107937300,0.2512511153283700,-0.9621010457872120,111022110,10214825440087
112.8729412,-74.1753969,0.0452,0.0400,-0.0117,285.9232885,-23.3596496,235.1434867,-79.3122319,307.642,54.678,306.941,54.913,299618239000129,02996r239-000129,239,02996r,129,11.509,0.020,53.9,20.9,11.210,0.026,42.3,4.02,12,1,0,0.00000,0.00000,0000,0000,3,AA,0,10,1.0,42.673,00,0000,0000,58527.72240557,0,,0,,15.085,4.236,0.000,36.610,3.705,0.000,5021,93.17,2362,55.81,7.50,7.50,11.428,0.016,2,0.260,11.191,0.024,2,0.326,12.154,0.017,0,12.024,0.030,2,11.688,0.016,2,11.517,0.024,2,11.485,0.022,2,11.287,0.024,2,11.386,0.025,3,11.178,0.028,3,11.332,0.025,3,11.121,0.031,3,11.298,0.026,3,11.088,0.034,3,11.271,0.027,3,11.062,0.038,3,11.246,0.028,3,11.039,0.041,3,1111074301351023782,0.079149,-134.1,1,11.466,0.022,11.185,0.020,8.628,0.022,6.437,0.048,709914239,0.257707,-60.8,1,0.42,13.766,0.0710,12.908,0.0864,12.491,0.0531,-0.1059928888521940,0.2512512680234880,-0.9621009862947630,111022110,10214825440087
112.8729586,-74.1753976,0.0413,0.0402,0.0099,285.9232908,-23.3596452,235.1434757,-79.3122276,372.622,767.917,374.539,767.861,300418240000142,03004r240-000142,240,03004r,142,11.496,0.019,58.2,18.7,11.256,0.026,42.3,4.6,11.3,1,0,0.00000,0.00000,0000,0000,3,AA,0,10,1.0,21.437,00,0000,0000,58527.98421299,0,,0,,13.398,3.494,0.000,35.251,4.500,0.000,5081,87.29,2265,53.5,7.50,7.50,11.424,0.013,0,0.260,11.251,0.033,2,0.326,12.155,0.016,0,12.100,0.033,2,11.683,0.013,0,11.577,0.033,2,11.474,0.012,3,11.336,0.040,3,11.371,0.012,3,11.220,0.045,3,11.312,0.013,3,11.161,0.047,3,11.270,0.014,3,11.128,0.049,3,11.231,0.015,3,11.106,0.052,3,11.194,0.016,3,11.085,0.056,3,1111074301351023782,0.090703,-125.4,1,11.466,0.022,11.185,0.020,8.628,0.022,6.437,0.048,709914239,0.273918,-62.1,1,0.43,13.766,0.0710,12.908,0.0864,12.491,0.0531,-0.1059929605852440,0.2512512250047540,-0.9621009896263411,111022110,10214825440087
112.8729888,-74.1753894,0.0412,0.0411,0.0080,285.9232849,-23.3596349,235.1434143,-79.3122253,450.519,570.224,451.129,569.841,301218239000144,03012r239-000144,239,03012r,144,11.550,0.019,58.2,17.8,11.235,0.024,45.2,3.54,10.3,1,0,0.00000,0.00000,0000,0000,3,AA,0,10,1.0,35.992,00,0000,0000,58528.24589289,0,,0,,13.125,3.507,0.000,36.296,4.978,0.000,4834,83.14,2309,51.04,7.50,7.50,11.467,0.021,2,0.260,11.159,0.066,0,0.326,12.199,0.026,2,12.011,0.062,0,11.727,0.021,2,11.485,0.066,0,11.520,0.019,2,11.241,0.066,2,11.420,0.019,3,11.126,0.066,3,11.365,0.019,3,11.068,0.067,3,11.328,0.019,3,11.034,0.069,3,11.298,0.020,3,11.009,0.073,3,11.271,0.020,3,10.988,0.075,3,1111074301351023782,0.132150,-128.4,1,11.466,0.022,11.185,0.020,8.628,0.022,6.437,0.048,709914239,0.289083,-70.0,1,0.43,13.766,0.0710,12.908,0.0864,12.491,0.0531,-0.1059931465369380,0.2512512960029790,-0.9621009505992720,111022110,10214825440087
112.8728706,-74.1753943,0.0420,0.0429,-0.0030,285.9232796,-23.3596672,235.1435323,-79.3122494,526.771,367.973,526.083,367.267,302018239000255,03020r239-000255,239,03020r,255,11.511,0.019,56.4,17.1,11.266,0.025,44.2,3.79,10.1,1,0,0.00000,0.00000,0000,0000,3,AA,0,10,1.0,55.016,00,0000,0000,58528.50757291,0,,0,,14.299,3.955,0.000,36.455,4.189,0.000,5010,88.75,2243,50.73,7.50,7.50,11.478,0.019,2,0.260,11.206,0.031,2,0.326,12.206,0.026,0,12.033,0.036,2,11.737,0.019,2,11.532,0.031,2,11.536,0.016,2,11.312,0.031,2,11.441,0.016,3,11.217,0.035,3,11.385,0.016,3,11.178,0.048,3,11.348,0.017,3,11.168,0.061,3,11.317,0.017,3,11.165,0.073,3,11.287,0.018,3,11.155,0.082,3,1111074301351023782,0.065635,169.0,1,11.466,0.022,11.185,0.020,8.628,0.022,6.437,0.048,709914239,0.194326,-53.2,1,0.36,13.766,0.0710,12.908,0.0864,12.491,0.0531,-0.1059925962293080,0.2512514388538450,-0.9621009739203280,111022110,10214825440087
112.8728925,-74.1754004,0.0450,0.0426,-0.0120,285.9232879,-23.3596633,235.1435420,-79.3122411,585.790,962.145,587.258,961.275,302818243000144,03028r243-000144,243,03028r,144,11.471,0.022,48.7,17.4,11.211,0.030,36.7,4.43,10.7,1,0,0.00000,0.00000,0000,0000,3,AA,0,10,1.0,38.867,00,0000,0000,58528.76887082,0,,0,,13.936,3.260,0.971,36.651,4.448,0.000,5200,106.8,2360,64.32,7.50,7.50,11.452,0.014,0,0.260,11.266,0.035,2,0.326,12.167,0.017,0,12.091,0.041,2,11.712,0.014,0,11.592,0.035,2,11.512,0.013,0,11.366,0.034,2,11.412,0.013,1,11.251,0.038,3,11.354,0.013,1,11.184,0.042,3,11.313,0.013,3,11.143,0.045,3,11.280,0.014,3,11.113,0.049,3,11.253,0.015,3,11.088,0.052,3,1111074301351023782,0.043429,-168.0,1,11.466,0.022,11.185,0.020,8.628,0.022,6.437,0.048,709914239,0.224742,-52.0,1,0.39,13.766,0.0710,12.908,0.0864,12.491,0.0531,-0.1059926524510270,0.2512513039645650,-0.9621010029526530,111022110,10214825440087
112.8728322,-74.1753911,0.0422,0.0381,-0.0061,285.9232728,-23.3596762,235.1435491,-79.3122599,629.674,409.339,628.541,408.165,303218242000152,03032r242-000152,242,03032r,152,11.518,0.019,58.5,19.9,11.324,0.026,42.0,4.3,11.8,1,0,0.00000,0.00000,0000,0000,3,AA,0,10,1.0,29.105,00,0000,0000,58528.89964716,0,,0,,11.540,3.835,0.000,35.967,4.002,0.000,4978,85.07,2128,50.62,7.50,7.50,11.440,0.014,0,0.260,11.253,0.062,0,0.326,12.173,0.017,0,12.080,0.081,0,11.700,0.014,0,11.579,0.062,0,11.489,0.013,2,11.352,0.055,0,11.380,0.015,3,11.242,0.053,1,11.316,0.020,3,11.188,0.053,3,11.271,0.024,3,11.156,0.055,3,11.234,0.025,3,11.134,0.059,3,11.200,0.026,3,11.117,0.064,3,1111074301351023782,0.091030,146.6,1,11.466,0.022,11.185,0.020,8.628,0.022,6.437,0.048,709914239,0.157793,-48.4,1,0.34,13.766,0.0710,12.908,0.0864,12.491,0.0531,-0.1059924487246100,0.2512515593994600,-0.9621009586902510,111022110,10214825440087
112.8728581,-74.1754190,0.0404,0.0377,-0.0090,285.9233042,-23.3596778,235.1436535,-79.3122386,652.662,760.584,652.882,759.323,303618240000160,03036r240-000160,240,03036r,160,11.508,0.019,55.7,19.5,11.220,0.023,48.1,4.23,12.2,1,0,0.00000,0.00000,0000,0000,3,AA,0,10,1.0,23.118,00,0000,0000,58529.03055139,0,,0,,13.149,3.999,0.000,36.891,5.163,0.000,5028,90.18,2342,48.66,7.50,7.50,11.463,0.015,1,0.260,11.102,0.038,3,0.326,12.184,0.018,1,11.907,0.034,3,11.723,0.015,1,11.428,0.038,3,11.516,0.015,3,11.231,0.051,3,11.412,0.015,3,11.146,0.065,3,11.350,0.019,3,11.096,0.070,3,11.302,0.021,3,11.057,0.075,3,11.257,0.022,3,11.022,0.078,3,11.215,0.023,3,10.989,0.083,3,1111074301351023782,0.034803,45.3,1,11.466,0.022,11.185,0.020,8.628,0.022,6.437,0.048,709914239,0.250356,-35.0,1,0.45,13.766,0.0710,12.908,0.0864,12.491,0.0531,-0.1059923802033980,0.2512510798322060,-0.9621010914773820,111022110,10214825440087
112.8729118,-74.1754081,0.0473,0.0440,0.0101,285.9232976,-23.3596605,235.1435609,-79.3122324,875.274,164.778,871.560,162.539,306018240000147,03060r240-000147,240,03060r,147,11.481,0.020,53.2,18.7,11.295,0.027,40.4,4.45,11.4,1,0,0.00000,0.00000,0000,0000,3,AA,0,10,1.0,35.046,00,0000,0000,58529.81559126,0,,0,,11.607,3.543,0.000,36.682,3.858,0.000,5151,96.9,2184,54.07,7.50,7.50,11.416,0.015,2,0.260,11.256,0.034,2,0.326,12.169,0.019,0,12.102,0.035,2,11.675,0.015,2,11.582,0.034,2,11.461,0.014,2,11.348,0.043,2,11.353,0.014,3,11.235,0.051,3,11.291,0.015,3,11.169,0.053,3,11.245,0.015,3,11.122,0.055,3,11.206,0.016,3,11.084,0.062,3,11.173,0.017,3,11.050,0.075,3,1111074301351023782,0.031633,-117.8,1,11.466,0.022,11.185,0.020,8.628,0.022,6.437,0.048,709914239,0.256933,-49.8,1,0.43,13.766,0.0710,12.908,0.0864,12.491,0.0531,-0.1059926868283780,0.2512511491307090,-0.9621010395999990,111022110,10214825440087
112.8727218,-74.1754125,0.0471,0.0409,0.0123,285.9232853,-23.3597113,235.1437350,-79.3122732,708.075,883.973,708.540,882.544,6255401021000141,62554a021-000141,21,62554a,141,11.534,0.021,52.7,20.2,11.395,0.027,39.6,3.23,11.2,1,0,0.00000,0.00000,0000,0000,3,AA,0,10,1.0,50.402,00,0000,0000,57242.76270407,0,,0,,13.263,3.949,0.000,36.704,5.373,0.000,4903,92.97,1996,50.46,7.50,7.50,11.544,0.013,2,0.260,11.268,0.056,2,0.326,12.267,0.016,2,12.096,0.053,2,11.804,0.013,2,11.594,0.056,2,11.597,0.014,3,11.369,0.060,3,11.498,0.015,3,11.263,0.062,3,11.444,0.016,3,11.211,0.066,3,11.402,0.017,3,11.178,0.072,3,11.364,0.017,3,11.148,0.084,3,11.330,0.018,3,11.122,0.100,3,1111074301351023782,0.158547,89.6,1,11.466,0.022,11.185,0.020,8.628,0.022,6.437,0.048,709914239,0.182054,-3.0,1,0.39,13.766,0.0710,12.908,0.0864,12.491,0.0531,-0.1059918249297830,0.2512514325397930,-0.9621010605413320,111022110,10214825440085
112.8727459,-74.1754227,0.0458,0.0375,-0.0022,285.9232981,-23.3597081,235.1437612,-79.3122621,947.359,304.193,943.850,301.632,6252601021000137,62526a021-000137,21,62526a,137,11.565,0.018,59.3,18.1,11.312,0.030,36.5,2.4,10.9,1,0,0.00000,0.00000,0000,0000,3,AA,0,10,1.0,50.381,00,0000,0000,57241.84421626,0,,0,,13.449,3.360,0.000,36.355,4.818,0.000,4767,80.39,2153,59.06,7.50,7.50,11.508,0.013,0,0.260,11.433,0.039,2,0.326,12.235,0.016,0,12.247,0.038,2,11.767,0.013,0,11.759,0.039,2,11.559,0.013,2,11.555,0.046,2,11.458,0.013,3,11.459,0.048,3,11.402,0.014,3,11.395,0.049,3,11.363,0.015,3,11.344,0.054,3,11.331,0.017,3,11.303,0.059,3,11.300,0.018,3,11.266,0.063,3,1111074301351023782,0.140081,74.3,1,11.466,0.022,11.185,0.020,8.628,0.022,6.437,0.048,709914239,0.221040,-8.7,1,0.42,13.766,0.0710,12.908,0.0864,12.491,0.0531,-0.1059918640394430,0.2512512301477630,-0.9621011090871270,111022110,10214825440085
112.8727399,-74.1754146,0.0446,0.0420,0.0088,285.9232891,-23.3597072,235.1437297,-79.3122679,806.057,889.134,805.922,887.363,6254201021000164,62542a021-000164,21,62542a,164,11.564,0.021,51.6,20.3,11.403,0.028,39.2,6.56,13.1,1,0,0.00000,0.00000,0000,0000,3,AA,0,5,0.5,27.352,00,0000,0000,57242.36910251,0,,0,,13.230,3.618,0.000,36.409,4.854,0.000,4771,92.41,1980,50.48,7.50,7.50,11.513,0.013,0,0.260,11.281,0.034,2,0.326,12.245,0.016,0,12.116,0.038,2,11.773,0.013,0,11.607,0.034,2,11.565,0.012,2,11.375,0.034,2,11.465,0.012,3,11.272,0.038,3,11.407,0.013,3,11.224,0.044,3,11.365,0.015,3,11.193,0.049,3,11.332,0.018,3,11.167,0.056,3,11.301,0.019,3,11.136,0.062,3,1111074301351023782,0.141040,86.5,1,11.466,0.022,11.185,0.020,8.628,0.022,6.437,0.048,709914239,0.191331,-8.2,1,0.39,13.766,0.0710,12.908,0.0864,12.491,0.0531,-0.1059918905950990,0.2512513665663320,-0.9621010705360570,111022110,10214825440085
112.8727435,-74.1754151,0.0491,0.0458,-0.0109,285.9232900,-23.3597064,235.1437290,-79.3122668,841.309,287.021,838.394,284.931,6253801021000153,62538a021-000153,21,62538a,153,11.573,0.021,51.3,14.4,11.343,0.029,37.5,3.33,8.48,1,0,0.00000,0.00000,0000,0000,3,AA,0,10,1.0,26.520,00,0000,0000,57242.23781726,0,,0,,13.688,4.493,0.000,37.117,4.841,0.000,4732,92.27,2093,55.77,7.50,7.50,11.549,0.018,2,0.260,11.326,0.036,2,0.326,12.276,0.019,2,12.155,0.048,2,11.809,0.018,2,11.652,0.036,2,11.602,0.018,2,11.429,0.036,2,11.500,0.018,3,11.325,0.044,3,11.440,0.019,3,11.273,0.052,3,11.396,0.021,3,11.243,0.061,3,11.356,0.024,3,11.221,0.072,3,11.318,0.025,3,11.203,0.081,3,1111074301351023782,0.137638,85.6,1,11.466,0.022,11.185,0.020,8.628,0.022,6.437,0.048,709914239,0.193645,-9.2,1,0.39,13.766,0.0710,12.908,0.0864,12.491,0.0531,-0.1059919031183150,0.2512513521709170,-0.9621010729157530,111022110,10214825440085
112.8727929,-74.1754247,0.0428,0.0387,-0.0040,285.9233043,-23.3596964,235.1437321,-79.3122503,986.526,620.052,984.145,617.345,6252201021000128,62522a021-000128,21,62522a,128,11.558,0.020,55.5,21.7,11.386,0.027,40.8,6.69,13.9,1,0,0.00000,0.00000,0000,0000,3,AA,0,10,1.0,49.194,00,0000,0000,57241.71305832,0,,0,,14.147,4.151,0.000,37.604,4.655,0.000,4796,86.37,2012,49.34,7.50,7.50,11.492,0.016,0,0.260,11.364,0.026,2,0.326,12.222,0.017,0,12.212,0.032,2,11.752,0.016,0,11.690,0.026,2,11.542,0.018,2,11.452,0.026,2,11.436,0.018,3,11.339,0.029,3,11.377,0.018,3,11.277,0.034,3,11.337,0.019,3,11.239,0.042,3,11.306,0.020,3,11.211,0.048,3,11.275,0.020,3,11.180,0.054,3,1111074301351023782,0.099502,63.1,1,11.466,0.022,11.185,0.020,8.628,0.022,6.437,0.048,709914239,0.239284,-19.4,1,0.43,13.766,0.0710,12.908,0.0864,12.491,0.0531,-0.1059920570884680,0.2512511122590660,-0.9621011186059070,111022110,10214825440085
112.8728640,-74.1754289,0.0527,0.0412,0.0036,285.9233150,-23.3596792,235.1436932,-79.3122318,441.057,257.430,440.434,257.109,6258601021000155,62586a021-000155,21,62586a,155,11.570,0.020,53.7,16.2,11.391,0.030,36.3,2.66,8.94,1,0,0.00000,0.00000,0000,0000,3,AA,0,10,1.0,51.101,00,0000,0000,57243.81222203,0,,0,,14.723,4.233,0.000,37.125,5.031,0.000,4742,88.24,2004,55.18,7.50,7.50,11.590,0.015,2,0.260,11.322,0.057,2,0.326,12.340,0.019,2,12.143,0.076,2,11.849,0.015,2,11.648,0.057,2,11.633,0.014,2,11.424,0.053,2,11.522,0.014,3,11.311,0.051,3,11.458,0.014,3,11.253,0.052,3,11.416,0.015,3,11.223,0.055,3,11.382,0.016,3,11.205,0.059,3,11.350,0.018,3,11.188,0.063,3,1111074301351023782,0.063035,17.5,1,11.466,0.022,11.185,0.020,8.628,0.022,6.437,0.048,709914239,0.283319,-31.8,1,0.48,13.766,0.0710,12.908,0.0864,12.491,0.0531,-0.1059923414607380,0.2512509157500120,-0.9621011385953410,111022110,10214825440086
112.8728942,-74.1754306,0.0468,0.0465,-0.0121,285.9233194,-23.3596718,235.1436763,-79.3122240,907.634,907.890,907.054,905.626,6253001021000149,62530a021-000149,21,62530a,149,11.565,0.024,45.0,14.6,11.351,0.028,38.7,4.89,9.42,1,0,0.00000,0.00000,0000,0000,3,AA,0,10,1.0,43.710,00,0000,0000,57241.97550147,0,,0,,13.222,3.279,0.000,36.831,4.161,0.000,4766,105.9,2079,53.72,7.50,7.50,11.513,0.023,0,0.260,11.326,0.030,2,0.326,12.241,0.032,0,12.137,0.035,2,11.773,0.023,0,11.652,0.030,2,11.565,0.020,2,11.448,0.030,2,11.463,0.019,3,11.359,0.034,3,11.403,0.019,3,11.321,0.046,3,11.363,0.020,3,11.306,0.060,3,11.328,0.020,3,11.296,0.068,3,11.291,0.021,3,11.283,0.073,3,1111074301351023782,0.067099,-9.2,1,11.466,0.022,11.185,0.020,8.628,0.022,6.437,0.048,709914239,0.304929,-35.9,1,0.49,13.766,0.0710,12.908,0.0864,12.491,0.0531,-0.1059924627968910,0.2512508335810170,-0.9621011466863000,111022110,10214825440086
112.8730581,-74.1754281,0.0443,0.0400,0.0072,285.9233313,-23.3596284,235.1435320,-79.3121881,637.399,258.719,635.619,257.534,6256201021000142,62562a021-000142,21,62562a,142,11.571,0.019,56.9,16.9,11.398,0.025,43.2,3.86,9.9,1,0,0.00000,0.00000,0000,0000,3,AA,0,10,1.0,40.425,00,0000,0000,57243.02501994,0,,0,,12.869,3.600,0.000,36.187,4.230,0.000,4737,83.3,1990,46.09,7.50,7.50,11.484,0.014,2,0.260,11.284,0.026,2,0.326,12.208,0.017,0,12.124,0.035,0,11.744,0.014,2,11.610,0.026,2,11.545,0.014,2,11.376,0.026,2,11.446,0.015,3,11.263,0.030,3,11.389,0.016,3,11.201,0.035,3,11.348,0.018,3,11.161,0.040,3,11.315,0.019,3,11.126,0.046,3,11.289,0.022,3,11.092,0.054,3,1111074301351023782,0.180895,-71.6,1,11.466,0.022,11.185,0.020,8.628,0.022,6.437,0.048,709914239,0.414808,-55.0,1,0.58,13.766,0.0710,12.908,0.0864,12.491,0.0531,-0.1059931978403200,0.2512505690571720,-0.9621011347878300,111022110,10214825440086
112.8728272,-74.1754110,0.0426,0.0383,0.0036,285.9232931,-23.3596834,235.1436426,-79.3122501,478.173,558.598,478.587,558.092,6258201021000138,62582a021-000138,21,62582a,138,11.588,0.018,59.9,19.5,11.329,0.023,46.8,5.09,12.1,1,0,0.00000,0.00000,0000,0000,3,AA,0,10,1.0,47.722,00,0000,0000,57243.68106409,0,,0,,13.575,3.483,0.000,37.075,4.390,0.000,4667,77.87,2120,45.3,7.50,7.50,11.480,0.013,0,0.260,11.261,0.035,0,0.326,12.229,0.016,0,12.105,0.034,0,11.740,0.013,0,11.587,0.035,0,11.525,0.012,2,11.358,0.040,0,11.419,0.012,3,11.249,0.047,3,11.357,0.013,3,11.187,0.055,3,11.312,0.015,3,11.144,0.061,3,11.273,0.017,3,11.109,0.065,3,11.233,0.018,3,11.075,0.069,3,1111074301351023782,0.055242,94.5,1,11.466,0.022,11.185,0.020,8.628,0.022,6.437,0.048,709914239,0.209539,-32.7,1,0.39,13.766,0.0710,12.908,0.0864,12.491,0.0531,-0.1059922969161190,0.2512512607664720,-0.9621010534022419,111022110,10214825440087
112.8727889,-74.1753633,0.0494,0.0478,0.0107,285.9232401,-23.3596792,235.1434593,-79.3122851,674.067,574.582,673.384,573.212,6255801021000157,62558a021-000157,21,62558a,157,11.650,0.023,47.2,20.8,11.422,0.032,34.3,4.03,12.7,1,0,0.00000,0.00000,0000,0000,3,AA,0,10,1.0,49.132,00,0101,0000,57242.89386200,0,,0,,12.810,4.027,0.000,37.207,4.752,0.000,4408,93.41,1947,56.81,7.50,7.50,11.610,0.029,2,0.260,11.379,0.081,2,0.326,12.370,0.036,2,12.209,0.113,2,11.870,0.029,2,11.705,0.081,2,11.647,0.028,2,11.481,0.076,2,11.533,0.029,3,11.380,0.082,3,11.470,0.030,3,11.332,0.090,3,11.429,0.031,3,11.299,0.095,3,11.393,0.033,3,11.268,0.099,3,11.355,0.036,3,11.239,0.104,3,1111074301351023782,0.198943,152.2,1,11.466,0.022,11.185,0.020,8.628,0.022,6.437,0.048,709914239,0.075638,-86.5,1,0.22,13.766,0.0710,12.908,0.0864,12.491,0.0531,-0.1059924402906540,0.2512520696081870,-0.9621008263788340,111022110,10214825440087
112.8728676,-74.1754032,0.0408,0.0399,0.0079,285.9232886,-23.3596706,235.1435748,-79.3122452,299.720,746.400,301.973,746.651,6260201021000172,62602a021-000172,21,62602a,172,11.598,0.018,60.9,18.9,11.390,0.025,43.7,3.46,10.2,1,0,0.00000,0.00000,0000,0000,3,AA,0,10,1.0,25.785,00,0000,0000,57244.33710832,0,,0,,13.233,3.210,0.000,36.417,4.003,0.000,4623,75.86,2006,45.9,7.50,7.50,11.529,0.012,0,0.260,11.283,0.027,2,0.326,12.264,0.016,0,12.133,0.032,0,11.788,0.012,0,11.609,0.027,2,11.575,0.012,0,11.370,0.027,2,11.467,0.012,1,11.256,0.029,3,11.402,0.012,1,11.196,0.033,3,11.357,0.013,1,11.157,0.037,3,11.322,0.014,3,11.129,0.041,3,11.289,0.014,3,11.110,0.047,3,1111074301351023782,0.035879,154.6,1,11.466,0.022,11.185,0.020,8.628,0.022,6.437,0.048,709914239,0.212913,-45.8,1,0.38,13.766,0.0710,12.908,0.0864,12.491,0.0531,-0.1059925249854940,0.2512513067074200,-0.9621010162789631,111022110,10214825440087
112.8729917,-74.1754053,0.0470,0.0414,-0.0081,285.9233017,-23.3596389,235.1434834,-79.3122158,569.799,561.799,569.683,560.889,6257001021000141,62570a021-000141,21,62570a,141,11.589,0.019,56.2,18.5,11.396,0.028,38.5,2.27,9.86,1,0,0.00000,0.00000,0000,0000,3,AA,0,10,1.0,25.174,00,0000,0000,57243.28746304,0,,0,,13.700,3.580,0.000,37.112,5.598,0.000,4660,82.97,1994,51.74,7.50,7.50,11.493,0.014,2,0.260,11.299,0.082,2,0.326,12.232,0.017,0,12.126,0.086,2,11.753,0.014,2,11.625,0.082,2,11.546,0.013,3,11.408,0.083,3,11.444,0.015,3,11.314,0.087,3,11.383,0.017,3,11.269,0.093,3,11.340,0.019,3,11.240,0.101,3,11.304,0.020,3,11.209,0.109,3,11.270,0.022,3,11.182,0.117,3,1111074301351023782,0.109276,-103.1,1,11.466,0.022,11.185,0.020,8.628,0.022,6.437,0.048,709914239,0.315742,-60.4,1,0.48,13.766,0.0710,12.908,0.0864,12.491,0.0531,-0.1059930554776140,0.2512510446418570,-0.9621010262736940,111022110,10214825440087
112.8729638,-74.1754054,0.0438,0.0394,-0.0059,285.9232994,-23.3596462,235.1435065,-79.3122221,399.012,865.905,401.200,865.744,6259001021000184,62590a021-000184,21,62590a,184,11.484,0.021,51.0,21.5,11.392,0.026,42.0,4.79,11.9,1,0,0.00000,0.00000,0000,0000,3,AA,0,10,1.0,46.404,00,0000,0000,57243.94350723,0,,0,,14.599,4.292,0.000,36.965,4.768,0.000,5136,100.8,2001,47.65,7.50,7.50,11.674,0.014,2,0.260,11.268,0.044,0,0.326,12.439,0.019,2,12.116,0.047,0,11.933,0.014,2,11.594,0.044,0,11.706,0.014,2,11.352,0.042,0,11.593,0.014,3,11.234,0.041,3,11.526,0.015,3,11.173,0.043,3,11.476,0.016,3,11.136,0.046,3,11.433,0.017,3,11.101,0.048,3,11.391,0.018,3,11.065,0.050,3,1111074301351023782,0.082731,-107.2,1,11.466,0.022,11.185,0.020,8.628,0.022,6.437,0.048,709914239,0.292429,-57.7,1,0.46,13.766,0.0710,12.908,0.0864,12.491,0.0531,-0.1059929324790140,0.2512510947076660,-0.9621010267496330,111022110,10214825440087
112.8729310,-74.1754016,0.0449,0.0457,-0.0057,285.9232925,-23.3596536,235.1435161,-79.3122317,539.525,263.710,538.353,262.958,6257401021000176,62574a021-000176,21,62574a,176,11.568,0.021,52.8,18,11.386,0.028,39.3,3.83,10.1,1,0,0.00000,0.00000,0000,0000,3,AA,0,10,1.0,28.700,00,0000,0000,57243.41862103,0,,0,,14.041,4.036,0.000,37.028,4.803,0.000,4752,90.02,2011,51.21,7.50,7.50,11.544,0.018,2,0.260,11.290,0.048,2,0.326,12.295,0.024,2,12.118,0.050,0,11.803,0.018,2,11.616,0.048,2,11.594,0.017,2,11.404,0.053,2,11.494,0.018,3,11.309,0.054,3,11.436,0.020,3,11.256,0.055,3,11.396,0.020,3,11.218,0.057,3,11.365,0.021,3,11.189,0.061,3,11.337,0.023,3,11.168,0.067,3,1111074301351023782,0.060406,-129.2,1,11.466,0.022,11.185,0.020,8.628,0.022,6.437,0.048,709914239,0.257963,-56.5,1,0.42,13.766,0.0710,12.908,0.0864,12.491,0.0531,-0.1059928134476060,0.2512512141767900,-0.9621010086639290,111022110,10214825440087
112.8729153,-74.1754136,0.0409,0.0398,-0.0050,285.9233036,-23.3596613,235.1435828,-79.3122286,599.213,870.011,600.254,869.000,6256601021000141,62566a021-000141,21,62566a,141,11.575,0.019,58.4,24.7,11.424,0.032,34.2,3.35,14.1,1,0,0.00000,0.00000,0000,0000,3,AA,0,10,1.0,31.023,00,0000,0000,57243.15630520,0,,0,,15.077,4.257,0.000,36.756,4.084,0.000,4720,80.85,1942,56.86,7.50,7.50,11.488,0.013,2,0.260,11.386,0.091,2,0.326,12.225,0.016,0,12.252,0.134,2,11.748,0.013,2,11.712,0.091,2,11.540,0.012,3,11.465,0.079,3,11.438,0.013,3,11.336,0.076,3,11.378,0.013,3,11.261,0.079,3,11.336,0.014,3,11.208,0.082,3,11.302,0.016,3,11.161,0.083,3,11.271,0.017,3,11.115,0.083,3,1111074301351023782,0.031816,-80.9,1,11.466,0.022,11.185,0.020,8.628,0.022,6.437,0.048,709914239,0.272651,-47.1,1,0.45,13.766,0.0710,12.908,0.0864,12.491,0.0531,-0.1059926662790880,0.2512510575628620,-0.9621010657766640,111022110,10214825440087
112.8728241,-74.1754031,0.0466,0.0440,0.0120,285.9232846,-23.3596819,235.1436096,-79.3122551,748.052,271.134,745.653,269.440,6255001021000148,62550a021-000148,21,62550a,148,11.588,0.019,55.8,19.3,11.386,0.028,38.6,2.44,9.65,1,0,0.00000,0.00000,0000,0000,3,AA,0,10,1.0,44.450,00,0000,0000,57242.63141882,0,,0,,13.215,3.834,0.000,37.035,5.690,0.000,4666,83.62,2013,52.11,7.50,7.50,11.489,0.013,2,0.260,11.253,0.035,2,0.326,12.220,0.016,0,12.088,0.040,2,11.749,0.013,2,11.579,0.035,2,11.547,0.014,2,11.344,0.037,2,11.451,0.017,3,11.228,0.043,3,11.399,0.021,3,11.169,0.048,3,11.365,0.022,3,11.138,0.054,3,11.340,0.024,3,11.111,0.058,3,11.320,0.025,3,11.079,0.062,3,1111074301351023782,0.066714,119.4,1,11.466,0.022,11.185,0.020,8.628,0.022,6.437,0.048,709914239,0.184398,-36.6,1,0.36,13.766,0.0710,12.908,0.0864,12.491,0.0531,-0.1059923348835690,0.2512513887259530,-0.9621010158030230,111022110,10214825440087
112.8727751,-74.1754395,0.0474,0.0407,-0.0034,285.9233181,-23.3597055,235.1438130,-79.3122462,332.681,134.108,332.195,134.260,6259801021000155,62598a021-000155,21,62598a,155,11.552,0.020,55.2,18.3,11.393,0.026,41.9,4.27,10.9,1,0,0.00000,0.00000,0000,0000,3,AA,0,10,1.0,28.071,00,0000,0000,57244.20582307,0,,0,,12.980,3.504,0.000,37.099,4.206,0.000,4825,87.41,1998,47.71,7.50,7.50,11.531,0.017,3,0.260,11.320,0.033,3,0.326,12.259,0.021,2,12.137,0.033,2,11.791,0.017,3,11.646,0.033,3,11.584,0.015,3,11.429,0.040,3,11.483,0.015,3,11.327,0.045,3,11.423,0.015,3,11.270,0.048,3,11.378,0.016,3,11.229,0.050,3,11.338,0.017,3,11.191,0.052,3,11.299,0.018,3,11.157,0.055,3,1111074301351023782,0.144712,47.2,1,11.466,0.022,11.185,0.020,8.628,0.022,6.437,0.048,709914239,0.285794,-12.5,1,0.48,13.766,0.0710,12.908,0.0864,12.491,0.0531,-0.1059918824366770,0.2512509162093410,-0.9621011890448410,111022110,10214825440092
112.8728625,-74.1754599,0.0454,0.0420,0.0100,285.9233471,-23.3596888,235.1438338,-79.3122150,363.238,444.960,363.851,444.977,6259401021000168,62594a021-000168,21,62594a,168,11.644,0.018,58.7,19.4,11.346,0.027,39.9,3.63,11.5,1,0,0.00000,0.00000,0000,0000,3,AA,0,10,1.0,36.386,00,0000,0000,57244.07466517,0,,0,,14.053,3.419,0.000,36.183,4.453,0.000,4433,75.47,2087,52.28,7.50,7.50,11.560,0.013,1,0.260,11.356,0.046,3,0.326,12.307,0.016,1,12.229,0.061,3,11.819,0.013,1,11.682,0.046,3,11.599,0.012,1,11.441,0.049,3,11.487,0.012,3,11.330,0.062,3,11.425,0.013,3,11.270,0.068,3,11.384,0.014,3,11.223,0.070,3,11.351,0.015,3,11.179,0.072,3,11.322,0.016,3,11.134,0.075,3,1111074301351023782,0.172930,6.8,1,11.466,0.022,11.185,0.020,8.628,0.022,6.437,0.048,709914239,0.382155,-22.7,1,0.58,13.766,0.0710,12.908,0.0864,12.491,0.0531,-0.1059921325528990,0.2512504389088380,-0.9621012861362390,111022110,10214825440094
112.8726974,-74.1754065,0.0444,0.0407,0.0165,285.9232769,-23.3597159,235.1437278,-79.3122821,148.105,745.722,151.214,746.648,9568701014000146,95687a014-000146,14,95687a,146,11.527,0.019,57.7,20.7,11.300,0.024,44.7,3.61,11.4,1,0,0.00000,0.00000,0000,0000,3,AA,0,10,1.0,51.547,00,0000,0000,58327.82218346,0,,0,,13.586,3.183,0.000,43.560,4.794,0.000,4938,85.52,2175,48.6,7.50,7.50,11.463,0.013,2,0.260,11.201,0.023,0,0.326,12.205,0.017,0,12.047,0.028,0,11.723,0.013,2,11.527,0.023,0,11.517,0.012,2,11.291,0.024,0,11.424,0.012,3,11.181,0.028,3,11.374,0.013,3,11.127,0.036,3,11.340,0.014,3,11.098,0.050,3,11.310,0.015,3,11.077,0.059,3,11.280,0.016,3,11.056,0.062,3,1111074301351023782,0.183647,96.4,1,11.466,0.022,11.185,0.020,8.628,0.022,6.437,0.048,709914239,0.160840,5.1,1,0.36,13.766,0.0710,12.908,0.0864,12.491,0.0531,-0.1059917570921450,0.2512515705064940,-0.9621010319849680,111022110,10214825440085
112.8727045,-74.1754274,0.0489,0.0451,0.0147,285.9232993,-23.3597203,235.1438160,-79.3122689,340.424,349.143,340.771,349.257,9566301013000151,95663a013-000151,13,95663a,151,11.556,0.020,54.9,19.9,11.355,0.033,33.4,3.08,11.3,1,0,0.00000,0.00000,0000,0000,3,AA,0,10,1.0,43.904,00,0000,0000,58327.03689155,0,,0,,15.522,3.765,0.000,44.524,4.901,0.000,4807,87.56,2067,61.91,7.50,7.50,11.480,0.018,0,0.260,11.304,0.123,2,0.326,12.227,0.026,0,12.127,0.154,2,11.739,0.018,0,11.630,0.123,2,11.520,0.016,0,11.406,0.113,2,11.410,0.015,1,11.299,0.113,3,11.345,0.016,1,11.246,0.114,3,11.300,0.017,1,11.222,0.116,3,11.265,0.018,1,11.210,0.121,3,11.231,0.018,3,11.201,0.129,3,1111074301351023782,0.183859,72.7,1,11.466,0.022,11.185,0.020,8.628,0.022,6.437,0.048,709914239,0.235555,1.8,1,0.44,13.766,0.0710,12.908,0.0864,12.491,0.0531,-0.1059916518180900,0.2512512340177880,-0.9621011314562580,111022110,10214825440092
112.8729103,-74.1754154,0.0420,0.0420,0.0086,285.9233050,-23.3596631,235.1435949,-79.3122287,284.400,204.525,284.431,204.948,1412818240000135,14128r240-000135,240,14128r,135,11.530,0.019,55.9,15.8,11.224,0.023,46.7,3.98,9.41,1,0,0.00000,0.00000,0000,0000,3,AA,0,10,1.0,35.002,00,0000,0000,58891.82264785,0,,0,,13.763,3.638,0.000,37.534,4.351,0.000,4923,88.02,2332,49.95,7.50,7.50,11.451,0.014,2,0.260,11.159,0.026,2,0.326,12.167,0.018,2,11.987,0.030,2,11.710,0.014,2,11.485,0.026,2,11.509,0.013,2,11.266,0.026,2,11.410,0.013,3,11.171,0.028,3,11.354,0.014,3,11.125,0.032,3,11.314,0.014,3,11.099,0.036,3,11.283,0.015,3,11.078,0.040,3,11.256,0.016,3,11.053,0.044,3,1111074301351023782,0.028901,-66.5,1,11.466,0.022,11.185,0.020,8.628,0.022,6.437,0.048,709914239,0.273592,-45.4,1,0.45,13.766,0.0710,12.908,0.0864,12.491,0.0531,-0.1059926326050750,0.2512510389638060,-0.9621010743435710,111022110,10214825440087
112.8729484,-74.1754122,0.0411,0.0401,0.0101,285.9233051,-23.3596522,235.1435496,-79.3122218,317.968,866.422,320.602,866.645,1413218240000168,14132r240-000168,240,14132r,168,11.507,0.019,57.1,23.4,11.218,0.025,43.9,3.23,12.9,1,0,0.00000,0.00000,0000,0000,3,AA,0,10,1.0,25.763,00,0000,0000,58891.95355144,0,,0,,12.890,3.626,0.000,36.641,3.814,0.000,5031,88.03,2345,53.45,7.50,7.50,11.453,0.013,0,0.260,11.078,0.042,2,0.326,12.185,0.017,0,11.922,0.047,0,11.713,0.013,0,11.404,0.042,2,11.506,0.012,2,11.175,0.042,2,11.406,0.012,2,11.064,0.054,2,11.353,0.013,3,11.006,0.061,3,11.319,0.014,3,10.974,0.065,3,11.292,0.015,3,10.954,0.067,3,11.265,0.016,3,10.936,0.070,3,1111074301351023782,0.063908,-90.0,1,11.466,0.022,11.185,0.020,8.628,0.022,6.437,0.048,709914239,0.294139,-52.1,1,0.47,13.766,0.0710,12.908,0.0864,12.491,0.0531,-0.1059928205653260,0.2512510179904970,-0.9621010591135140,111022110,10214825440087
112.8729386,-74.1753968,0.0451,0.0462,-0.0124,285.9232882,-23.3596502,235.1434883,-79.3122326,351.030,619.592,352.425,619.643,1413618240000160,14136r240-000160,240,14136r,160,11.555,0.020,55.4,15.2,11.256,0.024,44.9,5.14,9.76,1,0,0.00000,0.00000,0000,0000,3,AA,0,10,1.0,24.364,00,0000,0000,58892.08432760,0,,0,,13.741,3.583,0.000,36.941,3.959,0.000,4812,86.91,2265,50.47,7.50,7.50,11.451,0.016,2,0.260,11.105,0.078,2,0.326,12.184,0.020,2,11.958,0.073,0,11.710,0.016,2,11.431,0.078,2,11.507,0.015,3,11.215,0.085,3,11.407,0.015,3,11.124,0.085,3,11.351,0.015,3,11.080,0.085,3,11.313,0.016,3,11.056,0.088,3,11.283,0.016,3,11.038,0.095,3,11.257,0.017,3,11.018,0.101,3,1111074301351023782,0.077594,-135.6,1,11.466,0.022,11.185,0.020,8.628,0.022,6.437,0.048,709914239,0.255304,-60.6,1,0.42,13.766,0.0710,12.908,0.0864,12.491,0.0531,-0.1059928781034520,0.2512512743804400,-0.9621009858188230,111022110,10214825440087
112.8728491,-74.1753787,0.0515,0.0447,0.0214,285.9232614,-23.3596681,235.1434796,-79.3122629,393.639,378.080,393.795,377.980,1414018208000134,14140r208-000134,208,14140r,134,11.518,0.020,53.6,22.8,11.195,0.027,39.7,3.3,12.9,1,0,0.00000,0.00000,0000,0000,3,AA,0,5,0.5,31.891,00,0000,0000,58892.21510382,0,,0,,12.834,3.023,0.000,36.890,5.082,0.000,4981,92.87,2395,60.29,7.50,7.50,11.464,0.013,3,0.260,11.094,0.101,3,0.326,12.202,0.018,3,11.947,0.137,1,11.723,0.013,3,11.420,0.101,3,11.504,0.012,3,11.184,0.090,3,11.393,0.012,3,11.079,0.085,3,11.325,0.012,3,11.029,0.084,3,11.278,0.013,3,10.998,0.084,3,11.238,0.013,3,10.975,0.087,3,11.201,0.014,3,10.950,0.093,3,1111074301351023782,0.125186,164.4,1,11.466,0.022,11.185,0.020,8.628,0.022,6.437,0.048,709914239,0.147408,-65.9,1,0.30,13.766,0.0710,12.908,0.0864,12.491,0.0531,-0.1059926037659010,0.2512517199822290,-0.9621008996736760,111022110,10214825440087
112.8728377,-74.1754171,0.0425,0.0422,-0.0049,285.9233004,-23.3596825,235.1436615,-79.3122443,445.422,129.355,444.195,129.060,1414418240000141,14144r240-000141,240,14144r,141,11.472,0.019,56.5,16.2,11.230,0.027,39.9,4.67,10.6,1,0,0.00000,0.00000,0000,0000,3,AA,0,10,1.0,43.295,00,0000,0000,58892.34587999,0,,0,,14.730,4.422,0.000,37.073,3.866,0.000,5195,92.01,2320,58.22,7.50,7.50,11.435,0.022,0,0.260,11.143,0.028,2,0.326,12.155,0.026,0,11.983,0.038,2,11.694,0.022,0,11.469,0.028,2,11.491,0.023,0,11.234,0.026,2,11.390,0.026,1,11.118,0.027,3,11.333,0.026,3,11.054,0.028,3,11.296,0.028,3,11.014,0.031,3,11.266,0.029,3,10.986,0.033,3,11.236,0.029,3,10.963,0.037,3,1111074301351023782,0.048116,68.5,1,11.466,0.022,11.185,0.020,8.628,0.022,6.437,0.048,709914239,0.233611,-31.9,1,0.42,13.766,0.0710,12.908,0.0864,12.491,0.0531,-0.1059923031470190,0.2512511469663000,-0.9621010824345380,111022110,10214825440087
112.8728200,-74.1754253,0.0463,0.0412,-0.0060,285.9233073,-23.3596896,235.1437128,-79.3122438,512.643,552.779,512.801,552.123,1415218240000122,14152r240-000122,240,14152r,122,11.523,0.019,57.3,13,11.286,0.033,32.7,2.7,7.31,1,0,0.00000,0.00000,0000,0000,3,AA,0,10,1.0,51.531,00,0000,0000,58892.60755604,0,,0,,15.954,4.861,0.000,37.033,5.623,0.000,4958,86.5,2204,67.42,7.50,7.50,11.409,0.015,3,0.260,11.209,0.055,3,0.326,12.131,0.017,2,12.177,0.071,2,11.669,0.015,3,11.535,0.055,3,11.472,0.014,3,11.031,0.043,3,11.375,0.015,3,10.467,0.035,3,11.317,0.016,3,9.987,0.028,3,11.273,0.016,3,9.721,0.025,3,11.233,0.017,3,9.611,0.025,3,11.198,0.018,3,9.573,0.027,3,1111074301351023782,0.078010,52.8,1,11.466,0.022,11.185,0.020,8.628,0.022,6.437,0.048,709914239,0.251337,-25.0,1,0.44,13.766,0.0710,12.908,0.0864,12.491,0.0531,-0.1059921720102110,0.2512510528435730,-0.9621011214615410,111022110,10214825440087
112.8728833,-74.1754016,0.0485,0.0411,-0.0057,285.9232883,-23.3596660,235.1435548,-79.3122425,550.913,294.837,549.790,293.995,1415618240000148,14156r240-000148,240,14156r,148,11.573,0.022,50.1,17.1,11.221,0.023,47.5,3.44,9.72,1,0,0.00000,0.00000,0000,0000,3,AA,0,10,1.0,42.376,00,0000,0000,58892.73833225,0,,0,,12.940,3.424,0.000,36.759,4.434,0.000,4733,94.51,2339,49.21,7.50,7.50,11.471,0.017,2,0.260,11.108,0.027,2,0.326,12.205,0.023,0,11.932,0.029,2,11.731,0.017,2,11.434,0.027,2,11.524,0.015,3,11.216,0.032,3,11.422,0.015,3,11.116,0.039,3,11.364,0.015,3,11.068,0.046,3,11.321,0.016,3,11.042,0.053,3,11.286,0.017,3,11.025,0.062,3,11.252,0.018,3,11.009,0.080,3,1111074301351023782,0.038160,180.0,1,11.466,0.022,11.185,0.020,8.628,0.022,6.437,0.048,709914239,0.220460,-49.7,1,0.39,13.766,0.0710,12.908,0.0864,12.491,0.0531,-0.1059926042753930,0.2512513024180570,-0.9621010086639290,111022110,10214825440087
112.8728318,-74.1753991,0.0446,0.0440,-0.0062,285.9232811,-23.3596787,235.1435854,-79.3122556,588.971,55.108,586.636,54.071,1416018239000152,14160r239-000152,239,14160r,152,11.478,0.022,48.6,18.2,11.217,0.023,46.4,4.3,10.7,1,0,0.00000,0.00000,0000,0000,3,AA,0,10,1.0,31.362,00,0000,0000,58892.86910845,0,,0,,14.100,4.300,0.000,37.255,4.147,0.000,5167,106.3,2348,50.61,7.50,7.50,11.473,0.020,2,0.260,11.134,0.029,2,0.326,12.187,0.020,2,11.962,0.029,2,11.733,0.020,2,11.460,0.029,2,11.527,0.021,2,11.237,0.033,2,11.417,0.021,3,11.134,0.037,3,11.349,0.021,3,11.081,0.039,3,11.303,0.022,3,11.043,0.041,3,11.268,0.025,3,11.008,0.043,3,11.237,0.027,3,10.975,0.046,3,1111074301351023782,0.069138,133.0,1,11.466,0.022,11.185,0.020,8.628,0.022,6.437,0.048,709914239,0.177960,-41.4,1,0.37,13.766,0.0710,12.908,0.0864,12.491,0.0531,-0.1059923947564020,0.2512514363675460,-0.9621009967654370,111022110,10214825440087
112.8728557,-74.1754275,0.0430,0.0400,-0.0051,285.9233128,-23.3596809,235.1436937,-79.3122345,586.828,969.426,588.343,968.557,1416018241000142,14160r241-000142,241,14160r,142,11.450,0.022,49.1,16.7,11.202,0.025,43.8,4.57,10.4,1,0,0.00000,0.00000,0000,0000,3,AA,0,10,1.0,30.876,00,0000,0000,58892.86923581,0,,0,,13.880,3.961,0.000,37.180,4.102,0.000,5301,108,2379,54.37,7.50,7.50,11.441,0.012,0,0.260,11.114,0.025,0,0.326,12.165,0.016,0,11.943,0.030,0,11.701,0.012,0,11.440,0.025,0,11.491,0.012,0,11.207,0.025,2,11.383,0.012,3,11.090,0.026,3,11.321,0.013,3,11.023,0.030,3,11.277,0.014,3,10.978,0.036,3,11.238,0.016,3,10.942,0.043,3,11.205,0.017,3,10.914,0.049,3,1111074301351023782,0.061383,26.2,1,11.466,0.022,11.185,0.020,8.628,0.022,6.437,0.048,709914239,0.274777,-30.9,1,0.47,13.766,0.0710,12.908,0.0864,12.491,0.0531,-0.1059923142014300,0.2512509527643860,-0.9621011319321970,111022110,10214825440087
112.8729355,-74.1754182,0.0525,0.0426,0.0145,285.9233102,-23.3596574,235.1435871,-79.3122215,807.619,395.450,805.343,393.485,1418418240000143,14184r240-000143,240,14184r,143,11.469,0.023,46.9,21.7,11.188,0.033,32.9,2.67,11.3,1,0,0.00000,0.00000,0000,0000,3,AA,0,10,1.0,49.355,00,0000,0001,58893.65402019,0,,0,,13.778,3.935,0.000,36.715,4.238,0.000,5211,111.1,2410,73.19,7.50,7.50,11.571,0.015,2,0.260,11.192,0.079,2,0.326,12.311,0.020,2,12.020,0.083,2,11.831,0.015,2,11.518,0.079,2,11.611,0.014,3,11.283,0.077,3,11.497,0.015,3,11.173,0.075,19,11.431,0.018,3,11.113,0.078,19,11.381,0.022,3,11.073,0.086,19,11.338,0.023,3,11.041,0.090,19,11.300,0.024,3,11.010,0.092,19,1111074301351023782,0.055611,-67.1,1,11.466,0.022,11.185,0.020,8.628,0.022,6.437,0.048,709914239,0.298452,-47.3,1,0.46,13.766,0.0710,12.908,0.0864,12.491,0.0531,-0.1059927248360140,0.2512509490256570,-0.9621010876698680,111022110,10214825440087
112.8728499,-74.1753802,0.0483,0.0482,-0.0159,285.9232631,-23.3596684,235.1434857,-79.3122619,827.084,137.508,823.576,135.476,1418818240000132,14188r240-000132,240,14188r,132,11.473,0.023,46.3,16.9,11.189,0.026,41.5,4.2,9.37,1,0,0.00000,0.00000,0000,0000,3,AA,0,10,1.0,38.158,00,0001,0000,58893.78479638,0,,0,,14.924,4.599,0.000,37.681,4.835,0.000,5188,111.9,2408,58.08,7.50,7.50,11.457,0.017,3,0.260,11.077,0.032,1,0.326,12.179,0.019,2,11.923,0.040,0,11.717,0.017,3,11.403,0.032,1,11.514,0.018,3,11.171,0.030,3,11.412,0.017,3,11.064,0.030,3,11.351,0.018,3,11.010,0.033,3,11.309,0.019,3,10.972,0.038,3,11.276,0.021,3,10.940,0.043,3,11.248,0.022,3,10.910,0.051,3,1111074301351023782,0.119775,164.1,1,11.466,0.022,11.185,0.020,8.628,0.022,6.437,0.048,709914239,0.150398,-64.2,1,0.30,13.766,0.0710,12.908,0.0864,12.491,0.0531,-0.1059925974838780,0.2512516952950700,-0.9621009068127800,111022110,10214825440087
112.8729292,-74.1754157,0.0435,0.0423,0.0086,285.9233070,-23.3596583,235.1435809,-79.3122243,849.323,797.247,848.564,795.145,1419218240000146,14192r240-000146,240,14192r,146,11.498,0.021,50.5,16.1,11.239,0.025,43.9,5.08,10.2,1,0,0.00000,0.00000,0000,0000,3,AA,0,10,1.0,27.992,00,0000,0000,58893.91569990,0,,0,,13.428,3.470,0.000,37.118,4.452,0.000,5071,100.3,2299,52.38,7.50,7.50,11.425,0.014,2,0.260,11.120,0.028,2,0.326,12.144,0.017,0,11.938,0.030,2,11.685,0.014,2,11.446,0.028,2,11.488,0.013,2,11.238,0.032,2,11.392,0.014,3,11.150,0.036,3,11.335,0.015,3,11.105,0.038,3,11.292,0.015,3,11.073,0.043,3,11.256,0.016,3,11.044,0.048,3,11.224,0.016,3,11.017,0.054,3,1111074301351023782,0.046788,-74.4,1,11.466,0.022,11.185,0.020,8.628,0.022,6.437,0.048,709914239,0.287815,-47.8,1,0.46,13.766,0.0710,12.908,0.0864,12.491,0.0531,-0.1059927135265150,0.2512509993588540,-0.9621010757713890,111022110,10214825440087
112.8728466,-74.1754142,0.0447,0.0389,-0.0008,285.9232981,-23.3596793,235.1436413,-79.3122439,887.663,553.899,885.598,551.573,1419618240000158,14196r240-000158,240,14196r,158,11.497,0.020,55.1,14.1,11.268,0.028,39.1,1.84,7.58,1,0,0.00000,0.00000,0000,0000,3,AA,0,10,1.0,23.227,00,0000,0000,58894.04647615,0,,0,,12.011,3.011,0.000,37.413,4.734,0.000,5075,92.09,2240,57.36,7.50,7.50,11.437,0.013,2,0.260,11.131,0.028,2,0.326,12.152,0.016,0,11.939,0.034,2,11.697,0.013,2,11.457,0.028,2,11.498,0.012,2,11.248,0.030,2,11.400,0.013,3,11.154,0.036,3,11.345,0.014,3,11.108,0.046,3,11.307,0.015,3,11.083,0.058,3,11.279,0.017,3,11.065,0.066,3,11.253,0.018,3,11.049,0.072,3,1111074301351023782,0.036741,78.7,1,11.466,0.022,11.185,0.020,8.628,0.022,6.437,0.048,709914239,0.229726,-35.1,1,0.42,13.766,0.0710,12.908,0.0864,12.491,0.0531,-0.1059923611025800,0.2512511753693630,-0.9621010686323000,111022110,10214825440087
112.8729194,-74.1753940,0.0473,0.0460,0.0012,285.9232836,-23.3596544,235.1434913,-79.3122385,999.140,74.285,994.262,71.483,1420418239000137,14204r239-000137,239,14204r,137,11.474,0.023,47.3,10.8,11.190,0.026,42.1,2.68,6.21,1,0,0.00000,0.00000,0000,0000,3,AA,0,10,1.0,40.001,00,0000,0000,58894.30802840,0,,0,,12.169,3.544,0.000,36.394,3.621,0.000,5185,109.5,2407,57.12,7.50,7.50,11.463,0.014,2,0.260,11.104,0.028,2,0.326,12.183,0.018,2,11.945,0.035,2,11.722,0.014,2,11.430,0.028,2,11.524,0.014,2,11.199,0.026,2,11.426,0.016,3,11.089,0.027,2,11.369,0.017,3,11.029,0.028,2,11.330,0.018,3,10.989,0.030,3,11.299,0.019,3,10.958,0.033,3,11.272,0.020,3,10.931,0.037,3,1111074301351023782,0.074490,-151.6,1,11.466,0.022,11.185,0.020,8.628,0.022,6.437,0.048,709914239,0.233935,-60.5,1,0.39,13.766,0.0710,12.908,0.0864,12.491,0.0531,-0.1059928121833520,0.2512513532191100,-0.9621009724925080,111022110,10214825440087
112.8728697,-74.1754146,0.0472,0.0417,0.0143,285.9233006,-23.3596734,235.1436243,-79.3122384,995.277,990.668,994.715,987.963,1420418241000154,14204r241-000154,241,14204r,154,11.486,0.024,46.1,17.6,11.244,0.026,42.5,6.92,11.7,1,0,0.00000,0.00000,0000,0000,3,AA,0,5,0.5,40.503,00,0000,0000,58894.30815576,0,,0,,12.962,3.025,0.000,36.659,3.969,0.000,5128,111.1,2290,53.83,7.50,7.50,11.550,0.014,2,0.260,11.171,0.035,0,0.326,12.316,0.019,2,12.017,0.045,0,11.810,0.014,2,11.497,0.035,0,11.582,0.013,2,11.269,0.032,0,11.467,0.013,3,11.169,0.032,1,11.400,0.013,3,11.121,0.033,3,11.355,0.014,3,11.093,0.035,3,11.318,0.015,3,11.076,0.038,3,11.283,0.015,3,11.063,0.041,3,1111074301351023782,0.015903,57.1,1,11.466,0.022,11.185,0.020,8.628,0.022,6.437,0.048,709914239,0.244590,-39.3,1,0.43,13.766,0.0710,12.908,0.0864,12.491,0.0531,-0.1059924597890620,0.2512511264476980,-0.9621010705360570,111022110,10214825440087
112.8728827,-74.1754090,0.0456,0.0411,0.0117,285.9232959,-23.3596684,235.1435886,-79.3122385,424.840,289.275,424.436,289.053,1423218239000148,14232r239-000148,239,14232r,148,11.544,0.019,58.0,17.4,11.292,0.026,41.0,4.15,10.9,1,0,0.00000,0.00000,0000,0000,3,AA,0,10,1.0,33.213,00,0000,0000,58895.22422632,0,,0,,13.525,3.360,0.000,36.092,4.171,0.000,4862,83.79,2191,53.46,7.50,7.50,11.470,0.015,0,0.260,11.167,0.032,2,0.326,12.204,0.017,0,11.995,0.036,2,11.729,0.015,0,11.493,0.032,2,11.519,0.015,0,11.290,0.032,18,11.412,0.015,1,11.201,0.034,19,11.347,0.016,1,11.152,0.036,19,11.303,0.017,3,11.117,0.039,19,11.264,0.017,3,11.087,0.042,19,11.228,0.018,3,11.058,0.050,19,1111074301351023782,0.011535,177.1,1,11.466,0.022,11.185,0.020,8.628,0.022,6.437,0.048,709914239,0.238139,-44.7,1,0.41,13.766,0.0710,12.908,0.0864,12.491,0.0531,-0.1059925533461100,0.2512511890390560,-0.9621010438834540,111022110,10214825440087
112.8728630,-74.1754234,0.0467,0.0487,-0.0175,285.9233092,-23.3596778,235.1436693,-79.3122351,499.584,75.254,497.835,74.652,1423618239000129,14236r239-000129,239,14236r,129,11.563,0.025,44.3,16.7,11.203,0.023,48.0,4.78,9.41,1,0,0.00000,0.00000,0000,0000,3,AA,0,10,1.0,46.374,00,0000,0000,58895.35500247,0,,0,,15.606,4.505,0.000,36.617,4.296,0.000,4778,107.9,2378,49.56,7.50,7.50,11.386,0.019,2,0.260,11.113,0.023,0,0.326,12.089,0.025,2,11.949,0.026,0,11.646,0.019,2,11.439,0.023,0,11.454,0.019,3,11.212,0.026,3,11.358,0.020,3,11.107,0.029,3,11.304,0.021,3,11.055,0.032,3,11.265,0.021,3,11.024,0.034,3,11.233,0.022,3,11.004,0.036,3,11.200,0.023,3,10.990,0.040,3,1111074301351023782,0.044976,26.3,1,11.466,0.022,11.185,0.020,8.628,0.022,6.437,0.048,709914239,0.266144,-33.8,1,0.45,13.766,0.0710,12.908,0.0864,12.491,0.0531,-0.1059923729728560,0.2512510026930890,-0.9621011124187000,111022110,10214825440087
112.8730033,-74.1754030,0.0451,0.0415,0.0110,285.9233003,-23.3596352,235.1434637,-79.3122144,734.500,207.409,731.867,205.775,1426418239000148,14264r239-000148,239,14264r,148,11.510,0.021,52.9,13.2,11.251,0.025,42.8,2.8,7.56,1,0,0.00000,0.00000,0000,0000,3,AA,0,10,1.0,38.110,00,0000,0000,58896.27069050,0,,0,,12.695,3.472,0.000,36.959,4.545,0.000,5018,94.83,2276,53.14,7.50,7.50,11.444,0.016,2,0.260,11.108,0.061,2,0.326,12.175,0.021,0,11.949,0.083,0,11.703,0.016,2,11.434,0.061,2,11.501,0.019,2,11.212,0.066,2,11.398,0.022,3,11.113,0.081,3,11.337,0.024,3,11.063,0.088,3,11.297,0.025,3,11.029,0.089,3,11.263,0.025,3,11.002,0.095,3,11.230,0.025,3,10.985,0.100,3,1111074301351023782,0.122371,-105.7,1,11.466,0.022,11.185,0.020,8.628,0.022,6.437,0.048,709914239,0.321813,-62.7,1,0.46,13.766,0.0710,12.908,0.0864,12.491,0.0531,-0.1059931213571180,0.2512510587670620,-0.9621010153270840,111022110,10214825440087
112.8728718,-74.1754499,0.0391,0.0429,-0.0098,285.9233375,-23.3596834,235.1437813,-79.3122184,611.740,720.075,612.030,719.003,1416418240000173,14164r240-000173,240,14164r,173,11.503,0.020,53.2,20.5,11.258,0.022,48.4,2.94,11.3,1,0,0.00000,0.00000,0000,0000,3,AA,0,10,1.0,23.752,00,0000,0000,58893.00001196,0,,0,,14.431,3.854,0.000,37.801,5.336,0.000,5047,94.87,2260,46.71,7.50,7.50,11.468,0.017,2,0.260,11.114,0.045,2,0.326,12.171,0.019,2,11.936,0.038,0,11.727,0.017,2,11.440,0.045,2,11.531,0.016,3,11.225,0.051,3,11.435,0.017,3,11.124,0.053,3,11.379,0.018,3,11.076,0.057,3,11.336,0.019,3,11.049,0.066,3,11.297,0.019,3,11.025,0.075,3,11.260,0.020,3,10.999,0.080,3,1111074301351023782,0.136189,4.8,1,11.466,0.022,11.185,0.020,8.628,0.022,6.437,0.048,709914239,0.353191,-26.4,1,0.56,13.766,0.0710,12.908,0.0864,12.491,0.0531,-0.1059922386025730,0.2512505764195070,-0.9621012385424310,111022110,10214825440094
112.8729530,-74.1754542,0.0448,0.0424,0.0078,285.9233491,-23.3596635,235.1437347,-79.3121976,731.948,900.266,732.338,898.732,1417618240000144,14176r240-000144,240,14176r,144,11.499,0.021,51.8,17.8,11.239,0.029,37.7,2.07,9.68,1,0,0.00000,0.00000,0000,0000,3,AA,0,10,1.0,47.489,00,0000,0000,58893.39246788,0,,0,,13.353,3.274,0.000,37.822,4.962,0.000,5066,97.75,2300,61.07,7.50,7.50,11.454,0.015,0,0.260,11.134,0.044,0,0.326,12.176,0.021,0,11.957,0.052,0,11.713,0.015,0,11.460,0.044,0,11.509,0.014,0,11.248,0.050,2,11.406,0.014,1,11.154,0.062,3,11.343,0.015,3,11.105,0.071,3,11.296,0.016,3,11.079,0.080,3,11.255,0.017,3,11.063,0.087,3,11.216,0.017,3,11.052,0.104,3,1111074301351023782,0.165962,-24.3,1,11.466,0.022,11.185,0.020,8.628,0.022,6.437,0.048,709914239,0.407609,-35.5,1,0.59,13.766,0.0710,12.908,0.0864,12.491,0.0531,-0.1059925666113810,0.2512503596789300,-0.9621012590077720,111022110,10214825440094
112.8730503,-74.1754224,0.0434,0.0417,0.0108,285.9233247,-23.3596287,235.1435127,-79.3121930,771.996,699.053,771.271,697.295,5728401248000145,57284a248-000145,248,57284a,145,11.551,0.019,56.8,20.5,11.383,0.028,38.4,3.27,11.7,1,0,0.00000,0.00000,0000,0000,3,AA,0,10,1.0,33.690,00,0000,0000,57069.81515461,0,,0,,14.382,4.037,0.000,32.620,5.250,0.000,4811,84.66,2027,52.82,7.50,7.50,11.497,0.012,2,0.257,11.223,0.074,2,0.322,12.215,0.015,0,12.020,0.074,2,11.754,0.012,2,11.545,0.074,2,11.547,0.012,2,11.338,0.076,2,11.440,0.013,3,11.238,0.074,3,11.376,0.014,3,11.187,0.075,3,11.331,0.015,3,11.158,0.080,3,11.291,0.017,3,11.129,0.086,3,11.253,0.018,3,11.092,0.092,3,1111074301351023782,0.168005,-77.4,1,11.466,0.022,11.185,0.020,8.628,0.022,6.437,0.048,709914239,0.396958,-56.8,1,0.55,13.766,0.0710,12.908,0.0864,12.491,0.0531,-0.1059932008390700,0.2512506716739630,-0.9621011076593100,111022110,10214825440086
112.8729717,-74.1754276,0.0412,0.0367,-0.0082,285.9233231,-23.3596508,235.1435999,-79.3122080,919.243,279.145,915.783,276.694,5730001247000126,57300a247-000126,247,57300a,126,11.531,0.018,60.0,20.9,11.293,0.023,46.9,2.64,11.2,1,0,0.00000,0.00000,0000,0000,3,AA,0,10,1.0,44.801,00,0000,0000,57070.34055159,0,,0,,14.669,3.962,0.000,35.326,5.015,0.000,4904,81.75,2200,46.96,7.50,7.50,11.476,0.014,0,0.257,11.195,0.028,0,0.322,12.201,0.017,0,12.035,0.030,0,11.733,0.014,0,11.517,0.028,0,11.526,0.013,0,11.286,0.038,2,11.422,0.014,1,11.183,0.054,3,11.364,0.015,3,11.131,0.063,3,11.326,0.016,3,11.092,0.066,3,11.294,0.017,3,11.057,0.067,3,11.261,0.018,3,11.025,0.070,3,1111074301351023782,0.102979,-57.4,1,11.466,0.022,11.185,0.020,8.628,0.022,6.437,0.048,709914239,0.347519,-47.2,1,0.53,13.766,0.0710,12.908,0.0864,12.491,0.0531,-0.1059928222266710,0.2512507366265990,-0.9621011324081360,111022110,10214825440086
112.8729214,-74.1754376,0.0464,0.0417,0.0066,285.9233291,-23.3596668,235.1436857,-79.3122140,881.320,825.487,880.559,823.215,5729601205000147,57296a205-000147,205,57296a,147,11.554,0.022,50.4,18.4,11.348,0.026,41.0,3.92,10.8,1,0,0.00000,0.00000,0000,0000,3,AA,0,10,1.0,35.504,00,0000,0000,57070.20926602,0,,0,,13.981,3.746,0.000,33.503,4.161,0.000,4799,95.28,2093,51.01,7.50,7.50,11.496,0.014,2,0.257,11.366,0.042,2,0.322,12.209,0.016,2,12.183,0.045,2,11.753,0.014,2,11.688,0.042,2,11.553,0.014,2,11.473,0.045,2,11.452,0.014,3,11.370,0.050,3,11.390,0.014,3,11.308,0.057,3,11.345,0.015,3,11.267,0.061,3,11.306,0.017,3,11.237,0.065,3,11.270,0.018,3,11.206,0.070,3,1111074301351023782,0.098794,-22.2,1,11.466,0.022,11.185,0.020,8.628,0.022,6.437,0.048,709914239,0.341070,-37.1,1,0.53,13.766,0.0710,12.908,0.0864,12.491,0.0531,-0.1059925363855230,0.2512506749628880,-0.9621011800020079,111022110,10214825440086
112.8729403,-74.1754245,0.0443,0.0383,0.0124,285.9233171,-23.3596580,235.1436115,-79.3122169,844.786,479.979,842.653,477.858,5729201247000135,57292a247-000135,247,57292a,135,11.520,0.020,54.0,16.1,11.300,0.027,40.0,3.79,9.58,1,0,0.00000,0.00000,0000,0000,3,AA,0,10,1.0,28.003,00,0000,0001,57070.07785313,0,,0,,13.822,3.589,0.000,32.538,4.057,0.000,4953,91.67,2186,54.68,7.50,7.50,11.486,0.014,2,0.257,11.276,0.025,2,0.322,12.209,0.016,2,12.110,0.032,2,11.743,0.014,2,11.598,0.025,2,11.538,0.014,2,11.368,0.024,2,11.436,0.015,3,11.261,0.025,3,11.377,0.016,3,11.207,0.030,3,11.339,0.018,3,11.169,0.039,3,11.312,0.020,3,11.131,0.049,3,11.290,0.021,3,11.093,0.054,3,1111074301351023782,0.071357,-51.6,1,11.466,0.022,11.185,0.020,8.628,0.022,6.437,0.048,709914239,0.317577,-44.9,1,0.49,13.766,0.0710,12.908,0.0864,12.491,0.0531,-0.1059927047659370,0.2512508426757390,-0.9621011176540289,111022110,10214825440086
112.8729234,-74.1754024,0.0447,0.0404,0.0021,285.9232927,-23.3596558,235.1435259,-79.3122329,809.017,132.617,805.667,130.618,5728801247000162,57288a247-000162,247,57288a,162,11.502,0.021,52.6,13.8,11.310,0.025,44.0,3.46,8.31,1,0,0.00000,0.00000,0000,0000,3,AA,0,10,1.0,27.079,00,0000,0000,57069.94644023,0,,0,,15.343,4.704,0.000,32.639,4.223,0.000,5035,95.73,2166,49.26,7.50,7.50,11.598,0.014,2,0.257,11.232,0.050,2,0.322,12.336,0.017,2,12.052,0.056,2,11.855,0.014,2,11.554,0.050,2,11.643,0.015,3,11.331,0.046,3,11.538,0.018,3,11.223,0.045,3,11.477,0.019,3,11.163,0.047,3,11.436,0.022,3,11.121,0.052,3,11.399,0.023,3,11.080,0.055,3,11.365,0.024,3,11.041,0.057,3,1111074301351023782,0.052862,-131.9,1,11.466,0.022,11.185,0.020,8.628,0.022,6.437,0.048,709914239,0.253420,-55.0,1,0.41,13.766,0.0710,12.908,0.0864,12.491,0.0531,-0.1059927748989480,0.2512512158590260,-0.9621010124714460,111022110,10214825440087
112.8728670,-74.1754213,0.0430,0.0424,-0.0084,285.9233073,-23.3596761,235.1436566,-79.3122353,698.914,907.949,699.574,906.545,5727601248000140,57276a248-000140,248,57276a,140,11.550,0.020,53.0,18.6,11.406,0.026,41.8,4.96,10.9,1,0,0.00000,0.00000,0000,0000,3,AA,0,10,1.0,49.586,00,0000,0000,57069.55245613,0,,0,,14.289,3.308,0.000,33.349,4.213,0.000,4818,90.92,1983,47.49,7.50,7.50,11.530,0.012,2,0.257,11.273,0.033,0,0.322,12.227,0.015,2,12.113,0.044,0,11.787,0.012,2,11.595,0.033,0,11.592,0.011,2,11.366,0.033,2,11.493,0.012,3,11.260,0.036,3,11.434,0.012,3,11.209,0.044,3,11.391,0.013,3,11.180,0.055,3,11.352,0.014,3,11.158,0.066,3,11.315,0.015,3,11.134,0.072,3,1111074301351023782,0.036459,26.0,1,11.466,0.022,11.185,0.020,8.628,0.022,6.437,0.048,709914239,0.262159,-35.5,1,0.45,13.766,0.0710,12.908,0.0864,12.491,0.0531,-0.1059924042197190,0.2512510277835400,-0.9621011024239809,111022110,10214825440087
112.8729391,-74.1753616,0.0439,0.0417,0.0078,285.9232516,-23.3596396,235.1433297,-79.3122519,389.713,587.179,390.773,587.068,6834001244000136,68340a244-000136,244,68340a,136,11.583,0.018,59.1,21.7,11.335,0.026,42.5,4.39,13.3,1,0,0.00000,0.00000,0000,0000,3,AA,0,10,1.0,51.100,00,0000,0000,57432.47980044,0,,0,,13.291,3.385,0.000,33.137,3.793,0.000,4696,79.41,2102,49.44,7.50,7.50,11.507,0.013,2,0.260,11.236,0.048,2,0.326,12.254,0.016,0,12.078,0.063,2,11.767,0.013,2,11.562,0.048,2,11.549,0.013,3,11.327,0.045,3,11.443,0.014,3,11.207,0.045,3,11.388,0.014,3,11.140,0.049,3,11.355,0.015,3,11.095,0.052,3,11.330,0.016,3,11.063,0.057,3,11.304,0.017,3,11.040,0.062,3,1111074301351023782,0.190218,-163.3,1,11.466,0.022,11.185,0.020,8.628,0.022,6.437,0.048,709914239,0.222948,-90.4,1,0.33,13.766,0.0710,12.908,0.0864,12.491,0.0531,-0.1059931100392580,0.2512518180512800,-0.9621008182878400,111022110,10214825440084
112.8729046,-74.1754401,0.0444,0.0407,0.0190,285.9233302,-23.3596719,235.1437106,-79.3122164,70.429,576.272,73.313,577.575,6830401244000132,68304a244-000132,244,68304a,132,11.555,0.019,58.1,19.5,11.291,0.022,49.2,5.21,11.9,1,0,0.00000,0.00000,0000,0000,3,AA,0,10,1.0,41.763,00,0000,0000,57431.29988153,0,,0,,12.843,3.250,0.000,33.335,3.957,0.000,4816,82.84,2188,44.51,7.50,7.50,11.515,0.013,2,0.260,11.231,0.022,2,0.326,12.242,0.017,2,12.071,0.027,2,11.775,0.013,2,11.557,0.022,2,11.564,0.013,2,11.321,0.022,2,11.458,0.013,3,11.208,0.024,3,11.395,0.014,3,11.145,0.026,3,11.352,0.015,3,11.104,0.029,3,11.319,0.016,3,11.070,0.033,3,11.291,0.017,3,11.036,0.036,3,1111074301351023782,0.102593,-11.8,1,11.466,0.022,11.185,0.020,8.628,0.022,6.437,0.048,709914239,0.338822,-33.9,1,0.52,13.766,0.0710,12.908,0.0864,12.491,0.0531,-0.1059924463980010,0.2512506673628120,-0.9621011919004721,111022110,10214825440086
112.8728604,-74.1754301,0.0499,0.0443,-0.0128,285.9233159,-23.3596805,235.1437015,-79.3122320,105.466,75.699,105.980,76.825,6830801243000145,68308a243-000145,243,68308a,145,11.552,0.022,48.9,21.2,11.330,0.024,44.9,4.92,12.4,1,0,0.00000,0.00000,0000,0000,3,AA,0,5,0.5,49.625,00,0000,0000,57431.43091341,0,,0,,12.341,3.292,0.000,32.305,3.126,0.000,4833,98.78,2111,47.06,7.50,7.50,11.493,0.013,2,0.260,11.271,0.021,2,0.326,12.209,0.017,2,12.109,0.027,2,11.753,0.013,2,11.597,0.021,2,11.546,0.012,2,11.361,0.021,2,11.440,0.012,3,11.247,0.024,3,11.378,0.013,3,11.189,0.028,3,11.336,0.014,3,11.155,0.033,3,11.301,0.015,3,11.130,0.036,3,11.268,0.016,3,11.104,0.040,3,1111074301351023782,0.068249,19.2,1,11.466,0.022,11.185,0.020,8.628,0.022,6.437,0.048,709914239,0.285179,-30.7,1,0.48,13.766,0.0710,12.908,0.0864,12.491,0.0531,-0.1059923178420450,0.2512509038439250,-0.9621011443066060,111022110,10214825440086
112.8729504,-74.1754177,0.0450,0.0388,0.0152,285.9233110,-23.3596534,235.1435727,-79.3122184,275.632,278.029,276.065,278.473,6832801244000139,68328a244-000139,244,68328a,139,11.548,0.019,58.1,20.7,11.305,0.023,47.5,4.43,11.7,1,0,0.00000,0.00000,0000,0000,3,AA,0,10,1.0,27.385,00,0000,0000,57432.08645185,0,,0,,13.051,3.284,0.000,33.061,4.538,0.000,4851,83.48,2160,45.46,7.50,7.50,11.508,0.013,2,0.260,11.253,0.026,2,0.326,12.231,0.016,2,12.079,0.028,0,11.768,0.013,2,11.579,0.026,2,11.556,0.012,2,11.357,0.037,2,11.446,0.012,3,11.250,0.061,3,11.377,0.012,3,11.189,0.073,3,11.327,0.013,3,11.141,0.075,3,11.284,0.013,3,11.096,0.080,3,11.246,0.014,3,11.056,0.088,3,1111074301351023782,0.068783,-73.3,1,11.466,0.022,11.185,0.020,8.628,0.022,6.437,0.048,709914239,0.308190,-49.4,1,0.47,13.766,0.0710,12.908,0.0864,12.491,0.0531,-0.1059927934382390,0.2512509291975470,-0.9621010852901730,111022110,10214825440086
112.8729451,-74.1754211,0.0410,0.0381,0.0120,285.9233140,-23.3596557,235.1435923,-79.3122177,312.715,683.350,314.621,683.566,6833201244000154,68332a244-000154,244,68332a,154,11.532,0.018,61.3,17.5,11.340,0.023,47.1,4.84,10.8,1,0,0.00000,0.00000,0000,0000,3,AA,0,10,1.0,35.328,00,0000,0000,57432.21761044,0,,0,,14.760,4.248,0.000,32.944,3.930,0.000,4922,80.32,2091,44.37,7.50,7.50,11.473,0.012,0,0.260,11.240,0.027,2,0.326,12.215,0.016,0,12.090,0.029,0,11.733,0.012,0,11.566,0.027,2,11.515,0.011,0,11.336,0.031,2,11.403,0.011,1,11.232,0.037,3,11.337,0.011,1,11.181,0.044,3,11.290,0.012,3,11.155,0.048,3,11.251,0.012,3,11.143,0.051,3,11.215,0.013,3,11.138,0.055,3,1111074301351023782,0.068609,-62.2,1,11.466,0.022,11.185,0.020,8.628,0.022,6.437,0.048,709914239,0.312461,-47.1,1,0.49,13.766,0.0710,12.908,0.0864,12.491,0.0531,-0.1059927480057950,0.2512508863991270,-0.9621011014721020,111022110,10214825440086
112.8729540,-74.1754278,0.0426,0.0430,-0.0121,285.9233218,-23.3596554,235.1436152,-79.3122120,427.404,997.546,429.973,997.352,6834401244000135,68344a244-000135,244,68344a,135,11.632,0.022,49.5,20.7,11.310,0.024,44.9,6.86,12.6,1,0,0.00000,0.00000,0000,0000,3,AA,0,5,0.5,48.947,00,0000,0001,57432.61095902,0,,0,,13.776,3.277,0.000,32.998,5.034,0.000,4488,90.69,2149,47.84,7.50,7.50,11.517,0.014,2,0.260,11.247,0.022,2,0.326,12.236,0.017,2,12.082,0.027,2,11.777,0.014,2,11.573,0.022,2,11.574,0.014,2,11.344,0.024,2,11.474,0.014,3,11.239,0.027,3,11.417,0.015,3,11.186,0.030,3,11.379,0.015,3,11.156,0.035,3,11.346,0.016,3,11.134,0.041,3,11.314,0.018,3,11.109,0.049,3,1111074301351023782,0.089281,-51.0,1,11.466,0.022,11.185,0.020,8.628,0.022,6.437,0.048,709914239,0.335488,-45.1,1,0.52,13.766,0.0710,12.908,0.0864,12.491,0.0531,-0.1059927433041050,0.2512507662759430,-0.9621011333600130,111022110,10214825440086
112.8729303,-74.1754377,0.0432,0.0390,0.0058,285.9233300,-23.3596645,235.1436789,-79.3122119,459.924,502.027,460.208,501.605,6834801244000131,68348a244-000131,244,68348a,131,11.565,0.019,57.9,14.7,11.304,0.025,43.1,4.25,8.98,1,0,0.00000,0.00000,0000,0000,3,AA,0,10,1.0,39.074,00,0000,0000,57432.74199034,0,,0,,13.946,3.534,0.000,32.983,4.681,0.000,4773,82.5,2163,50.21,7.50,7.50,11.499,0.012,0,0.260,11.153,0.046,2,0.326,12.229,0.016,0,11.992,0.041,0,11.758,0.012,0,11.479,0.046,2,11.548,0.012,2,11.270,0.068,2,11.441,0.012,3,11.180,0.082,3,11.380,0.012,3,11.124,0.084,3,11.339,0.014,3,11.080,0.086,3,11.305,0.015,3,11.041,0.089,3,11.275,0.017,3,11.003,0.091,3,1111074301351023782,0.102743,-26.7,1,11.466,0.022,11.185,0.020,8.628,0.022,6.437,0.048,709914239,0.346689,-38.2,1,0.53,13.766,0.0710,12.908,0.0864,12.491,0.0531,-0.1059925747606910,0.2512506569514610,-0.9621011804779470,111022110,10214825440086
112.8729910,-74.1754290,0.0436,0.0448,0.0111,285.9233263,-23.3596462,235.1435905,-79.3122029,709.343,734.916,709.145,733.402,6837601244000147,68376a244-000147,244,68376a,147,11.509,0.022,50.4,14.4,11.271,0.029,36.8,4.98,9.28,1,0,0.00000,0.00000,0000,0000,3,AA,0,10,1.0,45.588,00,0000,0002,57433.65971873,0,,0,,13.146,3.489,0.000,33.428,4.234,0.000,5026,99.75,2229,60.54,7.50,7.50,11.537,0.015,2,0.260,11.223,0.042,2,0.326,12.276,0.020,2,12.022,0.053,2,11.796,0.015,2,11.549,0.042,2,11.582,0.014,2,11.336,0.041,2,11.473,0.014,3,11.238,0.045,3,11.412,0.015,3,11.194,0.050,3,11.370,0.017,3,11.172,0.054,3,11.335,0.020,3,11.157,0.059,3,11.303,0.021,3,11.149,0.065,3,1111074301351023782,0.121805,-60.2,1,11.466,0.022,11.185,0.020,8.628,0.022,6.437,0.048,709914239,0.364959,-48.6,1,0.54,13.766,0.0710,12.908,0.0864,12.491,0.0531,-0.1059928977225740,0.2512506792630000,-0.9621011390712790,111022110,10214825440086
112.8729719,-74.1754178,0.0443,0.0394,0.0058,285.9233130,-23.3596478,235.1435557,-79.3122134,810.208,157.415,806.941,155.423,6838801243000143,68388a243-000143,243,68388a,143,11.522,0.020,53.1,10.9,11.310,0.023,47.9,3.35,6.98,1,0,0.00000,0.00000,0000,0000,3,AA,0,10,1.0,25.813,00,0000,0000,57434.05294000,0,,0,,11.966,3.187,0.000,32.973,4.018,0.000,4965,93.43,2149,44.85,7.50,7.50,11.528,0.017,2,0.260,11.252,0.039,2,0.326,12.253,0.019,0,12.081,0.045,0,11.787,0.017,2,11.578,0.039,2,11.588,0.017,3,11.357,0.037,3,11.490,0.017,3,11.254,0.039,3,11.436,0.019,3,11.201,0.041,3,11.399,0.023,3,11.170,0.043,3,11.366,0.025,3,11.144,0.049,3,11.334,0.027,3,11.112,0.059,3,1111074301351023782,0.089284,-77.0,1,11.466,0.022,11.185,0.020,8.628,0.022,6.437,0.048,709914239,0.324732,-51.8,1,0.48,13.766,0.0710,12.908,0.0864,12.491,0.0531,-0.1059928870664040,0.2512508878770330,-0.9621010857661120,111022110,10214825440086
112.8729758,-74.1754086,0.0430,0.0363,0.0115,285.9233037,-23.3596440,235.1435112,-79.3122176,28.898,171.886,30.282,173.412,6830001243000157,68300a243-000157,243,68300a,157,11.538,0.018,59.8,23.8,11.316,0.022,48.5,3.6,12.6,1,0,0.00000,0.00000,0000,0000,3,AA,0,10,1.0,31.635,00,0000,0000,57431.16872289,0,,0,,12.746,3.545,0.000,33.241,3.600,0.000,4892,81.75,2138,44.08,7.50,7.50,11.484,0.012,0,0.260,11.240,0.025,2,0.326,12.227,0.016,0,12.091,0.027,0,11.744,0.012,0,11.566,0.025,2,11.527,0.012,2,11.325,0.025,2,11.416,0.012,3,11.211,0.026,3,11.348,0.012,3,11.157,0.029,3,11.297,0.013,3,11.126,0.032,3,11.252,0.014,3,11.103,0.035,3,11.209,0.014,3,11.087,0.040,3,1111074301351023782,0.091727,-98.1,1,11.466,0.022,11.185,0.020,8.628,0.022,6.437,0.048,709914239,0.308561,-57.1,1,0.47,13.766,0.0710,12.908,0.0864,12.491,0.0531,-0.1059929642151360,0.2512510229998500,-0.9621010419796970,111022110,10214825440087
112.8728554,-74.1753951,0.0443,0.0405,0.0047,285.9232791,-23.3596714,235.1435483,-79.3122524,103.047,987.846,107.447,989.012,6830801244000129,68308a244-000129,244,68308a,129,11.547,0.022,50.3,20.1,11.325,0.023,46.6,6.15,12.3,1,0,0.00000,0.00000,0000,0000,3,AA,0,10,1.0,50.119,00,0000,0000,57431.43104073,0,,0,,12.608,3.800,0.000,31.473,3.690,0.000,4853,96.55,2122,45.53,7.50,7.50,11.466,0.014,2,0.260,11.256,0.021,0,0.326,12.184,0.016,0,12.084,0.025,0,11.726,0.014,2,11.582,0.021,0,11.531,0.014,2,11.362,0.022,0,11.434,0.014,3,11.260,0.024,1,11.375,0.015,3,11.208,0.030,1,11.332,0.016,3,11.179,0.040,3,11.298,0.017,3,11.165,0.046,3,11.268,0.018,3,11.156,0.051,3,1111074301351023782,0.067378,156.0,1,11.466,0.022,11.185,0.020,8.628,0.022,6.437,0.048,709914239,0.184436,-49.8,1,0.35,13.766,0.0710,12.908,0.0864,12.491,0.0531,-0.1059925243533790,0.2512514545954310,-0.9621009777278470,111022110,10214825440087
112.8728110,-74.1754138,0.0440,0.0388,0.0130,285.9232946,-23.3596885,235.1436684,-79.3122522,133.707,471.908,135.770,472.941,6831201244000136,68312a244-000136,244,68312a,136,11.557,0.018,60.6,20.9,11.316,0.023,47.2,5.07,12.1,1,0,0.00000,0.00000,0000,0000,3,AA,0,10,1.0,50.298,00,0000,0000,57431.56207196,0,,0,,13.770,3.904,0.000,32.574,3.485,0.000,4810,79.38,2139,45.32,7.50,7.50,11.513,0.012,0,0.260,11.257,0.032,0,0.326,12.244,0.016,0,12.104,0.031,0,11.773,0.012,0,11.583,0.032,0,11.564,0.012,0,11.349,0.039,0,11.459,0.012,1,11.238,0.047,1,11.398,0.013,3,11.181,0.052,3,11.357,0.013,3,11.152,0.060,3,11.324,0.014,3,11.133,0.064,3,11.295,0.015,3,11.115,0.066,3,1111074301351023782,0.071210,85.4,1,11.466,0.022,11.185,0.020,8.628,0.022,6.437,0.048,709914239,0.210286,-27.5,1,0.41,13.766,0.0710,12.908,0.0864,12.491,0.0531,-0.1059922076015590,0.2512512474149090,-0.9621010667285430,111022110,10214825440087
112.8728797,-74.1754110,0.0379,0.0388,0.0113,285.9232977,-23.3596698,235.1436000,-79.3122381,172.401,878.168,175.947,879.011,6831601244000134,68316a244-000134,244,68316a,134,11.464,0.020,54.1,18,11.301,0.023,47.6,4.27,10.9,1,0,0.00000,0.00000,0000,0000,3,AA,0,10,1.0,42.962,00,0000,0000,57431.69323058,0,,0,,12.560,3.395,0.000,33.685,3.301,0.000,5240,96.93,2167,45.54,7.50,7.50,11.468,0.020,2,0.260,11.201,0.028,2,0.326,12.208,0.030,2,12.031,0.033,0,11.728,0.020,2,11.527,0.028,2,11.508,0.018,2,11.316,0.028,2,11.391,0.017,3,11.227,0.031,3,11.316,0.017,3,11.188,0.034,3,11.263,0.018,3,11.169,0.038,3,11.220,0.019,3,11.154,0.044,3,11.180,0.019,3,11.134,0.049,19,1111074301351023782,0.005581,140.7,1,11.466,0.022,11.185,0.020,8.628,0.022,6.437,0.048,709914239,0.241289,-43.0,1,0.41,13.766,0.0710,12.908,0.0864,12.491,0.0531,-0.1059925271370660,0.2512511636458520,-0.9621010534022419,111022110,10214825440087
112.8728987,-74.1754209,0.0400,0.0388,0.0090,285.9233097,-23.3596678,235.1436291,-79.3122283,240.518,776.123,243.235,776.669,6832401244000133,68324a244-000133,244,68324a,133,11.556,0.019,58.0,22.2,11.316,0.022,48.6,3.37,11.7,1,0,0.00000,0.00000,0000,0000,3,AA,0,5,0.5,25.635,00,0000,0000,57431.95542053,0,,0,,13.366,3.717,0.000,32.449,3.979,0.000,4812,82.93,2138,43.97,7.50,7.50,11.485,0.013,0,0.260,11.242,0.028,0,0.326,12.227,0.017,0,12.084,0.031,0,11.744,0.013,0,11.568,0.028,0,11.532,0.013,3,11.335,0.029,3,11.425,0.013,3,11.223,0.034,3,11.363,0.013,3,11.158,0.044,3,11.318,0.014,3,11.109,0.054,3,11.276,0.014,3,11.061,0.059,3,11.235,0.015,3,11.015,0.062,3,1111074301351023782,0.034778,-25.8,1,11.466,0.022,11.185,0.020,8.628,0.022,6.437,0.048,709914239,0.280274,-40.8,1,0.47,13.766,0.0710,12.908,0.0864,12.491,0.0531,-0.1059925458399160,0.2512509753297420,-0.9621011005202240,111022110,10214825440087
112.8729769,-74.1754412,0.0461,0.0412,-0.0088,285.9233377,-23.3596535,235.1436568,-79.3121993,617.603,943.624,618.850,942.564,2539218240000138,25392r240-000138,240,25392r,138,11.478,0.023,47.8,14.9,11.208,0.025,43.1,4.64,9.33,1,0,0.00000,0.00000,0000,0000,3,AA,0,10,1.0,23.661,00,0000,0000,59260.11297663,0,,0,,14.441,4.058,0.000,37.015,4.795,0.000,5164,107.9,2366,54.86,7.50,7.50,11.421,0.013,2,0.260,11.118,0.033,2,0.326,12.141,0.016,0,11.937,0.037,2,11.681,0.013,2,11.444,0.033,2,11.480,0.014,2,11.227,0.036,2,11.379,0.014,3,11.126,0.042,3,11.318,0.015,3,11.071,0.046,3,11.274,0.015,3,11.030,0.049,3,11.234,0.016,3,10.990,0.054,3,11.193,0.017,3,10.953,0.062,3,1111074301351023782,0.139077,-41.4,1,11.466,0.022,11.185,0.020,8.628,0.022,6.437,0.048,709914239,0.385902,-42.4,1,0.55,13.766,0.0710,12.908,0.0864,12.491,0.0531,-0.1059927562648730,0.2512505165949810,-0.9621011971357950,111022110,10214825440086
112.8729874,-74.1754228,0.0478,0.0395,0.0065,285.9233195,-23.3596452,235.1435656,-79.3122071,862.742,236.355,859.425,234.144,2542018239000159,25420r239-000159,239,25420r,159,11.503,0.021,52.0,19.3,11.262,0.024,45.4,6.21,11.8,1,0,0.00000,0.00000,0000,0000,3,AA,0,10,1.0,20.774,00,0000,0000,59261.02815527,0,,0,,13.712,3.929,0.000,37.512,4.801,0.000,5050,97.18,2252,49.6,7.50,7.50,11.450,0.014,2,0.260,11.149,0.046,0,0.326,12.187,0.017,2,11.996,0.047,0,11.710,0.014,2,11.475,0.046,0,11.503,0.014,2,11.234,0.045,0,11.404,0.015,3,11.124,0.048,3,11.347,0.016,3,11.073,0.059,3,11.308,0.017,3,11.047,0.071,3,11.277,0.019,3,11.024,0.076,3,11.252,0.021,3,10.992,0.079,3,1111074301351023782,0.109087,-69.5,1,11.466,0.022,11.185,0.020,8.628,0.022,6.437,0.048,709914239,0.347854,-51.0,1,0.51,13.766,0.0710,12.908,0.0864,12.491,0.0531,-0.1059929224022540,0.2512507818458420,-0.9621011095630660,111022110,10214825440086
112.8729034,-74.1754296,0.0423,0.0363,-0.0078,285.9233192,-23.3596691,235.1436644,-79.3122225,947.305,555.475,944.828,552.957,2542818239000144,25428r239-000144,239,25428r,144,11.527,0.019,57.6,19.2,11.234,0.024,45.8,4.99,11.7,1,0,0.00000,0.00000,0000,0000,3,AA,0,10,1.0,40.467,00,0000,0000,59261.28970819,0,,0,,13.775,3.526,0.000,37.687,5.104,0.000,4936,85.64,2310,50.47,7.50,7.50,11.495,0.012,0,0.260,11.161,0.048,0,0.326,12.210,0.016,0,11.978,0.042,0,11.754,0.012,0,11.487,0.048,0,11.550,0.012,0,11.271,0.053,2,11.451,0.013,3,11.168,0.056,3,11.400,0.014,3,11.114,0.064,3,11.369,0.015,3,11.085,0.073,3,11.345,0.016,3,11.078,0.077,3,11.321,0.017,3,11.076,0.081,3,1111074301351023782,0.065674,-17.5,1,11.466,0.022,11.185,0.020,8.628,0.022,6.437,0.048,709914239,0.307456,-37.7,1,0.49,13.766,0.0710,12.908,0.0864,12.491,0.0531,-0.1059925096670970,0.2512508320332520,-0.9621011419269120,111022110,10214825440086
112.8728770,-74.1754273,0.0411,0.0389,-0.0088,285.9233145,-23.3596753,235.1436755,-79.3122297,985.787,725.983,983.871,723.302,2543218239000141,25432r239-000141,239,25432r,141,11.475,0.020,53.0,21.2,11.222,0.024,45.6,4.77,12.5,1,0,0.00000,0.00000,0000,0000,3,AA,0,10,1.0,52.314,00,0000,0000,59261.42048434,0,,0,,12.281,2.549,0.000,37.195,4.230,0.000,5181,97.77,2336,51.19,7.50,7.50,11.446,0.013,0,0.260,11.116,0.021,2,0.326,12.170,0.016,0,11.937,0.025,0,11.705,0.013,0,11.442,0.021,2,11.499,0.013,0,11.217,0.022,2,11.394,0.014,1,11.105,0.024,3,11.329,0.014,1,11.041,0.027,3,11.280,0.015,3,11.000,0.032,3,11.240,0.015,3,10.967,0.041,3,11.206,0.016,3,10.936,0.047,3,1111074301351023782,0.054711,6.5,1,11.466,0.022,11.185,0.020,8.628,0.022,6.437,0.048,709914239,0.285482,-34.6,1,0.48,13.766,0.0710,12.908,0.0864,12.491,0.0531,-0.1059924089106090,0.2512509164554780,-0.9621011309803190,111022110,10214825440086
112.8728369,-74.1754359,0.0461,0.0395,-0.0064,285.9233199,-23.3596883,235.1437467,-79.3122341,217.042,92.871,216.991,93.601,2534418239000141,25344r239-000141,239,25344r,141,11.511,0.021,52.6,16.2,11.236,0.024,45.6,3.33,9.62,1,0,0.00000,0.00000,0000,0000,3,AA,0,10,1.0,54.848,00,0000,0000,59258.54378972,0,,0,,13.794,3.591,0.000,37.201,3.800,0.000,5011,95.32,2308,50.58,7.50,7.50,11.437,0.016,0,0.260,11.156,0.026,2,0.326,12.171,0.019,0,11.987,0.029,0,11.697,0.016,0,11.482,0.026,2,11.468,0.015,0,11.261,0.027,2,11.344,0.015,3,11.159,0.031,3,11.275,0.016,3,11.107,0.042,3,11.231,0.017,3,11.078,0.051,3,11.199,0.017,3,11.058,0.054,3,11.170,0.018,3,11.037,0.056,3,1111074301351023782,0.096718,28.1,1,11.466,0.022,11.185,0.020,8.628,0.022,6.437,0.048,709914239,0.292936,-24.7,1,0.49,13.766,0.0710,12.908,0.0864,12.491,0.0531,-0.1059921769356140,0.2512508575822780,-0.9621011719110520,111022110,10214825440086
112.8728890,-74.1754294,0.0424,0.0411,0.0090,285.9233177,-23.3596728,235.1436752,-79.3122258,249.207,249.062,249.641,249.598,2534818239000149,25348r239-000149,239,25348r,149,11.526,0.018,60.3,16.5,11.254,0.027,40.9,3.16,9.71,1,0,0.00000,0.00000,0000,0000,3,AA,0,10,1.0,47.799,00,0000,0000,59258.67456588,0,,0,,13.129,3.381,0.000,36.814,3.770,0.000,4942,81.93,2268,55.4,7.50,7.50,11.466,0.013,0,0.260,11.234,0.073,2,0.326,12.190,0.016,0,12.079,0.100,2,11.725,0.013,0,11.560,0.073,2,11.518,0.012,1,11.317,0.066,3,11.418,0.013,3,11.197,0.087,3,11.363,0.014,3,11.131,0.103,3,11.323,0.014,3,11.086,0.103,3,11.288,0.015,3,11.056,0.103,3,11.254,0.016,3,11.039,0.104,3,1111074301351023782,0.062172,-5.2,1,11.466,0.022,11.185,0.020,8.628,0.022,6.437,0.048,709914239,0.298441,-35.6,1,0.49,13.766,0.0710,12.908,0.0864,12.491,0.0531,-0.1059924478262290,0.2512508617663640,-0.9621011409750350,111022110,10214825440086
112.8729848,-74.1754147,0.0424,0.0392,0.0100,285.9233109,-23.3596435,235.1435313,-79.3122122,298.917,565.475,300.399,565.756,2535618239000134,25356r239-000134,239,25356r,134,11.495,0.017,62.3,19.1,11.233,0.025,43.1,1.87,10.2,1,0,0.00000,0.00000,0000,0000,3,AA,0,10,1.0,24.234,00,0000,0000,59258.93611832,0,,0,,12.836,3.265,0.000,37.096,4.033,0.000,5085,81.63,2314,53.72,7.50,7.50,11.454,0.012,0,0.260,11.153,0.055,2,0.326,12.194,0.016,0,12.005,0.063,0,11.713,0.012,0,11.479,0.055,2,11.498,0.012,0,11.248,0.055,2,11.390,0.012,1,11.141,0.057,3,11.330,0.012,3,11.085,0.062,3,11.290,0.013,3,11.058,0.088,3,11.257,0.013,3,11.049,0.127,3,11.225,0.015,3,11.049,0.146,3,1111074301351023782,0.100048,-84.8,1,11.466,0.022,11.185,0.020,8.628,0.022,6.437,0.048,709914239,0.328198,-54.7,1,0.49,13.766,0.0710,12.908,0.0864,12.491,0.0531,-0.1059929638680140,0.2512509119745500,-0.9621010710119960,111022110,10214825440086
112.8729397,-74.1753982,0.0447,0.0417,0.0059,285.9232897,-23.3596503,235.1434937,-79.3122316,467.534,311.170,466.950,310.691,2537218239000126,25372r239-000126,239,25372r,126,11.542,0.020,55.1,19.8,11.218,0.025,43.2,3.97,11.9,1,0,0.00000,0.00000,0000,0000,3,AA,0,5,0.5,53.997,00,0000,0000,59259.45909567,0,,0,,13.778,3.428,0.000,37.045,4.405,0.000,4870,88.42,2346,54.36,7.50,7.50,11.454,0.014,2,0.260,11.198,0.066,2,0.326,12.188,0.017,0,12.018,0.061,2,11.714,0.014,2,11.524,0.066,2,11.509,0.014,3,11.305,0.067,3,11.409,0.014,3,11.202,0.075,3,11.350,0.015,3,11.142,0.106,3,11.308,0.016,3,11.097,0.123,3,11.273,0.017,3,11.063,0.123,3,11.243,0.020,3,11.039,0.123,3,1111074301351023782,0.074871,-132.3,1,11.466,0.022,11.185,0.020,8.628,0.022,6.437,0.048,709914239,0.258747,-59.8,1,0.42,13.766,0.0710,12.908,0.0864,12.491,0.0531,-0.1059928737896150,0.2512512506854600,-0.9621009924819800,111022110,10214825440087
112.8728172,-74.1754254,0.0441,0.0397,0.0038,285.9233072,-23.3596903,235.1437155,-79.3122444,522.560,632.978,522.984,632.283,2538018239000135,25380r239-000135,239,25380r,135,11.547,0.020,55.4,19.7,11.272,0.027,40.1,4.33,11.6,1,0,0.00000,0.00000,0000,0000,3,AA,0,10,1.0,43.188,00,0000,0000,59259.72064797,0,,0,,13.543,3.487,0.000,37.038,4.551,0.000,4848,87.55,2232,55.67,7.50,7.50,11.414,0.015,2,0.260,11.097,0.057,2,0.326,12.140,0.021,2,11.923,0.057,2,11.674,0.015,2,11.423,0.057,2,11.469,0.014,2,11.207,0.058,2,11.368,0.014,3,11.108,0.059,3,11.310,0.014,3,11.059,0.063,3,11.269,0.016,3,11.032,0.068,3,11.235,0.017,3,11.016,0.071,3,11.204,0.019,3,11.001,0.076,3,1111074301351023782,0.080429,53.8,1,11.466,0.022,11.185,0.020,8.628,0.022,6.437,0.048,709914239,0.250518,-24.3,1,0.44,13.766,0.0710,12.908,0.0864,12.491,0.0531,-0.1059921590790910,0.2512510564761790,-0.9621011219374800,111022110,10214825440087
112.8729983,-74.1754056,0.0446,0.0417,0.0046,285.9233026,-23.3596373,235.1434794,-79.3122141,759.281,669.246,758.428,667.522,2540818239000137,25408r239-000137,239,25408r,137,11.561,0.020,53.5,14.3,11.222,0.028,39.4,4.1,8.75,1,0,0.00000,0.00000,0000,0000,3,AA,0,10,1.0,51.347,00,0000,0000,59260.63595398,0,,0,,13.070,3.665,0.000,37.402,4.404,0.000,4785,89.37,2337,59.35,7.50,7.50,11.519,0.020,2,0.260,11.190,0.037,2,0.326,12.225,0.024,2,12.021,0.050,2,11.779,0.020,2,11.516,0.037,2,11.581,0.020,2,11.292,0.038,2,11.478,0.021,3,11.196,0.045,3,11.414,0.022,3,11.151,0.050,3,11.366,0.023,3,11.120,0.054,3,11.321,0.024,3,11.094,0.061,3,11.275,0.026,3,11.068,0.069,3,1111074301351023782,0.115368,-101.9,1,11.466,0.022,11.185,0.020,8.628,0.022,6.437,0.048,709914239,0.321918,-60.8,1,0.48,13.766,0.0710,12.908,0.0864,12.491,0.0531,-0.1059930824616120,0.2512510277908920,-0.9621010277015120,111022110,10214825440087
112.8729693,-74.1754125,0.0496,0.0496,0.0115,285.9233072,-23.3596469,235.1435340,-79.3122169,836.710,75.167,832.919,73.022,2541618239000148,25416r239-000148,239,25416r,148,11.474,0.024,46.2,11.8,11.236,0.028,39.1,3.74,7.45,1,0,0.00000,0.00000,0000,0000,3,AA,0,10,1.0,26.665,00,0000,0001,59260.89737902,0,,0,,13.111,3.505,0.000,37.227,4.651,0.000,5183,112.3,2306,58.97,7.50,7.50,11.415,0.018,3,0.260,11.230,0.049,3,0.326,12.149,0.023,2,12.063,0.064,2,11.674,0.018,3,11.556,0.049,3,11.466,0.016,3,11.335,0.044,3,11.361,0.016,3,11.228,0.045,3,11.298,0.018,3,11.164,0.050,3,11.253,0.021,3,11.122,0.055,3,11.215,0.025,3,11.092,0.057,3,11.182,0.026,3,11.067,0.060,3,1111074301351023782,0.084433,-89.3,1,11.466,0.022,11.185,0.020,8.628,0.022,6.437,0.048,709914239,0.311213,-54.3,1,0.48,13.766,0.0710,12.908,0.0864,12.491,0.0531,-0.1059929102570700,0.2512509746856340,-0.9621010605413320,111022110,10214825440087
112.8730297,-74.1753982,0.0453,0.0380,0.0103,285.9232977,-23.3596269,235.1434207,-79.3122111,20.412,192.992,21.872,194.558,2532418239000147,25324r239-000147,239,25324r,147,11.524,0.019,58.6,20.9,11.229,0.025,43.7,6.15,13.2,1,0,0.00000,0.00000,0000,0000,3,AA,0,10,1.0,27.167,00,0000,0000,59257.89003622,0,,0,,14.632,4.231,0.000,37.221,5.090,0.000,4950,84.52,2321,53.1,7.50,7.50,11.463,0.012,0,0.260,11.123,0.022,2,0.326,12.203,0.016,0,11.960,0.027,2,11.722,0.012,0,11.449,0.022,2,11.508,0.012,0,11.225,0.023,2,11.402,0.014,1,11.123,0.027,3,11.340,0.017,1,11.068,0.033,3,11.296,0.018,3,11.031,0.038,3,11.260,0.020,3,10.998,0.041,3,11.227,0.021,3,10.966,0.044,3,1111074301351023782,0.152301,-109.3,1,11.466,0.022,11.185,0.020,8.628,0.022,6.437,0.048,709914239,0.338017,-67.3,1,0.48,13.766,0.0710,12.908,0.0864,12.491,0.0531,-0.1059932684540260,0.2512510841919330,-0.9621009924819800,111022110,10214825440087
112.8729282,-74.1754062,0.0448,0.0381,0.0135,285.9232970,-23.3596557,235.1435390,-79.3122297,57.440,353.707,59.449,355.100,2532818239000154,25328r239-000154,239,25328r,154,11.483,0.018,61.5,21.5,11.214,0.025,44.0,3.42,11.9,1,0,0.00000,0.00000,0000,0000,3,AA,0,10,1.0,20.815,00,0000,0000,59258.02081242,0,,0,,13.077,3.260,0.000,36.885,3.537,0.000,5142,83.67,2353,53.49,7.50,7.50,11.446,0.012,0,0.260,11.193,0.047,2,0.326,12.184,0.016,0,12.053,0.051,2,11.705,0.012,0,11.519,0.047,2,11.494,0.011,0,11.278,0.048,2,11.389,0.011,1,11.168,0.047,3,11.327,0.011,1,11.114,0.052,3,11.285,0.012,1,11.079,0.059,3,11.252,0.013,1,11.051,0.061,3,11.222,0.014,3,11.025,0.062,3,1111074301351023782,0.049086,-116.1,1,11.466,0.022,11.185,0.020,8.628,0.022,6.437,0.048,709914239,0.265266,-53.1,1,0.43,13.766,0.0710,12.908,0.0864,12.491,0.0531,-0.1059927711459030,0.2512511481877910,-0.9621010305571490,111022110,10214825440087
112.8728295,-74.1754321,0.0442,0.0401,0.0124,285.9233152,-23.3596891,235.1437356,-79.3122379,125.364,669.797,128.293,670.831,2533618239000138,25336r239-000138,239,25336r,138,11.499,0.018,59.7,18,11.216,0.027,39.6,2.28,10,1,0,0.00000,0.00000,0000,0000,3,AA,0,10,1.0,39.492,00,0000,0000,59258.28236473,0,,0,,13.884,4.179,0.000,37.607,4.389,0.000,5066,84.85,2349,59.36,7.50,7.50,11.415,0.013,0,0.260,11.260,0.074,2,0.326,12.162,0.017,0,12.113,0.083,2,11.674,0.013,0,11.586,0.074,2,11.460,0.012,0,11.342,0.066,2,11.356,0.012,1,11.229,0.062,3,11.297,0.012,1,11.175,0.061,3,11.258,0.013,3,11.148,0.063,3,11.227,0.014,3,11.132,0.065,3,11.196,0.015,3,11.122,0.068,3,1111074301351023782,0.089004,36.4,1,11.466,0.022,11.185,0.020,8.628,0.022,6.437,0.048,709914239,0.277473,-24.6,1,0.47,13.766,0.0710,12.908,0.0864,12.491,0.0531,-0.1059921692871880,0.2512509300632840,-0.9621011538253820,111022110,10214825440087
112.8728406,-74.1753979,0.0448,0.0389,0.0086,285.9232807,-23.3596760,235.1435729,-79.3122542,179.152,844.343,182.500,845.146,2534018240000136,25340r240-000136,240,25340r,136,11.557,0.019,57.1,22.5,11.260,0.025,44.0,4.23,12.5,1,0,0.00000,0.00000,0000,0000,3,AA,0,10,1.0,51.717,00,0000,0000,59258.41314088,0,,0,,13.975,3.997,0.000,37.098,4.813,0.000,4804,84.12,2256,51.29,7.50,7.50,11.437,0.014,2,0.260,11.170,0.024,2,0.326,12.170,0.019,0,12.005,0.031,0,11.697,0.014,2,11.496,0.024,2,11.489,0.013,2,11.273,0.023,2,11.384,0.013,3,11.165,0.028,3,11.321,0.013,3,11.101,0.036,3,11.276,0.014,3,11.056,0.043,3,11.236,0.014,3,11.017,0.049,3,11.196,0.015,3,10.979,0.055,3,1111074301351023782,0.066388,140.8,1,11.466,0.022,11.185,0.020,8.628,0.022,6.437,0.048,709914239,0.180668,-44.3,1,0.37,13.766,0.0710,12.908,0.0864,12.491,0.0531,-0.1059924411779760,0.2512514386540610,-0.9621009910541610,111022110,10214825440087
112.8729288,-74.1754048,0.0443,0.0401,0.0141,285.9232956,-23.3596551,235.1435323,-79.3122304,269.678,401.707,270.627,402.147,2535218239000147,25352r239-000147,239,25352r,147,11.511,0.018,59.8,17.6,11.240,0.027,40.6,2.36,9.85,1,0,0.00000,0.00000,0000,0000,3,AA,0,10,1.0,34.407,00,0000,0000,59258.80534207,0,,0,,11.882,3.039,0.000,37.145,4.923,0.000,5013,83.78,2298,56.67,7.50,7.50,11.490,0.013,0,0.260,11.166,0.052,2,0.326,12.223,0.016,0,12.000,0.065,0,11.749,0.013,0,11.492,0.052,2,11.543,0.012,0,11.264,0.046,2,11.446,0.012,2,11.153,0.046,2,11.395,0.013,3,11.087,0.047,3,11.359,0.014,3,11.036,0.048,3,11.328,0.015,3,10.994,0.050,3,11.298,0.016,3,10.955,0.051,3,1111074301351023782,0.052008,-120.8,1,11.466,0.022,11.185,0.020,8.628,0.022,6.437,0.048,709914239,0.262751,-54.1,1,0.44,13.766,0.0710,12.908,0.0864,12.491,0.0531,-0.1059927829145110,0.2512511687379020,-0.9621010238939960,111022110,10214825440087
112.8728915,-74.1753981,0.0417,0.0411,0.0109,285.9232854,-23.3596629,235.1435324,-79.3122426,333.752,726.331,335.705,726.446,2536018239000137,25360r239-000137,239,25360r,137,11.511,0.018,59.1,18.7,11.237,0.026,42.1,3.32,11.1,1,0,0.00000,0.00000,0000,0000,3,AA,0,10,1.0,21.762,00,0000,0000,59259.06689448,0,,0,,13.229,3.265,0.000,37.352,4.245,0.000,5013,84.82,2305,54.75,7.50,7.50,11.451,0.012,0,0.260,11.172,0.035,2,0.326,12.178,0.016,0,11.993,0.045,2,11.710,0.012,0,11.498,0.035,2,11.502,0.012,1,11.270,0.035,3,11.400,0.012,1,11.162,0.038,3,11.344,0.012,1,11.109,0.042,3,11.304,0.013,1,11.073,0.045,3,11.268,0.014,1,11.045,0.050,3,11.233,0.016,3,11.019,0.057,3,1111074301351023782,0.051394,-171.0,1,11.466,0.022,11.185,0.020,8.628,0.022,6.437,0.048,709914239,0.218955,-53.6,1,0.39,13.766,0.0710,12.908,0.0864,12.491,0.0531,-0.1059926630774680,0.2512513413988860,-0.9621009920060400,111022110,10214825440087
112.8727385,-74.1754259,0.0443,0.0465,-0.0107,285.9233008,-23.3597110,235.1437816,-79.3122620,599.048,39.655,596.581,38.563,2538818239000179,25388r239-000179,239,25388r,179,11.447,0.023,46.3,17.2,11.258,0.026,41.1,5.53,10.7,1,0,0.00000,0.00000,0000,0000,3,AA,0,10,1.0,21.920,00,0000,0000,59259.98207307,0,,0,,13.666,3.747,0.000,36.905,3.868,0.000,5314,114.9,2261,55.05,7.50,7.50,11.482,0.017,2,0.260,11.181,0.046,2,0.326,12.212,0.021,2,12.002,0.048,2,11.741,0.017,2,11.507,0.046,2,11.534,0.018,2,11.290,0.046,2,11.431,0.020,3,11.193,0.044,3,11.378,0.024,3,11.145,0.045,3,11.346,0.028,3,11.120,0.046,3,11.318,0.030,3,11.106,0.048,3,11.285,0.030,3,11.097,0.052,3,1111074301351023782,0.150462,70.9,1,11.466,0.022,11.185,0.020,8.628,0.022,6.437,0.048,709914239,0.231506,-6.5,1,0.42,13.766,0.0710,12.908,0.0864,12.491,0.0531,-0.1059918107036700,0.2512511943282790,-0.9621011243171740,111022110,10214825440092
112.8729863,-74.1754633,0.0462,0.0516,-0.0083,285.9233616,-23.3596576,235.1437485,-79.3121850,799.148,826.050,798.820,824.163,2541218240000138,25412r240-000138,240,25412r,138,11.513,0.023,46.8,18,11.149,0.033,33.2,2.77,11.1,1,0,0.00000,0.00000,0000,0000,3,AA,0,10,1.0,38.162,00,0000,0001,59260.76673013,0,,0,,13.300,3.508,0.000,37.579,5.269,0.000,5003,106.9,2499,75.26,7.50,7.50,11.487,0.015,2,0.260,11.218,0.139,2,0.326,12.209,0.018,2,12.052,0.194,2,11.746,0.015,2,11.544,0.139,2,11.541,0.015,2,11.319,0.117,2,11.438,0.015,3,11.202,0.108,3,11.378,0.016,3,11.129,0.104,3,11.335,0.019,3,11.081,0.105,3,11.298,0.020,3,11.050,0.106,3,11.262,0.021,3,11.026,0.107,3,1111074301351023782,0.209918,-28.8,1,11.466,0.022,11.185,0.020,8.628,0.022,6.437,0.048,709914239,0.453324,-36.4,1,0.63,13.766,0.0710,12.908,0.0864,12.491,0.0531,-0.1059926532427420,0.2512501572861770,-0.9621013023181270,111022110,10214825440094
112.8729280,-74.1754568,0.0475,0.0410,0.0133,285.9233496,-23.3596708,235.1437667,-79.3122019,833.677,989.624,833.870,987.708,2541618240000138,25416r240-000138,240,25416r,138,11.495,0.022,48.6,15.3,11.209,0.028,39.4,4.02,9.19,1,0,0.00000,0.00000,0000,0000,3,AA,0,10,1.0,25.900,00,0000,0000,59260.89750638,0,,0,,14.604,4.167,0.000,36.845,4.651,0.000,5087,104.6,2365,60.08,7.50,7.50,11.439,0.058,2,0.260,11.270,0.031,2,0.326,12.166,0.023,0,12.124,0.035,2,11.699,0.058,2,11.596,0.031,2,11.493,0.166,2,11.353,0.035,2,11.390,0.250,3,11.228,0.042,3,11.332,0.260,3,11.155,0.048,3,11.292,0.251,3,11.105,0.051,3,11.253,0.243,3,11.062,0.056,3,11.216,0.235,3,11.025,0.064,3,1111074301351023782,0.166449,-15.3,1,11.466,0.022,11.185,0.020,8.628,0.022,6.437,0.048,709914239,0.401791,-31.9,1,0.58,13.766,0.0710,12.908,0.0864,12.491,0.0531,-0.1059924400130520,0.2512503657010430,-0.9621012713821619,111022110,10214825440094
112.8729434,-74.1754240,0.0432,0.0397,0.0047,285.9233169,-23.3596571,235.1436067,-79.3122165,335.989,214.352,335.800,214.474,1912718013000153,19127r013-000153,13,19127r,153,11.552,0.018,59.3,19.5,11.314,0.024,44.4,4.53,11.6,1,0,0.00000,0.00000,0000,0000,3,AA,0,10,1.0,28.987,00,0000,0000,59055.25216090,0,,0,,14.964,3.443,0.000,55.674,4.662,0.000,4828,81.43,2146,48.33,7.50,7.50,11.473,0.018,2,0.260,11.233,0.097,0,0.326,12.204,0.018,0,12.059,0.093,0,11.732,0.018,2,11.559,0.097,0,11.527,0.021,2,11.346,0.094,2,11.424,0.021,3,11.249,0.095,3,11.362,0.021,3,11.203,0.099,3,11.318,0.021,3,11.183,0.101,3,11.281,0.022,3,11.176,0.105,3,11.245,0.022,3,11.168,0.111,3,1111074301351023782,0.072702,-54.2,1,11.466,0.022,11.185,0.020,8.628,0.022,6.437,0.048,709914239,0.318468,-45.5,1,0.49,13.766,0.0710,12.908,0.0864,12.491,0.0531,-0.1059927216233150,0.2512508446767190,-0.9621011152743340,111022110,10214825440086
112.8729241,-74.1754403,0.0424,0.0409,0.0125,285.9233321,-23.3596669,235.1436957,-79.3122118,192.571,826.102,195.782,826.806,1914318013000133,19143r013-000133,13,19143r,133,11.547,0.019,57.6,28.3,11.236,0.027,39.8,4.1,16.3,1,0,0.00000,0.00000,0000,0000,3,AA,0,10,1.0,48.753,00,0000,0000,59055.77539152,0,,0,,15.485,3.734,0.000,55.495,5.366,0.000,4847,84.13,2306,58.02,7.50,7.50,11.474,0.015,2,0.260,11.188,0.104,2,0.326,12.202,0.017,2,12.037,0.068,2,11.733,0.015,2,11.514,0.104,2,11.520,0.016,2,11.261,0.128,2,11.411,0.017,3,11.129,0.132,3,11.346,0.020,3,11.052,0.127,3,11.300,0.020,3,11.002,0.125,3,11.260,0.020,3,10.970,0.144,3,11.219,0.020,3,10.942,0.170,3,1111074301351023782,0.108801,-21.6,1,11.466,0.022,11.185,0.020,8.628,0.022,6.437,0.048,709914239,0.350444,-36.5,1,0.53,13.766,0.0710,12.908,0.0864,12.491,0.0531,-0.1059925306030890,0.2512506281951170,-0.9621011928523490,111022110,10214825440086
112.8727711,-74.1754008,0.0437,0.0403,-0.0064,285.9232775,-23.3596950,235.1436423,-79.3122684,986.709,700.967,984.573,698.316,1905118013000138,19051r013-000138,13,19051r,138,11.484,0.021,52.7,15,11.259,0.026,42.4,3.95,8.98,1,0,0.00000,0.00000,0000,0000,3,AA,0,10,1.0,48.246,00,0000,0000,59052.76729241,0,,0,,16.041,4.115,0.000,56.091,5.123,0.000,5139,97.54,2258,53.26,7.50,7.50,11.439,0.012,0,0.260,11.135,0.048,2,0.326,12.156,0.016,0,11.942,0.037,2,11.699,0.012,0,11.461,0.048,2,11.499,0.012,0,11.265,0.061,2,11.398,0.012,1,11.178,0.065,3,11.339,0.013,3,11.130,0.068,3,11.297,0.013,3,11.102,0.076,3,11.260,0.015,3,11.076,0.089,3,11.228,0.016,3,11.038,0.104,3,1111074301351023782,0.117544,110.4,1,11.466,0.022,11.185,0.020,8.628,0.022,6.437,0.048,709914239,0.151250,-22.6,1,0.34,13.766,0.0710,12.908,0.0864,12.491,0.0531,-0.1059921174813610,0.2512515223557850,-0.9621010048564120,111022110,10214825440087
112.8728965,-74.1754162,0.0471,0.0393,-0.0130,285.9233046,-23.3596669,235.1436097,-79.3122314,945.028,633.219,942.862,630.711,1905518013000129,19055r013-000129,13,19055r,129,11.520,0.020,53.1,17.9,11.239,0.027,39.7,2.93,10.3,1,0,0.00000,0.00000,0000,0000,3,AA,0,10,1.0,48.954,00,0000,0000,59052.89806823,0,,0,,14.702,3.599,0.000,56.372,5.591,0.000,4971,93.64,2300,57.93,7.50,7.50,11.431,0.013,3,0.260,11.222,0.031,3,0.326,12.147,0.016,0,12.039,0.035,2,11.691,0.013,3,11.548,0.031,3,11.499,0.014,3,11.328,0.036,3,11.409,0.016,3,11.216,0.049,3,11.359,0.019,3,11.146,0.067,3,11.324,0.022,3,11.100,0.077,3,11.292,0.023,3,11.068,0.087,3,11.259,0.024,3,11.043,0.095,3,1111074301351023782,0.019372,-42.0,1,11.466,0.022,11.185,0.020,8.628,0.022,6.437,0.048,709914239,0.266228,-42.9,1,0.44,13.766,0.0710,12.908,0.0864,12.491,0.0531,-0.1059925668684650,0.2512510521155170,-0.9621010781510850,111022110,10214825440087
112.8728943,-74.1753988,0.0456,0.0390,0.0074,285.9232863,-23.3596623,235.1435333,-79.3122415,928.138,582.275,925.795,579.843,1905918013000131,19059r013-000131,13,19059r,131,11.514,0.020,55.2,20.7,11.343,0.028,39.3,5.14,13,1,0,0.00000,0.00000,0000,0000,3,AA,0,5,0.5,43.243,00,0000,0000,59053.02884411,0,,0,,14.354,3.192,0.000,56.214,6.151,0.000,4998,90.55,2091,53.18,7.50,7.50,11.485,0.012,1,0.260,11.234,0.070,3,0.326,12.209,0.016,0,12.042,0.070,2,11.745,0.012,1,11.560,0.070,3,11.543,0.012,1,11.358,0.070,3,11.447,0.012,3,11.274,0.088,3,11.395,0.013,5,11.229,0.109,3,11.358,0.014,5,11.198,0.116,3,11.327,0.017,5,11.174,0.120,3,11.296,0.020,5,11.153,0.130,3,1111074301351023782,0.049434,-167.4,1,11.466,0.022,11.185,0.020,8.628,0.022,6.437,0.048,709914239,0.222663,-53.5,1,0.39,13.766,0.0710,12.908,0.0864,12.491,0.0531,-0.1059926707871750,0.2512513253890730,-0.9621009953376179,111022110,10214825440087
112.8728708,-74.1753877,0.0469,0.0419,-0.0069,285.9232727,-23.3596652,235.1435025,-79.3122530,701.145,984.715,702.051,983.430,1908718013000146,19087r013-000146,13,19087r,146,11.497,0.021,51.8,20.3,11.155,0.034,31.7,4.4,12.3,1,0,0.00000,0.00000,0000,0000,3,AA,0,10,1.0,47.575,00,0000,0001,59053.94440212,0,,0,,15.398,4.344,0.000,56.766,6.252,0.000,5074,98,2485,78.5,7.50,7.50,11.460,0.016,0,0.260,11.367,0.036,2,0.326,12.199,0.017,0,12.240,0.046,2,11.720,0.016,0,11.693,0.036,2,11.507,0.022,2,11.452,0.037,2,11.402,0.026,3,11.341,0.043,3,11.343,0.028,3,11.279,0.053,3,11.302,0.028,3,11.229,0.060,3,11.268,0.028,3,11.185,0.068,3,11.236,0.029,3,11.141,0.080,3,1111074301351023782,0.089050,172.1,1,11.466,0.022,11.185,0.020,8.628,0.022,6.437,0.048,709914239,0.181281,-59.3,1,0.34,13.766,0.0710,12.908,0.0864,12.491,0.0531,-0.1059926401830760,0.2512515405956310,-0.9621009425082920,111022110,10214825440087
112.8728369,-74.1754088,0.0403,0.0424,0.0056,285.9232917,-23.3596803,235.1436249,-79.3122491,669.215,904.546,669.958,903.235,1909118013000139,19091r013-000139,13,19091r,139,11.504,0.020,54.8,17.4,11.254,0.027,39.5,3.23,10,1,0,0.00000,0.00000,0000,0000,3,AA,0,10,1.0,39.869,00,0000,0010,59054.07517799,0,,0,,13.456,3.245,0.000,55.847,5.460,0.000,5045,91.99,2268,57.37,7.50,7.50,11.431,0.016,0,0.260,11.169,0.040,2,0.326,12.157,0.020,0,11.984,0.041,2,11.690,0.016,0,11.495,0.040,2,11.486,0.014,2,11.275,0.061,2,11.385,0.015,3,11.170,0.092,3,11.328,0.015,3,11.113,0.107,3,11.288,0.016,3,11.075,0.120,3,11.252,0.017,3,11.046,0.154,3,11.219,0.019,3,11.020,0.222,19,1111074301351023782,0.047167,105.0,1,11.466,0.022,11.185,0.020,8.628,0.022,6.437,0.048,709914239,0.208374,-36.0,1,0.39,13.766,0.0710,12.908,0.0864,12.491,0.0531,-0.1059923538110790,0.2512512768595650,-0.9621010429315749,111022110,10214825440087
112.8730344,-74.1753935,0.0442,0.0418,-0.0002,285.9232932,-23.3596243,235.1433957,-79.3122126,594.136,758.646,594.670,757.616,1909918013000129,19099r013-000129,13,19099r,129,11.572,0.020,55.5,19.9,11.183,0.026,42.5,5.62,12.1,1,0,0.00000,0.00000,0000,0000,3,AA,0,5,0.5,26.438,00,0000,0000,59054.33672964,0,,0,,14.703,3.940,0.000,56.756,5.638,0.000,4739,85.46,2422,57.05,7.50,7.50,11.438,0.021,2,0.260,11.095,0.108,2,0.326,12.155,0.018,2,11.924,0.126,2,11.697,0.021,2,11.421,0.108,2,11.503,0.024,3,11.201,0.121,3,11.407,0.024,3,11.100,0.137,3,11.353,0.024,3,11.045,0.152,3,11.313,0.025,3,11.006,0.165,3,11.279,0.027,3,10.974,0.177,3,11.244,0.031,3,10.950,0.201,3,1111074301351023782,0.162896,-114.4,1,11.466,0.022,11.185,0.020,8.628,0.022,6.437,0.048,709914239,0.336201,-70.3,1,0.46,13.766,0.0710,12.908,0.0864,12.491,0.0531,-0.1059933197403370,0.2512511482131260,-0.9621009701128090,111022110,10214825440087
112.8729464,-74.1753874,0.0431,0.0413,0.0037,285.9232791,-23.3596454,235.1434397,-79.3122360,570.057,683.106,570.407,682.172,1910318013000122,19103r013-000122,13,19103r,122,11.533,0.018,60.0,21.8,11.285,0.033,33.1,4.67,13.6,1,0,0.00000,0.00000,0000,0000,3,AA,0,5,0.5,30.097,00,0000,0000,59054.46750542,0,,0,,15.216,3.875,0.000,56.306,6.544,0.000,4910,81.88,2205,66.51,7.50,7.50,11.445,0.015,2,0.260,11.122,0.103,2,0.326,12.184,0.017,0,11.945,0.142,2,11.704,0.015,2,11.448,0.103,2,11.493,0.023,3,11.229,0.106,3,11.389,0.027,3,11.131,0.120,3,11.324,0.029,3,11.084,0.125,3,11.273,0.032,3,11.055,0.131,3,11.230,0.033,3,11.030,0.142,3,11.193,0.033,3,10.995,0.153,3,1111074301351023782,0.108665,-145.2,1,11.466,0.022,11.185,0.020,8.628,0.022,6.437,0.048,709914239,0.247612,-68.3,1,0.38,13.766,0.0710,12.908,0.0864,12.491,0.0531,-0.1059929736596210,0.2512514053828600,-0.9621009410804710,111022110,10214825440087
112.8729770,-74.1753927,0.0464,0.0428,0.0023,285.9232873,-23.3596390,235.1434387,-79.3122261,522.902,607.800,523.215,607.094,1910718013000146,19107r013-000146,13,19107r,146,11.530,0.019,56.6,21.7,11.295,0.028,39.0,3.76,12.1,1,0,0.00000,0.00000,0000,0000,3,AA,0,10,1.0,38.277,00,0000,0000,59054.59828120,0,,0,,15.348,3.806,0.000,56.830,5.650,0.000,4926,87.07,2186,56.01,7.50,7.50,11.459,0.013,2,0.260,11.133,0.063,2,0.326,12.189,0.017,2,11.961,0.052,0,11.719,0.013,2,11.459,0.063,2,11.510,0.013,2,11.250,0.074,2,11.403,0.014,3,11.157,0.105,3,11.339,0.020,3,11.105,0.127,3,11.294,0.027,3,11.067,0.147,3,11.259,0.030,3,11.041,0.162,3,11.227,0.032,3,11.032,0.181,3,1111074301351023782,0.115712,-127.3,1,11.466,0.022,11.185,0.020,8.628,0.022,6.437,0.048,709914239,0.282653,-67.0,1,0.43,13.766,0.0710,12.908,0.0864,12.491,0.0531,-0.1059930732535570,0.2512512667762960,-0.9621009663052900,111022110,10214825440087
112.8727955,-74.1753875,0.0465,0.0437,0.0107,285.9232659,-23.3596847,235.1435627,-79.3122702,457.764,516.172,458.089,515.767,1911118013000147,19111r013-000147,13,19111r,147,11.528,0.019,58.2,25.8,11.310,0.031,35.2,4.46,14.9,1,0,0.00000,0.00000,0000,0000,3,AA,0,5,0.5,46.952,00,0000,0000,59054.72905698,0,,0,,14.158,3.377,0.000,56.437,6.159,0.000,4932,84.69,2155,61.17,7.50,7.50,11.475,0.013,0,0.260,11.193,0.055,2,0.326,12.220,0.016,0,12.038,0.059,2,11.735,0.013,0,11.519,0.055,2,11.518,0.013,0,11.285,0.058,2,11.410,0.015,1,11.177,0.061,3,11.347,0.016,1,11.122,0.071,3,11.303,0.017,3,11.092,0.097,3,11.270,0.023,5,11.074,0.128,3,11.243,0.026,5,11.057,0.140,3,1111074301351023782,0.123839,135.9,1,11.466,0.022,11.185,0.020,8.628,0.022,6.437,0.048,709914239,0.123072,-41.8,1,0.30,13.766,0.0710,12.908,0.0864,12.491,0.0531,-0.1059923112852890,0.2512516829887300,-0.9621009415564110,111022110,10214825440087
112.8728142,-74.1754252,0.0418,0.0391,-0.0066,285.9233067,-23.3596910,235.1437170,-79.3122452,327.517,171.417,327.181,171.614,1913118012000148,19131r012-000148,12,19131r,148,11.499,0.018,60.4,21.6,11.257,0.027,40.7,3.96,12.8,1,0,0.00000,0.00000,0000,0000,3,AA,0,10,1.0,26.224,00,0000,0000,59055.38293677,0,,0,,15.202,3.956,0.000,55.213,4.815,0.000,5065,83.85,2262,55.58,7.50,7.50,11.447,0.013,2,0.260,11.338,0.059,2,0.326,12.185,0.016,0,12.200,0.084,2,11.707,0.013,2,11.664,0.059,2,11.500,0.012,2,11.411,0.050,2,11.397,0.012,3,11.274,0.048,3,11.335,0.012,3,11.182,0.050,3,11.287,0.013,3,11.099,0.059,3,11.246,0.014,3,10.959,0.076,3,11.208,0.015,3,10.666,0.080,3,1111074301351023782,0.082413,55.4,1,11.466,0.022,11.185,0.020,8.628,0.022,6.437,0.048,709914239,0.248659,-23.8,1,0.44,13.766,0.0710,12.908,0.0864,12.491,0.0531,-0.1059921472289690,0.2512510651202120,-0.9621011209856020,111022110,10214825440087
112.8728428,-74.1753912,0.0459,0.0406,-0.0131,285.9232739,-23.3596735,235.1435410,-79.3122574,253.862,72.222,253.599,72.665,1913518012000142,19135r012-000142,12,19135r,142,11.518,0.020,55.3,24,11.334,0.028,39.3,5,13.4,1,0,0.00000,0.00000,0000,0000,3,AA,0,5,0.5,31.903,00,0000,0000,59055.51371260,0,,0,,15.162,3.858,0.000,55.466,4.667,0.000,4977,89.99,2108,53.61,7.50,7.50,11.448,0.019,2,0.260,11.261,0.117,0,0.326,12.186,0.020,0,12.110,0.184,0,11.708,0.019,2,11.587,0.117,0,11.502,0.019,2,11.351,0.098,0,11.404,0.018,3,11.242,0.094,1,11.347,0.018,3,11.186,0.103,1,11.306,0.018,19,11.156,0.116,3,11.272,0.020,19,11.135,0.119,3,11.239,0.022,19,11.107,0.118,3,1111074301351023782,0.085417,152.3,1,11.466,0.022,11.185,0.020,8.628,0.022,6.437,0.048,709914239,0.165947,-50.7,1,0.34,13.766,0.0710,12.908,0.0864,12.491,0.0531,-0.1059924945547010,0.2512515382431840,-0.9621009591661910,111022110,10214825440087
112.8728553,-74.1754080,0.0428,0.0422,-0.0069,285.9232925,-23.3596752,235.1436063,-79.3122453,252.574,919.466,255.808,919.895,1913918013000135,19139r013-000135,13,19139r,135,11.546,0.019,55.8,17.2,11.319,0.032,33.4,3.53,9.99,1,0,0.00000,0.00000,0000,0000,3,AA,0,10,1.0,41.657,00,0000,0000,59055.64461569,0,,0,,15.100,4.516,0.000,55.667,4.746,0.000,4852,86.99,2138,63.96,7.50,7.50,11.444,0.515,2,0.260,11.225,0.121,2,0.326,12.160,0.488,0,12.047,0.130,0,11.704,0.515,2,11.551,0.121,2,11.514,0.464,3,11.334,0.131,3,11.422,0.429,3,11.229,0.130,3,11.366,0.408,3,11.172,0.129,3,11.326,0.394,3,11.138,0.134,3,11.292,0.383,3,11.120,0.144,3,11.261,0.373,3,11.105,0.152,3,1111074301351023782,0.031372,118.8,1,11.466,0.022,11.185,0.020,8.628,0.022,6.437,0.048,709914239,0.217287,-40.3,1,0.40,13.766,0.0710,12.908,0.0864,12.491,0.0531,-0.1059924397194750,0.2512512551982930,-0.9621010391240600,111022110,10214825440087
112.8728194,-74.1754242,0.0458,0.0382,0.0140,285.9233061,-23.3596894,235.1437083,-79.3122445,52.068,540.695,54.939,542.082,1915918013000153,19159r013-000153,13,19159r,153,11.492,0.018,60.5,17.8,11.153,0.026,41.0,2.79,10.2,1,0,0.00000,0.00000,0000,0000,3,AA,0,10,1.0,26.908,00,0000,0000,59056.29849483,0,,0,,15.245,3.503,0.000,55.956,4.125,0.000,5100,84.28,2491,60.76,7.50,7.50,11.438,0.012,2,0.260,11.105,0.061,0,0.326,12.182,0.016,0,11.928,0.092,0,11.698,0.012,2,11.431,0.061,0,11.482,0.012,2,11.211,0.055,2,11.370,0.012,3,11.110,0.056,3,11.302,0.012,3,11.058,0.058,3,11.255,0.012,3,11.023,0.059,3,11.216,0.013,3,10.996,0.065,3,11.179,0.013,3,10.975,0.069,3,1111074301351023782,0.076166,55.4,1,11.466,0.022,11.185,0.020,8.628,0.022,6.437,0.048,709914239,0.247501,-25.2,1,0.44,13.766,0.0710,12.908,0.0864,12.491,0.0531,-0.1059921765585570,0.2512510709721580,-0.9621011162262120,111022110,10214825440087
112.8727368,-74.1754262,0.0494,0.0446,0.0122,285.9233009,-23.3597115,235.1437844,-79.3122622,886.478,487.440,884.008,485.182,1906318013000136,19063r013-000136,13,19063r,136,11.551,0.020,54.2,14.7,11.329,0.040,26.8,3.29,8.97,1,0,0.00000,0.00000,0000,0000,3,AA,0,10,1.0,34.324,00,0000,0000,59053.15961988,0,,0,,15.769,4.260,0.000,56.813,5.554,0.000,4828,89.04,2118,78.92,7.50,7.50,11.472,0.014,2,0.260,10.399,,32,0.326,12.197,0.018,0,10.915,,32,11.732,0.014,2,10.725,,32,11.531,0.015,2,10.629,,32,11.433,0.016,3,11.306,0.519,3,11.377,0.017,3,11.245,0.495,3,11.341,0.019,3,11.203,0.480,3,11.312,0.021,3,11.179,0.475,3,11.285,0.023,3,11.169,0.478,3,1111074301351023782,0.152394,70.7,1,11.466,0.022,11.185,0.020,8.628,0.022,6.437,0.048,709914239,0.232399,-6.0,1,0.42,13.766,0.0710,12.908,0.0864,12.491,0.0531,-0.1059918012908740,0.2512511928316700,-0.9621011257449910,111022110,10214825440092
112.8729544,-74.1754629,0.0507,0.0535,-0.0106,285.9233583,-23.3596658,235.1437726,-79.3121925,704.135,69.582,701.148,68.069,1908718012000139,19087r012-000139,12,19087r,139,11.507,0.023,46.3,10.4,11.223,0.029,37.7,2.44,6.05,1,0,0.00000,0.00000,0000,0000,3,AA,0,10,1.0,48.329,00,0000,0000,59053.94427480,0,,0,,16.244,4.671,0.000,56.479,4.941,0.000,5029,108.7,2334,61.85,7.50,7.50,11.469,0.024,2,0.260,11.197,0.039,0,0.326,12.191,0.024,2,12.029,0.042,0,11.729,0.024,2,11.523,0.039,0,11.529,0.022,2,11.294,0.041,2,11.428,0.024,3,11.184,0.047,3,11.368,0.031,3,11.130,0.053,3,11.327,0.037,3,11.100,0.056,3,11.293,0.042,3,11.081,0.060,3,11.259,0.046,3,11.066,0.072,3,1111074301351023782,0.195411,-20.9,1,11.466,0.022,11.185,0.020,8.628,0.022,6.437,0.048,709914239,0.434246,-33.2,1,0.62,13.766,0.0710,12.908,0.0864,12.491,0.0531,-0.1059925159674010,0.2512502224872010,-0.9621013004143750,111022110,10214825440094
112.8728720,-74.1754397,0.0462,0.0394,0.0122,285.9233269,-23.3596803,235.1437353,-79.3122240,49.191,475.719,51.777,477.170,1916318013000154,19163r013-000154,13,19163r,154,11.506,0.018,60.9,17.4,11.307,0.025,42.7,2.59,9.88,1,0,0.00000,0.00000,0000,0000,3,AA,0,10,1.0,27.922,00,0000,0000,59056.42927071,0,,0,,15.574,3.789,0.000,55.426,4.769,0.000,5033,82.66,2160,50.58,7.50,7.50,11.460,0.038,1,0.260,11.063,0.085,1,0.326,12.204,0.028,1,12.011,0.108,1,11.720,0.038,1,11.389,0.085,1,11.510,0.045,1,10.992,0.069,3,11.409,0.045,1,10.715,0.056,3,11.350,0.043,3,10.563,0.050,3,11.309,0.043,3,10.500,0.049,3,11.275,0.042,3,10.474,0.050,3,11.243,0.042,3,10.456,0.050,3,1111074301351023782,0.099620,6.4,1,11.466,0.022,11.185,0.020,8.628,0.022,6.437,0.048,709914239,0.320803,-29.3,1,0.51,13.766,0.0710,12.908,0.0864,12.491,0.0531,-0.1059923060527610,0.2512507338586650,-0.9621011899967180,111022110,10214825440094
112.8727792,-74.1754578,0.0531,0.0430,0.0114,285.9233375,-23.3597099,235.1438920,-79.3122351,146.509,755.651,149.718,756.520,1914718013000150,19147r013-000150,13,19147r,150,11.545,0.020,53.5,23.2,11.349,0.030,36.6,5.5,14.3,1,0,0.00000,0.00000,0000,0000,3,AA,0,5,0.5,49.123,00,0000,0000,59055.90616735,0,,0,,14.663,3.327,0.000,55.488,4.819,0.000,4855,90.72,2079,56.85,7.50,7.50,11.449,0.025,0,0.260,11.233,0.119,2,0.326,12.208,0.038,0,12.078,0.163,2,11.708,0.025,0,11.559,0.119,2,11.483,0.022,2,11.326,0.121,2,11.367,0.021,3,11.219,0.137,3,11.297,0.020,3,11.165,0.137,3,11.246,0.020,3,11.132,0.136,3,11.202,0.020,3,11.106,0.134,3,11.162,0.020,3,11.087,0.134,3,1111074301351023782,0.193371,31.9,1,11.466,0.022,11.185,0.020,8.628,0.022,6.437,0.048,709914239,0.351133,-10.8,1,0.56,13.766,0.0710,12.908,0.0864,12.491,0.0531,-0.1059917809761950,0.2512506254963580,-0.9621012761415420,111022110,10214825440095
112.8727564,-74.1754666,0.0460,0.0396,0.0108,285.9233447,-23.3597184,235.1439501,-79.3122354,16.271,411.425,18.823,412.974,1916718013000155,19167r013-000155,13,19167r,155,11.547,0.018,59.2,19,11.263,0.024,44.8,4.58,11.4,1,0,0.00000,0.00000,0000,0000,3,AA,0,10,1.0,35.145,00,0000,0000,59056.56004648,0,,0,,14.653,3.201,0.000,54.006,3.785,0.000,4848,81.93,2251,50.19,7.50,7.50,11.486,0.012,0,0.260,11.200,0.023,2,0.326,12.232,0.016,0,12.046,0.029,0,11.746,0.012,0,11.526,0.023,2,11.530,0.011,0,11.299,0.023,2,11.420,0.011,1,11.196,0.025,3,11.355,0.012,3,11.142,0.028,3,11.311,0.013,3,11.102,0.031,3,11.274,0.013,3,11.066,0.035,3,11.236,0.014,3,11.031,0.039,3,1111074301351023782,0.232105,32.5,1,11.466,0.022,11.185,0.020,8.628,0.022,6.437,0.048,709914239,0.379074,-6.6,1,0.58,13.766,0.0710,12.908,0.0864,12.491,0.0531,-0.1059916235593560,0.2512505315249950,-0.9621013180240729,111022110,10214825440095
112.8728516,-74.1754330,0.0413,0.0412,0.0085,285.9233181,-23.3596836,235.1437217,-79.3122324,347.933,903.465,350.551,903.523,3035918014000167,30359r014-000167,14,30359r,167,11.480,0.019,57.1,21.3,11.238,0.027,39.6,4.25,13.2,1,0,0.00000,0.00000,0000,0000,3,AA,0,10,1.0,24.780,00,0000,0000,59422.41386476,0,,0,,14.115,3.540,0.000,53.262,4.946,0.000,5157,90.38,2304,58.1,7.50,7.50,11.436,0.018,0,0.260,11.198,0.084,2,0.326,12.171,0.016,0,12.033,0.098,2,11.696,0.018,0,11.524,0.084,2,11.486,0.035,2,11.297,0.085,2,11.382,0.041,3,11.181,0.087,3,11.321,0.040,3,11.117,0.086,3,11.275,0.039,3,11.063,0.085,3,11.234,0.038,3,10.935,0.078,3,11.197,0.038,3,10.675,0.066,3,1111074301351023782,0.081089,22.6,1,11.466,0.022,11.185,0.020,8.628,0.022,6.437,0.048,709914239,0.290022,-28.2,1,0.47,13.766,0.0710,12.908,0.0864,12.491,0.0531,-0.1059922603250300,0.2512508752558650,-0.9621011581088300,111022110,10214825440086
112.8728519,-74.1754348,0.0449,0.0439,0.0101,285.9233200,-23.3596841,235.1437296,-79.3122313,260.348,898.160,263.438,898.575,3036718014000141,30367r014-000141,14,30367r,141,11.532,0.020,55.3,18.2,11.332,0.030,36.5,2.82,10.8,1,0,0.00000,0.00000,0000,0000,3,AA,0,10,1.0,43.121,00,0000,0000,59422.67528278,0,,0,,14.513,3.818,0.000,53.081,5.198,0.000,4916,88.85,2111,57.78,7.50,7.50,11.453,0.018,0,0.260,11.214,0.036,2,0.326,12.181,0.022,0,12.040,0.048,2,11.713,0.018,0,11.540,0.036,2,11.502,0.019,0,11.315,0.034,2,11.394,0.020,3,11.201,0.034,3,11.330,0.020,3,11.133,0.037,3,11.286,0.021,3,11.088,0.044,3,11.251,0.021,3,11.058,0.060,3,11.220,0.023,3,11.033,0.082,3,1111074301351023782,0.087004,20.8,1,11.466,0.022,11.185,0.020,8.628,0.022,6.437,0.048,709914239,0.295885,-27.7,1,0.50,13.766,0.0710,12.908,0.0864,12.491,0.0531,-0.1059922498923830,0.2512508468522170,-0.9621011666757270,111022110,10214825440086
112.8727182,-74.1754783,0.0548,0.0595,-0.0056,285.9233535,-23.3597318,235.1440337,-79.3122377,41.197,895.686,45.595,897.029,3039118014000151,30391r014-000151,14,30391r,151,11.533,0.025,42.6,16.6,11.254,0.029,37.7,2.96,9.43,1,0,0.00000,0.00000,0000,0000,3,AA,0,5,0.5,26.646,00,0000,0000,59423.45955559,0,,0,,14.397,4.600,0.000,52.113,4.359,0.000,4910,115.2,2269,60.23,7.50,7.50,11.428,0.091,2,0.260,11.260,0.112,2,0.326,12.175,0.135,2,12.117,0.110,2,11.687,0.091,2,11.586,0.112,2,11.465,0.084,2,11.355,0.108,2,11.366,0.084,3,11.251,0.100,3,11.316,0.082,3,11.193,0.097,3,11.286,0.081,3,11.152,0.096,3,11.265,0.086,3,11.123,0.098,3,11.248,0.099,3,11.098,0.100,3,1111074301351023782,0.287913,34.3,1,11.466,0.022,11.185,0.020,8.628,0.022,6.437,0.048,709914239,0.418724,-0.8,1,0.61,13.766,0.0710,12.908,0.0864,12.491,0.0531,-0.1059913796837880,0.2512504211746300,-0.9621013737087680,111022110,10214825440095
112.8729008,-74.1754327,0.0467,0.0403,0.0145,285.9233222,-23.3596707,235.1436804,-79.3122213,217.523,415.454,218.891,416.067,3037118013000142,30371r013-000142,13,30371r,142,11.534,0.018,59.9,23.7,11.310,0.027,39.9,3.95,14.1,1,0,0.00000,0.00000,0000,0000,3,AA,0,5,0.5,51.469,00,0000,0001,59422.80593122,0,,0,,14.447,3.214,0.000,54.519,4.472,0.000,4904,81.89,2155,54.06,7.50,7.50,11.451,0.013,0,0.260,11.235,0.074,2,0.326,12.206,0.017,0,12.086,0.057,2,11.710,0.013,0,11.561,0.074,2,11.486,0.012,0,11.317,0.082,2,11.372,0.011,1,11.198,0.084,3,11.308,0.012,3,11.141,0.087,3,11.263,0.012,3,11.110,0.089,3,11.226,0.013,3,11.091,0.091,3,11.190,0.014,3,11.077,0.094,3,1111074301351023782,0.075773,-13.1,1,11.466,0.022,11.185,0.020,8.628,0.022,6.437,0.048,709914239,0.314854,-36.1,1,0.49,13.766,0.0710,12.908,0.0864,12.491,0.0531,-0.1059924780326540,0.2512507888814520,-0.9621011566810140,111022110,10214825440086
112.8730420,-74.1754165,0.0446,0.0389,0.0134,285.9233178,-23.3596292,235.1434929,-79.3121982,85.060,435.978,87.264,437.215,3038718013000158,30387r013-000158,13,30387r,158,11.505,0.018,60.5,20.8,11.297,0.024,45.5,5.11,12,1,0,0.00000,0.00000,0000,0000,3,AA,0,5,0.5,24.380,00,0000,0000,59423.32877979,0,,0,,14.360,2.991,0.000,52.429,4.205,0.000,5040,83.37,2182,47.9,7.50,7.50,11.469,0.013,0,0.260,11.159,0.038,2,0.326,12.216,0.016,0,12.037,0.039,0,11.729,0.013,0,11.485,0.038,2,11.514,0.012,0,11.235,0.050,2,11.410,0.012,1,11.114,0.058,3,11.352,0.012,1,11.050,0.066,3,11.312,0.013,1,11.014,0.091,3,11.273,0.014,3,10.986,0.124,3,11.212,0.015,3,10.952,0.127,3,1111074301351023782,0.156562,-84.3,1,11.466,0.022,11.185,0.020,8.628,0.022,6.437,0.048,709914239,0.378741,-58.8,1,0.53,13.766,0.0710,12.908,0.0864,12.491,0.0531,-0.1059932029505800,0.2512507783100140,-0.9621010795789020,111022110,10214825440086
112.8729327,-74.1753946,0.0499,0.0463,0.0081,285.9232854,-23.3596511,235.1434832,-79.3122351,816.544,876.042,816.297,874.163,3030318014000153,30303r014-000153,14,30303r,153,11.514,0.022,49.4,11.1,11.382,0.037,29.2,3.64,7.31,1,0,0.00000,0.00000,0000,0000,3,AA,0,10,1.0,35.498,00,0000,0000,59420.58389383,0,,0,,16.046,4.943,0.000,54.306,5.657,0.000,5000,101.2,2016,69.13,7.50,7.50,11.472,0.023,0,0.260,11.255,0.204,2,0.326,12.198,0.027,0,12.056,0.309,2,11.732,0.023,0,11.581,0.204,2,11.529,0.023,2,11.384,0.174,2,11.428,0.023,3,11.298,0.163,3,11.372,0.024,3,11.256,0.161,3,11.336,0.025,3,11.232,0.165,3,11.310,0.025,3,11.212,0.171,3,11.283,0.026,3,11.190,0.177,3,1111074301351023782,0.079789,-142.6,1,11.466,0.022,11.185,0.020,8.628,0.022,6.437,0.048,709914239,0.246405,-61.6,1,0.40,13.766,0.0710,12.908,0.0864,12.491,0.0531,-0.1059928665899450,0.2512513193322360,-0.9621009753481480,111022110,10214825440087
112.8728615,-74.1754247,0.0452,0.0431,0.0103,285.9233104,-23.3596786,235.1436764,-79.3122347,740.589,849.396,740.599,847.790,3031118014000134,30311r014-000134,14,30311r,134,11.488,0.020,53.0,18,11.261,0.032,34.2,2.8,10.4,1,0,0.00000,0.00000,0000,0000,3,AA,0,5,0.5,51.653,00,0000,0000,59420.84531815,0,,0,,11.338,2.578,0.000,54.117,5.333,0.000,5117,96.54,2253,65.91,7.50,7.50,11.457,0.014,0,0.260,11.189,0.092,2,0.326,12.180,0.019,0,11.995,0.108,2,11.717,0.014,0,11.515,0.092,2,11.515,0.013,0,11.303,0.089,2,11.422,0.013,3,11.200,0.096,3,11.374,0.014,3,11.140,0.105,3,11.344,0.015,3,11.103,0.117,3,11.320,0.017,3,11.079,0.131,3,11.298,0.019,3,11.056,0.141,3,1111074301351023782,0.049830,25.4,1,11.466,0.022,11.185,0.020,8.628,0.022,6.437,0.048,709914239,0.269238,-33.0,1,0.45,13.766,0.0710,12.908,0.0864,12.491,0.0531,-0.1059923579103110,0.2512509853550340,-0.9621011186059070,111022110,10214825440087
112.8729419,-74.1753962,0.0493,0.0420,-0.0095,285.9232878,-23.3596492,235.1434830,-79.3122322,682.894,368.431,681.237,367.033,3031518013000147,30315r013-000147,13,30315r,147,11.566,0.019,56.1,15.8,11.322,0.033,33.1,2.38,8.67,1,0,0.00000,0.00000,0000,0000,3,AA,0,10,1.0,49.582,00,0000,0000,59420.97596662,0,,0,,16.073,5.487,0.000,54.149,5.461,0.000,4764,84.96,2131,64.33,7.50,7.50,11.463,0.023,2,0.260,10.405,,32,0.326,12.187,0.025,0,11.013,,32,11.723,0.023,2,10.731,,32,11.527,0.023,2,11.271,0.460,2,11.433,0.026,3,11.151,0.421,3,11.380,0.030,3,11.079,0.440,3,11.346,0.032,3,10.224,,32,11.321,0.036,3,10.078,,32,11.298,0.041,3,10.038,,32,1111074301351023782,0.081407,-135.0,1,11.466,0.022,11.185,0.020,8.628,0.022,6.437,0.048,709914239,0.257090,-61.4,1,0.42,13.766,0.0710,12.908,0.0864,12.491,0.0531,-0.1059928964905650,0.2512512775585710,-0.9621009829631850,111022110,10214825440087
112.8729769,-74.1754035,0.0473,0.0440,-0.0098,285.9232985,-23.3596422,235.1434874,-79.3122202,614.514,920.216,615.658,919.211,3032718014000165,30327r014-000165,14,30327r,165,11.525,0.023,47.6,19.2,11.321,0.029,37.2,4.53,12.2,1,0,0.00000,0.00000,0000,0000,3,AA,0,10,1.0,24.074,00,0000,0000,59421.36816678,0,,0,,14.131,3.308,0.000,53.809,5.022,0.000,4949,103.9,2132,57.33,7.50,7.50,11.448,0.013,0,0.260,11.239,0.050,2,0.326,12.185,0.016,0,12.088,0.047,2,11.708,0.013,0,11.565,0.050,2,11.493,0.012,0,11.323,0.065,2,11.386,0.013,1,11.204,0.079,3,11.327,0.015,3,11.134,0.082,3,11.289,0.017,3,11.084,0.082,3,11.255,0.018,3,11.044,0.082,3,11.217,0.019,3,11.007,0.084,3,1111074301351023782,0.097078,-108.8,1,11.466,0.022,11.185,0.020,8.628,0.022,6.437,0.048,709914239,0.299912,-60.1,1,0.45,13.766,0.0710,12.908,0.0864,12.491,0.0531,-0.1059930023255260,0.2512510998694250,-0.9621010177067820,111022110,10214825440087
112.8728093,-74.1754078,0.0448,0.0439,-0.0091,285.9232882,-23.3596871,235.1436428,-79.3122559,522.352,876.449,523.817,875.780,3033518014000147,30335r014-000147,14,30335r,147,11.573,0.020,53.5,17.5,11.366,0.028,39.2,4.14,10.3,1,0,0.00000,0.00000,0000,0000,3,AA,0,10,1.0,39.305,00,0000,0000,59421.62959109,0,,0,,14.339,3.353,0.000,53.481,4.896,0.000,4733,88.48,2047,52.18,7.50,7.50,11.490,0.021,2,0.260,11.240,0.125,2,0.326,12.206,0.021,0,12.066,0.140,2,11.749,0.021,2,11.566,0.125,2,11.546,0.024,3,11.353,0.109,3,11.440,0.024,3,11.257,0.103,3,11.376,0.025,3,11.202,0.100,3,11.332,0.028,3,11.161,0.098,3,11.297,0.033,3,11.123,0.097,3,11.260,0.034,3,11.081,0.098,3,1111074301351023782,0.074352,102.3,1,11.466,0.022,11.185,0.020,8.628,0.022,6.437,0.048,709914239,0.190550,-30.1,1,0.38,13.766,0.0710,12.908,0.0864,12.491,0.0531,-0.1059922393073570,0.2512513433886940,-0.9621010381721810,111022110,10214825440087
112.8727868,-74.1753966,0.0442,0.0406,-0.0034,285.9232746,-23.3596897,235.1436107,-79.3122672,522.392,452.777,522.055,452.076,3033918013000138,30339r013-000138,13,30339r,138,11.540,0.019,57.7,16.4,11.311,0.026,42.2,3.25,9.5,1,0,0.00000,0.00000,0000,0000,3,AA,0,10,1.0,49.309,00,0000,0000,59421.76023956,0,,0,,14.864,4.319,0.000,53.852,5.212,0.000,4878,84.57,2153,51.06,7.50,7.50,11.441,0.214,2,0.260,11.167,0.036,2,0.326,12.177,0.219,0,11.998,0.036,2,11.700,0.214,2,11.493,0.036,2,11.490,0.185,3,11.274,0.046,3,11.388,0.169,3,11.168,0.052,3,11.332,0.160,3,11.110,0.055,3,11.293,0.155,3,11.071,0.076,3,11.260,0.150,3,11.033,0.204,3,11.229,0.146,3,10.996,0.537,3,1111074301351023782,0.110129,120.7,1,11.466,0.022,11.185,0.020,8.628,0.022,6.437,0.048,709914239,0.144594,-30.5,1,0.35,13.766,0.0710,12.908,0.0864,12.491,0.0531,-0.1059922137408420,0.2512515582924260,-0.9621009848669440,111022110,10214825440087
112.8729146,-74.1754126,0.0457,0.0436,0.0094,285.9233025,-23.3596612,235.1435788,-79.3122293,441.526,440.514,441.630,440.183,3034718013000139,30347r013-000139,13,30347r,139,11.546,0.019,58.6,14.3,11.283,0.030,36.0,2.78,8.56,1,0,0.00000,0.00000,0000,0000,3,AA,0,10,1.0,46.424,00,0000,0000,59422.02166398,0,,0,,13.309,3.430,0.000,52.924,6.184,0.000,4853,82.87,2210,61.4,7.50,7.50,11.460,0.016,3,0.260,11.315,0.196,3,0.326,12.199,0.019,0,12.150,0.108,2,11.719,0.016,3,11.641,0.196,3,11.507,0.018,3,11.421,0.343,3,11.399,0.025,3,11.318,0.407,3,11.336,0.027,3,11.253,0.402,3,11.292,0.027,3,11.203,0.388,3,11.253,0.027,3,11.160,0.378,3,11.213,0.026,3,11.120,0.370,3,1111074301351023782,0.030761,-87.3,1,11.466,0.022,11.185,0.020,8.628,0.022,6.437,0.048,709914239,0.269704,-47.5,1,0.45,13.766,0.0710,12.908,0.0864,12.491,0.0531,-0.1059926697362680,0.2512510743292830,-0.9621010610172710,111022110,10214825440087
112.8728868,-74.1754184,0.0462,0.0398,0.0144,285.9233061,-23.3596701,235.1436275,-79.3122324,161.989,442.776,163.759,443.671,3037918013000145,30379r013-000145,13,30379r,145,11.533,0.018,61.6,20.8,11.310,0.026,41.8,4.64,12.5,1,0,0.00000,0.00000,0000,0000,3,AA,0,10,1.0,42.662,00,0000,0000,59423.06735556,0,,0,,15.137,3.788,0.000,53.151,4.623,0.000,4913,79.69,2155,51.53,7.50,7.50,11.472,0.012,0,0.260,11.180,0.031,2,0.326,12.213,0.016,0,12.027,0.038,2,11.731,0.012,0,11.506,0.031,2,11.518,0.012,0,11.268,0.031,2,11.411,0.014,1,11.160,0.035,3,11.350,0.016,3,11.108,0.040,3,11.308,0.017,3,11.084,0.051,3,11.276,0.017,3,11.074,0.122,3,11.245,0.018,3,11.063,0.493,3,1111074301351023782,0.022583,-8.8,1,11.466,0.022,11.185,0.020,8.628,0.022,6.437,0.048,709914239,0.265842,-40.2,1,0.44,13.766,0.0710,12.908,0.0864,12.491,0.0531,-0.1059925099735070,0.2512510360224730,-0.9621010886217470,111022110,10214825440087
112.8727898,-74.1754037,0.0466,0.0390,0.0130,285.9232822,-23.3596910,235.1436402,-79.3122626,57.853,453.017,60.262,454.444,3039518013000165,30395r013-000165,13,30395r,165,11.541,0.018,59.9,24.4,11.324,0.026,41.8,4.71,14.3,1,0,0.00000,0.00000,0000,0000,3,AA,0,5,0.5,35.464,00,0000,0000,59423.59020403,0,,0,,13.960,3.259,0.000,52.224,4.657,0.000,4873,81.36,2128,50.9,7.50,7.50,11.486,0.023,0,0.260,11.319,0.086,2,0.326,12.242,0.022,0,12.175,0.064,2,11.745,0.023,0,11.645,0.086,2,11.517,0.022,0,11.393,0.091,2,11.402,0.020,1,11.270,0.087,3,11.336,0.019,3,11.204,0.085,3,11.292,0.019,3,11.161,0.085,3,11.255,0.020,3,11.126,0.085,3,11.217,0.020,3,11.094,0.085,3,1111074301351023782,0.096755,108.4,1,11.466,0.022,11.185,0.020,8.628,0.022,6.437,0.048,709914239,0.168432,-27.0,1,0.37,13.766,0.0710,12.908,0.0864,12.491,0.0531,-0.1059921805563710,0.2512514428951060,-0.9621010186586610,111022110,10214825440087
112.8727342,-74.1754370,0.0505,0.0506,0.0115,285.9233119,-23.3597154,235.1438350,-79.3122568,22.492,913.259,27.023,914.680,3039918014000145,30399r014-000145,14,30399r,145,11.601,0.025,43.7,14.9,11.328,0.025,43.5,4.65,8.27,1,0,0.00000,0.00000,0000,0000,3,AA,0,10,1.0,46.655,00,0000,0000,59423.72097978,0,,0,,15.772,4.962,0.000,52.057,4.559,0.000,4611,105.6,2120,48.76,7.50,7.50,11.380,0.044,2,0.260,11.215,0.025,2,0.326,12.092,0.030,2,12.058,0.029,0,11.640,0.044,2,11.541,0.025,2,11.448,0.094,3,11.316,0.026,3,11.354,0.119,3,11.218,0.031,3,11.299,0.118,3,11.168,0.041,3,11.257,0.117,3,11.137,0.056,3,11.225,0.123,3,11.111,0.066,3,11.197,0.128,3,11.081,0.077,3,1111074301351023782,0.171451,58.6,1,11.466,0.022,11.185,0.020,8.628,0.022,6.437,0.048,709914239,0.270878,-4.6,1,0.47,13.766,0.0710,12.908,0.0864,12.491,0.0531,-0.1059917194006380,0.2512510305492360,-0.9621011771463770,111022110,10214825440092
112.8728697,-74.1754396,0.0460,0.0409,0.0035,285.9233266,-23.3596809,235.1437367,-79.3122246,636.578,447.517,635.523,446.340,3032318013000121,30323r013-000121,13,30323r,121,11.530,0.020,53.2,16.7,11.269,0.027,40.2,3.52,9.65,1,0,0.00000,0.00000,0000,0000,3,AA,0,10,1.0,29.344,00,0000,0000,59421.23739100,0,,0,,13.310,3.806,0.000,53.497,5.825,0.000,4924,92.6,2238,55.67,7.50,7.50,11.433,0.096,2,0.260,11.159,0.052,2,0.326,12.156,0.137,2,11.990,0.058,0,11.692,0.096,2,11.485,0.052,2,11.483,0.089,2,11.275,0.055,2,11.377,0.085,3,11.190,0.062,3,11.317,0.082,3,11.146,0.066,3,11.278,0.080,3,11.114,0.076,3,11.246,0.079,3,11.087,0.095,3,11.210,0.079,3,11.063,0.106,3,1111074301351023782,0.099539,7.7,1,11.466,0.022,11.185,0.020,8.628,0.022,6.437,0.048,709914239,0.319389,-29.0,1,0.51,13.766,0.0710,12.908,0.0864,12.491,0.0531,-0.1059922966195880,0.2512507396606170,-0.9621011895207791,111022110,10214825440094
112.8728699,-74.1754416,0.0432,0.0406,-0.0034,285.9233287,-23.3596814,235.1437455,-79.3122235,451.872,897.286,453.828,896.918,3034318014000149,30343r014-000149,14,30343r,149,11.540,0.020,54.9,16.2,11.306,0.028,38.4,3.16,9.37,1,0,0.00000,0.00000,0000,0000,3,AA,0,10,1.0,51.772,00,0000,0000,59421.89101545,0,,0,,14.782,3.374,0.000,53.943,6.137,0.000,4881,88.96,2162,56.29,7.50,7.50,11.467,0.014,0,0.260,11.195,0.052,2,0.326,12.192,0.017,0,12.020,0.056,2,11.726,0.014,0,11.521,0.052,2,11.523,0.015,2,11.294,0.055,2,11.423,0.016,3,11.186,0.062,3,11.366,0.016,3,11.136,0.070,3,11.328,0.017,3,11.114,0.077,3,11.298,0.017,3,11.100,0.083,3,11.268,0.018,3,11.078,0.086,3,1111074301351023782,0.106654,7.1,1,11.466,0.022,11.185,0.020,8.628,0.022,6.437,0.048,709914239,0.325799,-28.4,1,0.51,13.766,0.0710,12.908,0.0864,12.491,0.0531,-0.1059922844430590,0.2512507083476650,-0.9621011990395490,111022110,10214825440094
112.8728556,-74.1754457,0.0519,0.0432,0.0081,285.9233317,-23.3596864,235.1437756,-79.3122244,351.970,434.114,352.606,434.139,3035518013000151,30355r013-000151,13,30355r,151,11.577,0.019,57.2,19.6,11.282,0.031,35.0,3.89,11.5,1,0,0.00000,0.00000,0000,0000,3,AA,0,5,0.5,26.634,00,0000,0000,59422.28308891,0,,0,,14.578,3.646,0.000,53.541,5.646,0.000,4718,82.44,2211,63.17,7.50,7.50,11.473,0.013,2,0.260,11.153,0.152,2,0.326,12.215,0.017,0,11.998,0.167,0,11.733,0.013,2,11.479,0.152,2,11.522,0.013,2,11.249,0.134,2,11.421,0.013,3,11.144,0.124,3,11.363,0.013,3,11.086,0.120,3,11.323,0.014,3,11.050,0.120,3,11.286,0.015,3,11.022,0.124,3,11.247,0.016,3,10.988,0.127,3,1111074301351023782,0.123628,12.7,1,11.466,0.022,11.185,0.020,8.628,0.022,6.437,0.048,709914239,0.332666,-25.1,1,0.53,13.766,0.0710,12.908,0.0864,12.491,0.0531,-0.1059921949756010,0.2512506713683400,-0.9621012185530240,111022110,10214825440094
112.8726593,-74.1754597,0.0487,0.0437,-0.0067,285.9233289,-23.3597416,235.1439979,-79.3122613,751.316,395.914,749.347,394.221,3030718013000141,30307r013-000141,13,30307r,141,11.537,0.019,56.2,15.9,11.366,0.034,32.4,3.99,9.72,1,0,0.00000,0.00000,0000,0000,3,AA,0,10,1.0,46.177,00,0000,0000,59420.71454226,0,,0,,14.125,4.017,0.000,53.869,6.023,0.000,4895,87.04,2046,63.19,7.50,7.50,11.448,0.017,2,0.260,11.258,0.117,2,0.326,12.177,0.020,2,12.112,0.097,2,11.707,0.017,2,11.584,0.117,2,11.499,0.017,2,11.332,0.123,2,11.402,0.020,3,11.216,0.117,3,11.347,0.023,3,11.160,0.114,3,11.308,0.026,3,11.133,0.117,3,11.279,0.029,3,11.116,0.125,3,11.251,0.044,3,11.096,0.131,3,1111074301351023782,0.278562,52.1,1,11.466,0.022,11.185,0.020,8.628,0.022,6.437,0.048,709914239,0.355505,8.4,1,0.55,13.766,0.0710,12.908,0.0864,12.491,0.0531,-0.1059912427956250,0.2512508179036160,-0.9621012851843630,111022110,10214825440095
112.8727859,-74.1754438,0.0410,0.0405,0.0105,285.9233236,-23.3597039,235.1438236,-79.3122413,209.268,898.378,212.675,899.016,3037518014000138,30375r014-000138,14,30375r,138,11.538,0.019,58.3,18.4,11.266,0.024,45.0,4.04,10.8,1,0,0.00000,0.00000,0000,0000,3,AA,0,10,1.0,50.979,00,0000,0000,59422.93670706,0,,0,,15.199,3.689,0.000,53.259,4.913,0.000,4887,83.76,2244,49.85,7.50,7.50,11.404,0.030,2,0.260,11.172,0.034,0,0.326,12.133,0.024,2,12.009,0.032,0,11.664,0.030,2,11.498,0.034,0,11.457,0.030,2,11.275,0.043,2,11.352,0.029,3,11.174,0.044,3,11.291,0.029,3,11.116,0.044,3,11.248,0.033,3,11.078,0.045,3,11.213,0.041,3,11.048,0.047,3,11.177,0.044,3,11.016,0.049,3,1111074301351023782,0.148607,40.0,1,11.466,0.022,11.185,0.020,8.628,0.022,6.437,0.048,709914239,0.303285,-13.8,1,0.51,13.766,0.0710,12.908,0.0864,12.491,0.0531,-0.1059919017313030,0.2512508297029140,-0.9621012095101950,111022110,10214825440095
112.8729534,-74.1753182,0.0464,0.0433,-0.0067,285.9232078,-23.3596230,235.1431230,-79.3122726,844.346,391.138,841.785,389.028,1427618239000136,14276r239-000136,239,14276r,136,11.587,0.020,54.3,15.9,11.161,0.028,38.7,5.61,10.3,1,0,0.00000,0.00000,0000,0000,3,AA,0,10,1.0,48.876,00,0000,0000,58896.66314623,0,,0,,13.655,3.571,0.000,36.962,4.526,0.000,4673,86.08,2471,63.78,7.50,7.50,11.443,0.016,2,0.260,11.138,0.116,2,0.326,12.155,0.021,2,11.955,0.166,2,11.702,0.016,2,11.464,0.116,2,11.499,0.015,2,11.248,0.104,2,11.396,0.015,3,11.146,0.098,3,11.338,0.016,3,11.090,0.095,3,11.300,0.017,3,11.054,0.094,3,11.268,0.020,3,11.029,0.096,3,11.236,0.022,3,11.006,0.100,3,1111074301351023782,0.345326,-168.5,1,11.466,0.022,11.185,0.020,8.628,0.022,6.437,0.048,709914239,0.284646,-123.6,1,0.28,13.766,0.0710,12.908,0.0864,12.491,0.0531,-0.1059934560102720,0.2512524630589600,-0.9621006117292540,111022110,10214825440112
112.8728818,-74.1754265,0.0458,0.0435,-0.0080,285.9233140,-23.3596738,235.1436680,-79.3122291,991.700,225.835,987.506,223.092,1429218231000140,14292r231-000140,231,14292r,140,11.477,0.022,49.4,12.5,11.175,0.024,44.8,4.38,7.74,1,0,0.00000,0.00000,0000,0000,3,AA,0,10,1.0,29.603,00,0000,0000,58897.18586894,0,,0,,13.687,3.490,0.000,36.599,3.533,0.000,5170,104.7,2441,54.49,7.50,7.50,11.439,0.013,2,0.260,11.146,0.024,2,0.326,12.175,0.017,0,11.985,0.031,0,11.699,0.013,2,11.472,0.024,2,11.491,0.013,2,11.247,0.024,2,11.388,0.013,3,11.142,0.029,3,11.327,0.014,3,11.086,0.035,3,11.283,0.016,3,11.043,0.039,3,11.244,0.018,3,11.000,0.043,3,11.208,0.020,3,10.961,0.047,3,1111074301351023782,0.051501,1.6,1,11.466,0.022,11.185,0.020,8.628,0.022,6.437,0.048,709914239,0.285838,-35.7,1,0.48,13.766,0.0710,12.908,0.0864,12.491,0.0531,-0.1059924351807820,0.2512509199530630,-0.9621011271728080,111022110,10214825440086
112.8729114,-74.1754223,0.0448,0.0422,0.0120,285.9233123,-23.3596649,235.1436251,-79.3122247,915.764,822.922,914.706,820.544,1428418240000139,14284r240-000139,240,14284r,139,11.454,0.021,50.6,15.6,11.280,0.027,39.6,4.41,10.8,1,0,0.00000,0.00000,0000,0000,3,AA,0,10,1.0,24.667,00,0000,0000,58896.92482589,0,,0,,11.487,3.218,0.000,36.161,4.137,0.000,5283,104.5,2215,55.88,7.50,7.50,11.439,0.012,0,0.260,11.121,0.028,2,0.326,12.156,0.016,0,11.899,0.030,2,11.699,0.012,0,11.447,0.028,2,11.495,0.012,0,11.270,0.030,2,11.392,0.013,3,11.191,0.033,3,11.331,0.016,3,11.146,0.039,3,11.287,0.017,3,11.115,0.044,3,11.247,0.018,3,11.093,0.048,3,11.209,0.019,3,11.079,0.052,3,1111074301351023782,0.045640,-37.2,1,11.466,0.022,11.185,0.020,8.628,0.022,6.437,0.048,709914239,0.292304,-42.0,1,0.47,13.766,0.0710,12.908,0.0864,12.491,0.0531,-0.1059925923938980,0.2512509301756960,-0.9621011071833711,111022110,10214825440087
112.8729269,-74.1754560,0.0429,0.0389,-0.0116,285.9233487,-23.3596709,235.1437640,-79.3122025,937.994,580.182,935.666,577.696,1428818239000141,14288r239-000141,239,14288r,141,11.485,0.020,54.1,18.5,11.258,0.025,44.3,3.87,10.6,1,0,0.00000,0.00000,0000,0000,3,AA,0,10,1.0,21.324,00,0000,0000,58897.05560214,0,,0,,13.604,3.475,0.000,36.433,4.665,0.000,5132,94.89,2260,51.02,7.50,7.50,11.426,0.012,1,0.260,11.158,0.029,1,0.326,12.151,0.016,0,11.981,0.037,0,11.686,0.012,1,11.484,0.029,1,11.480,0.011,1,11.262,0.029,3,11.376,0.012,1,11.154,0.032,3,11.312,0.013,1,11.096,0.038,3,11.263,0.017,3,11.059,0.050,3,11.222,0.020,3,11.025,0.060,3,11.188,0.021,3,10.995,0.066,3,1111074301351023782,0.163386,-15.2,1,11.466,0.022,11.185,0.020,8.628,0.022,6.437,0.048,709914239,0.398775,-31.9,1,0.58,13.766,0.0710,12.908,0.0864,12.491,0.0531,-0.1059924404108280,0.2512503801131350,-0.9621012675746570,111022110,10214825440094
112.8730305,-74.1753875,0.0439,0.0400,0.0129,285.9232866,-23.3596235,235.1433719,-79.3122168,339.847,655.085,341.476,655.170,3650818240000163,36508r240-000163,240,36508r,163,11.570,0.018,59.6,22.3,11.374,0.025,44.0,4.6,12.6,1,0,0.00000,0.00000,0000,0000,3,AA,0,5,0.5,43.532,00,0000,0000,59623.34061182,0,,0,,15.549,3.775,0.000,38.804,4.705,0.000,4746,79.58,2032,46.18,7.50,7.50,11.517,0.013,0,0.260,11.267,0.044,2,0.326,12.266,0.017,0,12.110,0.049,0,11.776,0.013,0,11.593,0.044,2,11.558,0.012,0,11.366,0.044,2,11.447,0.012,3,11.267,0.045,3,11.383,0.012,3,11.222,0.047,3,11.337,0.013,3,11.197,0.052,3,11.297,0.014,3,11.178,0.060,3,11.259,0.015,3,11.150,0.069,3,1111074301351023782,0.169672,-121.6,1,11.466,0.022,11.185,0.020,8.628,0.022,6.437,0.048,709914239,0.325868,-73.6,1,0.45,13.766,0.0710,12.908,0.0864,12.491,0.0531,-0.1059933417991400,0.2512512482566350,-0.9621009415564110,111022110,10214825440084
112.8731447,-74.1754047,0.0464,0.0427,0.0117,285.9233146,-23.3595989,235.1433565,-79.3121814,745.936,773.514,745.659,771.842,3655218240000144,36552r240-000144,240,36552r,144,11.528,0.020,53.7,17.9,11.341,0.030,36.0,2.12,10.8,1,0,0.00000,0.00000,0000,0000,3,AA,0,10,1.0,37.952,00,0000,0000,59624.77762253,0,,0,,15.547,4.316,0.000,38.128,5.417,0.000,4933,91.89,2094,58.17,7.50,7.50,11.540,0.013,2,0.260,11.220,0.051,2,0.326,12.261,0.017,2,12.018,0.053,2,11.800,0.013,2,11.546,0.051,2,11.595,0.013,3,11.338,0.054,3,11.501,0.014,3,11.227,0.055,3,11.451,0.016,3,11.150,0.056,3,11.421,0.017,3,11.095,0.058,3,11.400,0.019,3,11.053,0.066,3,11.378,0.021,3,11.015,0.075,3,1111074301351023782,0.258032,-96.0,1,11.466,0.022,11.185,0.020,8.628,0.022,6.437,0.048,709914239,0.451739,-70.1,1,0.59,13.766,0.0710,12.908,0.0864,12.491,0.0531,-0.1059937303225190,0.2512507708848780,-0.9621010234180560,111022110,10214825440201
112.8729396,-74.1754468,0.0444,0.0403,0.0140,285.9233403,-23.3596648,235.1437123,-79.3122047,106.982,773.773,110.465,774.875,3648018240000136,36480r240-000136,240,36480r,136,11.530,0.019,57.7,16.4,11.324,0.025,42.8,3.9,9.35,1,0,0.00000,0.00000,0000,0000,3,AA,0,10,1.0,50.029,00,0000,0000,59622.42619679,0,,0,,14.786,3.966,0.000,37.322,3.691,0.000,4924,85.41,2127,49.74,7.50,7.50,11.470,0.013,0,0.260,11.218,0.035,0,0.326,12.207,0.016,0,12.069,0.040,0,11.729,0.013,0,11.544,0.035,0,11.519,0.012,0,11.313,0.032,2,11.414,0.012,3,11.207,0.032,3,11.358,0.013,3,11.155,0.034,3,11.321,0.014,3,11.123,0.037,3,11.288,0.014,3,11.096,0.041,3,11.257,0.015,3,11.068,0.047,3,1111074301351023782,0.136271,-23.9,1,11.466,0.022,11.185,0.020,8.628,0.022,6.437,0.048,709914239,0.378310,-36.2,1,0.56,13.766,0.0710,12.908,0.0864,12.491,0.0531,-0.1059925561487310,0.2512504989567710,-0.9621012237883450,111022110,10214825440086
112.8728606,-74.1754321,0.0405,0.0414,0.0099,285.9233180,-23.3596810,235.1437104,-79.3122308,150.180,893.586,153.908,894.511,3648418220000145,36484r220-000145,220,36484r,145,11.586,0.019,57.4,20.5,11.331,0.024,44.6,4,11.6,1,0,0.00000,0.00000,0000,0000,3,AA,0,10,1.0,52.733,00,0000,0000,59622.55684569,0,,0,,15.701,4.324,0.000,38.038,4.019,0.000,4676,81.49,2114,47.45,7.50,7.50,11.455,0.014,2,0.260,11.197,0.025,2,0.326,12.188,0.017,0,12.047,0.030,0,11.715,0.014,2,11.523,0.025,2,11.515,0.015,2,11.292,0.026,2,11.417,0.020,3,11.183,0.028,3,11.360,0.023,3,11.119,0.029,3,11.322,0.024,3,11.075,0.031,3,11.291,0.026,3,11.046,0.035,3,11.261,0.029,3,11.027,0.039,3,1111074301351023782,0.075026,17.3,1,11.466,0.022,11.185,0.020,8.628,0.022,6.437,0.048,709914239,0.291490,-30.0,1,0.48,13.766,0.0710,12.908,0.0864,12.491,0.0531,-0.1059923056655230,0.2512508725309730,-0.9621011538253820,111022110,10214825440086
112.8729817,-74.1754160,0.0419,0.0407,-0.0062,285.9233120,-23.3596447,235.1435396,-79.3122122,452.021,1003.476,454.443,1003.187,3652018240000145,36520r240-000145,240,36520r,145,11.559,0.021,52.3,21,11.281,0.026,41.2,4.54,12.1,1,0,0.00000,0.00000,0000,0000,3,AA,0,10,1.0,42.291,00,0000,0000,59623.73255852,0,,0,,16.704,4.106,0.000,38.678,4.998,0.000,4795,91.73,2214,53.69,7.50,7.50,11.494,0.013,0,0.260,11.292,0.034,2,0.326,12.220,0.016,0,12.141,0.034,2,11.754,0.013,0,11.618,0.034,2,11.554,0.012,2,11.387,0.038,2,11.461,0.013,3,11.284,0.039,3,11.411,0.014,3,11.234,0.041,3,11.378,0.015,3,11.203,0.045,3,11.354,0.016,3,11.173,0.050,3,11.333,0.019,3,11.143,0.055,3,1111074301351023782,0.097563,-81.9,1,11.466,0.022,11.185,0.020,8.628,0.022,6.437,0.048,709914239,0.328468,-53.7,1,0.49,13.766,0.0710,12.908,0.0864,12.491,0.0531,-0.1059929417891800,0.2512508975964110,-0.9621010771992060,111022110,10214825440086
112.8729334,-74.1754253,0.0466,0.0421,0.0046,285.9233174,-23.3596600,235.1436207,-79.3122180,641.835,429.083,640.678,427.862,3654018240000149,36540r240-000149,240,36540r,149,11.572,0.021,52.9,19.6,11.320,0.026,42.0,5.61,11.5,1,0,0.00000,0.00000,0000,0000,3,AA,0,10,1.0,47.381,00,0000,0000,59624.38567579,0,,0,,15.006,4.266,0.000,38.186,5.093,0.000,4739,89.58,2135,50.88,7.50,7.50,11.502,0.015,2,0.260,11.165,0.037,2,0.326,12.231,0.019,2,12.014,0.041,2,11.761,0.015,2,11.491,0.037,2,11.551,0.014,2,11.262,0.045,2,11.444,0.014,3,11.159,0.052,3,11.381,0.016,3,11.107,0.055,3,11.333,0.018,3,11.082,0.057,3,11.290,0.020,3,11.071,0.062,3,11.248,0.021,3,11.059,0.067,3,1111074301351023782,0.068140,-46.2,1,11.466,0.022,11.185,0.020,8.628,0.022,6.437,0.048,709914239,0.314912,-43.6,1,0.48,13.766,0.0710,12.908,0.0864,12.491,0.0531,-0.1059926692869340,0.2512508430630170,-0.9621011214615410,111022110,10214825440086
112.8730560,-74.1754319,0.0539,0.0435,0.0149,285.9233351,-23.3596301,235.1435508,-79.3121865,695.863,650.960,695.337,649.533,3654818240000146,36548r240-000146,240,36548r,146,11.532,0.021,52.8,21.3,11.345,0.036,30.4,2.77,11.6,1,0,0.00000,0.00000,0000,0000,3,AA,0,5,0.5,49.562,00,0000,0000,59624.64697359,0,,0,,13.465,3.764,0.000,38.360,4.990,0.000,4916,93.09,2086,68.69,7.50,7.50,11.503,0.016,2,0.260,11.317,0.066,2,0.326,12.231,0.018,2,12.126,0.081,2,11.763,0.016,2,11.643,0.066,2,11.560,0.017,3,11.419,0.068,3,11.462,0.019,3,11.303,0.069,19,11.407,0.019,3,11.232,0.070,19,11.368,0.020,3,11.177,0.074,19,11.333,0.024,3,11.127,0.082,19,11.301,0.028,3,11.083,0.092,19,1111074301351023782,0.183774,-67.3,1,11.466,0.022,11.185,0.020,8.628,0.022,6.437,0.048,709914239,0.421149,-53.3,1,0.58,13.766,0.0710,12.908,0.0864,12.491,0.0531,-0.1059931638295550,0.2512505141504690,-0.9621011528735040,111022110,10214825440086
112.8729158,-74.1753991,0.0454,0.0390,-0.0021,285.9232886,-23.3596568,235.1435172,-79.3122365,172.810,71.045,172.862,71.924,3648818239000155,36488r239-000155,239,36488r,155,11.569,0.021,52.4,19,11.283,0.024,45.3,3.96,11.1,1,0,0.00000,0.00000,0000,0000,3,AA,0,10,1.0,46.378,00,0000,0000,59622.68736722,0,,0,,15.939,4.271,0.000,37.827,3.832,0.000,4750,90.64,2209,48.73,7.50,7.50,11.506,0.024,0,0.260,11.215,0.034,0,0.326,12.231,0.029,0,12.054,0.045,0,11.766,0.024,0,11.541,0.034,0,11.556,0.021,0,11.310,0.030,0,11.445,0.020,3,11.197,0.030,1,11.378,0.020,3,11.136,0.033,3,11.333,0.020,3,11.095,0.035,3,11.299,0.020,3,11.062,0.038,3,11.267,0.021,3,11.030,0.040,3,1111074301351023782,0.056939,-145.9,1,11.466,0.022,11.185,0.020,8.628,0.022,6.437,0.048,709914239,0.240554,-56.3,1,0.41,13.766,0.0710,12.908,0.0864,12.491,0.0531,-0.1059927631101330,0.2512512809743090,-0.9621009967654370,111022110,10214825440087
112.8728625,-74.1754219,0.0433,0.0384,0.0045,285.9233076,-23.3596775,235.1436630,-79.3122360,212.562,194.488,213.007,195.142,3649218239000152,36492r239-000152,239,36492r,152,11.573,0.019,58.4,23.3,11.273,0.025,43.0,4.32,13.4,1,0,0.00000,0.00000,0000,0000,3,AA,0,5,0.5,34.987,00,0000,0000,59622.81801612,0,,0,,14.501,3.349,0.000,38.055,4.119,0.000,4732,80.95,2230,51.85,7.50,7.50,11.488,0.015,2,0.260,11.228,0.051,0,0.326,12.233,0.018,0,12.065,0.077,0,11.747,0.015,2,11.554,0.051,0,11.541,0.013,2,11.330,0.044,2,11.442,0.013,3,11.226,0.042,3,11.384,0.014,3,11.169,0.043,3,11.343,0.014,3,11.131,0.044,3,11.309,0.015,3,11.104,0.047,3,11.279,0.016,3,11.080,0.051,3,1111074301351023782,0.040452,30.3,1,11.466,0.022,11.185,0.020,8.628,0.022,6.437,0.048,709914239,0.261399,-34.4,1,0.45,13.766,0.0710,12.908,0.0864,12.491,0.0531,-0.1059923805704430,0.2512510268252720,-0.9621011052796150,111022110,10214825440087
112.8729782,-74.1753981,0.0436,0.0413,0.0093,285.9232930,-23.3596403,235.1434620,-79.3122229,236.979,310.529,237.765,311.116,3649618240000147,36496r240-000147,240,36496r,147,11.551,0.018,60.4,23.4,11.346,0.027,40.0,4.81,13.9,1,0,0.00000,0.00000,0000,0000,3,AA,0,10,1.0,26.319,00,0000,0000,59622.94866507,0,,0,,13.880,3.298,0.000,38.096,4.331,0.000,4830,79.99,2085,52.19,7.50,7.50,11.531,0.013,0,0.260,11.203,0.074,2,0.326,12.265,0.017,0,12.073,0.102,0,11.791,0.013,0,11.529,0.074,2,11.582,0.013,0,11.289,0.064,2,11.483,0.013,1,11.182,0.064,3,11.428,0.013,1,11.136,0.065,3,11.390,0.014,1,11.120,0.067,3,11.358,0.016,1,11.110,0.069,3,11.326,0.017,3,11.099,0.072,3,1111074301351023782,0.106094,-118.6,1,11.466,0.022,11.185,0.020,8.628,0.022,6.437,0.048,709914239,0.291859,-63.6,1,0.45,13.766,0.0710,12.908,0.0864,12.491,0.0531,-0.1059930432709920,0.2512511810104520,-0.9621009920060400,111022110,10214825440087
112.8729269,-74.1753966,0.0421,0.0427,0.0100,285.9232869,-23.3596532,235.1434969,-79.3122353,264.034,418.347,265.086,418.813,3650018240000186,36500r240-000186,240,36500r,186,11.508,0.019,56.0,16.6,11.337,0.024,45.4,2.63,9.14,1,0,0.00000,0.00000,0000,0000,3,AA,0,10,1.0,24.418,00,0000,0000,59623.07931402,0,,0,,12.176,2.943,0.000,38.129,4.540,0.000,5026,89.69,2102,46.33,7.50,7.50,11.516,0.014,2,0.260,11.305,0.045,2,0.326,12.259,0.018,2,12.132,0.050,2,11.776,0.014,2,11.631,0.045,2,11.555,0.013,2,11.404,0.043,2,11.442,0.012,3,11.284,0.043,3,11.372,0.013,3,11.210,0.044,3,11.320,0.013,3,11.158,0.046,3,11.277,0.014,3,11.120,0.049,3,11.236,0.015,3,11.088,0.054,3,1111074301351023782,0.070611,-142.7,1,11.466,0.022,11.185,0.020,8.628,0.022,6.437,0.048,709914239,0.244994,-59.4,1,0.41,13.766,0.0710,12.908,0.0864,12.491,0.0531,-0.1059928281024140,0.2512512991188480,-0.9621009848669440,111022110,10214825440087
112.8729388,-74.1754049,0.0436,0.0403,0.0133,285.9232966,-23.3596526,235.1435246,-79.3122281,313.610,534.440,314.867,534.671,3650418240000148,36504r240-000148,240,36504r,148,11.548,0.018,60.3,18.7,11.294,0.025,43.5,2.6,10.9,1,0,0.00000,0.00000,0000,0000,3,AA,0,10,1.0,31.890,00,0000,0000,59623.20996292,0,,0,,13.363,3.135,0.000,38.634,4.308,0.000,4842,80.33,2187,50.23,7.50,7.50,11.502,0.013,2,0.260,11.236,0.035,2,0.326,12.244,0.017,0,12.086,0.039,0,11.762,0.013,2,11.562,0.035,2,11.553,0.012,3,11.343,0.043,3,11.449,0.012,3,11.257,0.051,3,11.389,0.015,3,11.217,0.058,3,11.348,0.020,3,11.191,0.070,3,11.312,0.022,3,11.174,0.087,3,11.275,0.022,3,11.158,0.092,3,1111074301351023782,0.060491,-115.8,1,11.466,0.022,11.185,0.020,8.628,0.022,6.437,0.048,709914239,0.270969,-55.3,1,0.44,13.766,0.0710,12.908,0.0864,12.491,0.0531,-0.1059928261134310,0.2512511486915200,-0.9621010243699361,111022110,10214825440087
112.8729441,-74.1754179,0.0418,0.0442,0.0068,285.9233106,-23.3596551,235.1435787,-79.3122197,382.499,760.168,384.323,760.055,3651218240000147,36512r240-000147,240,36512r,147,11.520,0.020,53.8,18.6,11.230,0.028,38.3,4.98,10.9,1,0,0.00000,0.00000,0000,0000,3,AA,0,10,1.0,52.030,00,0000,0000,59623.47126076,0,,0,,13.801,3.289,0.000,38.236,4.550,0.000,4968,92.39,2320,60.64,7.50,7.50,11.492,0.013,2,0.260,11.232,0.032,2,0.326,12.228,0.017,2,12.099,0.043,2,11.752,0.013,2,11.558,0.032,2,11.544,0.012,2,11.312,0.034,2,11.445,0.013,3,11.198,0.040,3,11.390,0.013,3,11.148,0.044,3,11.352,0.013,3,11.127,0.047,3,11.321,0.014,3,11.111,0.051,3,11.291,0.015,3,11.091,0.055,3,1111074301351023782,0.063116,-71.0,1,11.466,0.022,11.185,0.020,8.628,0.022,6.437,0.048,709914239,0.303997,-48.5,1,0.47,13.766,0.0710,12.908,0.0864,12.491,0.0531,-0.1059927645063960,0.2512509377577670,-0.9621010862420510,111022110,10214825440087
112.8728812,-74.1754137,0.0432,0.0434,0.0100,285.9233007,-23.3596702,235.1436109,-79.3122363,417.886,879.394,419.964,879.211,3651618240000148,36516r240-000148,240,36516r,148,11.566,0.020,53.2,20.5,11.363,0.026,41.3,4.86,11.9,1,0,0.00000,0.00000,0000,0000,3,AA,0,5,0.5,51.719,00,0000,0000,59623.60190966,0,,0,,14.917,3.569,0.000,37.702,4.618,0.000,4763,89.52,2051,49.71,7.50,7.50,11.487,0.014,0,0.260,11.260,0.038,0,0.326,12.223,0.018,0,12.102,0.053,0,11.747,0.014,0,11.586,0.038,0,11.536,0.015,2,11.353,0.036,0,11.433,0.019,3,11.243,0.038,3,11.377,0.021,3,11.182,0.041,3,11.339,0.021,3,11.139,0.044,3,11.309,0.022,3,11.101,0.047,3,11.278,0.023,3,11.031,0.051,3,1111074301351023782,0.005780,20.9,1,11.466,0.022,11.185,0.020,8.628,0.022,6.437,0.048,709914239,0.249461,-41.7,1,0.43,13.766,0.0710,12.908,0.0864,12.491,0.0531,-0.1059925160924960,0.2512511190979750,-0.9621010662526041,111022110,10214825440087
112.8729479,-74.1754082,0.0441,0.0424,0.0031,285.9233009,-23.3596512,235.1435320,-79.3122242,608.261,326.794,606.921,325.725,3653618240000143,36536r240-000143,240,36536r,143,11.565,0.020,55.3,16.8,11.230,0.029,37.3,1.71,9.77,1,0,0.00000,0.00000,0000,0000,3,AA,0,10,1.0,35.926,00,0000,0000,59624.25502689,0,,0,,14.611,3.607,0.000,38.106,4.498,0.000,4770,86.18,2320,62.22,7.50,7.50,11.453,0.015,2,0.260,11.369,0.036,2,0.326,12.192,0.017,0,12.223,0.042,2,11.713,0.015,2,11.695,0.036,2,11.509,0.015,2,11.450,0.041,2,11.405,0.015,3,11.334,0.048,3,11.340,0.016,3,11.268,0.051,3,11.297,0.017,3,11.222,0.056,3,11.261,0.018,3,11.188,0.063,3,11.227,0.019,3,11.163,0.071,3,1111074301351023782,0.065032,-102.8,1,11.466,0.022,11.185,0.020,8.628,0.022,6.437,0.048,709914239,0.285119,-54.3,1,0.45,13.766,0.0710,12.908,0.0864,12.491,0.0531,-0.1059928444799460,0.2512510808013510,-0.9621010400759390,111022110,10214825440087
112.8730614,-74.1753969,0.0449,0.0407,0.0062,285.9232991,-23.3596183,235.1433891,-79.3122046,758.449,871.710,758.514,870.077,3655618240000163,36556r240-000163,240,36556r,163,11.509,0.020,53.5,14.9,11.303,0.029,38.0,3.07,8.8,1,0,0.00000,0.00000,0000,0000,3,AA,0,10,1.0,27.731,00,0000,0000,59624.90827148,0,,0,,14.042,3.490,0.000,37.485,4.939,0.000,5019,93.75,2168,57.08,7.50,7.50,11.455,0.013,1,0.260,11.292,0.037,3,0.326,12.180,0.016,0,12.140,0.046,2,11.714,0.013,1,11.618,0.037,3,11.504,0.014,3,11.382,0.040,3,11.393,0.014,3,11.267,0.049,3,11.321,0.014,3,11.204,0.061,3,11.269,0.015,3,11.172,0.071,3,11.230,0.016,3,11.159,0.077,3,11.195,0.033,3,11.148,0.083,3,1111074301351023782,0.183311,-107.5,1,11.466,0.022,11.185,0.020,8.628,0.022,6.437,0.048,709914239,0.365291,-69.9,1,0.50,13.766,0.0710,12.908,0.0864,12.491,0.0531,-0.1059934159484180,0.2512510456619630,-0.9621009862947630,111022110,10214825440087
112.8730434,-74.1753788,0.0451,0.0423,-0.0084,285.9232787,-23.3596176,235.1433223,-79.3122187,269.960,923.783,273.105,924.146,4151918013000133,41519r013-000133,13,41519r,133,11.528,0.022,49.4,22.5,11.173,0.028,39.5,4.86,13,1,0,0.00000,0.00000,0000,0000,3,AA,0,10,1.0,49.367,00,0000,0000,59786.84507867,0,,0,,15.610,4.353,0.000,49.841,4.762,0.000,4936,100,2444,61.93,7.50,7.50,11.404,0.032,2,0.260,11.123,0.092,0,0.326,12.137,0.028,2,11.951,0.123,0,11.664,0.032,2,11.449,0.092,0,11.465,0.038,2,11.230,0.082,0,11.373,0.041,3,11.134,0.078,3,11.321,0.044,3,11.089,0.077,3,11.287,0.054,3,11.063,0.078,3,11.257,0.060,3,11.038,0.080,3,11.222,0.059,3,11.012,0.081,19,1111074301351023782,0.197889,-127.4,1,11.466,0.022,11.185,0.020,8.628,0.022,6.437,0.048,709914239,0.330909,-79.5,1,0.44,13.766,0.0710,12.908,0.0864,12.491,0.0531,-0.1059934551510940,0.2512513589941980,-0.9621009001496160,111022110,10214825440084
112.8726726,-74.1753003,0.0452,0.0435,0.0039,285.9231643,-23.3596907,235.1432705,-79.3123463,625.097,836.539,625.801,835.406,4147518013000133,41475r013-000133,13,41475r,133,11.522,0.019,56.0,23.8,11.476,0.044,24.8,3.27,13.3,1,0,0.00000,0.00000,0000,0000,3,AA,0,10,1.0,27.921,00,0000,0010,59785.41010914,0,,0,,14.378,3.582,0.000,49.605,5.238,0.000,4959,88.52,1848,74.62,7.50,7.50,11.400,0.014,2,0.260,10.474,,32,0.326,12.142,0.018,0,11.035,,32,11.660,0.014,2,10.800,,32,11.453,0.013,2,10.675,,32,11.351,0.015,3,11.344,0.535,3,11.293,0.023,3,11.261,0.500,3,11.254,0.036,3,11.213,0.480,3,11.225,0.039,3,11.191,0.471,3,11.199,0.040,3,11.180,0.469,3,1111074301351023782,0.452840,152.8,1,11.466,0.022,11.185,0.020,8.628,0.022,6.437,0.048,709914239,0.225463,170.1,1,0.03,13.766,0.0710,12.908,0.0864,12.491,0.0531,-0.1059923414780100,0.2512532594574230,-0.9621005265355740,111022110,10214825440112
112.8727950,-74.1754315,0.0481,0.0454,0.0066,285.9233116,-23.3596979,235.1437609,-79.3122461,572.068,946.557,573.558,945.691,4148318013000144,41483r013-000144,13,41483r,144,11.451,0.023,47.4,14.4,11.206,0.030,35.7,3.13,8.92,1,0,0.00000,0.00000,0000,0000,3,AA,0,10,1.0,43.828,00,0000,0101,59785.67102417,0,,0,,14.872,4.073,0.000,50.258,5.463,0.000,5298,111.7,2371,66.36,7.50,7.50,11.399,0.012,3,0.260,11.190,0.111,3,0.326,12.113,0.016,0,12.013,0.164,2,11.659,0.012,3,11.516,0.111,3,11.465,0.012,3,11.295,0.092,3,11.369,0.013,3,11.184,0.085,3,11.312,0.015,3,11.122,0.083,3,11.269,0.016,3,11.081,0.087,3,11.233,0.018,3,11.053,0.104,3,11.199,0.020,3,11.038,0.129,3,1111074301351023782,0.111092,51.3,1,11.466,0.022,11.185,0.020,8.628,0.022,6.437,0.048,709914239,0.263133,-18.0,1,0.46,13.766,0.0710,12.908,0.0864,12.491,0.0531,-0.1059920219153430,0.2512510031681090,-0.9621011509697490,111022110,10214825440085
112.8727278,-74.1754079,0.0450,0.0379,0.0128,285.9232811,-23.3597084,235.1437094,-79.3122744,21.085,493.297,23.865,494.832,4155118012000140,41551r012-000140,12,41551r,140,11.485,0.018,60.2,16.4,11.185,0.023,46.7,5.79,10.8,1,0,0.00000,0.00000,0000,0000,3,AA,0,10,1.0,49.459,00,0000,0000,59787.88861148,0,,0,,13.293,3.170,0.000,48.757,3.957,0.000,5132,85.23,2419,51.83,7.50,7.50,11.445,0.012,1,0.260,11.144,0.027,1,0.326,12.183,0.016,1,11.987,0.029,1,11.704,0.012,1,11.470,0.027,1,11.491,0.011,1,11.242,0.035,1,11.383,0.011,3,11.135,0.048,3,11.319,0.012,3,11.070,0.072,3,11.268,0.013,3,11.025,0.093,3,11.222,0.019,3,10.998,0.096,3,11.180,0.025,3,10.977,0.096,3,1111074301351023782,0.153437,95.8,1,11.466,0.022,11.185,0.020,8.628,0.022,6.437,0.048,709914239,0.165966,-5.4,1,0.36,13.766,0.0710,12.908,0.0864,12.491,0.0531,-0.1059918812637760,0.2512514926092450,-0.9621010386481200,111022110,10214825440085
112.8729114,-74.1754328,0.0463,0.0464,0.0149,285.9233232,-23.3596680,235.1436723,-79.3122189,731.990,794.548,731.914,793.002,4146718013000132,41467r013-000132,13,41467r,132,11.512,0.020,54.8,24.4,11.176,0.035,30.8,3.75,15,1,0,0.00000,0.00000,0000,0000,3,AA,0,5,0.5,34.593,00,0000,0001,59785.14919417,0,,0,,14.727,4.048,0.000,50.279,5.265,0.000,5005,91.34,2438,79.13,7.50,7.50,11.423,0.013,2,0.260,11.277,0.086,2,0.326,12.160,0.017,2,12.084,0.081,2,11.683,0.013,2,11.603,0.086,2,11.471,0.012,2,11.379,0.082,2,11.365,0.013,3,11.267,0.083,3,11.305,0.014,3,11.204,0.086,3,11.265,0.015,3,11.166,0.091,3,11.233,0.016,3,11.144,0.103,3,11.202,0.017,19,11.127,0.117,3,1111074301351023782,0.079124,-20.4,1,11.466,0.022,11.185,0.020,8.628,0.022,6.437,0.048,709914239,0.321375,-37.5,1,0.50,13.766,0.0710,12.908,0.0864,12.491,0.0531,-0.1059925238626010,0.2512507677251720,-0.9621011571569530,111022110,10214825440086
112.8729874,-74.1754173,0.0473,0.0493,0.0104,285.9233138,-23.3596436,235.1435409,-79.3122102,455.263,214.620,454.373,214.245,4149918012000137,41499r012-000137,12,41499r,137,11.518,0.020,53.1,15.3,11.233,0.030,36.0,2.17,8.8,1,0,0.00000,0.00000,0000,0000,3,AA,0,10,1.0,32.081,00,0000,0000,59786.19272751,0,,0,,11.854,2.868,0.000,49.800,4.369,0.000,4980,93.79,2312,64.24,7.50,7.50,11.434,0.023,2,0.260,11.125,0.084,2,0.326,12.152,0.029,0,11.928,0.122,2,11.694,0.023,2,11.451,0.084,2,11.494,0.021,2,11.235,0.071,2,11.394,0.020,3,11.127,0.067,3,11.335,0.020,3,11.066,0.067,3,11.293,0.024,3,11.029,0.068,3,11.255,0.033,3,11.003,0.070,3,11.217,0.041,3,10.983,0.075,3,1111074301351023782,0.103831,-79.8,1,11.466,0.022,11.185,0.020,8.628,0.022,6.437,0.048,709914239,0.335748,-53.6,1,0.49,13.766,0.0710,12.908,0.0864,12.491,0.0531,-0.1059929582997120,0.2512508669389230,-0.9621010833864160,111022110,10214825440086
112.8730487,-74.1754235,0.0505,0.0473,0.0162,285.9233257,-23.3596295,235.1435190,-79.3121928,369.022,834.590,371.218,834.511,4151118013000142,41511r013-000142,13,41511r,142,11.554,0.022,48.9,18.4,11.239,0.027,40.2,5.21,10.9,1,0,0.00000,0.00000,0000,0000,3,AA,0,10,1.0,37.599,00,0000,0000,59786.58416369,0,,0,,16.584,4.619,0.000,49.576,4.022,0.000,4817,98.46,2300,57.17,7.50,7.50,11.480,0.029,2,0.260,11.137,0.042,2,0.326,12.196,0.037,2,11.984,0.043,0,11.739,0.029,2,11.463,0.042,2,11.535,0.028,3,11.227,0.051,3,11.430,0.027,3,11.112,0.054,3,11.366,0.027,3,11.051,0.056,3,11.317,0.028,3,11.021,0.058,3,11.276,0.030,3,11.005,0.067,3,11.242,0.031,3,10.993,0.091,3,1111074301351023782,0.167391,-75.9,1,11.466,0.022,11.185,0.020,8.628,0.022,6.437,0.048,709914239,0.397835,-56.2,1,0.55,13.766,0.0710,12.908,0.0864,12.491,0.0531,-0.1059931866433170,0.2512506576152420,-0.9621011128946390,111022110,10214825440086
112.8729137,-74.1754337,0.0435,0.0375,0.0107,285.9233244,-23.3596677,235.1436744,-79.3122179,42.351,344.303,44.469,345.785,4154318012000148,41543r012-000148,12,41543r,148,11.492,0.018,60.9,19.1,11.190,0.023,47.7,5.32,11.9,1,0,0.00000,0.00000,0000,0000,3,AA,0,5,0.5,40.627,00,0000,0000,59787.62769641,0,,0,,14.304,3.107,0.000,49.996,4.339,0.000,5099,83.77,2406,50.42,7.50,7.50,11.454,0.040,0,0.260,11.129,0.082,0,0.326,12.193,0.028,0,11.983,0.112,0,11.714,0.040,0,11.455,0.082,0,11.502,0.040,0,11.226,0.069,0,11.399,0.038,3,11.130,0.065,1,11.340,0.039,3,11.085,0.064,3,11.295,0.040,3,11.054,0.067,3,11.256,0.039,3,11.027,0.072,3,11.217,0.038,3,11.004,0.078,3,1111074301351023782,0.082954,-21.1,1,11.466,0.022,11.185,0.020,8.628,0.022,6.437,0.048,709914239,0.325320,-37.5,1,0.50,13.766,0.0710,12.908,0.0864,12.491,0.0531,-0.1059925280743410,0.2512507495460280,-0.9621011614404010,111022110,10214825440086
112.8728166,-74.1753901,0.0436,0.0417,0.0086,285.9232704,-23.3596800,235.1435573,-79.3122640,856.912,396.522,854.278,394.379,4145118012000142,41451r012-000142,12,41451r,142,11.539,0.020,54.2,17.6,11.242,0.024,45.2,3.53,9.71,1,0,0.00000,0.00000,0000,0000,3,AA,0,10,1.0,40.875,00,0000,0000,59784.62736403,0,,0,,14.088,3.829,0.000,50.062,5.835,0.000,4885,90.21,2293,50.75,7.50,7.50,11.448,0.027,2,0.260,11.163,0.046,2,0.326,12.184,0.035,2,11.988,0.038,0,11.708,0.027,2,11.489,0.046,2,11.500,0.024,3,11.280,0.063,3,11.396,0.022,3,11.197,0.083,3,11.338,0.022,3,11.169,0.155,3,11.297,0.023,3,11.157,0.242,3,11.258,0.023,3,11.150,0.284,3,11.220,0.024,3,11.143,0.295,3,1111074301351023782,0.103040,140.5,1,11.466,0.022,11.185,0.020,8.628,0.022,6.437,0.048,709914239,0.144145,-45.4,1,0.33,13.766,0.0710,12.908,0.0864,12.491,0.0531,-0.1059923868427650,0.2512516037296450,-0.9621009539308520,111022110,10214825440087
112.8729249,-74.1754099,0.0491,0.0455,-0.0054,285.9233006,-23.3596577,235.1435583,-79.3122285,725.716,253.108,723.325,251.519,4146318012000142,41463r012-000142,12,41463r,142,11.498,0.023,48.0,11.2,11.262,0.026,42.1,2.97,6.42,1,0,0.00000,0.00000,0000,0000,3,AA,0,10,1.0,43.900,00,0000,0000,59785.01867300,0,,0,,14.885,3.883,0.000,50.334,5.685,0.000,5072,105.7,2253,53.54,7.50,7.50,11.461,0.024,2,0.260,11.161,0.088,2,0.326,12.209,0.032,2,11.987,0.108,0,11.720,0.024,2,11.487,0.088,2,11.511,0.027,2,11.271,0.084,2,11.410,0.032,3,11.164,0.088,3,11.353,0.038,3,11.103,0.093,3,11.316,0.042,3,11.065,0.106,3,11.288,0.044,3,11.030,0.138,3,11.259,0.045,3,10.994,0.160,3,1111074301351023782,0.041669,-101.5,1,11.466,0.022,11.185,0.020,8.628,0.022,6.437,0.048,709914239,0.270957,-50.5,1,0.43,13.766,0.0710,12.908,0.0864,12.491,0.0531,-0.1059927325257410,0.2512510970480770,-0.9621010481669090,111022110,10214825440087
112.8728218,-74.1754253,0.0427,0.0443,0.0024,285.9233075,-23.3596891,235.1437113,-79.3122434,574.707,31.262,572.352,30.311,4148318012000153,41483r012-000153,12,41483r,153,11.418,0.021,50.9,16.7,11.240,0.024,45.2,3.74,10,1,0,0.00000,0.00000,0000,0000,3,AA,0,10,1.0,43.639,00,0000,0000,59785.67089685,0,,0,,14.378,4.060,0.000,50.686,4.947,0.000,5461,107.2,2297,50.81,7.50,7.50,11.374,0.029,0,0.260,11.176,0.029,2,0.326,12.107,0.039,0,11.992,0.032,0,11.634,0.029,0,11.502,0.029,2,11.427,0.030,2,11.296,0.030,2,11.328,0.032,3,11.207,0.035,3,11.270,0.034,3,11.170,0.043,3,11.226,0.041,3,11.152,0.048,3,11.186,0.051,3,11.136,0.052,3,11.146,0.054,3,11.122,0.060,3,1111074301351023782,0.076610,52.0,1,11.466,0.022,11.185,0.020,8.628,0.022,6.437,0.048,709914239,0.252087,-25.3,1,0.44,13.766,0.0710,12.908,0.0864,12.491,0.0531,-0.1059921799034950,0.2512510495137310,-0.9621011214615410,111022110,10214825440087
112.8729415,-74.1754091,0.0503,0.0472,0.0104,285.9233012,-23.3596531,235.1435413,-79.3122251,557.947,526.770,557.721,525.909,4148718013000127,41487r013-000127,13,41487r,127,11.526,0.021,51.3,14.9,11.226,0.026,41.3,3.08,8.36,1,0,0.00000,0.00000,0000,0000,3,AA,0,10,1.0,49.361,00,0000,0000,59785.80141859,0,,0,,14.109,3.663,0.000,49.989,5.535,0.000,4941,96.23,2329,56.32,7.50,7.50,11.413,0.016,2,0.260,11.123,0.080,0,0.326,12.117,0.020,2,11.974,0.100,0,11.673,0.016,2,11.449,0.080,0,11.478,0.016,2,11.215,0.074,2,11.383,0.016,3,11.116,0.085,3,11.333,0.018,3,11.068,0.123,3,11.302,0.021,3,11.032,0.158,3,11.277,0.023,3,10.997,0.174,3,11.256,0.026,3,10.968,0.265,3,1111074301351023782,0.058214,-101.1,1,11.466,0.022,11.185,0.020,8.628,0.022,6.437,0.048,709914239,0.281976,-53.0,1,0.44,13.766,0.0710,12.908,0.0864,12.491,0.0531,-0.1059928105408120,0.2512510787165370,-0.9621010443593940,111022110,10214825440087
112.8728200,-74.1754058,0.0431,0.0405,-0.0098,285.9232871,-23.3596838,235.1436251,-79.3122546,522.601,123.124,520.901,122.426,4149118012000142,41491r012-000142,12,41491r,142,11.476,0.020,53.7,14.3,11.191,0.025,44.3,3.5,8.59,1,0,0.00000,0.00000,0000,0000,3,AA,0,5,0.5,48.653,00,0000,0000,59785.93181244,0,,0,,14.181,4.007,0.000,49.352,4.836,0.000,5178,96.36,2405,54.31,7.50,7.50,11.395,0.024,1,0.260,11.112,0.028,3,0.326,12.124,0.019,0,11.943,0.033,0,11.654,0.024,1,11.438,0.028,3,11.449,0.030,3,11.220,0.029,3,11.350,0.036,3,11.115,0.032,3,11.290,0.040,3,11.059,0.040,19,11.244,0.040,3,11.029,0.047,19,11.206,0.040,3,11.008,0.053,19,11.170,0.041,3,10.989,0.057,19,1111074301351023782,0.066275,110.3,1,11.466,0.022,11.185,0.020,8.628,0.022,6.437,0.048,709914239,0.190010,-33.9,1,0.38,13.766,0.0710,12.908,0.0864,12.491,0.0531,-0.1059922992821310,0.2512513545375890,-0.9621010286533910,111022110,10214825440087
112.8728350,-74.1754231,0.0457,0.0396,0.0083,285.9233064,-23.3596850,235.1436907,-79.3122416,473.173,626.539,473.851,626.064,4149518013000128,41495r013-000128,13,41495r,128,11.518,0.019,57.5,19.9,11.227,0.025,43.4,3.14,11.4,1,0,0.00000,0.00000,0000,0000,3,AA,0,10,1.0,40.730,00,0000,0000,59786.06233366,0,,0,,13.122,3.278,0.000,49.867,6.237,0.000,4981,86.55,2326,53.65,7.50,7.50,11.410,0.016,2,0.260,11.143,0.070,2,0.326,12.139,0.017,0,11.962,0.074,0,11.669,0.016,2,11.469,0.070,2,11.466,0.021,2,11.259,0.080,2,11.364,0.027,3,11.169,0.091,3,11.301,0.028,3,11.118,0.117,3,11.245,0.027,3,11.082,0.169,3,11.167,0.026,3,11.056,0.197,3,11.063,0.025,3,11.032,0.203,3,1111074301351023782,0.061547,50.4,1,11.466,0.022,11.185,0.020,8.628,0.022,6.437,0.048,709914239,0.250924,-28.8,1,0.44,13.766,0.0710,12.908,0.0864,12.491,0.0531,-0.1059922521464720,0.2512510591321500,-0.9621011109908830,111022110,10214825440087
112.8728195,-74.1754327,0.0459,0.0410,0.0012,285.9233150,-23.3596919,235.1437464,-79.3122398,420.580,726.759,422.002,726.513,4150318013000132,41503r013-000132,13,41503r,132,11.479,0.019,57.9,16.7,11.215,0.032,34.4,2.67,9.38,1,0,0.00000,0.00000,0000,0000,3,AA,0,10,1.0,26.369,00,0000,0000,59786.32324868,0,,0,,15.950,4.292,0.000,50.389,5.620,0.000,5163,89.12,2353,68.36,7.50,7.50,11.392,0.036,3,0.260,11.082,0.093,1,0.326,12.133,0.028,0,11.934,0.111,0,11.651,0.036,3,11.408,0.093,1,11.432,0.039,3,11.178,0.092,3,11.312,0.039,3,11.075,0.096,3,11.228,0.039,3,11.023,0.102,3,11.161,0.038,3,10.996,0.115,3,11.113,0.037,3,10.983,0.126,3,11.077,0.037,3,10.974,0.132,3,1111074301351023782,0.096795,40.3,1,11.466,0.022,11.185,0.020,8.628,0.022,6.437,0.048,709914239,0.275531,-22.5,1,0.46,13.766,0.0710,12.908,0.0864,12.491,0.0531,-0.1059921215195670,0.2512509392795100,-0.9621011566810140,111022110,10214825440087
112.8729388,-74.1754002,0.0462,0.0406,-0.0053,285.9232917,-23.3596512,235.1435035,-79.3122307,272.333,9.428,271.651,9.808,4151918012000149,41519r012-000149,12,41519r,149,11.456,0.021,51.5,19.9,11.228,0.026,41.7,3.84,11.6,1,0,0.00000,0.00000,0000,0000,3,AA,0,10,1.0,49.972,00,0000,0000,59786.84495135,0,,0,,14.392,3.495,0.000,49.642,4.078,0.000,5270,102.2,2324,55.78,7.50,7.50,11.506,0.013,2,0.260,11.144,0.114,2,0.326,12.244,0.017,2,11.979,0.091,0,11.766,0.013,2,11.470,0.114,2,11.555,0.014,2,11.253,0.111,2,11.455,0.016,3,11.161,0.106,3,11.399,0.017,3,11.118,0.105,3,11.359,0.018,3,11.091,0.106,3,11.324,0.020,3,11.071,0.106,3,11.287,0.027,3,11.053,0.107,3,1111074301351023782,0.069532,-128.4,1,11.466,0.022,11.185,0.020,8.628,0.022,6.437,0.048,709914239,0.261695,-58.3,1,0.42,13.766,0.0710,12.908,0.0864,12.491,0.0531,-0.1059928567893760,0.2512512214074460,-0.9621010020007740,111022110,10214825440087
112.8728096,-74.1754139,0.0461,0.0407,0.0081,285.9232946,-23.3596889,235.1436700,-79.3122525,120.350,223.208,121.438,224.320,4153518012000155,41535r012-000155,12,41535r,155,11.496,0.019,58.5,21.5,11.185,0.029,36.9,3.96,12.8,1,0,0.00000,0.00000,0000,0000,3,AA,0,10,1.0,26.138,00,0000,0000,59787.36678145,0,,0,,14.296,3.710,0.000,49.855,4.279,0.000,5080,86.83,2418,65.55,7.50,7.50,11.453,0.012,1,0.260,11.194,0.034,3,0.326,12.196,0.016,1,12.038,0.042,3,11.712,0.012,1,11.520,0.034,3,11.480,0.011,3,11.287,0.037,3,11.339,0.011,3,11.181,0.040,3,11.245,0.012,3,11.123,0.047,3,11.184,0.012,3,11.079,0.054,3,11.143,0.018,3,11.042,0.058,3,11.110,0.024,3,11.006,0.065,3,1111074301351023782,0.072609,85.2,1,11.466,0.022,11.185,0.020,8.628,0.022,6.437,0.048,709914239,0.209975,-27.1,1,0.41,13.766,0.0710,12.908,0.0864,12.491,0.0531,-0.1059922008096570,0.2512512484576380,-0.9621010672044820,111022110,10214825440087
112.8729117,-74.1753886,0.0549,0.0528,-0.0138,285.9232773,-23.3596548,235.1434733,-79.3122432,38.848,861.436,43.106,862.818,4154718013000119,41547r013-000119,13,41547r,119,11.572,0.025,43.2,15.6,11.220,0.025,43.3,3.74,7.72,1,0,0.00000,0.00000,0000,0000,3,AA,0,10,1.0,48.286,00,0000,0000,59787.75821764,0,,0,,14.586,4.074,0.000,50.111,3.914,0.000,4739,109.8,2341,54.01,7.50,7.50,11.402,0.024,3,0.260,11.174,0.117,1,0.326,12.094,0.027,2,11.998,0.145,0,11.662,0.024,3,11.500,0.117,1,11.472,0.023,3,11.283,0.101,1,11.373,0.027,3,11.184,0.107,1,11.312,0.033,3,11.133,0.160,3,11.270,0.037,3,11.105,0.216,3,11.232,0.043,3,11.083,0.223,3,11.189,0.049,3,11.054,0.220,3,1111074301351023782,0.089418,-161.8,1,11.466,0.022,11.185,0.020,8.628,0.022,6.437,0.048,709914239,0.218183,-64.0,1,0.38,13.766,0.0710,12.908,0.0864,12.491,0.0531,-0.1059928136622550,0.2512514510094880,-0.9621009467917520,111022110,10214825440087
112.8727257,-74.1754442,0.0445,0.0421,0.0181,285.9233187,-23.3597197,235.1438743,-79.3122548,330.707,428.802,331.429,428.947,4151518012000145,41515r012-000145,12,41515r,145,11.469,0.019,57.3,19,11.199,0.023,47.2,3.93,10.4,1,0,0.00000,0.00000,0000,0000,3,AA,0,10,1.0,46.461,00,0000,0000,59786.71455750,0,,0,,15.001,3.274,0.000,49.558,4.905,0.000,5208,90.88,2386,50.56,7.50,7.50,11.467,0.013,2,0.260,11.136,0.034,2,0.326,12.200,0.017,2,11.976,0.034,2,11.727,0.013,2,11.462,0.034,2,11.512,0.012,2,11.232,0.039,2,11.405,0.012,3,11.128,0.055,3,11.341,0.012,3,11.073,0.077,3,11.296,0.012,3,11.034,0.085,3,11.261,0.013,3,11.003,0.087,3,11.229,0.014,3,10.980,0.088,3,1111074301351023782,0.192893,53.3,1,11.466,0.022,11.185,0.020,8.628,0.022,6.437,0.048,709914239,0.296225,-2.6,1,0.50,13.766,0.0710,12.908,0.0864,12.491,0.0531,-0.1059916351342640,0.2512509348786160,-0.9621012114139480,111022110,10214825440092
112.8726957,-74.1754266,0.0463,0.0446,0.0091,285.9232977,-23.3597223,235.1438195,-79.3122713,267.051,526.504,268.531,526.935,4152318013000129,41523r013-000129,13,41523r,129,11.506,0.018,59.2,17.4,11.207,0.028,38.7,2.66,10.1,1,0,0.00000,0.00000,0000,0000,3,AA,0,10,1.0,46.564,00,0000,0001,59786.97547257,0,,0,,14.896,3.948,0.000,48.831,4.867,0.000,5033,84.96,2369,61.28,7.50,7.50,11.422,0.013,2,0.260,11.168,0.071,2,0.326,12.153,0.017,2,12.013,0.100,2,11.682,0.013,2,11.494,0.071,2,11.475,0.012,2,11.254,0.059,2,11.370,0.012,3,11.145,0.056,3,11.307,0.012,3,11.088,0.057,3,11.260,0.014,3,11.048,0.060,3,11.218,0.020,3,11.012,0.068,3,11.177,0.023,3,10.981,0.080,3,1111074301351023782,0.191323,74.3,1,11.466,0.022,11.185,0.020,8.628,0.022,6.437,0.048,709914239,0.233110,3.9,1,0.44,13.766,0.0710,12.908,0.0864,12.491,0.0531,-0.1059916184500550,0.2512512626741370,-0.9621011276487470,111022110,10214825440092
112.8727643,-74.1754303,0.0454,0.0416,0.0097,285.9233076,-23.3597056,235.1437805,-79.3122537,665.920,534.554,665.077,533.211,3654418249000150,36544r249-000150,249,36544r,150,11.542,0.019,56.1,16.7,11.310,0.029,37.2,2.07,9.31,1,0,0.00000,0.00000,0000,0000,3,AA,0,10,1.0,52.997,00,0000,0000,59624.51632473,0,,0,,14.141,4.292,0.000,38.084,5.437,0.000,4870,86.8,2155,57.99,7.50,7.50,11.473,0.016,0,0.260,11.212,0.079,2,0.326,12.207,0.018,0,12.036,0.108,0,11.733,0.016,0,11.538,0.079,2,11.525,0.016,2,11.324,0.075,2,11.426,0.018,3,11.230,0.077,3,11.367,0.020,3,11.180,0.085,3,11.328,0.021,3,11.142,0.098,3,11.301,0.024,3,11.109,0.102,3,11.276,0.026,3,11.080,0.104,3,1111074301351023782,0.133765,60.8,1,11.466,0.022,11.185,0.020,8.628,0.022,6.437,0.048,709914239,0.251183,-11.8,1,0.45,13.766,0.0710,12.908,0.0864,12.491,0.0531,-0.1059918951231000,0.2512510785260970,-0.9621011452584840,111022110,10214825440092
112.8728611,-74.1754475,0.0462,0.0408,0.0164,285.9233341,-23.3596855,235.1437792,-79.3122222,63.074,657.493,66.328,658.815,3647618240000137,36476r240-000137,240,36476r,137,11.544,0.018,58.8,20,11.297,0.025,42.7,3.43,11.3,1,0,0.00000,0.00000,0000,0000,3,AA,0,10,1.0,39.574,00,0000,0000,59622.29554785,0,,0,,14.434,3.408,0.000,38.197,4.716,0.000,4863,82.71,2180,51.01,7.50,7.50,11.463,0.013,0,0.260,11.193,0.027,2,0.326,12.208,0.017,0,12.035,0.034,0,11.723,0.013,0,11.519,0.027,2,11.505,0.013,0,11.293,0.027,2,11.394,0.013,1,11.189,0.030,3,11.330,0.014,3,11.138,0.033,3,11.286,0.014,3,11.114,0.037,3,11.252,0.015,3,11.098,0.041,3,11.221,0.016,3,11.077,0.048,3,1111074301351023782,0.128935,9.7,1,11.466,0.022,11.185,0.020,8.628,0.022,6.437,0.048,709914239,0.340830,-25.4,1,0.53,13.766,0.0710,12.908,0.0864,12.491,0.0531,-0.1059922073457340,0.2512506333451440,-0.9621012271199130,111022110,10214825440094
112.8729118,-74.1754448,0.0398,0.0461,0.0028,285.9233357,-23.3596715,235.1437259,-79.3122122,170.089,984.392,174.065,985.208,3648818240000149,36488r240-000149,240,36488r,149,11.494,0.022,49.8,22.6,11.306,0.025,43.7,3.2,12.1,1,0,0.00000,0.00000,0000,0000,3,AA,0,10,1.0,46.290,00,0000,0000,59622.68749455,0,,0,,12.542,3.214,0.000,37.808,3.697,0.000,5092,102.3,2162,49.53,7.50,7.50,11.561,0.015,2,0.260,11.209,0.037,2,0.326,12.292,0.019,2,12.039,0.035,0,11.820,0.015,2,11.535,0.037,2,11.612,0.014,2,11.319,0.043,2,11.506,0.014,3,11.221,0.044,3,11.441,0.015,3,11.166,0.045,3,11.392,0.018,3,11.128,0.047,3,11.349,0.021,3,11.097,0.050,3,11.305,0.024,3,11.074,0.053,3,1111074301351023782,0.120649,-13.4,1,11.466,0.022,11.185,0.020,8.628,0.022,6.437,0.048,709914239,0.356824,-33.3,1,0.55,13.766,0.0710,12.908,0.0864,12.491,0.0531,-0.1059924472951740,0.2512505813274520,-0.9621012142695780,111022110,10214825440094
112.8729233,-74.1754703,0.0530,0.0487,-0.0096,285.9233633,-23.3596761,235.1438312,-79.3121955,519.155,314.581,518.299,313.879,3652818240000176,36528r240-000176,240,36528r,176,11.560,0.022,48.4,18.6,11.315,0.034,32.2,2.74,10,1,0,0.00000,0.00000,0000,0000,3,AA,0,10,1.0,23.912,00,0000,0000,59623.99372904,0,,0,,15.207,3.899,0.000,37.902,5.030,0.000,4792,98.94,2145,66.62,7.50,7.50,11.604,0.020,2,0.260,11.219,0.088,2,0.326,12.352,0.021,2,12.029,0.108,2,11.863,0.020,2,11.545,0.088,2,11.638,0.021,2,11.325,0.080,2,11.521,0.020,3,11.208,0.077,3,11.452,0.020,3,11.137,0.076,3,11.402,0.021,3,11.086,0.077,3,11.360,0.022,3,11.038,0.077,3,11.318,0.023,3,10.995,0.076,3,1111074301351023782,0.212814,-10.6,1,11.466,0.022,11.185,0.020,8.628,0.022,6.437,0.048,709914239,0.441627,-28.0,1,0.63,13.766,0.0710,12.908,0.0864,12.491,0.0531,-0.1059923312911380,0.2512501655306730,-0.9621013356337670,111022110,10214825440094
112.8728425,-74.1754717,0.0437,0.0422,-0.0114,285.9233576,-23.3596975,235.1439031,-79.3122131,453.579,89.619,452.183,89.214,3652018239000144,36520r239-000144,239,36520r,144,11.543,0.021,52.2,17.4,11.330,0.024,45.4,4.25,10.3,1,0,0.00000,0.00000,0000,0000,3,AA,0,10,1.0,42.474,00,0000,0000,59623.73243120,0,,0,,15.121,4.429,0.000,38.046,4.055,0.000,4866,93.18,2116,46.64,7.50,7.50,11.457,0.014,0,0.260,11.245,0.025,0,0.326,12.188,0.018,0,12.089,0.031,0,11.716,0.014,0,11.571,0.025,0,11.502,0.013,2,11.338,0.024,2,11.392,0.013,3,11.231,0.027,3,11.322,0.015,3,11.179,0.030,3,11.270,0.019,3,11.155,0.035,3,11.224,0.025,3,11.137,0.039,3,11.184,0.028,3,11.112,0.043,3,1111074301351023782,0.217913,10.6,1,11.466,0.022,11.185,0.020,8.628,0.022,6.437,0.048,709914239,0.415180,-18.0,1,0.60,13.766,0.0710,12.908,0.0864,12.491,0.0531,-0.1059919678340250,0.2512502933434830,-0.9621013422968940,111022110,10214825440095
112.8728476,-74.1754580,0.0455,0.0496,-0.0117,285.9233438,-23.3596921,235.1438373,-79.3122195,485.910,200.326,484.768,199.770,3652418239000143,36524r239-000143,239,36524r,143,11.659,0.023,47.5,20.6,11.298,0.024,44.4,3.67,10.4,1,0,0.00000,0.00000,0000,0000,3,AA,0,10,1.0,31.277,00,0000,0000,59623.86308015,0,,0,,12.900,3.541,0.000,37.983,4.018,0.000,4374,92.04,2178,49.03,7.50,7.50,11.516,0.022,2,0.260,11.186,0.032,2,0.326,12.232,0.020,2,12.028,0.030,2,11.775,0.022,2,11.512,0.032,2,11.571,0.025,2,11.286,0.037,2,11.466,0.026,3,11.185,0.038,3,11.401,0.027,3,11.138,0.040,3,11.356,0.028,3,11.111,0.043,3,11.322,0.030,3,11.091,0.050,3,11.288,0.031,3,11.067,0.057,3,1111074301351023782,0.168564,12.0,1,11.466,0.022,11.185,0.020,8.628,0.022,6.437,0.048,709914239,0.370351,-21.1,1,0.58,13.766,0.0710,12.908,0.0864,12.491,0.0531,-0.1059920796150700,0.2512504958683410,-0.9621012770934180,111022110,10214825440095
112.8727379,-74.1753966,0.0513,0.0433,0.0117,285.9232702,-23.3597024,235.1436504,-79.3122783,101.385,960.462,105.721,961.527,9569101014000187,95691a014-000187,14,95691a,187,11.569,0.024,45.7,23.9,11.344,0.026,41.0,8.06,15.4,1,0,0.00000,0.00000,0000,0000,3,AA,0,5,0.5,49.464,00,0000,0000,58327.95308669,0,,0,,14.379,4.150,0.000,44.151,3.670,0.000,4752,104.1,2089,50.92,7.50,7.50,11.538,0.016,2,0.260,11.234,0.024,2,0.326,12.323,0.021,2,12.059,0.029,2,11.798,0.016,2,11.560,0.024,2,11.563,0.015,2,11.343,0.027,2,11.450,0.016,2,11.239,0.034,2,11.388,0.019,3,11.181,0.042,3,11.348,0.020,3,11.148,0.054,3,11.318,0.023,3,11.130,0.069,19,11.288,0.030,3,11.109,0.076,19,1111074301351023782,0.153389,111.5,1,11.466,0.022,11.185,0.020,8.628,0.022,6.437,0.048,709914239,0.127129,-11.5,1,0.33,13.766,0.0710,12.908,0.0864,12.491,0.0531,-0.1059919993061400,0.2512516487530860,-0.9621009848669440,111022110,10214825440085
112.8729176,-74.1754423,0.0486,0.0406,0.0140,285.9233336,-23.3596692,235.1437099,-79.3122122,101.626,45.911,102.143,47.089,9569101013000143,95691a013-000143,13,95691a,143,11.510,0.021,52.4,20.7,11.306,0.025,44.3,3.92,12.1,1,0,0.00000,0.00000,0000,0000,3,AA,0,5,0.5,50.229,00,0000,0000,58327.95295933,0,,0,,14.678,3.593,0.000,43.753,3.795,0.000,5017,95.75,2163,48.83,7.50,7.50,11.479,0.013,2,0.260,11.250,0.027,2,0.326,12.199,0.016,2,12.085,0.029,2,11.739,0.013,2,11.576,0.027,2,11.540,0.013,2,11.346,0.032,2,11.441,0.015,3,11.237,0.039,3,11.384,0.020,3,11.179,0.040,3,11.341,0.021,3,11.143,0.041,3,11.305,0.022,3,11.116,0.043,3,11.273,0.022,3,11.090,0.046,3,1111074301351023782,0.113471,-17.3,1,11.466,0.022,11.185,0.020,8.628,0.022,6.437,0.048,709914239,0.352570,-34.9,1,0.55,13.766,0.0710,12.908,0.0864,12.491,0.0531,-0.1059924890460230,0.2512506092766290,-0.9621012023711180,111022110,10214825440086
112.8728853,-74.1754398,0.0458,0.0402,0.0132,285.9233282,-23.3596769,235.1437249,-79.3122209,36.731,482.843,39.494,484.313,9569901014000151,95699a014-000151,14,95699a,151,11.522,0.018,58.7,16.9,11.282,0.026,42.4,2.57,8.91,1,0,0.00000,0.00000,0000,0000,3,AA,0,10,1.0,30.044,00,0000,0000,58328.21476576,0,,0,,15.874,3.892,0.000,43.166,4.629,0.000,4963,84.53,2211,52.15,7.50,7.50,11.444,0.013,0,0.260,11.214,0.030,0,0.326,12.194,0.017,0,12.066,0.036,0,11.703,0.013,0,11.540,0.030,0,11.479,0.013,0,11.296,0.031,2,11.365,0.013,1,11.170,0.036,3,11.300,0.013,3,11.094,0.038,3,11.256,0.013,3,11.043,0.040,3,11.220,0.014,3,11.002,0.044,3,11.184,0.015,3,10.962,0.047,3,1111074301351023782,0.099379,-1.1,1,11.466,0.022,11.185,0.020,8.628,0.022,6.437,0.048,709914239,0.327702,-31.3,1,0.51,13.766,0.0710,12.908,0.0864,12.491,0.0531,-0.1059923637226080,0.2512507077076440,-0.9621011904726560,111022110,10214825440086
112.8729955,-74.1754146,0.0461,0.0424,0.0092,285.9233117,-23.3596407,235.1435221,-79.3122098,397.304,833.494,399.320,833.334,9565501014000154,95655a014-000154,14,95655a,154,11.518,0.020,53.1,23.2,11.365,0.030,35.9,5.63,14.3,1,0,0.00000,0.00000,0000,0000,3,AA,0,10,1.0,50.242,00,0101,0000,58326.77521233,0,,0,,16.419,4.554,0.000,44.057,5.120,0.000,4978,93.78,2049,57.04,7.50,7.50,11.518,0.014,2,0.260,11.238,0.033,2,0.326,12.258,0.018,2,12.063,0.039,2,11.778,0.014,2,11.564,0.033,2,11.565,0.013,2,11.348,0.037,2,11.460,0.015,3,11.242,0.041,3,11.404,0.019,3,11.181,0.045,3,11.369,0.021,3,11.139,0.048,3,11.342,0.023,3,11.107,0.053,3,11.313,0.024,3,11.077,0.059,3,1111074301351023782,0.110485,-85.5,1,11.466,0.022,11.185,0.020,8.628,0.022,6.437,0.048,709914239,0.336622,-55.8,1,0.50,13.766,0.0710,12.908,0.0864,12.491,0.0531,-0.1059930114418590,0.2512508937274830,-0.9621010705360570,111022110,10214825440086
112.8729412,-74.1754155,0.0454,0.0423,-0.0136,285.9233079,-23.3596551,235.1435703,-79.3122217,241.295,98.624,241.189,99.166,9567501013000176,95675a013-000176,13,95675a,176,11.550,0.020,53.4,16.2,11.360,0.026,42.5,2.9,9.21,1,0,0.00000,0.00000,0000,0000,3,AA,0,10,1.0,26.016,00,0000,0000,58327.42947381,0,,0,,14.796,3.525,0.000,44.474,4.711,0.000,4834,90.48,2057,48.45,7.50,7.50,11.451,0.013,2,0.260,11.248,0.035,2,0.326,12.180,0.018,0,12.084,0.036,0,11.710,0.013,2,11.574,0.035,2,11.503,0.013,3,11.343,0.036,3,11.400,0.013,3,11.231,0.038,3,11.340,0.014,3,11.167,0.042,3,11.298,0.014,3,11.123,0.045,3,11.262,0.015,3,11.086,0.049,3,11.227,0.016,3,11.048,0.057,3,1111074301351023782,0.058068,-78.2,1,11.466,0.022,11.185,0.020,8.628,0.022,6.437,0.048,709914239,0.296179,-49.4,1,0.47,13.766,0.0710,12.908,0.0864,12.491,0.0531,-0.1059927674537580,0.2512509802540810,-0.9621010748195100,111022110,10214825440087
112.8728733,-74.1754133,0.0463,0.0396,0.0136,285.9232996,-23.3596721,235.1436155,-79.3122383,182.103,522.725,184.156,523.497,9568301014000160,95683a014-000160,14,95683a,160,11.574,0.018,60.5,27.4,11.346,0.024,44.7,6.28,16.3,1,0,0.00000,0.00000,0000,0000,3,AA,0,5,0.5,45.292,00,0000,0000,58327.69128020,0,,0,,12.563,3.064,0.000,44.209,4.377,0.000,4730,78.21,2084,46.62,7.50,7.50,11.501,0.012,0,0.260,11.244,0.030,2,0.326,12.263,0.016,0,12.101,0.032,0,11.760,0.012,0,11.570,0.030,2,11.530,0.012,0,11.333,0.032,2,11.411,0.012,3,11.228,0.034,3,11.339,0.012,3,11.177,0.039,3,11.286,0.012,3,11.145,0.043,3,11.244,0.013,19,11.120,0.046,3,11.205,0.014,19,11.098,0.049,3,1111074301351023782,0.010586,68.0,1,11.466,0.022,11.185,0.020,8.628,0.022,6.437,0.048,709914239,0.243271,-40.6,1,0.43,13.766,0.0710,12.908,0.0864,12.491,0.0531,-0.1059924840604490,0.2512511399009210,-0.9621010643488470,111022110,10214825440087
112.8727987,-74.1754075,0.0555,0.0531,0.0214,285.9232869,-23.3596898,235.1436500,-79.3122585,805.232,88.174,801.690,86.247,9560701013000147,95607a013-000147,13,95607a,147,11.531,0.025,43.7,9.71,11.349,0.028,39.4,6.35,7.84,1,0,0.00000,0.00000,0000,0000,3,AA,0,10,1.0,30.675,00,0000,0000,58325.20463068,0,,0,,13.154,3.554,0.000,43.935,4.395,0.000,4921,112.7,2079,52.73,7.50,7.50,11.509,0.029,2,0.260,11.253,0.058,2,0.326,12.247,0.029,2,12.105,0.059,2,11.769,0.029,2,11.579,0.058,2,11.559,0.030,3,11.341,0.099,3,11.458,0.029,3,11.237,0.151,3,11.397,0.029,3,11.189,0.162,3,11.352,0.029,3,11.164,0.161,3,11.315,0.029,3,11.147,0.160,3,11.282,0.029,3,11.129,0.160,3,1111074301351023782,0.084757,101.5,1,11.466,0.022,11.185,0.020,8.628,0.022,6.437,0.048,709914239,0.184593,-27.5,1,0.38,13.766,0.0710,12.908,0.0864,12.491,0.0531,-0.1059921947826530,0.2512513676392200,-0.9621010367443630,111022110,10214825440087
112.8728549,-74.1754194,0.0475,0.0429,-0.0041,285.9233043,-23.3596787,235.1436579,-79.3122391,803.585,1002.831,803.938,1001.153,9560701014000148,95607a014-000148,14,95607a,148,11.512,0.023,48.2,15,11.350,0.027,40.2,5.47,9.82,1,0,0.00000,0.00000,0000,0000,3,AA,0,5,0.5,30.831,00,0000,0000,58325.20475800,0,,0,,14.100,3.828,0.000,44.033,4.673,0.000,5006,104,2076,51.67,7.50,7.50,11.472,0.046,0,0.260,11.211,0.046,2,0.326,12.199,0.028,0,12.028,0.034,2,11.731,0.046,0,11.537,0.046,2,11.525,0.062,2,11.325,0.065,2,11.424,0.062,2,11.221,0.080,18,11.363,0.059,2,11.162,0.091,18,11.316,0.057,2,11.121,0.103,18,11.278,0.056,2,11.082,0.109,18,11.242,0.055,3,11.040,0.110,19,1111074301351023782,0.038068,47.1,1,11.466,0.022,11.185,0.020,8.628,0.022,6.437,0.048,709914239,0.249760,-34.2,1,0.45,13.766,0.0710,12.908,0.0864,12.491,0.0531,-0.1059923635601810,0.2512510795633430,-0.9621010933811380,111022110,10214825440087
112.8727776,-74.1754034,0.0495,0.0447,-0.0041,285.9232808,-23.3596941,235.1436487,-79.3122655,768.793,295.162,766.310,293.393,9561101013000190,95611a013-000190,13,95611a,190,11.539,0.021,52.8,18.2,11.357,0.029,38.0,4.98,10.9,1,0,0.00000,0.00000,0000,0000,3,AA,0,10,1.0,24.552,00,0000,0000,58325.33553389,0,,0,,14.826,4.208,0.000,44.426,4.774,0.000,4886,92.58,2064,54.34,7.50,7.50,11.488,0.025,0,0.260,11.216,0.119,2,0.326,12.230,0.029,0,12.069,0.165,0,11.747,0.025,0,11.542,0.119,2,11.536,0.023,0,11.292,0.109,2,11.433,0.025,1,11.161,0.108,3,11.371,0.029,3,11.091,0.111,3,11.327,0.030,3,11.043,0.112,3,11.293,0.031,3,10.976,0.118,3,11.260,0.032,3,10.873,0.145,3,1111074301351023782,0.108494,107.0,1,11.466,0.022,11.185,0.020,8.628,0.022,6.437,0.048,709914239,0.162358,-23.4,1,0.35,13.766,0.0710,12.908,0.0864,12.491,0.0531,-0.1059921290153830,0.2512514701054810,-0.9621010172308420,111022110,10214825440087
112.8728358,-74.1754018,0.0454,0.0490,-0.0055,285.9232843,-23.3596785,235.1435943,-79.3122532,705.614,716.810,705.296,715.333,9561901014000131,95619a014-000131,14,95619a,131,11.528,0.021,51.4,15.6,11.372,0.029,37.6,4.04,9.77,1,0,0.00000,0.00000,0000,0000,3,AA,0,10,1.0,37.743,00,0000,0000,58325.59733745,0,,0,,14.827,4.333,0.000,44.350,5.804,0.000,4935,96.08,2034,54.15,7.50,7.50,11.470,0.019,0,0.260,11.189,0.063,2,0.326,12.195,0.025,0,12.006,0.082,2,11.730,0.019,0,11.515,0.063,2,11.524,0.018,0,11.300,0.063,2,11.425,0.019,3,11.195,0.071,3,11.373,0.020,3,11.135,0.089,3,11.342,0.024,3,11.103,0.108,3,11.320,0.028,3,11.089,0.118,3,11.300,0.029,3,11.081,0.123,3,1111074301351023782,0.059801,128.8,1,11.466,0.022,11.185,0.020,8.628,0.022,6.437,0.048,709914239,0.187882,-40.3,1,0.37,13.766,0.0710,12.908,0.0864,12.491,0.0531,-0.1059923946747850,0.2512513871948700,-0.9621010096158080,111022110,10214825440087
112.8727836,-74.1754024,0.0470,0.0426,-0.0105,285.9232803,-23.3596922,235.1436394,-79.3122647,685.622,918.603,686.276,917.210,9562301014000130,95623a014-000130,14,95623a,130,11.510,0.022,50.4,16.8,11.377,0.028,38.9,3.65,9.86,1,0,0.00000,0.00000,0000,0000,3,AA,0,5,0.5,47.817,00,0000,0000,58325.72824067,0,,0,,14.194,3.282,0.000,44.815,5.430,0.000,5015,99.56,2026,52.07,7.50,7.50,11.492,0.013,1,0.260,11.264,0.042,3,0.326,12.210,0.016,0,12.072,0.044,2,11.752,0.013,1,11.590,0.042,3,11.555,0.013,3,11.388,0.043,3,11.461,0.014,3,11.294,0.048,3,11.413,0.017,3,11.237,0.054,3,11.382,0.020,3,11.195,0.061,3,11.355,0.022,3,11.164,0.072,3,11.327,0.023,3,11.139,0.080,3,1111074301351023782,0.104039,109.8,1,11.466,0.022,11.185,0.020,8.628,0.022,6.437,0.048,709914239,0.161535,-25.8,1,0.35,13.766,0.0710,12.908,0.0864,12.491,0.0531,-0.1059921618531290,0.2512514744775010,-0.9621010124714460,111022110,10214825440087
112.8728347,-74.1753716,0.0544,0.0429,-0.0176,285.9232528,-23.3596698,235.1434594,-79.3122701,645.939,224.898,643.945,223.660,9562701013000134,95627a013-000134,13,95627a,134,11.496,0.023,46.4,19.5,11.329,0.027,40.4,3.22,9.9,1,0,0.00000,0.00000,0000,0000,3,AA,0,10,1.0,51.721,00,0001,0000,58325.85901659,0,,0,,14.120,3.527,0.000,44.391,4.363,0.000,5083,109.6,2118,52.37,7.50,7.50,11.488,0.020,2,0.260,11.231,0.053,2,0.326,12.227,0.024,2,12.055,0.052,2,11.748,0.020,2,11.557,0.053,2,11.532,0.021,2,11.334,0.072,2,11.425,0.022,3,11.224,0.081,3,11.363,0.022,3,11.166,0.086,3,11.318,0.022,3,11.135,0.093,3,11.280,0.022,3,11.118,0.100,3,11.243,0.023,3,11.102,0.111,3,1111074301351023782,0.153750,161.9,1,11.466,0.022,11.185,0.020,8.628,0.022,6.437,0.048,709914239,0.125314,-74.0,1,0.27,13.766,0.0710,12.908,0.0864,12.491,0.0531,-0.1059925869595040,0.2512518564685990,-0.9621008658819070,111022110,10214825440087
112.8728752,-74.1754082,0.0472,0.0422,0.0102,285.9232944,-23.3596701,235.1435911,-79.3122407,603.568,449.956,602.746,448.905,9563101014000138,95631a014-000138,14,95631a,138,11.550,0.019,56.3,22.6,11.321,0.033,32.5,5.01,14.5,1,0,0.00000,0.00000,0000,0000,3,AA,0,5,0.5,47.496,00,0000,0000,58325.98991985,0,,0,,14.057,3.594,0.000,44.161,5.067,0.000,4834,85.85,2134,65.58,7.50,7.50,11.466,0.015,2,0.260,11.483,0.041,2,0.326,12.207,0.018,0,12.342,0.048,2,11.725,0.015,2,11.809,0.041,2,11.510,0.018,2,11.568,0.043,2,11.397,0.022,3,11.453,0.056,3,11.329,0.023,3,11.385,0.082,3,11.286,0.023,3,11.339,0.111,3,11.251,0.024,3,11.305,0.121,3,11.214,0.025,3,11.278,0.124,3,1111074301351023782,0.016450,151.1,1,11.466,0.022,11.185,0.020,8.628,0.022,6.437,0.048,709914239,0.230934,-43.9,1,0.41,13.766,0.0710,12.908,0.0864,12.491,0.0531,-0.1059925256788290,0.2512512152906320,-0.9621010400759390,111022110,10214825440087
112.8728286,-74.1754069,0.0455,0.0455,-0.0160,285.9232890,-23.3596819,235.1436231,-79.3122520,506.016,189.525,504.739,188.905,9564301013000168,95643a013-000168,13,95643a,168,11.603,0.022,49.0,15.9,11.336,0.024,44.6,4.88,9.87,1,0,0.00000,0.00000,0000,0000,3,AA,0,10,1.0,24.411,00,0000,0000,58326.38250211,0,,0,,13.925,4.259,0.000,43.513,4.630,0.000,4606,93.92,2104,47.18,7.50,7.50,11.422,0.033,2,0.260,11.279,0.061,0,0.326,12.161,0.037,0,12.118,0.057,0,11.681,0.033,2,11.605,0.061,0,11.467,0.032,2,11.382,0.059,2,11.358,0.030,3,11.282,0.057,3,11.292,0.031,3,11.228,0.057,3,11.243,0.031,3,11.186,0.059,3,11.205,0.032,3,11.147,0.062,3,11.171,0.032,3,11.111,0.065,3,1111074301351023782,0.056988,109.6,1,11.466,0.022,11.185,0.020,8.628,0.022,6.437,0.048,709914239,0.198065,-35.3,1,0.39,13.766,0.0710,12.908,0.0864,12.491,0.0531,-0.1059923298150910,0.2512513216096860,-0.9621010338887260,111022110,10214825440087
112.8728977,-74.1754234,0.0439,0.0452,0.0074,285.9233122,-23.3596688,235.1436411,-79.3122272,454.474,622.161,455.263,621.768,9565101014000149,95651a014-000149,14,95651a,149,11.571,0.018,58.8,15.8,11.325,0.028,38.8,3.63,10.2,1,0,0.00000,0.00000,0000,0000,3,AA,0,10,1.0,41.613,00,0000,0000,58326.64430911,0,,0,,15.863,4.244,0.000,44.046,5.600,0.000,4740,80.63,2125,54.79,7.50,7.50,11.493,0.013,0,0.260,11.174,0.064,2,0.326,12.229,0.016,0,11.998,0.067,2,11.753,0.013,0,11.500,0.064,2,11.544,0.012,2,11.280,0.066,2,11.441,0.012,3,11.175,0.080,3,11.378,0.013,3,11.121,0.092,3,11.332,0.013,3,11.086,0.099,3,11.292,0.014,3,11.061,0.104,3,11.256,0.015,3,11.040,0.112,3,1111074301351023782,0.042726,-19.3,1,11.466,0.022,11.185,0.020,8.628,0.022,6.437,0.048,709914239,0.286518,-39.5,1,0.47,13.766,0.0710,12.908,0.0864,12.491,0.0531,-0.1059925251377930,0.2512509385009610,-0.9621011124187000,111022110,10214825440087
112.8728436,-74.1754290,0.0421,0.0406,-0.0032,285.9233133,-23.3596845,235.1437102,-79.3122364,387.776,131.899,386.977,131.804,9565901013000154,95659a013-000154,13,95659a,154,11.532,0.019,57.2,18.2,11.352,0.025,43.9,4.3,10.9,1,0,0.00000,0.00000,0000,0000,3,AA,0,10,1.0,51.535,00,0000,0000,58326.90598829,0,,0,,14.107,3.466,0.000,44.149,4.136,0.000,4916,85.96,2073,47.16,7.50,7.50,11.498,0.021,0,0.260,11.241,0.022,2,0.326,12.231,0.028,0,12.090,0.027,0,11.758,0.021,0,11.567,0.022,2,11.552,0.019,2,11.332,0.022,2,11.457,0.019,3,11.220,0.024,3,11.406,0.020,3,11.163,0.027,3,11.369,0.021,3,11.128,0.031,3,11.339,0.022,3,11.109,0.036,3,11.309,0.024,3,11.095,0.042,3,1111074301351023782,0.071950,32.8,1,11.466,0.022,11.185,0.020,8.628,0.022,6.437,0.048,709914239,0.273620,-28.2,1,0.47,13.766,0.0710,12.908,0.0864,12.491,0.0531,-0.1059922513508770,0.2512509519411210,-0.9621011390712790,111022110,10214825440087
112.8728367,-74.1754282,0.0441,0.0409,0.0103,285.9233118,-23.3596861,235.1437122,-79.3122384,275.336,784.770,277.886,785.116,9567101014000177,95671a014-000177,14,95671a,177,11.555,0.019,58.4,17.9,11.339,0.026,41.4,3.88,10.7,1,0,0.00000,0.00000,0000,0000,3,AA,0,10,1.0,25.528,00,0000,0000,58327.29869795,0,,0,,15.312,3.915,0.000,44.699,5.017,0.000,4814,82.37,2099,50.63,7.50,7.50,11.468,0.013,2,0.260,11.230,0.029,2,0.326,12.197,0.017,0,12.066,0.035,0,11.728,0.013,2,11.556,0.029,2,11.525,0.012,2,11.330,0.033,2,11.425,0.012,3,11.200,0.042,3,11.367,0.013,3,11.024,0.043,3,11.328,0.013,3,10.647,0.036,3,11.298,0.015,3,10.111,0.026,3,11.269,0.017,3,9.627,0.019,3,1111074301351023782,0.073556,38.5,1,11.466,0.022,11.185,0.020,8.628,0.022,6.437,0.048,709914239,0.267923,-27.2,1,0.47,13.766,0.0710,12.908,0.0864,12.491,0.0531,-0.1059922263147140,0.2512509770827130,-0.9621011352637689,111022110,10214825440087
112.8727582,-74.1754299,0.0421,0.0399,0.0125,285.9233067,-23.3597070,235.1437836,-79.3122553,537.102,874.551,538.488,873.762,9563901014000134,95639a014-000134,14,95639a,134,11.477,0.021,52.5,16,11.281,0.025,44.3,5.17,10.2,1,0,0.00000,0.00000,0000,0000,3,AA,0,10,1.0,28.027,00,0000,0000,58326.25172624,0,,0,,13.814,3.571,0.000,43.875,4.915,0.000,5173,98.47,2214,49.96,7.50,7.50,11.498,0.015,2,0.260,11.202,0.071,0,0.326,12.225,0.019,2,12.035,0.071,0,11.758,0.015,2,11.528,0.071,0,11.549,0.013,3,11.301,0.067,3,11.442,0.013,3,11.188,0.065,3,11.370,0.014,3,11.125,0.068,3,11.295,0.017,3,11.087,0.070,3,11.175,0.018,3,11.062,0.075,3,11.046,0.018,3,11.037,0.081,3,1111074301351023782,0.138357,62.6,1,11.466,0.022,11.185,0.020,8.628,0.022,6.437,0.048,709914239,0.248612,-10.5,1,0.45,13.766,0.0710,12.908,0.0864,12.491,0.0531,-0.1059918709843320,0.2512510959991310,-0.9621011433547290,111022110,10214825440092
112.8729038,-74.1754095,0.0455,0.0416,0.0055,285.9232983,-23.3596630,235.1435737,-79.3122335,75.834,791.041,79.578,792.288,5712001250000127,57120a250-000127,250,57120a,127,11.523,0.019,56.0,23.6,11.283,0.029,36.9,4.43,12.8,1,0,0.00000,0.00000,0000,0000,3,AA,0,10,1.0,48.875,00,0000,0000,57064.42913456,0,,0,,15.155,3.861,0.000,32.054,4.016,0.000,4941,88.27,2222,60.25,7.50,7.50,11.502,0.013,2,0.257,11.267,0.036,2,0.322,12.235,0.016,2,12.108,0.045,2,11.759,0.013,2,11.589,0.036,2,11.549,0.012,3,11.353,0.034,3,11.444,0.012,3,11.244,0.034,3,11.383,0.013,3,11.188,0.037,3,11.339,0.014,3,11.153,0.039,3,11.305,0.016,3,11.128,0.042,3,11.275,0.016,3,11.112,0.045,3,1111074301351023782,0.022349,-115.8,1,11.466,0.022,11.185,0.020,8.628,0.022,6.437,0.048,709914239,0.254350,-47.8,1,0.42,13.766,0.0710,12.908,0.0864,12.491,0.0531,-0.1059926426095960,0.2512511422700090,-0.9621010462631510,111022110,10214825440087
112.8729435,-74.1754162,0.0417,0.0365,0.0121,285.9233088,-23.3596547,235.1435716,-79.3122207,41.934,507.241,44.691,508.704,5711601250000132,57116a250-000132,250,57116a,132,11.511,0.017,63.9,19.4,11.286,0.023,47.2,3.09,11.3,1,0,0.00000,0.00000,0000,0000,3,AA,0,10,1.0,41.609,00,0000,0000,57064.29772162,0,,0,,14.731,3.928,0.000,33.603,4.194,0.000,4993,78.15,2215,46.92,7.50,7.50,11.484,0.012,0,0.257,11.230,0.021,2,0.322,12.217,0.015,0,12.065,0.026,0,11.741,0.012,0,11.552,0.021,2,11.530,0.011,0,11.327,0.021,2,11.422,0.011,1,11.223,0.024,3,11.357,0.012,1,11.168,0.026,3,11.311,0.012,1,11.136,0.029,3,11.277,0.013,3,11.116,0.033,3,11.250,0.014,3,11.102,0.044,3,1111074301351023782,0.060827,-76.3,1,11.466,0.022,11.185,0.020,8.628,0.022,6.437,0.048,709914239,0.299533,-49.4,1,0.47,13.766,0.0710,12.908,0.0864,12.491,0.0531,-0.1059927729708600,0.2512509651692270,-0.9621010781510850,111022110,10214825440087
112.8727067,-74.1754200,0.0429,0.0414,0.0033,285.9232918,-23.3597175,235.1437809,-79.3122725,925.927,789.861,924.642,787.456,8464201018000183,84642a018-000183,18,84642a,183,11.563,0.021,51.9,17,11.383,0.028,38.5,3.05,9.29,1,0,0.00000,0.00000,0000,0000,3,AA,0,10,1.0,25.424,00,0000,0000,57966.39149722,0,,0,,13.269,3.306,0.000,40.144,4.243,0.000,4779,92.03,2014,52.3,7.50,7.50,11.494,0.013,2,0.260,11.327,0.044,0,0.326,12.212,0.017,0,12.141,0.058,0,11.753,0.013,2,11.653,0.044,0,11.550,0.013,3,11.437,0.050,1,11.446,0.015,3,11.335,0.058,3,11.383,0.016,3,11.276,0.059,3,11.337,0.017,3,11.237,0.061,3,11.297,0.018,3,11.213,0.068,3,11.259,0.018,3,11.199,0.080,3,1111074301351023782,0.175627,80.8,1,11.466,0.022,11.185,0.020,8.628,0.022,6.437,0.048,709914239,0.208865,1.4,1,0.41,13.766,0.0710,12.908,0.0864,12.491,0.0531,-0.1059917097632830,0.2512513444371130,-0.9621010962367730,111022110,10214825440085
112.8729233,-74.1754405,0.0447,0.0392,0.0116,285.9233323,-23.3596672,235.1436972,-79.3122119,94.568,332.712,96.279,333.967,8467801017000154,84678a017-000154,17,84678a,154,11.571,0.018,61.1,18.5,11.375,0.025,42.6,3.5,10.8,1,0,0.00000,0.00000,0000,0000,3,AA,0,10,1.0,36.096,00,0000,0000,57967.56988071,0,,0,,12.172,3.167,0.000,40.428,4.590,0.000,4741,77.54,2030,47.6,7.50,7.50,11.524,0.019,0,0.260,11.287,0.026,2,0.326,12.262,0.019,0,12.130,0.031,2,11.783,0.019,0,11.613,0.026,2,11.574,0.021,0,11.392,0.027,2,11.473,0.025,1,11.296,0.030,3,11.418,0.028,3,11.250,0.034,3,11.382,0.028,3,11.220,0.038,3,11.354,0.029,3,11.196,0.041,3,11.327,0.030,3,11.179,0.046,3,1111074301351023782,0.109186,-21.1,1,11.466,0.022,11.185,0.020,8.628,0.022,6.437,0.048,709914239,0.350558,-36.3,1,0.53,13.766,0.0710,12.908,0.0864,12.491,0.0531,-0.1059925257896090,0.2512506265807560,-0.9621011938042260,111022110,10214825440086
112.8728865,-74.1754636,0.0472,0.0459,0.0153,285.9233530,-23.3596837,235.1438309,-79.3122075,294.830,926.453,297.864,926.737,8465401017000152,84654a017-000152,17,84654a,152,11.589,0.022,48.7,22.8,11.347,0.029,37.5,3.49,12.9,1,0,0.00000,0.00000,0000,0000,3,AA,0,10,1.0,50.824,00,0000,0000,57966.78433414,0,,0,,14.516,4.052,0.000,40.719,4.145,0.000,4664,95.68,2084,55.52,7.50,7.50,11.533,0.018,2,0.260,11.235,0.063,2,0.326,12.250,0.022,2,12.067,0.082,0,11.792,0.018,2,11.561,0.063,2,11.585,0.017,2,11.338,0.056,2,11.480,0.019,3,11.231,0.055,3,11.416,0.021,3,11.174,0.056,3,11.370,0.023,3,11.139,0.060,3,11.332,0.025,3,11.109,0.077,3,11.298,0.026,3,11.080,0.098,3,1111074301351023782,0.185067,-1.0,1,11.466,0.022,11.185,0.020,8.628,0.022,6.437,0.048,709914239,0.403889,-25.1,1,0.59,13.766,0.0710,12.908,0.0864,12.491,0.0531,-0.1059922136473250,0.2512503372664450,-0.9621013037459401,111022110,10214825440094
112.8728422,-74.1754326,0.0483,0.0396,0.0104,285.9233169,-23.3596860,235.1437275,-79.3122347,59.994,80.190,60.785,81.572,8468201016000173,84682a016-000173,16,84682a,173,11.497,0.022,48.4,19.7,11.350,0.025,42.7,3.48,10.8,1,0,0.00000,0.00000,0000,0000,3,AA,0,10,1.0,46.938,00,0000,0000,57967.70078388,0,,0,,14.793,3.458,0.000,39.868,4.356,0.000,5078,104.8,2077,48.6,7.50,7.50,11.672,0.057,2,0.260,11.243,0.061,2,0.326,12.435,0.042,2,12.084,0.075,0,11.931,0.057,2,11.569,0.061,2,11.696,0.058,2,11.341,0.055,2,11.574,0.053,3,11.243,0.056,3,11.499,0.050,3,11.202,0.058,3,11.444,0.048,3,11.175,0.060,3,11.399,0.047,3,11.149,0.063,3,11.360,0.046,3,11.122,0.067,3,1111074301351023782,0.083794,28.8,1,11.466,0.022,11.185,0.020,8.628,0.022,6.437,0.048,709914239,0.284490,-26.7,1,0.47,13.766,0.0710,12.908,0.0864,12.491,0.0531,-0.1059922217152800,0.2512508988336480,-0.9621011562050750,111022110,10214825440086
112.8728529,-74.1754091,0.0455,0.0413,-0.0159,285.9232934,-23.3596762,235.1436132,-79.3122453,297.835,12.686,297.074,12.916,8465401016000146,84654a016-000146,16,84654a,146,11.589,0.020,53.1,22.2,11.321,0.026,41.2,3.43,12.2,1,0,0.00000,0.00000,0000,0000,3,AA,0,10,1.0,51.319,00,0000,0000,57966.78420683,0,,0,,14.502,3.818,0.000,40.413,3.981,0.000,4664,87.76,2134,51.78,7.50,7.50,11.492,0.014,0,0.260,11.227,0.029,0,0.326,12.243,0.018,0,12.071,0.038,0,11.751,0.014,0,11.553,0.029,0,11.538,0.013,2,11.314,0.028,0,11.442,0.017,3,11.198,0.030,3,11.389,0.037,3,11.140,0.034,3,11.350,0.073,3,11.111,0.038,3,11.316,0.091,3,11.090,0.041,3,11.280,0.091,3,11.073,0.045,3,1111074301351023782,0.031862,110.5,1,11.466,0.022,11.185,0.020,8.628,0.022,6.437,0.048,709914239,0.218823,-39.2,1,0.40,13.766,0.0710,12.908,0.0864,12.491,0.0531,-0.1059924220156360,0.2512512426194610,-0.9621010443593940,111022110,10214825440087
112.8728993,-74.1754154,0.0484,0.0404,0.0126,285.9233041,-23.3596660,235.1436039,-79.3122312,252.613,676.235,254.850,676.713,8465801017000148,84658a017-000148,17,84658a,148,11.581,0.019,57.4,19.8,11.364,0.025,43.8,4.84,11.9,1,0,0.00000,0.00000,0000,0000,3,AA,0,10,1.0,50.560,00,0000,0000,57966.91523736,0,,0,,14.452,3.399,0.000,40.604,4.587,0.000,4698,81.78,2050,46.82,7.50,7.50,11.505,0.014,2,0.260,11.271,0.028,2,0.326,12.241,0.018,0,12.122,0.031,0,11.764,0.014,2,11.597,0.028,2,11.559,0.013,2,11.358,0.031,2,11.459,0.013,3,11.241,0.036,3,11.403,0.014,3,11.177,0.041,3,11.366,0.015,3,11.140,0.046,3,11.336,0.016,3,11.118,0.053,3,11.307,0.017,3,11.101,0.061,3,1111074301351023782,0.019479,-53.7,1,11.466,0.022,11.185,0.020,8.628,0.022,6.437,0.048,709914239,0.266017,-43.7,1,0.45,13.766,0.0710,12.908,0.0864,12.491,0.0531,-0.1059925843683370,0.2512510593129260,-0.9621010743435710,111022110,10214825440087
112.8728219,-74.1754140,0.0454,0.0397,0.0120,285.9232958,-23.3596857,235.1436604,-79.3122496,213.283,429.582,214.736,430.232,8466201017000157,84662a017-000157,17,84662a,157,11.595,0.018,61.0,19.8,11.323,0.028,38.8,4.74,11.7,1,0,0.00000,0.00000,0000,0000,3,AA,0,10,1.0,41.996,00,0000,0000,57967.04614063,0,,0,,12.964,2.948,0.000,40.465,3.991,0.000,4637,75.99,2129,54.86,7.50,7.50,11.528,0.013,0,0.260,11.309,0.049,2,0.326,12.271,0.017,0,12.172,0.049,2,11.787,0.013,0,11.635,0.049,2,11.575,0.012,2,11.387,0.048,2,11.472,0.013,3,11.268,0.048,3,11.415,0.014,3,11.207,0.049,3,11.376,0.015,3,11.170,0.051,3,11.344,0.016,3,11.143,0.053,3,11.312,0.017,19,11.120,0.056,3,1111074301351023782,0.060623,83.9,1,11.466,0.022,11.185,0.020,8.628,0.022,6.437,0.048,709914239,0.216064,-30.0,1,0.41,13.766,0.0710,12.908,0.0864,12.491,0.0531,-0.1059922540944650,0.2512512241565550,-0.9621010676804210,111022110,10214825440087
112.8728220,-74.1754016,0.0621,0.0499,-0.0186,285.9232829,-23.3596820,235.1436046,-79.3122564,195.297,170.103,195.734,170.897,8466602016000129,84666b016-000129,16,84666b,129,11.682,0.026,41.9,11.3,11.384,0.026,41.4,5.75,7.26,1,0,0.00000,0.00000,0000,0000,3,AA,0,10,1.0,31.498,00,0000,0000,57967.17704378,0,,0,,14.894,3.352,0.000,40.152,3.340,0.000,4283,102.2,2014,48.58,7.50,7.50,11.460,0.017,2,0.260,11.287,0.029,2,0.326,12.152,0.022,2,12.134,0.035,0,11.720,0.017,2,11.613,0.029,2,11.545,0.016,2,11.377,0.028,2,11.454,0.016,3,11.264,0.029,3,11.394,0.017,3,11.200,0.031,3,11.348,0.018,3,11.157,0.034,3,11.305,0.019,3,11.124,0.038,3,11.264,0.019,3,11.095,0.041,3,1111074301351023782,0.071257,122.4,1,11.466,0.022,11.185,0.020,8.628,0.022,6.437,0.048,709914239,0.178842,-37.1,1,0.36,13.766,0.0710,12.908,0.0864,12.491,0.0531,-0.1059923354648720,0.2512514158180050,-0.9621010086639290,111022110,10214825440087
112.8728207,-74.1754080,0.0407,0.0391,0.0102,285.9232894,-23.3596842,235.1436344,-79.3122532,155.780,838.415,159.272,839.262,8467001017000171,84670a017-000171,17,84670a,171,11.580,0.019,58.1,22.6,11.346,0.023,46.9,5.72,13.5,1,0,0.00000,0.00000,0000,0000,3,AA,0,10,1.0,24.697,00,0000,0000,57967.30807432,0,,0,,16.003,4.227,0.000,41.237,4.392,0.000,4702,80.94,2084,44.39,7.50,7.50,11.479,0.014,3,0.260,11.261,0.023,1,0.326,12.220,0.018,0,12.097,0.027,0,11.738,0.014,3,11.587,0.023,1,11.525,0.012,3,11.368,0.025,3,11.418,0.013,3,11.267,0.028,3,11.351,0.013,3,11.210,0.038,3,11.302,0.014,3,11.174,0.058,3,11.262,0.014,3,11.145,0.067,3,11.225,0.015,3,11.116,0.070,3,1111074301351023782,0.063287,103.8,1,11.466,0.022,11.185,0.020,8.628,0.022,6.437,0.048,709914239,0.197004,-32.8,1,0.38,13.766,0.0710,12.908,0.0864,12.491,0.0531,-0.1059922879928620,0.2512513192053770,-0.9621010391240600,111022110,10214825440087
112.8729222,-74.1754062,0.0480,0.0409,0.0171,285.9232965,-23.3596573,235.1435439,-79.3122311,106.806,585.566,109.543,586.672,8467401017000175,84674a017-000175,17,84674a,175,11.570,0.019,58.1,19.5,11.381,0.026,41.9,3.56,10.9,1,0,0.00000,0.00000,0000,0000,3,AA,0,10,1.0,27.251,00,0000,0000,57967.43897749,0,,0,,15.194,3.618,0.000,40.700,3.789,0.000,4746,81.69,2018,48.15,7.50,7.50,11.507,0.013,2,0.260,11.292,0.047,2,0.326,12.257,0.017,0,12.136,0.068,0,11.766,0.013,2,11.618,0.047,2,11.549,0.012,2,11.391,0.040,2,11.440,0.012,3,11.289,0.039,3,11.376,0.012,3,11.240,0.040,3,11.334,0.012,3,11.213,0.043,3,11.299,0.013,3,11.199,0.046,3,11.265,0.014,3,11.189,0.050,3,1111074301351023782,0.043873,-119.5,1,11.466,0.022,11.185,0.020,8.628,0.022,6.437,0.048,709914239,0.260577,-52.4,1,0.43,13.766,0.0710,12.908,0.0864,12.491,0.0531,-0.1059927448349440,0.2512511592873270,-0.9621010305571490,111022110,10214825440087
112.8728235,-74.1753909,0.0558,0.0465,0.0176,285.9232719,-23.3596784,235.1435553,-79.3122620,58.845,994.162,63.552,995.411,8468201017000149,84682a017-000149,17,84682a,149,11.543,0.025,43.3,19.2,11.407,0.029,37.9,5.97,11.9,1,0,0.00000,0.00000,0000,0000,3,AA,0,10,1.0,46.905,00,0001,0001,57967.70091119,0,,0,,15.026,3.909,0.000,39.935,3.873,0.000,4865,112.3,1971,52.03,7.50,7.50,11.530,0.027,2,0.260,11.338,0.027,2,0.326,12.265,0.036,2,12.198,0.033,2,11.790,0.027,2,11.664,0.027,2,11.567,0.026,3,11.432,0.028,3,11.456,0.026,3,11.327,0.031,3,11.388,0.025,3,11.266,0.037,3,11.333,0.025,3,11.224,0.041,3,11.281,0.027,3,11.186,0.048,3,11.231,0.028,3,11.152,0.059,3,1111074301351023782,0.096572,142.6,1,11.466,0.022,11.185,0.020,8.628,0.022,6.437,0.048,709914239,0.151015,-46.5,1,0.34,13.766,0.0710,12.908,0.0864,12.491,0.0531,-0.1059924118790100,0.2512515785880340,-0.9621009577383710,111022110,10214825440087
112.8728302,-74.1754232,0.0466,0.0418,0.0112,285.9233061,-23.3596863,235.1436950,-79.3122426,12.669,733.758,16.612,735.232,8468601017000141,84686a017-000141,17,84686a,141,11.558,0.020,54.8,25.4,11.415,0.026,41.6,5.26,13.6,1,0,0.00000,0.00000,0000,0000,3,AA,0,10,1.0,51.803,00,0000,0000,57967.83181446,0,,0,,12.815,3.214,0.000,40.147,3.223,0.000,4800,87.57,1956,47.04,7.50,7.50,11.467,0.015,2,0.260,11.312,0.035,0,0.326,12.208,0.018,2,12.174,0.037,0,11.726,0.015,2,11.638,0.035,0,11.512,0.018,2,11.401,0.044,2,11.401,0.020,3,11.301,0.049,3,11.337,0.020,3,11.253,0.049,3,11.291,0.021,3,11.224,0.050,3,11.252,0.021,3,11.202,0.053,3,11.214,0.022,3,11.177,0.056,3,1111074301351023782,0.065464,52.8,1,11.466,0.022,11.185,0.020,8.628,0.022,6.437,0.048,709914239,0.249009,-27.8,1,0.44,13.766,0.0710,12.908,0.0864,12.491,0.0531,-0.1059922304450350,0.2512510664645870,-0.9621011114668220,111022110,10214825440087
112.8728847,-74.1754465,0.0443,0.0408,0.0077,285.9233351,-23.3596790,235.1437555,-79.3122174,311.548,267.461,311.763,267.721,8465001017000143,84650a017-000143,17,84650a,143,11.602,0.018,59.8,22.8,11.411,0.026,41.7,5.25,13.6,1,0,0.00000,0.00000,0000,0000,3,AA,0,10,1.0,43.312,00,0000,0000,57966.65330361,0,,0,,15.092,3.773,0.000,40.208,4.406,0.000,4609,77.08,1964,47.13,7.50,7.50,11.533,0.013,0,0.260,11.278,0.027,2,0.326,12.277,0.017,0,12.123,0.032,2,11.793,0.013,0,11.604,0.027,2,11.578,0.013,0,11.372,0.028,2,11.473,0.013,1,11.262,0.033,3,11.415,0.014,3,11.207,0.037,3,11.375,0.015,3,11.178,0.044,3,11.345,0.016,3,11.162,0.054,3,11.317,0.017,3,11.147,0.068,3,1111074301351023782,0.123488,-0.6,1,11.466,0.022,11.185,0.020,8.628,0.022,6.437,0.048,709914239,0.348254,-29.1,1,0.54,13.766,0.0710,12.908,0.0864,12.491,0.0531,-0.1059923173620680,0.2512506051586590,-0.9621012223605300,111022110,10214825440094
112.8726621,-74.1754093,0.0469,0.0378,-0.0113,285.9232767,-23.3597259,235.1437691,-79.3122885,901.779,345.173,898.668,342.809,4144318012000130,41443r012-000130,12,41443r,130,11.511,0.019,56.9,22.6,11.245,0.024,45.3,6.37,13.6,1,0,0.00000,0.00000,0000,0000,3,AA,0,5,0.5,26.711,00,0000,0000,59784.36644906,0,,0,,16.568,4.756,0.000,50.277,5.960,0.000,5012,88.04,2288,50.55,7.50,7.50,11.422,0.026,0,0.260,11.140,0.029,0,0.326,12.159,0.034,0,11.979,0.032,0,11.682,0.026,0,11.466,0.029,0,11.473,0.023,0,11.240,0.031,2,11.370,0.022,1,11.137,0.033,3,11.311,0.021,3,11.078,0.036,3,11.270,0.021,3,11.040,0.041,3,11.237,0.023,3,11.019,0.052,3,11.205,0.033,19,11.005,0.065,3,1111074301351023782,0.217402,92.8,1,11.466,0.022,11.185,0.020,8.628,0.022,6.437,0.048,709914239,0.177186,16.0,1,0.36,13.766,0.0710,12.908,0.0864,12.491,0.0531,-0.1059915840209020,0.2512515924878820,-0.9621010453112721,111022110,10214825440085
112.8727958,-74.1753850,0.0437,0.0420,0.0090,285.9232633,-23.3596839,235.1435512,-79.3122716,942.348,779.008,940.894,776.525,4143918013000128,41439r013-000128,13,41439r,128,11.479,0.020,53.5,11.6,11.296,0.028,38.5,5.94,8.35,2,0,0.00000,0.00000,0000,0000,3,AA,0,10,1.0,29.596,00,0000,0000,59784.23605521,0,,0,,15.277,3.823,0.000,50.362,4.956,0.000,5160,96.39,2182,56.66,7.50,7.50,11.435,0.028,1,0.260,10.844,0.038,1,0.326,12.154,0.038,1,11.798,0.047,1,11.695,0.028,1,11.170,0.038,1,11.489,0.024,1,10.796,0.032,3,11.387,0.024,3,10.574,0.030,3,11.325,0.024,3,10.462,0.032,3,11.279,0.024,3,10.418,0.038,3,11.241,0.024,3,10.398,0.043,3,11.209,0.024,3,10.378,0.051,3,1111074301351023782,0.130257,138.7,1,11.466,0.022,11.185,0.020,8.628,0.022,6.437,0.048,709914239,0.116720,-44.8,1,0.30,13.766,0.0710,12.908,0.0864,12.491,0.0531,-0.1059923289177340,0.2512517211124760,-0.9621009296579091,111022110,10214825440087
112.8729348,-74.1753819,0.0435,0.0368,-0.0071,285.9232724,-23.3596468,235.1434244,-79.3122417,970.421,429.641,967.140,427.023,3028318013000137,30283r013-000137,13,30283r,137,11.585,0.019,58.5,25.8,11.288,0.024,45.8,7.02,15.8,1,0,0.00000,0.00000,0000,0000,3,AA,0,5,0.5,51.017,00,0000,0000,59419.93026940,0,,0,,13.210,3.195,0.000,54.180,5.478,0.000,4680,80.07,2198,48.01,7.50,7.50,11.496,0.013,0,0.260,11.179,0.078,0,0.326,12.229,0.017,0,12.017,0.071,0,11.756,0.013,0,11.505,0.078,0,11.548,0.012,0,11.277,0.074,0,11.446,0.013,1,11.173,0.070,3,11.389,0.015,3,11.120,0.068,3,11.353,0.019,3,11.090,0.068,3,11.329,0.022,3,11.071,0.069,3,11.307,0.023,3,11.057,0.072,3,1111074301351023782,0.120227,-155.1,1,11.466,0.022,11.185,0.020,8.628,0.022,6.437,0.048,709914239,0.230156,-71.9,1,0.37,13.766,0.0710,12.908,0.0864,12.491,0.0531,-0.1059929586890870,0.2512515119351000,-0.9621009149037640,111022110,10214825440087
112.8728793,-74.1754177,0.0493,0.0456,0.0100,285.9233047,-23.3596719,235.1436304,-79.3122345,917.199,860.593,916.225,858.251,3028718014000144,30287r014-000144,14,30287r,144,11.519,0.025,43.7,11.3,11.252,0.028,39.4,2.12,6.23,1,0,0.00000,0.00000,0000,0000,3,AA,0,5,0.5,42.596,00,0000,0000,59420.06104529,0,,0,,14.504,3.632,0.000,53.690,4.635,0.000,4975,113.8,2272,57.62,7.50,7.50,11.446,0.025,2,0.260,11.189,0.058,0,0.326,12.167,0.037,0,11.997,0.084,0,11.706,0.025,2,11.515,0.058,0,11.503,0.022,2,11.308,0.055,2,11.400,0.021,3,11.212,0.070,3,11.336,0.020,3,11.166,0.094,3,11.290,0.021,3,11.148,0.108,3,11.249,0.027,3,11.143,0.112,3,11.210,0.036,3,11.138,0.114,3,1111074301351023782,0.020186,11.2,1,11.466,0.022,11.185,0.020,8.628,0.022,6.437,0.048,709914239,0.259196,-39.3,1,0.43,13.766,0.0710,12.908,0.0864,12.491,0.0531,-0.1059924816535690,0.2512510607268950,-0.9621010852901730,111022110,10214825440087
112.8729264,-74.1753939,0.0443,0.0400,-0.0083,285.9232841,-23.3596525,235.1434852,-79.3122370,352.308,179.350,351.868,179.484,6833601243000142,68336a243-000142,243,68336a,142,11.559,0.019,57.7,19,11.353,0.026,42.1,4.13,11.2,1,0,0.00000,0.00000,0000,0000,3,AA,0,10,1.0,45.415,00,0000,0000,57432.34864176,0,,0,,12.767,3.637,0.000,33.019,4.354,0.000,4800,83.16,2068,49.06,7.50,7.50,11.500,0.012,0,0.260,11.282,0.037,2,0.326,12.232,0.016,0,12.111,0.041,2,11.760,0.012,0,11.608,0.037,2,11.550,0.011,1,11.385,0.041,3,11.446,0.012,1,11.280,0.043,3,11.386,0.012,1,11.222,0.044,3,11.344,0.013,3,11.185,0.046,3,11.310,0.014,3,11.157,0.049,3,11.278,0.015,3,11.131,0.051,3,1111074301351023782,0.078297,-147.3,1,11.466,0.022,11.185,0.020,8.628,0.022,6.437,0.048,709914239,0.239767,-61.4,1,0.39,13.766,0.0710,12.908,0.0864,12.491,0.0531,-0.1059928435321740,0.2512513418167910,-0.9621009720165690,111022110,10214825440087
112.8728039,-74.1754082,0.0437,0.0401,-0.0075,285.9232881,-23.3596887,235.1436490,-79.3122569,429.222,82.929,427.957,82.674,6834401243000136,68344a243-000136,243,68344a,136,11.533,0.021,52.8,17.8,11.314,0.023,47.6,4.24,10.3,1,0,0.00000,0.00000,0000,0000,3,AA,0,10,1.0,48.645,00,0000,0000,57432.61083170,0,,0,,12.394,3.467,0.000,33.077,3.730,0.000,4918,93.2,2142,44.99,7.50,7.50,11.445,0.013,2,0.260,11.230,0.035,0,0.326,12.165,0.017,0,12.079,0.044,0,11.704,0.013,2,11.556,0.035,0,11.503,0.012,3,11.314,0.034,1,11.403,0.013,3,11.194,0.035,3,11.343,0.016,3,11.128,0.035,3,11.298,0.018,3,11.087,0.037,3,11.259,0.020,3,11.060,0.042,3,11.223,0.024,3,11.036,0.050,3,1111074301351023782,0.079266,100.5,1,11.466,0.022,11.185,0.020,8.628,0.022,6.437,0.048,709914239,0.189213,-28.5,1,0.38,13.766,0.0710,12.908,0.0864,12.491,0.0531,-0.1059922130167710,0.2512513471896300,-0.9621010400759390,111022110,10214825440087
112.8729252,-74.1753991,0.0417,0.0439,-0.0064,285.9232894,-23.3596544,235.1435096,-79.3122344,488.097,905.170,489.914,904.702,6835201244000135,68352a244-000135,244,68352a,135,11.575,0.020,54.0,22.6,11.318,0.025,42.9,7.86,15,1,0,0.00000,0.00000,0000,0000,3,AA,0,5,0.5,29.652,00,0000,0000,57432.87314902,0,,0,,13.498,3.685,0.000,32.793,4.272,0.000,4730,87.65,2135,49.76,7.50,7.50,11.470,0.014,2,0.260,11.262,0.023,2,0.326,12.194,0.018,2,12.090,0.029,2,11.729,0.014,2,11.588,0.023,2,11.517,0.014,2,11.362,0.022,2,11.412,0.014,3,11.254,0.025,3,11.351,0.015,3,11.196,0.028,3,11.307,0.016,3,11.157,0.031,3,11.270,0.016,3,11.123,0.034,3,11.238,0.017,3,11.091,0.039,3,1111074301351023782,0.062578,-138.9,1,11.466,0.022,11.185,0.020,8.628,0.022,6.437,0.048,709914239,0.248282,-57.5,1,0.41,13.766,0.0710,12.908,0.0864,12.491,0.0531,-0.1059928043306550,0.2512512635850320,-0.9621009967654370,111022110,10214825440087
112.8730307,-74.1754002,0.0410,0.0392,0.0076,285.9232999,-23.3596272,235.1434288,-79.3122098,598.643,390.553,597.640,389.500,6836401244000163,68364a244-000163,244,68364a,163,11.581,0.021,52.2,20.1,11.336,0.024,44.7,4.67,11.8,1,0,0.00000,0.00000,0000,0000,3,AA,0,5,0.5,39.337,00,0000,0000,57433.26637020,0,,0,,12.677,3.560,0.000,32.741,4.877,0.000,4703,90.16,2099,46.97,7.50,7.50,11.630,0.030,2,0.260,11.246,0.026,2,0.326,12.388,0.041,2,12.082,0.032,2,11.889,0.030,2,11.572,0.026,2,11.669,0.027,2,11.334,0.026,2,11.560,0.026,3,11.209,0.027,3,11.501,0.026,3,11.137,0.031,3,11.462,0.028,3,11.090,0.038,3,11.431,0.029,3,11.051,0.043,3,11.402,0.030,3,11.022,0.048,3,1111074301351023782,0.151013,-106.6,1,11.466,0.022,11.185,0.020,8.628,0.022,6.437,0.048,709914239,0.341756,-66.3,1,0.48,13.766,0.0710,12.908,0.0864,12.491,0.0531,-0.1059932597855410,0.2512510513990760,-0.9621010020007740,111022110,10214825440087
112.8727848,-74.1753802,0.0445,0.0478,-0.0033,285.9232573,-23.3596853,235.1435386,-79.3122767,672.923,318.521,671.173,317.157,6837201179000154,68372a179-000154,179,68372a,154,11.558,0.022,49.3,17.2,11.324,0.025,44.1,4.14,10.3,1,0,0.00000,0.00000,0000,0000,3,AA,0,10,1.0,50.940,00,0000,0000,57433.52856009,0,,0,,12.867,3.145,0.000,32.832,3.930,0.000,4804,97.42,2122,48.09,7.50,7.50,11.510,0.019,3,0.260,11.212,0.042,3,0.326,12.233,0.025,3,12.029,0.044,3,11.770,0.019,3,11.538,0.042,3,11.561,0.017,3,11.322,0.043,3,11.457,0.017,3,11.226,0.051,3,11.401,0.018,3,11.181,0.061,3,11.363,0.018,3,11.159,0.066,3,11.325,0.020,3,11.137,0.069,3,11.283,0.024,3,11.107,0.070,3,1111074301351023782,0.150404,140.0,1,11.466,0.022,11.185,0.020,8.628,0.022,6.437,0.048,709914239,0.096956,-47.5,1,0.27,13.766,0.0710,12.908,0.0864,12.491,0.0531,-0.1059923120092860,0.2512518157246870,-0.9621009068127800,111022110,10214825440087
112.8728462,-74.1753986,0.0513,0.0422,-0.0102,285.9232819,-23.3596748,235.1435715,-79.3122526,746.704,236.740,744.157,235.021,6838001244000139,68380a244-000139,244,68380a,139,11.515,0.022,49.4,14.8,11.332,0.031,35.2,5.73,9.81,1,0,0.00000,0.00000,0000,0000,3,AA,0,5,0.5,35.356,00,0010,0001,57433.79075005,0,,0,,14.718,4.491,0.000,33.097,4.585,0.000,4996,101.2,2107,59.83,7.50,7.50,11.515,0.018,2,0.260,11.309,0.033,2,0.326,12.261,0.023,2,12.131,0.041,2,11.774,0.018,2,11.635,0.033,2,11.559,0.020,3,11.404,0.036,3,11.452,0.021,3,11.286,0.042,3,11.394,0.024,3,11.213,0.045,3,11.352,0.025,3,11.160,0.047,3,11.312,0.026,3,11.121,0.050,3,11.277,0.027,3,11.088,0.054,3,1111074301351023782,0.061021,143.4,1,11.466,0.022,11.185,0.020,8.628,0.022,6.437,0.048,709914239,0.186325,-45.0,1,0.37,13.766,0.0710,12.908,0.0864,12.491,0.0531,-0.1059924611661580,0.2512514174644850,-0.9621009943857390,111022110,10214825440087
112.8730288,-74.1754050,0.0497,0.0409,-0.0031,285.9233047,-23.3596292,235.1434520,-79.3122075,776.093,654.189,775.139,652.381,6838401244000147,68384a244-000147,244,68384a,147,11.589,0.021,52.8,17,11.290,0.028,38.3,4.01,10.3,1,0,0.00000,0.00000,0000,0000,3,AA,0,10,1.0,26.982,00,0000,0001,57433.92190868,0,,0,,14.099,4.068,0.000,33.704,4.146,0.000,4670,88.46,2190,57.18,7.50,7.50,11.527,0.014,2,0.260,11.246,0.033,2,0.326,12.248,0.017,2,12.047,0.037,2,11.786,0.014,2,11.572,0.033,2,11.584,0.013,3,11.362,0.036,3,11.485,0.014,3,11.264,0.042,3,11.428,0.014,3,11.209,0.046,3,11.391,0.016,3,11.169,0.051,3,11.366,0.018,3,11.136,0.062,3,11.349,0.021,3,11.108,0.079,3,1111074301351023782,0.145169,-100.3,1,11.466,0.022,11.185,0.020,8.628,0.022,6.437,0.048,709914239,0.347398,-63.5,1,0.50,13.766,0.0710,12.908,0.0864,12.491,0.0531,-0.1059932201250000,0.2512509806509220,-0.9621010248458750,111022110,10214825440087
112.8729673,-74.1754015,0.0467,0.0448,0.0100,285.9232956,-23.3596441,235.1434862,-79.3122235,896.392,99.160,892.310,96.822,6839601249000155,68396a249-000155,249,68396a,155,11.509,0.022,48.9,11.5,11.317,0.025,43.4,3.44,7.21,1,0,0.00000,0.00000,0000,0000,3,AA,0,10,1.0,43.103,00,0000,0000,57434.31512980,0,,0,,15.179,4.579,0.000,33.106,4.249,0.000,5026,102.8,2137,49.23,7.50,7.50,11.517,0.014,0,0.260,11.217,0.047,2,0.326,12.257,0.017,0,12.047,0.039,2,11.777,0.014,0,11.543,0.047,2,11.564,0.013,0,11.317,0.052,2,11.461,0.014,3,11.203,0.051,3,11.406,0.015,3,11.138,0.051,3,11.365,0.017,3,11.093,0.051,3,11.330,0.020,3,11.055,0.052,3,11.296,0.022,3,11.016,0.056,3,1111074301351023782,0.091016,-115.0,1,11.466,0.022,11.185,0.020,8.628,0.022,6.437,0.048,709914239,0.288158,-60.4,1,0.44,13.766,0.0710,12.908,0.0864,12.491,0.0531,-0.1059929732816070,0.2512511485716600,-0.9621010081879900,111022110,10214825440087
112.8729095,-74.1753944,0.0426,0.0383,-0.0092,285.9232831,-23.3596571,235.1435012,-79.3122405,925.423,516.178,922.946,513.695,6840001248000144,68400a248-000144,248,68400a,144,11.537,0.018,59.2,23,11.309,0.028,39.0,5.83,14.1,1,0,0.00000,0.00000,0000,0000,3,AA,0,10,1.0,50.723,00,0000,0000,57434.44628834,0,,0,,12.934,2.952,0.000,33.699,3.513,0.000,4900,82.76,2153,55.26,7.50,7.50,11.479,0.012,0,0.260,11.189,0.040,2,0.326,12.202,0.015,0,12.008,0.050,2,11.739,0.012,0,11.515,0.040,2,11.535,0.011,0,11.296,0.037,2,11.432,0.012,1,11.195,0.037,3,11.371,0.012,3,11.143,0.039,3,11.328,0.013,3,11.108,0.042,3,11.292,0.014,3,11.078,0.044,3,11.257,0.015,3,11.051,0.048,3,1111074301351023782,0.069049,-158.1,1,11.466,0.022,11.185,0.020,8.628,0.022,6.437,0.048,709914239,0.226266,-59.0,1,0.38,13.766,0.0710,12.908,0.0864,12.491,0.0531,-0.1059927661595180,0.2512513653447590,-0.9621009743962680,111022110,10214825440087
112.8727007,-74.1754411,0.0439,0.0380,0.0121,285.9233132,-23.3597253,235.1438807,-79.3122622,207.278,372.556,208.484,373.270,6832001244000135,68320a244-000135,244,68320a,135,11.582,0.018,61.1,19.1,11.315,0.023,47.8,4.61,11.1,1,0,0.00000,0.00000,0000,0000,3,AA,0,5,0.5,33.125,00,0000,0000,57431.82426185,0,,0,,14.517,4.093,0.000,32.025,4.101,0.000,4698,76.89,2140,44.8,7.50,7.50,11.504,0.013,2,0.260,11.255,0.027,2,0.326,12.237,0.016,0,12.090,0.032,2,11.764,0.013,2,11.581,0.027,2,11.556,0.012,2,11.350,0.027,2,11.450,0.012,3,11.235,0.028,19,11.386,0.012,3,11.169,0.033,19,11.340,0.013,3,11.123,0.044,19,11.301,0.014,3,11.084,0.053,19,11.269,0.015,3,11.046,0.059,19,1111074301351023782,0.207262,59.9,1,11.466,0.022,11.185,0.020,8.628,0.022,6.437,0.048,709914239,0.284976,2.2,1,0.47,13.766,0.0710,12.908,0.0864,12.491,0.0531,-0.1059915457382270,0.2512510290878290,-0.9621011966598570,111022110,10214825440092
112.8727377,-74.1754294,0.0463,0.0385,-0.0061,285.9233043,-23.3597122,235.1437980,-79.3122602,846.358,577.494,844.602,575.412,6839201244000153,68392a244-000153,244,68392a,153,11.527,0.021,51.6,20.1,11.310,0.024,44.5,3.73,11.1,1,0,0.00000,0.00000,0000,0000,3,AA,0,5,0.5,32.818,00,0000,0000,57434.18409863,0,,0,,12.353,3.237,0.000,33.024,4.961,0.000,4944,95.86,2151,48.37,7.50,7.50,11.558,0.025,2,0.260,11.251,0.071,2,0.326,12.301,0.036,2,12.054,0.078,0,11.818,0.025,2,11.577,0.071,2,11.601,0.022,2,11.374,0.063,2,11.494,0.022,3,11.272,0.060,3,11.434,0.022,3,11.205,0.062,3,11.388,0.022,3,11.157,0.068,3,11.348,0.022,3,11.121,0.071,3,11.313,0.022,3,11.092,0.079,3,1111074301351023782,0.155770,66.6,1,11.466,0.022,11.185,0.020,8.628,0.022,6.437,0.048,709914239,0.243948,-5.9,1,0.44,13.766,0.0710,12.908,0.0864,12.491,0.0531,-0.1059917843519400,0.2512511416579600,-0.9621011409750350,111022110,10214825440092
112.8728935,-74.1754524,0.0429,0.0394,0.0062,285.9233420,-23.3596785,235.1437749,-79.3122121,527.702,413.537,527.216,412.816,6835601244000143,68356a244-000143,244,68356a,143,11.545,0.019,58.4,18.5,11.339,0.024,45.5,4.12,11.1,1,0,0.00000,0.00000,0000,0000,3,AA,0,10,1.0,24.971,00,0000,0000,57433.00418024,0,,0,,13.180,3.179,0.000,32.029,4.716,0.000,4864,83.35,2093,46.02,7.50,7.50,11.478,0.013,0,0.260,11.259,0.040,2,0.326,12.213,0.017,0,12.095,0.052,2,11.738,0.013,0,11.585,0.040,2,11.528,0.013,0,11.348,0.037,2,11.423,0.013,3,11.229,0.037,3,11.361,0.013,3,11.161,0.042,3,11.318,0.014,3,11.114,0.057,3,11.280,0.015,3,11.078,0.071,3,11.246,0.016,3,11.049,0.076,3,1111074301351023782,0.145066,-4.0,1,11.466,0.022,11.185,0.020,8.628,0.022,6.437,0.048,709914239,0.371024,-28.7,1,0.57,13.766,0.0710,12.908,0.0864,12.491,0.0531,-0.1059923174433510,0.2512504975976590,-0.9621012504408860,111022110,10214825440094
112.8728764,-74.1754532,0.0419,0.0481,-0.0111,285.9233413,-23.3596832,235.1437924,-79.3122156,636.047,804.329,636.597,803.163,6836801244000144,68368a244-000144,244,68368a,144,11.458,0.023,47.0,23.3,11.299,0.025,44.0,3.58,11.2,1,0,0.00000,0.00000,0000,0000,3,AA,0,10,1.0,49.091,00,0000,0000,57433.39752883,0,,0,,12.195,2.945,0.000,34.174,5.186,0.000,5267,112.1,2173,49.34,7.50,7.50,11.466,0.020,2,0.260,11.090,0.078,2,0.326,12.182,0.028,2,11.931,0.100,0,11.726,0.020,2,11.416,0.078,2,11.530,0.017,3,11.199,0.067,3,11.432,0.017,3,11.102,0.063,3,11.377,0.017,3,11.044,0.063,3,11.339,0.018,3,10.997,0.064,3,11.306,0.019,3,10.953,0.067,3,11.277,0.020,3,10.912,0.075,3,1111074301351023782,0.147755,2.6,1,11.466,0.022,11.185,0.020,8.628,0.022,6.437,0.048,709914239,0.365843,-26.2,1,0.56,13.766,0.0710,12.908,0.0864,12.491,0.0531,-0.1059922372358830,0.2512505168540060,-0.9621012542483910,111022110,10214825440094
112.8683539,-74.1778235,0.0872,0.0654,-0.0150,285.9254066,-23.3615658,235.1581191,-79.3119342,945.883,778.685,944.407,776.187,4143918013000339,41439r013-000339,13,41439r,339,14.825,0.086,12.7,6.59,10.365,0.036,29.9,17.6,10.8,2,0,0.00000,0.00000,0000,0000,3,AA,0,10,1.0,29.596,00,0000,1040,59784.23605521,0,,0,,14.478,3.479,0.000,50.284,4.833,0.000,236.8,18.65,5147,172.1,7.50,7.50,12.499,0.069,3,0.260,10.750,0.040,3,0.326,13.869,0.165,1,11.638,0.049,3,12.759,0.069,3,11.076,0.040,3,12.054,0.038,3,10.765,0.039,3,11.662,0.028,3,10.573,0.042,3,11.465,0.024,3,10.467,0.046,3,11.361,0.024,3,10.415,0.047,3,11.299,0.026,3,10.390,0.049,3,11.262,0.027,3,10.376,0.051,3,,,,0,,,,,,,,,,,,0,10.01,,,,,,,-0.1059569374439610,0.2512222088095550,-0.9621125345864410,111022110,10214825458000
112.8728971,-74.1754523,0.0422,0.0408,0.0084,285.9233422,-23.3596775,235.1437715,-79.3122114,773.856,643.761,772.866,641.946,1418018240000153,14180r240-000153,240,14180r,153,11.517,0.019,58.0,22.6,11.269,0.027,40.4,3.82,13.5,1,0,0.00000,0.00000,0000,0000,3,AA,0,10,1.0,52.783,00,0000,0000,58893.52324407,0,,0,,12.837,3.592,0.000,37.440,5.189,0.000,4985,85.97,2237,55.33,7.50,7.50,11.451,0.016,0,0.260,11.063,0.042,2,0.326,12.186,0.017,0,11.910,0.050,2,11.710,0.016,0,11.389,0.042,2,11.503,0.017,2,11.175,0.053,2,11.402,0.017,3,11.088,0.072,3,11.344,0.018,3,11.049,0.080,3,11.306,0.019,3,11.029,0.086,3,11.276,0.022,3,11.012,0.096,3,11.248,0.024,3,10.988,0.104,3,1111074301351023782,0.144994,-5.4,1,11.466,0.022,11.185,0.020,8.628,0.022,6.437,0.048,709914239,0.372419,-29.2,1,0.57,13.766,0.0710,12.908,0.0864,12.491,0.0531,-0.1059923338825640,0.2512504924851130,-0.9621012499649479,111022110,10214825440094
112.8730246,-74.1754609,0.0501,0.0466,-0.0195,285.9233624,-23.3596469,235.1437066,-79.3121776,530.141,734.776,530.962,734.087,1424018239000141,14240r239-000141,239,14240r,141,11.539,0.021,51.4,23.4,11.231,0.037,29.7,2.77,13.5,1,0,0.00000,0.00000,0000,0000,3,AA,0,5,0.5,55.176,00,0000,0000,58895.48590598,0,,0,,13.415,3.657,0.000,37.303,5.110,0.000,4882,95.04,2317,77.95,7.50,7.50,11.468,0.019,2,0.260,11.242,0.057,2,0.326,12.198,0.026,2,12.069,0.073,2,11.728,0.019,2,11.568,0.057,2,11.521,0.017,2,11.353,0.056,2,11.421,0.017,3,11.255,0.059,3,11.366,0.018,3,11.202,0.063,3,11.327,0.019,3,11.165,0.067,3,11.294,0.021,19,11.128,0.072,3,11.264,0.024,19,11.090,0.076,3,1111074301351023782,0.223559,-38.4,1,11.466,0.022,11.185,0.020,8.628,0.022,6.437,0.048,709914239,0.470041,-40.8,1,0.65,13.766,0.0710,12.908,0.0864,12.491,0.0531,-0.1059928368580480,0.2512501235656790,-0.9621012908956180,111022110,10214825440094
112.8729155,-74.1754633,0.0511,0.0442,-0.0173,285.9233553,-23.3596760,235.1438060,-79.3122011,595.815,247.834,594.236,246.769,1424818239000141,14248r239-000141,239,14248r,141,11.583,0.022,49.1,24.1,11.209,0.029,37.7,4.76,12.7,1,0,0.00000,0.00000,0000,0000,3,AA,0,5,0.5,40.484,00,0000,0001,58895.74745829,0,,0,,14.237,4.153,0.000,36.163,4.776,0.000,4688,95.55,2365,62.65,7.50,7.50,11.431,0.019,2,0.260,11.194,0.042,2,0.326,12.167,0.025,2,12.049,0.045,2,11.691,0.019,2,11.520,0.042,2,11.485,0.020,2,11.284,0.047,2,11.379,0.020,3,11.177,0.051,3,11.319,0.021,3,11.129,0.054,3,11.274,0.022,3,11.108,0.057,3,11.238,0.023,3,11.095,0.063,3,11.206,0.025,3,11.075,0.072,3,1111074301351023782,0.186656,-9.8,1,11.466,0.022,11.185,0.020,8.628,0.022,6.437,0.048,709914239,0.415814,-28.7,1,0.60,13.766,0.0710,12.908,0.0864,12.491,0.0531,-0.1059923427745720,0.2512502882603760,-0.9621013023181270,111022110,10214825440094
112.8728606,-74.1754393,0.0400,0.0365,-0.0060,285.9233255,-23.3596832,235.1437427,-79.3122268,656.771,669.653,656.572,668.364,1425618239000155,14256r239-000155,239,14256r,155,11.517,0.018,60.0,17.5,11.242,0.025,43.7,2.99,10.1,1,0,0.00000,0.00000,0000,0000,3,AA,0,10,1.0,20.811,00,0000,0000,58896.00913806,0,,0,,14.936,4.311,0.000,37.235,5.602,0.000,4984,83.14,2295,52.48,7.50,7.50,11.445,0.014,0,0.260,11.103,0.060,2,0.326,12.168,0.018,0,11.926,0.048,0,11.705,0.014,0,11.429,0.060,2,11.501,0.014,2,11.216,0.067,2,11.398,0.014,3,11.127,0.070,3,11.338,0.015,3,11.089,0.074,3,11.296,0.017,3,11.066,0.077,3,11.263,0.018,3,11.045,0.079,3,11.229,0.019,3,11.020,0.081,3,1111074301351023782,0.100073,12.9,1,11.466,0.022,11.185,0.020,8.628,0.022,6.437,0.048,709914239,0.314199,-27.7,1,0.50,13.766,0.0710,12.908,0.0864,12.491,0.0531,-0.1059922586727300,0.2512507611362820,-0.9621011880929640,111022110,10214825440094
112.8728751,-74.1754598,0.0478,0.0420,0.0172,285.9233481,-23.3596855,235.1438231,-79.3122122,95.826,516.306,98.245,517.532,2533218239000154,25332r239-000154,239,25332r,154,11.516,0.018,59.3,14,11.207,0.029,37.9,3.1,8.54,1,0,0.00000,0.00000,0000,0000,3,AA,0,10,1.0,26.460,00,0000,0000,59258.15158858,0,,0,,14.685,3.934,0.000,37.517,4.017,0.000,4987,84.08,2368,62.43,7.50,7.50,11.482,0.013,0,0.260,11.150,0.036,2,0.326,12.212,0.017,0,11.953,0.038,2,11.741,0.013,0,11.476,0.036,2,11.534,0.012,0,11.277,0.042,2,11.430,0.012,1,11.192,0.045,3,11.369,0.013,3,11.148,0.046,3,11.328,0.013,3,11.120,0.048,19,11.295,0.014,3,11.102,0.050,19,11.265,0.015,3,11.088,0.055,19,1111074301351023782,0.171549,2.7,1,11.466,0.022,11.185,0.020,8.628,0.022,6.437,0.048,709914239,0.386778,-24.5,1,0.58,13.766,0.0710,12.908,0.0864,12.491,0.0531,-0.1059921884584320,0.2512504171470930,-0.9621012856603010,111022110,10214825440094
112.8729160,-74.1754446,0.0418,0.0440,-0.0174,285.9233359,-23.3596703,235.1437216,-79.3122113,215.558,1005.025,219.311,1005.731,2534418240000153,25344r240-000153,240,25344r,153,11.487,0.025,43.4,27.5,11.240,0.023,46.8,9.48,17.2,1,0,0.00000,0.00000,0000,0000,3,AA,0,5,0.5,55.499,00,0000,0000,59258.54391708,0,,0,,13.504,4.040,0.000,37.427,4.046,0.000,5124,118,2298,49.15,7.50,7.50,11.558,0.043,2,0.260,11.164,0.023,0,0.326,12.312,0.060,2,12.009,0.027,0,11.818,0.043,2,11.490,0.023,0,11.588,0.037,2,11.258,0.027,0,11.475,0.034,3,11.147,0.033,3,11.412,0.034,3,11.087,0.038,3,11.366,0.038,3,11.050,0.042,3,11.325,0.042,3,11.020,0.044,3,11.288,0.045,3,10.995,0.047,3,1111074301351023782,0.120977,-15.4,1,11.466,0.022,11.185,0.020,8.628,0.022,6.437,0.048,709914239,0.358510,-34.0,1,0.55,13.766,0.0710,12.908,0.0864,12.491,0.0531,-0.1059924670181610,0.2512505766520950,-0.9621012133177020,111022110,10214825440094
112.8727661,-74.1754470,0.0430,0.0428,-0.0077,285.9233251,-23.3597101,235.1438541,-79.3122441,621.156,28.596,618.500,27.408,2539218239000142,25392r239-000142,239,25392r,142,11.495,0.022,50.0,15.9,11.111,0.026,42.1,4.15,9.54,1,0,0.00000,0.00000,0000,0000,3,AA,0,10,1.0,23.963,00,0000,0001,59260.11284927,0,,0,,14.068,4.387,0.000,37.306,4.226,0.000,5085,101.6,2587,61.47,7.50,7.50,11.412,0.016,2,0.260,11.105,0.050,2,0.326,12.133,0.020,0,11.943,0.076,2,11.672,0.016,2,11.431,0.050,2,11.468,0.015,3,11.196,0.042,3,11.367,0.018,3,11.081,0.041,3,11.309,0.020,3,11.018,0.041,3,11.266,0.020,3,10.973,0.042,3,11.227,0.021,3,10.934,0.044,3,11.190,0.022,3,10.897,0.046,3,1111074301351023782,0.170096,42.6,1,11.466,0.022,11.185,0.020,8.628,0.022,6.437,0.048,709914239,0.310575,-9.8,1,0.50,13.766,0.0710,12.908,0.0864,12.491,0.0531,-0.1059917940196380,0.2512508168222820,-0.9621012247402220,111022110,10214825440095
112.8727789,-74.1754397,0.0444,0.0437,0.0081,285.9233187,-23.3597046,235.1438109,-79.3122452,423.539,629.332,424.539,629.059,5269918012000147,52699r012-000147,12,52699r,147,11.544,0.018,59.3,19.6,11.302,0.029,37.3,3.53,11.4,1,0,0.00000,0.00000,0000,0000,3,AA,0,10,1.0,37.013,00,0000,0000,60150.58424707,0,,0,,14.227,3.451,0.000,51.024,5.533,0.000,4861,82.01,2171,58.19,7.50,7.50,11.449,0.013,0,0.260,11.139,0.051,2,0.326,12.195,0.016,0,11.993,0.062,2,11.709,0.013,0,11.465,0.051,2,11.491,0.016,0,11.232,0.061,2,11.383,0.018,1,11.123,0.077,3,11.321,0.019,3,11.066,0.088,3,11.278,0.019,3,11.033,0.100,3,11.245,0.020,3,11.014,0.110,3,11.217,0.022,3,11.002,0.119,3,1111074301351023782,0.142496,46.0,1,11.466,0.022,11.185,0.020,8.628,0.022,6.437,0.048,709914239,0.287327,-13.2,1,0.48,13.766,0.0710,12.908,0.0864,12.491,0.0531,-0.1059918977949180,0.2512509060853940,-0.9621011899967180,111022110,10214825440095
112.8730000,-74.1753851,0.0504,0.0454,-0.0061,285.9232814,-23.3596307,235.1433859,-79.3122251,479.067,288.050,478.326,287.564,5269118011000148,52691r011-000148,11,52691r,148,11.597,0.020,53.5,20,11.350,0.031,34.7,1.65,10.5,1,0,0.00000,0.00000,0000,0000,3,AA,0,5,0.5,25.471,00,0000,0000,60150.32486007,0,,0,,14.222,3.721,0.000,51.705,5.741,0.000,4630,86.5,2077,59.92,7.50,7.50,11.465,0.016,2,0.260,10.237,,32,0.326,12.209,0.020,0,11.189,,32,11.725,0.016,2,10.563,,32,11.515,0.017,2,10.325,,32,11.409,0.040,3,10.273,,32,11.346,0.132,3,10.252,,32,11.305,0.181,3,10.236,,32,11.273,0.185,3,10.224,,32,11.245,0.181,3,10.213,,32,1111074301351023782,0.150475,-130.4,1,11.466,0.022,11.185,0.020,8.628,0.022,6.437,0.048,709914239,0.294705,-73.6,1,0.42,13.766,0.0710,12.908,0.0864,12.491,0.0531,-0.1059932237160490,0.2512513418110660,-0.9621009301338490,111022110,10214825440084
112.8728781,-74.1753721,0.0455,0.0398,-0.0074,285.9232571,-23.3596586,235.1434264,-79.3122600,955.887,375.033,952.487,372.490,5277118013000130,52771r013-000130,13,52771r,130,11.612,0.019,56.7,28.3,11.396,0.028,38.9,6.56,15.7,1,0,0.00000,0.00000,0000,0000,3,AA,0,5,0.5,51.689,00,0000,0000,60152.91796703,0,,0,,16.327,4.000,0.000,50.259,5.249,0.000,4568,80.57,1990,51.21,7.50,7.50,11.489,0.017,2,0.260,11.346,0.123,2,0.326,12.227,0.018,0,12.199,0.066,2,11.748,0.017,2,11.672,0.123,2,11.544,0.018,2,11.437,0.255,2,11.440,0.018,3,11.326,0.323,3,11.375,0.018,3,11.265,0.329,3,11.326,0.018,3,11.228,0.323,3,11.287,0.019,3,11.202,0.318,3,11.252,0.024,3,11.178,0.312,3,1111074301351023782,0.144450,178.0,1,11.466,0.022,11.185,0.020,8.628,0.022,6.437,0.048,709914239,0.167065,-77.4,1,0.30,13.766,0.0710,12.908,0.0864,12.491,0.0531,-0.1059927740125550,0.2512517684462760,-0.9621008682616090,111022110,10214825440084
112.8730017,-74.1753776,0.0476,0.0437,0.0093,285.9232738,-23.3596281,235.1433508,-79.3122288,481.491,467.803,481.476,467.292,5278318012000146,52783r012-000146,12,52783r,146,11.607,0.020,55.4,19.7,11.317,0.028,38.3,4.25,11.2,1,0,0.00000,0.00000,0000,0000,3,AA,0,10,1.0,24.951,00,0000,0000,60153.30698388,0,,0,,14.768,3.624,0.000,50.417,6.172,0.000,4589,82.86,2140,55.88,7.50,7.50,11.510,0.014,2,0.260,11.190,0.526,2,0.326,12.248,0.018,0,12.042,0.432,2,11.770,0.014,2,11.516,0.526,2,11.562,0.016,2,11.275,0.531,2,11.461,0.025,3,11.164,0.494,3,11.407,0.035,3,11.115,0.474,3,11.371,0.038,3,11.087,0.463,3,11.340,0.041,3,11.065,0.455,3,11.308,0.042,3,11.049,0.449,3,1111074301351023782,0.170368,-137.0,1,11.466,0.022,11.185,0.020,8.628,0.022,6.437,0.048,709914239,0.289890,-78.8,1,0.41,13.766,0.0710,12.908,0.0864,12.491,0.0531,-0.1059932801219250,0.2512514547021690,-0.9621008944383320,111022110,10214825440084
112.8727685,-74.1754044,0.0577,0.0513,-0.0158,285.9232810,-23.3596968,235.1436606,-79.3122670,687.575,544.697,686.611,543.283,5266318012000135,52663r012-000135,12,52663r,135,11.595,0.024,44.6,16,11.282,0.031,34.7,3.67,8.61,1,0,0.00000,0.00000,0000,0000,3,AA,0,10,1.0,27.299,00,0000,0101,60149.41719600,0,,0,,16.701,5.155,0.000,50.785,5.170,0.000,4639,104.1,2211,63.67,7.50,7.50,11.467,0.040,2,0.260,11.384,0.041,18,0.326,12.184,0.057,2,12.238,0.045,2,11.727,0.040,2,11.710,0.041,18,11.523,0.034,3,11.482,0.045,19,11.418,0.032,3,11.392,0.053,19,11.358,0.035,3,11.360,0.058,19,11.317,0.040,3,11.345,0.066,19,11.279,0.043,3,11.332,0.075,19,11.241,0.048,3,11.318,0.095,19,1111074301351023782,0.116144,104.0,1,11.466,0.022,11.185,0.020,8.628,0.022,6.437,0.048,709914239,0.162405,-20.0,1,0.37,13.766,0.0710,12.908,0.0864,12.491,0.0531,-0.1059920825836250,0.2512514714681800,-0.9621010219902379,111022110,10214825440085
112.8727641,-74.1754111,0.0457,0.0409,0.0156,285.9232876,-23.3596999,235.1436943,-79.3122643,80.005,690.094,83.278,691.325,5273918012000148,52739r012-000148,12,52739r,148,11.541,0.019,56.1,22.1,11.311,0.025,44.1,3.84,11.7,1,0,0.00000,0.00000,0000,0000,3,AA,0,10,1.0,49.483,00,0000,0000,60151.88092828,0,,0,,12.740,2.543,0.000,50.697,4.081,0.000,4874,86.86,2152,48.8,7.50,7.50,11.479,0.014,2,0.260,11.199,0.028,0,0.326,12.219,0.018,0,12.050,0.031,0,11.739,0.014,2,11.525,0.028,0,11.529,0.013,2,11.283,0.034,2,11.425,0.013,3,11.164,0.041,3,11.365,0.013,3,11.103,0.043,3,11.322,0.014,3,11.064,0.045,3,11.286,0.014,3,11.030,0.050,3,11.253,0.015,3,10.997,0.057,3,1111074301351023782,0.117085,91.9,1,11.466,0.022,11.185,0.020,8.628,0.022,6.437,0.048,709914239,0.184011,-16.1,1,0.37,13.766,0.0710,12.908,0.0864,12.491,0.0531,-0.1059920195596730,0.2512513759487790,-0.9621010538781810,111022110,10214825440085
112.8728867,-74.1754268,0.0470,0.0413,-0.0111,285.9233148,-23.3596726,235.1436653,-79.3122278,533.002,869.084,534.341,868.362,5268318012000135,52683r012-000135,12,52683r,135,11.586,0.021,50.9,19,11.326,0.025,43.1,6,11.4,1,0,0.00000,0.00000,0000,0000,3,AA,0,5,0.5,40.693,00,0000,0000,60150.06560047,0,,0,,14.591,3.805,0.000,51.302,6.472,0.000,4679,91.86,2122,49.28,7.50,7.50,11.496,0.015,2,0.260,11.170,0.054,2,0.326,12.199,0.018,2,12.017,0.045,0,11.756,0.015,2,11.496,0.054,2,11.563,0.015,2,11.263,0.058,2,11.463,0.016,3,11.148,0.056,3,11.405,0.019,3,11.075,0.055,3,11.367,0.021,3,11.025,0.055,3,11.338,0.022,3,10.991,0.057,3,11.310,0.026,3,10.967,0.063,3,1111074301351023782,0.052666,-3.6,1,11.466,0.022,11.185,0.020,8.628,0.022,6.437,0.048,709914239,0.289539,-36.3,1,0.49,13.766,0.0710,12.908,0.0864,12.491,0.0531,-0.1059924547100100,0.2512509062470250,-0.9621011286006240,111022110,10214825440086
112.8728272,-74.1754346,0.0449,0.0429,0.0023,285.9233176,-23.3596905,235.1437487,-79.3122370,386.292,346.706,386.321,346.606,5270318011000158,52703r011-000158,11,52703r,158,11.559,0.018,59.0,16,11.294,0.028,39.0,3.69,9.65,1,0,0.00000,0.00000,0000,0000,3,AA,0,10,1.0,46.543,00,0000,0000,60150.71387697,0,,0,,14.517,3.274,0.000,51.482,4.843,0.000,4795,81.25,2187,56.08,7.50,7.50,11.484,0.013,0,0.260,11.284,0.040,2,0.326,12.226,0.016,0,12.119,0.042,2,11.744,0.013,0,11.610,0.040,2,11.529,0.012,0,11.385,0.049,2,11.423,0.012,1,11.287,0.067,3,11.364,0.013,3,11.234,0.102,3,11.323,0.013,3,11.186,0.125,3,11.288,0.014,3,11.136,0.133,3,11.257,0.015,3,11.086,0.138,3,1111074301351023782,0.097652,34.3,1,11.466,0.022,11.185,0.020,8.628,0.022,6.437,0.048,709914239,0.284778,-23.4,1,0.49,13.766,0.0710,12.908,0.0864,12.491,0.0531,-0.1059921428844100,0.2512508956393610,-0.9621011657238490,111022110,10214825440086
112.8729452,-74.1754397,0.0440,0.0407,0.0098,285.9233334,-23.3596613,235.1436758,-79.3122074,316.837,692.450,318.739,692.636,5271118012000145,52711r012-000145,12,52711r,145,11.577,0.018,59.1,20.5,11.316,0.027,40.9,3.63,11.7,1,0,0.00000,0.00000,0000,0000,3,AA,0,10,1.0,46.316,00,0000,0000,60150.97326402,0,,0,,14.407,3.400,0.000,51.005,4.842,0.000,4717,79.77,2144,52.4,7.50,7.50,11.477,0.013,0,0.260,11.197,0.067,2,0.326,12.221,0.016,0,12.053,0.085,0,11.736,0.013,0,11.523,0.067,2,11.518,0.012,0,11.290,0.065,2,11.410,0.012,1,11.183,0.065,3,11.348,0.012,3,11.123,0.070,3,11.306,0.014,3,11.081,0.077,3,11.269,0.016,3,11.038,0.079,3,11.231,0.017,19,10.984,0.079,3,1111074301351023782,0.116162,-31.5,1,11.466,0.022,11.185,0.020,8.628,0.022,6.437,0.048,709914239,0.361459,-39.3,1,0.54,13.766,0.0710,12.908,0.0864,12.491,0.0531,-0.1059926270458410,0.2512505984447020,-0.9621011899967180,111022110,10214825440086
112.8729516,-74.1754281,0.0491,0.0434,-0.0095,285.9233219,-23.3596561,235.1436185,-79.3122123,126.217,35.177,126.465,36.183,5273518011000137,52735r011-000137,11,52735r,137,11.553,0.022,49.3,18.9,11.310,0.026,41.1,3.32,10.8,1,0,0.00000,0.00000,0000,0000,3,AA,0,10,1.0,48.542,00,0000,0000,60151.75117102,0,,0,,15.288,3.788,0.000,50.969,3.741,0.000,4823,97.74,2155,52.49,7.50,7.50,11.544,0.034,2,0.260,11.262,0.061,0,0.326,12.271,0.035,2,12.099,0.075,0,11.804,0.034,2,11.588,0.061,0,11.595,0.031,3,11.362,0.060,1,11.493,0.029,3,11.256,0.058,3,11.432,0.029,3,11.197,0.058,3,11.385,0.031,3,11.159,0.062,3,11.348,0.042,3,11.130,0.067,3,11.317,0.054,3,11.104,0.070,3,1111074301351023782,0.088159,-49.5,1,11.466,0.022,11.185,0.020,8.628,0.022,6.437,0.048,709914239,0.334590,-44.7,1,0.52,13.766,0.0710,12.908,0.0864,12.491,0.0531,-0.1059927308216970,0.2512507660743140,-0.9621011347878300,111022110,10214825440086
112.8729142,-74.1754235,0.0447,0.0397,0.0142,285.9233138,-23.3596645,235.1436282,-79.3122234,38.371,446.193,40.908,447.626,5274318012000145,52743r012-000145,12,52743r,145,11.564,0.018,59.0,16.6,11.286,0.023,47.1,5.25,10.4,1,0,0.00000,0.00000,0000,0000,3,AA,0,5,0.5,44.479,00,0000,0000,60152.01055811,0,,0,,14.636,3.395,1.189,50.771,3.968,0.000,4772,80.95,2203,46.82,7.50,7.50,11.491,0.014,0,0.260,11.223,0.022,0,0.326,12.243,0.018,0,12.074,0.028,0,11.751,0.014,0,11.549,0.022,0,11.527,0.013,3,11.313,0.025,1,11.411,0.013,3,11.200,0.036,3,11.339,0.014,3,11.136,0.046,3,11.285,0.015,3,11.091,0.052,3,11.238,0.016,3,11.056,0.054,3,11.188,0.016,3,11.025,0.056,3,1111074301351023782,0.050745,-36.7,1,11.466,0.022,11.185,0.020,8.628,0.022,6.437,0.048,709914239,0.297355,-41.9,1,0.48,13.766,0.0710,12.908,0.0864,12.491,0.0531,-0.1059925968401860,0.2512509064301470,-0.9621011128946390,111022110,10214825440086
112.8729554,-74.1754283,0.0510,0.0428,0.0131,285.9233224,-23.3596552,235.1436163,-79.3122114,408.436,838.032,410.403,837.800,5279118013000148,52791r013-000148,13,52791r,148,11.555,0.021,52.0,19.2,11.357,0.029,37.8,5.28,12,1,0,0.00000,0.00000,0000,0000,3,AA,0,10,1.0,34.378,00,0000,0000,60153.56637089,0,,0,,15.357,3.499,0.000,51.127,4.433,0.000,4812,92.61,2063,54.51,7.50,7.50,11.516,0.022,2,0.260,11.288,0.049,2,0.326,12.226,0.021,2,12.107,0.043,2,11.775,0.022,2,11.614,0.049,2,11.570,0.022,2,11.404,0.064,2,11.464,0.021,3,11.306,0.076,3,11.401,0.021,3,11.247,0.084,3,11.354,0.021,3,11.208,0.090,3,11.312,0.022,3,11.180,0.094,3,11.272,0.023,3,11.153,0.097,3,1111074301351023782,0.091483,-50.7,1,11.466,0.022,11.185,0.020,8.628,0.022,6.437,0.048,709914239,0.337732,-45.0,1,0.52,13.766,0.0710,12.908,0.0864,12.491,0.0531,-0.1059927461799180,0.2512507559503140,-0.9621011357397070,111022110,10214825440086
112.8729275,-74.1754438,0.0465,0.0409,0.0067,285.9233361,-23.3596671,235.1437086,-79.3122091,356.213,312.093,356.326,312.094,5279918012000158,52799r012-000158,12,52799r,158,11.581,0.019,58.3,20.3,11.310,0.028,39.1,2.75,10.8,1,0,0.00000,0.00000,0000,0000,3,AA,0,10,1.0,52.126,00,0000,0000,60153.82563115,0,,0,,15.017,3.773,0.000,50.505,5.705,0.000,4700,80.63,2154,55.12,7.50,7.50,11.506,0.019,0,0.260,11.264,0.066,0,0.326,12.249,0.021,0,12.097,0.082,0,11.766,0.019,0,11.590,0.066,0,11.549,0.017,1,11.365,0.068,3,11.438,0.017,3,11.267,0.073,3,11.372,0.017,3,11.216,0.076,3,11.326,0.017,3,11.175,0.077,3,11.288,0.018,3,11.137,0.084,3,11.257,0.021,3,11.103,0.100,3,1111074301351023782,0.121754,-20.9,1,11.466,0.022,11.185,0.020,8.628,0.022,6.437,0.048,709914239,0.362594,-35.7,1,0.55,13.766,0.0710,12.908,0.0864,12.491,0.0531,-0.1059925226688180,0.2512505677552210,-0.9621012095101950,111022110,10214825440086
112.8728316,-74.1753776,0.0448,0.0402,-0.0080,285.9232588,-23.3596723,235.1434889,-79.3122675,809.936,590.800,808.424,588.861,5265118012000131,52651r012-000131,12,52651r,131,11.559,0.019,55.9,21.6,11.295,0.028,38.7,5.22,13.1,1,0,0.00000,0.00000,0000,0000,3,AA,0,10,1.0,43.273,00,0000,0000,60149.02817914,0,,0,,14.719,3.635,0.000,51.914,6.343,0.000,4795,85.78,2186,56.54,7.50,7.50,11.534,0.014,0,0.260,11.124,0.086,2,0.326,12.263,0.017,0,11.942,0.109,2,11.794,0.014,0,11.450,0.086,2,11.588,0.014,0,11.249,0.082,2,11.487,0.014,3,11.154,0.088,3,11.433,0.015,3,11.101,0.098,19,11.398,0.016,3,11.065,0.112,19,11.373,0.018,3,11.039,0.119,19,11.351,0.019,3,11.019,0.126,19,1111074301351023782,0.134503,157.8,1,11.466,0.022,11.185,0.020,8.628,0.022,6.437,0.048,709914239,0.130151,-64.4,1,0.29,13.766,0.0710,12.908,0.0864,12.491,0.0531,-0.1059925342048690,0.2512517693744480,-0.9621008944383320,111022110,10214825440087
112.8729098,-74.1754067,0.0472,0.0432,-0.0026,285.9232959,-23.3596607,235.1435562,-79.3122337,741.094,880.742,741.287,879.156,5265918012000144,52659r012-000144,12,52659r,144,11.530,0.020,53.6,19,11.323,0.031,34.5,3.31,10.6,1,0,0.00000,0.00000,0000,0000,3,AA,0,10,1.0,26.946,00,0000,0000,60149.28756611,0,,0,,14.689,3.653,0.000,51.482,5.825,0.000,4923,91.81,2129,61.68,7.50,7.50,11.494,0.030,1,0.260,11.219,0.161,3,0.326,12.216,0.031,1,12.031,0.226,3,11.754,0.030,1,11.545,0.161,3,11.553,0.028,1,11.341,0.143,3,11.453,0.027,1,11.247,0.134,3,11.396,0.028,3,11.189,0.134,3,11.359,0.029,3,11.145,0.134,3,11.330,0.030,3,11.110,0.135,3,11.302,0.035,3,11.074,0.140,3,1111074301351023782,0.032693,-127.3,1,11.466,0.022,11.185,0.020,8.628,0.022,6.437,0.048,709914239,0.252192,-50.4,1,0.43,13.766,0.0710,12.908,0.0864,12.491,0.0531,-0.1059926871955630,0.2512511744906200,-0.9621010329368470,111022110,10214825440087
112.8727855,-74.1754086,0.0430,0.0412,0.0063,285.9232869,-23.3596936,235.1436657,-79.3122609,636.035,862.909,636.759,861.793,5267118012000136,52671r012-000136,12,52671r,136,11.575,0.021,50.6,21.7,11.275,0.028,38.4,3.21,11.8,1,0,0.00000,0.00000,0000,0000,3,AA,0,10,1.0,44.149,00,0000,0000,60149.67658295,0,,0,,14.586,3.445,0.000,50.700,5.431,0.000,4725,93.44,2226,57.98,7.50,7.50,11.474,0.020,2,0.260,11.361,0.090,2,0.326,12.201,0.028,0,12.201,0.093,2,11.733,0.020,2,11.687,0.090,2,11.531,0.018,2,11.469,0.089,2,11.434,0.019,3,11.371,0.092,3,11.378,0.026,3,11.315,0.102,3,11.340,0.029,3,11.276,0.128,3,11.307,0.030,3,11.240,0.150,3,11.275,0.030,3,11.200,0.157,3,1111074301351023782,0.096881,97.7,1,11.466,0.022,11.185,0.020,8.628,0.022,6.437,0.048,709914239,0.182619,-23.3,1,0.37,13.766,0.0710,12.908,0.0864,12.491,0.0531,-0.1059921297190600,0.2512513750394220,-0.9621010419796970,111022110,10214825440087
112.8729151,-74.1754117,0.0508,0.0507,-0.0074,285.9233016,-23.3596608,235.1435744,-79.3122297,621.927,551.953,621.409,550.821,5267518012000119,52675r012-000119,12,52675r,119,11.612,0.021,51.1,16.3,11.356,0.032,33.6,4.86,10.1,1,0,0.00000,0.00000,0000,0000,3,AA,0,10,1.0,50.109,00,0000,0000,60149.80621337,0,,0,,14.154,4.002,0.000,51.694,5.899,0.000,4568,89.31,2065,61.51,7.50,7.50,11.498,0.014,2,0.260,11.237,0.085,2,0.326,12.227,0.018,2,12.065,0.076,2,11.757,0.014,2,11.563,0.085,2,11.553,0.015,2,11.339,0.089,2,11.451,0.019,3,11.240,0.093,3,11.396,0.027,3,11.193,0.101,3,11.362,0.036,3,11.164,0.105,3,11.333,0.040,3,11.133,0.107,3,11.303,0.042,3,11.093,0.110,3,1111074301351023782,0.031270,-93.3,1,11.466,0.022,11.185,0.020,8.628,0.022,6.437,0.048,709914239,0.267891,-48.1,1,0.45,13.766,0.0710,12.908,0.0864,12.491,0.0531,-0.1059926778029590,0.2512510873286520,-0.9621010567338180,111022110,10214825440087
112.8728568,-74.1753967,0.0443,0.0406,-0.0063,285.9232808,-23.3596715,235.1435543,-79.3122512,904.465,522.503,902.112,520.138,306418240000148,03064r240-000148,240,03064r,148,11.534,0.020,55.4,15.6,11.245,0.028,38.7,3.4,9.51,1,0,0.00000,0.00000,0000,0000,3,AA,0,10,1.0,26.197,00,0000,0000,58529.94649492,0,,0,,12.994,3.343,0.000,36.266,5.676,0.000,4907,88.62,2287,59.04,7.50,7.50,11.422,0.013,2,0.260,11.156,0.120,2,0.326,12.154,0.017,0,11.978,0.162,0,11.682,0.013,2,11.482,0.120,2,11.474,0.012,2,11.272,0.102,2,11.370,0.013,3,11.176,0.096,3,11.308,0.013,3,11.124,0.095,3,11.265,0.014,3,11.088,0.094,3,11.231,0.015,3,11.055,0.093,3,11.204,0.016,3,11.022,0.092,3,1111074301351023782,0.061566,155.0,1,11.466,0.022,11.185,0.020,8.628,0.022,6.437,0.048,709914239,0.189239,-48.7,1,0.38,13.766,0.0710,12.908,0.0864,12.491,0.0531,-0.1059925200497710,0.2512514272511730,-0.9621009853428830,111022110,10214825440087
112.8728455,-74.1754122,0.0422,0.0354,-0.0091,285.9232960,-23.3596790,235.1436332,-79.3122452,984.638,323.350,980.910,320.628,307218234000161,03072r234-000161,234,03072r,161,11.464,0.018,59.1,19,11.254,0.024,45.5,4.82,11.2,1,0,0.00000,0.00000,0000,0000,3,AA,0,10,1.0,31.748,00,0000,0000,58530.20817493,0,,0,,12.954,3.520,0.000,35.939,4.211,0.000,5233,88.5,2269,49.93,7.50,7.50,11.442,0.014,0,0.260,11.170,0.026,2,0.326,12.161,0.016,0,12.007,0.030,0,11.701,0.014,0,11.496,0.026,2,11.498,0.015,1,11.267,0.027,3,11.399,0.015,3,11.153,0.031,3,11.341,0.015,3,11.084,0.045,3,11.303,0.016,3,11.035,0.060,3,11.274,0.016,3,10.997,0.079,3,11.251,0.018,3,10.964,0.131,3,1111074301351023782,0.037108,90.0,1,11.466,0.022,11.185,0.020,8.628,0.022,6.437,0.048,709914239,0.223239,-35.9,1,0.42,13.766,0.0710,12.908,0.0864,12.491,0.0531,-0.1059923693324470,0.2512512083472410,-0.9621010591135140,111022110,10214825440087
112.8728647,-74.1754414,0.0454,0.0418,0.0077,285.9233280,-23.3596827,235.1437488,-79.3122247,487.806,918.682,489.673,918.211,301618240000127,03016r240-000127,240,03016r,127,11.511,0.023,48.0,18.6,11.288,0.026,42.3,5.8,11.7,1,0,0.00000,0.00000,0000,0000,3,AA,0,10,1.0,49.154,00,0000,0000,58528.37679656,0,,0,,13.948,3.866,0.000,36.362,4.563,0.000,5012,104.5,2200,52.01,7.50,7.50,11.449,0.016,2,0.260,11.158,0.028,2,0.326,12.161,0.021,2,11.987,0.034,0,11.708,0.016,2,11.484,0.028,2,11.506,0.015,2,11.261,0.029,2,11.406,0.014,3,11.153,0.036,3,11.348,0.015,3,11.093,0.040,3,11.306,0.016,3,11.054,0.045,3,11.268,0.020,3,11.030,0.057,3,11.231,0.023,3,11.013,0.066,3,1111074301351023782,0.106694,9.9,1,11.466,0.022,11.185,0.020,8.628,0.022,6.437,0.048,709914239,0.322763,-27.7,1,0.50,13.766,0.0710,12.908,0.0864,12.491,0.0531,-0.1059922629456240,0.2512507210615160,-0.9621011980876720,111022110,10214825440094
112.8728521,-74.1754504,0.0451,0.0448,0.0099,285.9233363,-23.3596887,235.1437995,-79.3122226,569.597,615.465,569.683,614.557,302418244000146,03024r244-000146,244,03024r,146,11.520,0.020,53.0,18.4,11.289,0.028,38.8,4.1,10.8,1,0,0.00000,0.00000,0000,0000,3,AA,0,10,1.0,50.162,00,0000,0000,58528.63796720,0,,0,,14.273,4.113,0.000,36.911,5.332,0.000,4969,93.68,2196,56.65,7.50,7.50,11.479,0.017,3,0.260,11.130,0.040,3,0.326,12.209,0.023,3,11.949,0.050,3,11.739,0.017,3,11.456,0.040,3,11.529,0.016,3,11.242,0.043,3,11.423,0.016,3,11.143,0.049,3,11.361,0.017,3,11.091,0.052,3,11.317,0.020,3,11.058,0.055,3,11.277,0.022,3,11.030,0.060,3,11.239,0.023,3,11.006,0.067,3,1111074301351023782,0.140890,12.6,1,11.466,0.022,11.185,0.020,8.628,0.022,6.437,0.048,709914239,0.346688,-23.4,1,0.55,13.766,0.0710,12.908,0.0864,12.491,0.0531,-0.1059921489517280,0.2512506051270460,-0.9621012409221230,111022110,10214825440094
112.8728475,-74.1754456,0.0492,0.0456,-0.0164,285.9233309,-23.3596884,235.1437817,-79.3122263,587.968,48.380,585.630,47.306,302818242000153,03028r242-000153,242,03028r,153,11.482,0.024,45.3,19.8,11.271,0.025,43.0,5.25,11.2,1,0,0.00000,0.00000,0000,0000,3,AA,0,10,1.0,39.296,00,0101,0000,58528.76874345,0,,0,,12.998,3.862,0.000,35.740,4.032,0.000,5148,113.7,2233,51.87,7.50,7.50,11.535,0.016,2,0.260,11.172,0.028,0,0.326,12.267,0.020,2,12.012,0.031,0,11.794,0.016,2,11.498,0.028,0,11.592,0.015,2,11.274,0.031,0,11.491,0.017,3,11.166,0.032,3,11.430,0.021,3,11.107,0.033,3,11.384,0.024,3,11.072,0.035,3,11.345,0.025,3,11.045,0.038,3,11.309,0.026,3,11.018,0.042,3,1111074301351023782,0.125271,16.3,1,11.466,0.022,11.185,0.020,8.628,0.022,6.437,0.048,709914239,0.329046,-23.8,1,0.52,13.766,0.0710,12.908,0.0864,12.491,0.0531,-0.1059921601085500,0.2512506878997790,-0.9621012180770850,111022110,10214825440094
112.8729200,-74.1754500,0.0488,0.0403,-0.0056,285.9233419,-23.3596709,235.1437426,-79.3122074,939.666,885.102,938.790,882.697,306818240000156,03068r240-000156,240,03068r,156,11.490,0.023,47.2,16.7,11.220,0.024,44.3,4.98,10.4,1,0,0.00000,0.00000,0000,0000,3,AA,0,10,1.0,24.022,00,0000,0000,58530.07739859,0,,0,,13.509,3.358,0.000,36.916,4.486,0.000,5108,108.3,2340,52.8,7.50,7.50,11.450,0.015,2,0.260,11.142,0.021,2,0.326,12.172,0.020,0,11.962,0.026,0,11.710,0.015,2,11.468,0.021,2,11.510,0.014,2,11.255,0.023,2,11.413,0.014,3,11.157,0.035,3,11.357,0.014,3,11.102,0.046,3,11.315,0.014,3,11.064,0.050,3,11.278,0.015,3,11.034,0.052,3,11.245,0.016,3,11.010,0.055,3,1111074301351023782,0.140769,-14.8,1,11.466,0.022,11.185,0.020,8.628,0.022,6.437,0.048,709914239,0.376904,-32.8,1,0.57,13.766,0.0710,12.908,0.0864,12.491,0.0531,-0.1059924493140770,0.2512504857064370,-0.9621012390183700,111022110,10214825440094
112.8729934,-74.1754242,0.0488,0.0438,0.0110,285.9233215,-23.3596441,235.1435670,-79.3122050,791.477,998.169,791.940,996.467,3656018240000209,36560r240-000209,240,36560r,209,11.533,0.022,49.0,16.3,11.322,0.028,39.0,4.04,9.98,1,0,0.00000,0.00000,0000,0000,3,AA,0,10,1.0,22.688,00,0000,0000,59625.03892043,0,,0,,14.976,3.651,0.000,38.021,4.347,0.000,4909,100.2,2132,54.67,7.50,7.50,11.479,0.014,2,0.260,11.129,0.049,2,0.326,12.196,0.017,2,11.980,0.056,0,11.739,0.014,2,11.455,0.049,2,11.534,0.013,3,11.231,0.048,3,11.430,0.013,3,11.135,0.048,3,11.369,0.014,3,11.090,0.049,3,11.325,0.015,3,11.065,0.053,3,11.288,0.018,3,11.047,0.062,3,11.256,0.019,3,11.032,0.071,3,1111074301351023782,0.116398,-68.2,1,11.466,0.022,11.185,0.020,8.628,0.022,6.437,0.048,709914239,0.355604,-51.0,1,0.52,13.766,0.0710,12.908,0.0864,12.491,0.0531,-0.1059929395756370,0.2512507490862310,-0.9621011162262120,111022110,10214825440086
112.8728682,-74.1753843,0.0445,0.0422,-0.0130,285.9232690,-23.3596648,235.1434893,-79.3122555,904.673,450.508,901.960,448.138,3657218240000149,36572r240-000149,240,36572r,149,11.540,0.020,54.8,15.4,11.377,0.027,40.2,3.5,9.44,2,0,0.00000,0.00000,0000,0000,3,AA,0,10,1.0,50.495,00,0000,0000,59625.43074038,0,,0,,14.669,3.791,0.000,37.610,4.581,0.000,4877,89.07,2026,50.44,7.50,7.50,11.482,0.019,3,0.260,11.167,0.028,3,0.326,12.196,0.024,3,12.032,0.033,3,11.742,0.019,3,11.493,0.028,3,11.536,0.017,3,11.197,0.031,3,11.429,0.017,3,11.032,0.036,3,11.364,0.017,3,10.943,0.040,3,11.320,0.018,3,10.894,0.043,3,11.286,0.019,3,10.863,0.047,3,11.254,0.021,3,10.842,0.054,3,1111074301351023782,0.101528,171.6,1,11.466,0.022,11.185,0.020,8.628,0.022,6.437,0.048,709914239,0.173085,-62.4,1,0.34,13.766,0.0710,12.908,0.0864,12.491,0.0531,-0.1059926509726860,0.2512515980084570,-0.9621009263263280,111022110,10214825440087
112.8728976,-74.1754286,0.0437,0.0381,-0.0014,285.9233176,-23.3596703,235.1436646,-79.3122243,950.063,562.781,947.617,560.235,3657618240000133,36576r240-000133,240,36576r,133,11.560,0.019,58.1,22.5,11.384,0.027,40.3,4.82,13.4,1,0,0.00000,0.00000,0000,0000,3,AA,0,5,0.5,52.832,00,0000,0000,59625.56138933,0,,0,,14.184,3.510,0.000,38.155,4.693,0.000,4792,82.51,2013,49.89,7.50,7.50,11.475,0.013,2,0.260,11.239,0.031,2,0.326,12.195,0.016,0,12.060,0.037,2,11.735,0.013,2,11.565,0.031,2,11.533,0.012,2,11.348,0.032,2,11.431,0.012,3,11.246,0.040,3,11.374,0.013,3,11.195,0.051,3,11.336,0.014,3,11.170,0.060,3,11.306,0.015,3,11.159,0.067,3,11.276,0.016,3,11.149,0.083,3,1111074301351023782,0.060686,-13.4,1,11.466,0.022,11.185,0.020,8.628,0.022,6.437,0.048,709914239,0.301136,-37.2,1,0.49,13.766,0.0710,12.908,0.0864,12.491,0.0531,-0.1059924907599880,0.2512508582342570,-0.9621011371675240,111022110,10214825440086
112.8728854,-74.1754370,0.0428,0.0399,-0.0114,285.9233253,-23.3596760,235.1437122,-79.3122225,970.926,684.663,968.905,682.016,3658018240000159,36580r240-000159,240,36580r,159,11.568,0.021,52.0,21.3,11.301,0.025,43.4,5.32,12.7,1,0,0.00000,0.00000,0000,0000,3,AA,0,10,1.0,45.872,00,0000,0000,59625.69203817,0,,0,,14.572,3.709,0.000,37.269,3.866,0.000,4753,91.49,2173,50.11,7.50,7.50,11.477,0.012,0,0.260,11.185,0.043,2,0.326,12.207,0.016,0,12.012,0.055,0,11.736,0.012,0,11.511,0.043,2,11.524,0.011,2,11.289,0.039,2,11.417,0.011,3,11.185,0.039,3,11.352,0.012,3,11.094,0.044,3,11.304,0.012,3,10.910,0.048,3,11.262,0.013,3,10.641,0.049,3,11.226,0.014,3,10.437,0.050,3,1111074301351023782,0.089304,-1.3,1,11.466,0.022,11.185,0.020,8.628,0.022,6.437,0.048,709914239,0.319182,-32.2,1,0.51,13.766,0.0710,12.908,0.0864,12.491,0.0531,-0.1059923824361180,0.2512507508428030,-0.9621011771463770,111022110,10214825440086
112.8729294,-74.1753807,0.0482,0.0514,-0.0077,285.9232706,-23.3596478,235.1434234,-79.3122436,793.642,83.494,790.128,81.547,3656018239000297,36560r239-000297,239,36560r,297,11.498,0.026,42.1,22.1,11.293,0.027,40.5,3.38,11.2,1,0,0.00000,0.00000,0000,0000,3,AA,0,10,1.0,23.312,00,0000,0000,59625.03879307,0,,0,,15.085,3.860,0.000,37.734,4.282,0.000,5072,120.4,2188,54.06,7.50,7.50,11.630,0.021,2,0.260,11.242,0.053,2,0.326,12.417,0.030,2,12.082,0.071,0,11.890,0.021,2,11.568,0.053,2,11.652,0.019,3,11.340,0.046,3,11.535,0.018,3,11.229,0.043,3,11.469,0.020,3,11.173,0.045,3,11.421,0.026,3,11.148,0.049,3,11.381,0.030,3,11.134,0.055,3,11.346,0.031,3,11.117,0.060,3,1111074301351023782,0.122097,-158.2,1,11.466,0.022,11.185,0.020,8.628,0.022,6.437,0.048,709914239,0.223787,-72.5,1,0.37,13.766,0.0710,12.908,0.0864,12.491,0.0531,-0.1059929428413420,0.2512515404904670,-0.9621009091924810,111022110,10214825440087
112.8728288,-74.1753954,0.0529,0.0463,0.0159,285.9232770,-23.3596784,235.1435712,-79.3122583,833.815,202.791,830.538,200.706,3656418242000169,36564r242-000169,242,36564r,169,11.552,0.023,47.6,13.2,11.310,0.026,41.4,4.21,7.61,1,0,0.00000,0.00000,0000,0000,3,AA,0,10,1.0,28.779,00,0000,0000,59625.16944201,0,,0,,15.830,4.322,0.000,37.869,5.112,0.000,4827,101.4,2155,52,7.50,7.50,11.443,0.022,3,0.260,11.219,0.039,3,0.326,12.172,0.028,2,12.051,0.036,2,11.702,0.022,3,11.545,0.039,3,11.480,0.020,3,11.313,0.046,3,11.303,0.019,3,11.196,0.048,3,11.099,0.018,3,11.135,0.050,3,10.914,0.017,3,11.108,0.055,3,10.811,0.017,3,11.090,0.070,3,10.773,0.018,3,11.067,0.089,3,1111074301351023782,0.080749,138.5,1,11.466,0.022,11.185,0.020,8.628,0.022,6.437,0.048,709914239,0.166148,-43.6,1,0.34,13.766,0.0710,12.908,0.0864,12.491,0.0531,-0.1059924057499450,0.2512514991617910,-0.9621009791556659,111022110,10214825440087
112.8729174,-74.1753957,0.0453,0.0404,0.0052,285.9232852,-23.3596554,235.1435006,-79.3122380,872.689,326.890,869.689,324.629,3656818240000144,36568r240-000144,240,36568r,144,11.512,0.020,54.4,18.6,11.309,0.025,44.3,3.43,10.3,1,0,0.00000,0.00000,0000,0000,3,AA,0,10,1.0,40.099,00,0000,0000,59625.30009091,0,,0,,15.094,4.155,0.000,37.981,4.466,0.000,5007,91.95,2156,48.69,7.50,7.50,11.474,0.013,0,0.260,11.226,0.034,2,0.326,12.208,0.017,0,12.050,0.042,0,11.734,0.013,0,11.552,0.034,2,11.522,0.013,3,11.327,0.033,3,11.419,0.015,3,11.208,0.035,3,11.365,0.019,3,11.137,0.038,3,11.330,0.021,3,11.090,0.043,3,11.300,0.022,3,11.052,0.052,3,11.272,0.022,3,11.012,0.060,3,1111074301351023782,0.068184,-150.6,1,11.466,0.022,11.185,0.020,8.628,0.022,6.437,0.048,709914239,0.235324,-59.0,1,0.39,13.766,0.0710,12.908,0.0864,12.491,0.0531,-0.1059927923174810,0.2512513306174490,-0.9621009805834860,111022110,10214825440087
112.8726661,-74.1754178,0.0535,0.0406,-0.0053,285.9232859,-23.3597274,235.1438040,-79.3122829,834.594,763.584,833.676,761.620,5264718012000152,52647r012-000152,12,52647r,152,11.513,0.024,45.5,16.7,11.323,0.027,40.2,4.58,9.98,1,0,0.00000,0.00000,0000,0000,3,AA,0,5,0.5,48.681,00,0000,0000,60148.89867662,0,,0,,16.207,4.221,0.000,51.701,5.200,0.000,5002,110.1,2129,52.92,7.50,7.50,11.615,0.017,2,0.260,11.140,0.088,2,0.326,12.374,0.021,2,11.998,0.095,0,11.875,0.017,2,11.466,0.088,2,11.640,0.018,2,11.226,0.085,2,11.518,0.018,3,11.117,0.082,3,11.448,0.018,3,11.067,0.082,3,11.400,0.018,3,11.040,0.086,3,11.362,0.020,3,11.019,0.092,3,11.325,0.022,3,11.000,0.099,3,1111074301351023782,0.214175,84.6,1,11.466,0.022,11.185,0.020,8.628,0.022,6.437,0.048,709914239,0.205872,12.6,1,0.38,13.766,0.0710,12.908,0.0864,12.491,0.0531,-0.1059915460844220,0.2512514535804770,-0.9621010857661120,111022110,10214825440085
112.8726483,-74.1754390,0.0493,0.0409,0.0072,285.9233064,-23.3597383,235.1439138,-79.3122753,946.601,406.309,943.421,403.781,5263118012000144,52631r012-000144,12,52631r,144,11.504,0.022,48.7,17.9,11.318,0.026,41.7,5.68,10.6,1,0,0.00000,0.00000,0000,0000,3,AA,0,10,1.0,27.160,00,0000,0000,60148.37990256,0,,0,,14.078,3.644,0.000,50.914,4.935,0.000,5044,103.5,2140,51.26,7.50,7.50,11.568,0.017,2,0.260,11.209,0.070,0,0.326,12.307,0.022,2,12.042,0.060,0,11.828,0.017,2,11.535,0.070,0,11.607,0.018,2,11.314,0.084,2,11.497,0.018,3,11.213,0.092,3,11.435,0.019,3,11.158,0.096,3,11.391,0.020,3,11.125,0.102,3,11.354,0.023,3,11.105,0.105,3,11.318,0.025,3,11.085,0.108,3,1111074301351023782,0.250060,67.3,1,11.466,0.022,11.185,0.020,8.628,0.022,6.437,0.048,709914239,0.284166,12.7,1,0.47,13.766,0.0710,12.908,0.0864,12.491,0.0531,-0.1059913296620300,0.2512511585127300,-0.9621011866651480,111022110,10214825440092
112.8729386,-74.1754288,0.0446,0.0416,0.0039,285.9233215,-23.3596597,235.1436322,-79.3122149,989.467,783.831,987.790,781.197,5262718012000136,52627r012-000136,12,52627r,136,11.564,0.021,52.3,16.8,11.391,0.027,40.5,4.62,10.6,1,0,0.00000,0.00000,0000,0000,3,AA,0,10,1.0,28.814,00,0000,0000,60148.25027272,0,,0,,14.550,3.799,0.000,51.260,4.949,0.000,4774,91.32,2000,49.34,7.50,7.50,11.499,0.013,0,0.260,11.248,0.041,2,0.326,12.228,0.016,0,12.063,0.038,2,11.759,0.013,0,11.574,0.041,2,11.550,0.012,0,11.364,0.053,2,11.444,0.012,3,11.270,0.057,3,11.384,0.013,3,11.222,0.058,3,11.347,0.013,3,11.192,0.059,3,11.317,0.014,3,11.169,0.061,3,11.286,0.015,3,11.140,0.066,3,1111074301351023782,0.080737,-42.3,1,11.466,0.022,11.185,0.020,8.628,0.022,6.437,0.048,709914239,0.327591,-42.8,1,0.51,13.766,0.0710,12.908,0.0864,12.491,0.0531,-0.1059926692459450,0.2512507792932620,-0.9621011381194020,111022110,10214825440086
112.8729113,-74.1754380,0.0529,0.0454,-0.0124,285.9233286,-23.3596696,235.1436957,-79.3122160,882.965,217.337,879.466,215.053,5264318011000137,52643r011-000137,11,52643r,137,11.590,0.022,49.6,12.4,11.307,0.029,37.1,2,6.88,1,0,0.00000,0.00000,0000,0000,3,AA,0,10,1.0,48.662,00,0000,0000,60148.76891941,0,,0,,14.728,4.146,0.000,50.746,5.986,0.000,4658,93.82,2161,58.31,7.50,7.50,11.534,0.019,0,0.260,11.209,0.137,2,0.326,12.280,0.026,0,12.033,0.152,0,11.794,0.019,0,11.535,0.137,2,11.580,0.017,2,11.321,0.122,2,11.471,0.017,3,11.225,0.115,3,11.405,0.017,3,11.182,0.114,3,11.359,0.017,3,11.156,0.113,3,11.321,0.019,3,11.134,0.114,3,11.284,0.020,3,11.114,0.124,3,1111074301351023782,0.096862,-16.5,1,11.466,0.022,11.185,0.020,8.628,0.022,6.437,0.048,709914239,0.336358,-35.6,1,0.52,13.766,0.0710,12.908,0.0864,12.491,0.0531,-0.1059924894847750,0.2512506874584720,-0.9621011819057630,111022110,10214825440086
112.8729148,-74.1754037,0.0481,0.0431,-0.0096,285.9232933,-23.3596585,235.1435387,-79.3122342,910.508,573.107,908.240,570.770,5263918012000128,52639r012-000128,12,52639r,128,11.567,0.021,52.2,21.5,11.332,0.030,35.7,3.68,13.1,1,0,0.00000,0.00000,0000,0000,3,AA,0,5,0.5,41.941,00,0000,0000,60148.63928951,0,,0,,14.123,3.446,0.000,50.589,4.936,0.000,4760,91.28,2111,59.06,7.50,7.50,11.468,0.021,0,0.260,11.065,0.104,2,0.326,12.210,0.025,0,11.903,0.149,2,11.728,0.021,0,11.391,0.104,2,11.517,0.019,2,11.176,0.091,18,11.412,0.021,3,11.070,0.091,19,11.352,0.024,3,11.020,0.099,19,11.311,0.026,3,11.001,0.107,19,11.276,0.028,3,10.989,0.111,19,11.241,0.029,3,10.973,0.112,19,1111074301351023782,0.043504,-134.7,1,11.466,0.022,11.185,0.020,8.628,0.022,6.437,0.048,709914239,0.249343,-53.0,1,0.43,13.766,0.0710,12.908,0.0864,12.491,0.0531,-0.1059927287017350,0.2512512116554410,-0.9621010186586610,111022110,10214825440087
112.8729807,-74.1754041,0.0434,0.0413,0.0052,285.9232995,-23.3596414,235.1434870,-79.3122190,769.682,119.174,766.539,117.352,4636001248000130,46360a248-000130,248,46360a,130,11.574,0.020,55.0,9.75,11.386,0.025,44.1,4.31,6.6,1,0,0.00000,0.00000,0000,0000,3,AA,0,5,0.5,48.785,00,0000,0000,56710.56265613,0,,0,,13.072,3.860,0.000,32.467,4.715,0.000,4775,86.81,2053,46.56,7.50,7.50,11.484,0.015,2,0.257,11.334,0.047,2,0.322,12.217,0.018,0,12.154,0.053,2,11.741,0.015,2,11.656,0.047,2,11.544,0.014,2,11.435,0.042,2,11.453,0.015,3,11.328,0.041,3,11.403,0.017,3,11.270,0.042,3,11.370,0.019,3,11.235,0.044,3,11.340,0.023,3,11.206,0.047,3,11.310,0.026,3,11.176,0.050,3,1111074301351023782,0.099965,-107.0,1,11.466,0.022,11.185,0.020,8.628,0.022,6.437,0.048,709914239,0.304223,-60.1,1,0.47,13.766,0.0710,12.908,0.0864,12.491,0.0531,-0.1059930150730450,0.2512510835568210,-0.9621010205624190,111022110,10214825440087
112.8727213,-74.1754213,0.0504,0.0419,0.0139,285.9232944,-23.3597141,235.1437749,-79.3122684,73.075,114.297,73.892,115.599,7942001245000152,79420a245-000152,245,79420a,152,11.580,0.021,52.4,22.6,11.271,0.026,41.8,4.27,13.4,1,0,0.00000,0.00000,0000,0000,3,AA,0,5,0.5,49.666,00,0000,0000,57795.42866338,0,,0,,12.693,2.976,0.000,33.360,3.603,0.000,4707,89.83,2235,53.51,7.50,7.50,11.498,0.013,0,0.260,11.136,0.025,2,0.326,12.243,0.017,0,11.978,0.031,2,11.758,0.013,0,11.462,0.025,2,11.546,0.013,0,11.229,0.027,2,11.448,0.014,3,11.121,0.030,3,11.397,0.014,3,11.065,0.033,3,11.364,0.015,3,11.031,0.040,3,11.336,0.018,3,11.005,0.047,3,11.309,0.020,3,10.983,0.050,3,1111074301351023782,0.162374,78.4,1,11.466,0.022,11.185,0.020,8.628,0.022,6.437,0.048,709914239,0.213675,-2.4,1,0.41,13.766,0.0710,12.908,0.0864,12.491,0.0531,-0.1059917653019020,0.2512512973155520,-0.9621011024239809,111022110,10214825440085
112.8730373,-74.1753941,0.0455,0.0406,0.0160,285.9232941,-23.3596237,235.1433961,-79.3122116,30.171,670.542,33.685,672.009,7941601246000141,79416a246-000141,246,79416a,141,11.548,0.018,58.7,20.2,11.274,0.024,44.9,4.11,11.8,1,0,0.00000,0.00000,0000,0000,3,AA,0,10,1.0,41.029,00,0000,0000,57795.29775941,0,,0,,14.928,4.102,0.000,34.999,4.099,0.000,4848,82.6,2228,49.62,7.50,7.50,11.499,0.013,0,0.260,11.170,0.035,0,0.326,12.248,0.017,0,12.024,0.039,0,11.759,0.013,0,11.496,0.035,0,11.540,0.012,0,11.254,0.037,0,11.431,0.012,1,11.138,0.044,1,11.369,0.012,1,11.076,0.049,3,11.325,0.013,1,11.038,0.060,3,11.289,0.014,1,11.010,0.072,3,11.258,0.014,3,10.984,0.076,3,1111074301351023782,0.164626,-113.3,1,11.466,0.022,11.185,0.020,8.628,0.022,6.437,0.048,709914239,0.339612,-70.1,1,0.47,13.766,0.0710,12.908,0.0864,12.491,0.0531,-0.1059933285412060,0.2512511335654450,-0.9621009729684480,111022110,10214825440087
112.8729602,-74.1755077,0.0505,0.0454,0.0132,285.9234054,-23.3596776,235.1439693,-79.3121664,101.215,476.066,103.632,476.969,7942401245000139,79424a245-000139,245,79424a,139,11.782,0.020,55.0,70.4,11.468,0.026,41.0,15.6,39.6,1,0,0.00000,0.00000,0000,0000,3,AA,0,0,0.0,51.050,00,0000,0000,57795.55969463,0,,0,,12.517,3.377,0.000,34.957,4.923,0.000,3907,71.02,1864,45.48,7.50,7.50,11.570,0.014,0,0.260,11.335,0.028,0,0.326,12.401,0.019,0,12.237,0.036,0,11.829,0.014,0,11.661,0.028,0,11.562,0.012,0,11.391,0.026,0,11.436,0.012,1,11.264,0.027,3,11.373,0.013,1,11.200,0.030,3,11.335,0.013,1,11.165,0.033,3,11.305,0.014,1,11.146,0.036,3,11.274,0.015,3,11.125,0.040,3,1111074301351023782,0.351991,-12.4,1,11.466,0.022,11.185,0.020,8.628,0.022,6.437,0.048,709914239,0.578351,-24.9,1,0.77,13.766,0.0710,12.908,0.0864,12.491,0.0531,-0.1059922490003570,0.2512495186354870,-0.9621015136342330,111022110,10214825440094
112.8656428,-74.1737077,0.4758,0.4096,-0.0483,285.9208867,-23.3610471,235.1418205,-79.3148241,132.538,621.280,135.246,622.268,6412718011006710,64127r011-006710,11,64127r,6710,15.100,0.128,8.5,1.86,13.077,,1.3,1.37,1.56,1,0,0.00000,0.00000,0000,0000,1,BU,0,10,1.0,40.358,00,0000,0000,60518.64967977,0,,0,,19.197,4.201,0.000,105.082,8.011,0.000,183.8,21.59,164.1,129.6,7.50,7.50,12.441,0.024,1,0.260,11.937,0.125,3,0.326,13.744,0.039,1,13.172,0.195,3,12.701,0.024,1,12.263,0.125,3,12.020,0.018,3,11.645,0.093,3,11.617,0.015,3,11.246,0.120,3,11.403,0.015,3,11.011,0.172,3,11.290,0.017,3,10.883,0.186,3,11.225,0.020,3,10.819,0.189,3,11.176,0.021,3,10.782,0.194,3,,,,0,,,,,,,,,,,,0,8.99,,,,,,,-0.1059719050177320,0.2512909031837020,-0.9620929463019841,111022110,10214825433633
112.8728505,-74.1754260,0.0490,0.0560,0.0156,285.9233108,-23.3596818,235.1436911,-79.3122365,581.329,252.164,579.821,251.203,5267918011000157,52679r011-000157,11,52679r,157,11.532,0.028,39.1,15.1,11.327,0.028,38.3,2.85,8.65,1,0,0.00000,0.00000,0000,0000,3,AA,0,10,1.0,49.232,00,0000,0000,60149.93584322,0,,0,,14.706,4.142,0.000,51.733,6.232,0.000,4914,125.6,2122,55.47,7.50,7.50,11.701,0.039,3,0.260,11.236,0.087,19,0.326,12.469,0.037,2,12.049,0.102,2,11.961,0.039,3,11.562,0.087,19,11.725,0.046,3,11.347,0.084,19,11.602,0.045,3,11.244,0.082,19,11.531,0.045,3,11.178,0.080,19,11.483,0.051,3,11.129,0.080,19,11.443,0.057,3,11.094,0.087,19,11.401,0.058,3,11.068,0.101,19,1111074301351023782,0.059202,32.9,1,11.466,0.022,11.185,0.020,8.628,0.022,6.437,0.048,709914239,0.267527,-30.5,1,0.45,13.766,0.0710,12.908,0.0864,12.491,0.0531,-0.1059923011887770,0.2512509855911700,-0.9621011247931130,111022110,10214825440087
112.8728596,-74.1754165,0.0426,0.0417,-0.0073,285.9233017,-23.3596766,235.1436410,-79.3122397,434.045,918.105,436.218,917.831,5269518012000163,52695r012-000163,12,52695r,163,11.561,0.021,51.5,17.6,11.349,0.025,42.8,3.74,10,1,0,0.00000,0.00000,0000,0000,3,AA,0,10,1.0,28.916,00,0000,0000,60150.45461722,0,,0,,15.049,3.682,0.000,51.524,4.902,0.000,4786,92.88,2079,48.52,7.50,7.50,11.506,0.027,2,0.260,11.256,0.030,0,0.326,12.227,0.033,0,12.074,0.035,0,11.765,0.027,2,11.582,0.030,0,11.563,0.024,2,11.366,0.030,0,11.460,0.024,3,11.262,0.033,3,11.396,0.024,3,11.208,0.039,3,11.350,0.024,3,11.180,0.046,3,11.311,0.024,3,11.163,0.058,3,11.273,0.025,3,11.140,0.085,3,1111074301351023782,0.027945,56.4,1,11.466,0.022,11.185,0.020,8.628,0.022,6.437,0.048,709914239,0.243906,-36.4,1,0.42,13.766,0.0710,12.908,0.0864,12.491,0.0531,-0.1059924030980760,0.2512511157360410,-0.9621010795789020,111022110,10214825440087
112.8728829,-74.1754071,0.0447,0.0440,-0.0026,285.9232940,-23.3596678,235.1435799,-79.3122396,342.277,68.658,341.483,68.741,5270718011000151,52707r011-000151,11,52707r,151,11.600,0.021,51.7,22.9,11.350,0.024,44.4,5.1,13.1,1,0,0.00000,0.00000,0000,0000,3,AA,0,5,0.5,49.952,00,0000,0000,60150.84350681,0,,0,,15.278,3.652,0.000,50.937,4.241,0.000,4616,89.23,2077,46.8,7.50,7.50,11.488,0.015,2,0.260,11.254,0.023,2,0.326,12.223,0.018,2,12.095,0.028,0,11.747,0.015,2,11.580,0.023,2,11.537,0.014,2,11.346,0.024,2,11.433,0.014,3,11.233,0.028,3,11.373,0.015,3,11.173,0.033,3,11.331,0.015,3,11.133,0.036,3,11.293,0.016,3,11.102,0.048,3,11.254,0.016,3,11.076,0.128,3,1111074301351023782,0.018364,178.8,1,11.466,0.022,11.185,0.020,8.628,0.022,6.437,0.048,709914239,0.233470,-45.9,1,0.41,13.766,0.0710,12.908,0.0864,12.491,0.0531,-0.1059925666240280,0.2512512180648850,-0.9621010348406051,111022110,10214825440087
112.8728086,-74.1753912,0.0703,0.0501,-0.0221,285.9232709,-23.3596824,235.1435687,-79.3122652,236.429,166.213,236.599,166.816,5271918011000132,52719r011-000132,11,52719r,132,11.602,0.031,35.5,16.6,11.318,0.026,42.2,3.31,7.36,1,0,0.00000,0.00000,0000,0000,3,AA,0,10,1.0,29.651,00,0000,0000,60151.23252375,0,,0,,15.835,3.855,0.000,51.021,4.491,0.000,4609,129.8,2138,50.64,7.50,7.50,11.466,0.028,2,0.260,11.219,0.038,2,0.326,12.143,0.031,2,12.047,0.043,0,11.726,0.028,2,11.545,0.038,2,11.550,0.030,2,11.325,0.037,2,11.456,0.032,3,11.220,0.037,3,11.398,0.033,3,11.165,0.039,3,11.356,0.035,3,11.129,0.042,3,11.322,0.038,19,11.101,0.051,3,11.291,0.040,19,11.077,0.066,3,1111074301351023782,0.105324,135.9,1,11.466,0.022,11.185,0.020,8.628,0.022,6.437,0.048,709914239,0.141574,-42.1,1,0.33,13.766,0.0710,12.908,0.0864,12.491,0.0531,-0.1059923445819850,0.2512516015103360,-0.9621009591661910,111022110,10214825440087
112.8727955,-74.1754156,0.0426,0.0420,0.0138,285.9232951,-23.3596931,235.1436890,-79.3122547,210.201,812.156,213.241,812.768,5272318012000139,52723r012-000139,12,52723r,139,11.570,0.018,59.3,25.5,11.272,0.030,36.2,4.18,15.1,1,0,0.00000,0.00000,0000,0000,3,AA,0,10,1.0,26.480,00,0000,0000,60151.36228096,0,,0,,18.928,4.400,0.000,54.338,4.990,0.000,4745,79.97,2231,61.6,7.50,7.50,11.498,0.014,0,0.260,11.253,0.129,2,0.326,12.239,0.017,0,12.107,0.190,2,11.758,0.014,0,11.579,0.129,2,11.542,0.017,0,11.343,0.111,2,11.435,0.022,1,11.228,0.105,3,11.375,0.023,3,11.161,0.101,3,11.334,0.025,3,11.122,0.100,3,11.302,0.026,3,11.100,0.101,3,11.272,0.027,3,11.084,0.105,3,1111074301351023782,0.087058,81.9,1,11.466,0.022,11.185,0.020,8.628,0.022,6.437,0.048,709914239,0.209650,-23.0,1,0.40,13.766,0.0710,12.908,0.0864,12.491,0.0531,-0.1059921278833860,0.2512512482398680,-0.9621010752954490,111022110,10214825440087
112.8729354,-74.1754046,0.0438,0.0387,0.0113,285.9232960,-23.3596534,235.1435260,-79.3122290,141.584,296.407,142.873,297.416,5273118011000157,52731r011-000157,11,52731r,157,11.565,0.018,60.1,20.2,11.306,0.024,45.2,3.6,11.2,1,0,0.00000,0.00000,0000,0000,3,AA,0,10,1.0,40.259,00,0000,0000,60151.62154065,0,,0,,18.249,4.723,0.000,51.860,5.184,0.000,4767,79.3,2162,47.82,7.50,7.50,11.496,0.013,0,0.260,11.221,0.029,0,0.326,12.238,0.016,0,12.072,0.031,0,11.755,0.013,0,11.547,0.029,0,11.541,0.012,2,11.309,0.035,2,11.437,0.012,3,11.194,0.045,3,11.373,0.012,3,11.127,0.055,3,11.327,0.013,3,11.086,0.062,3,11.286,0.013,3,11.058,0.077,3,11.247,0.014,3,11.027,0.095,3,1111074301351023782,0.058004,-118.1,1,11.466,0.022,11.185,0.020,8.628,0.022,6.437,0.048,709914239,0.267613,-55.0,1,0.44,13.766,0.0710,12.908,0.0864,12.491,0.0531,-0.1059928131619260,0.2512511596227030,-0.9621010229421170,111022110,10214825440087
112.8728367,-74.1753945,0.0522,0.0431,-0.0063,285.9232768,-23.3596761,235.1435607,-79.3122570,123.975,948.279,128.053,949.267,5273518012000161,52735r012-000161,12,52735r,161,11.585,0.024,44.8,21,11.274,0.025,44.3,4.44,11.2,1,0,0.00000,0.00000,0000,0000,3,AA,0,10,1.0,48.208,00,0000,0000,60151.75129833,0,,0,,16.670,4.853,0.000,51.663,3.925,0.000,4681,104.4,2227,50.3,7.50,7.50,11.495,0.082,3,0.260,11.185,0.025,1,0.326,12.217,0.076,2,12.023,0.031,0,11.754,0.082,3,11.511,0.025,1,11.559,0.100,3,11.282,0.025,1,11.470,0.105,3,11.173,0.027,1,11.414,0.102,3,11.114,0.030,3,11.365,0.099,3,11.073,0.033,3,11.324,0.097,3,11.035,0.035,3,11.288,0.097,3,10.995,0.037,3,1111074301351023782,0.078441,144.3,1,11.466,0.022,11.185,0.020,8.628,0.022,6.437,0.048,709914239,0.169337,-46.3,1,0.34,13.766,0.0710,12.908,0.0864,12.491,0.0531,-0.1059924462668470,0.2512514984717850,-0.9621009748722080,111022110,10214825440087
112.8729116,-74.1754056,0.0500,0.0481,-0.0169,285.9232949,-23.3596599,235.1435498,-79.3122339,549.956,98.627,548.025,97.804,5277518012000149,52775r012-000149,12,52775r,149,11.561,0.024,44.5,16.7,11.336,0.026,41.3,3.34,8.37,1,0,0.00000,0.00000,0000,0000,3,AA,0,10,1.0,43.961,00,0000,0000,60153.04759692,0,,0,,15.463,4.402,0.000,50.887,4.962,0.000,4786,107.5,2103,50.93,7.50,7.50,11.519,0.025,2,0.260,11.257,0.067,0,0.326,12.258,0.024,2,12.095,0.100,0,11.779,0.025,2,11.583,0.067,0,11.578,0.028,3,11.350,0.056,3,11.478,0.030,3,11.235,0.053,3,11.417,0.031,3,11.171,0.052,3,11.371,0.031,3,11.128,0.053,3,11.331,0.033,3,11.096,0.058,3,11.297,0.037,3,11.072,0.078,3,1111074301351023782,0.036556,-130.5,1,11.466,0.022,11.185,0.020,8.628,0.022,6.437,0.048,709914239,0.251061,-51.3,1,0.43,13.766,0.0710,12.908,0.0864,12.491,0.0531,-0.1059927022683200,0.2512511881793860,-0.9621010277015120,111022110,10214825440087
112.8729640,-74.1753980,0.0453,0.0419,-0.0103,285.9232917,-23.3596440,235.1434731,-79.3122261,314.027,54.973,313.354,55.166,5280318012000136,52803r012-000136,12,52803r,136,11.626,0.021,52.2,20.7,11.265,0.024,45.3,4.6,11.6,1,0,0.00000,0.00000,0000,0000,3,AA,0,5,0.5,50.812,00,0000,0000,60153.95526100,0,,0,,14.722,3.349,0.000,50.229,4.481,0.000,4507,86.34,2246,49.57,7.50,7.50,11.498,0.014,3,0.260,11.195,0.022,3,0.326,12.240,0.018,0,12.046,0.027,0,11.758,0.014,3,11.521,0.022,3,11.543,0.014,3,11.292,0.023,3,11.438,0.015,3,11.184,0.025,3,11.378,0.017,3,11.120,0.028,3,11.333,0.020,3,11.074,0.036,3,11.293,0.025,3,11.033,0.045,3,11.255,0.026,3,10.991,0.056,3,1111074301351023782,0.094284,-122.8,1,11.466,0.022,11.185,0.020,8.628,0.022,6.437,0.048,709914239,0.279279,-62.4,1,0.44,13.766,0.0710,12.908,0.0864,12.491,0.0531,-0.1059929816543920,0.2512512088265630,-0.9621009915301000,111022110,10214825440087
112.8727783,-74.1753892,0.0439,0.0457,-0.0065,285.9232661,-23.3596897,235.1435843,-79.3122732,312.964,969.507,316.052,969.713,5280318013000136,52803r013-000136,13,52803r,136,11.611,0.022,49.6,21.8,11.288,0.029,37.6,3.58,11.1,1,0,0.00000,0.00000,0000,0000,3,AA,0,10,1.0,50.297,00,0000,0000,60153.95538836,0,,0,,16.555,4.313,0.000,50.516,4.686,0.000,4572,92.12,2198,58.51,7.50,7.50,11.476,0.016,2,0.260,11.320,0.029,2,0.326,12.197,0.020,2,12.161,0.037,2,11.736,0.016,2,11.646,0.029,2,11.547,0.016,2,11.410,0.030,2,11.451,0.020,3,11.293,0.035,3,11.390,0.022,3,11.225,0.041,3,11.344,0.022,3,11.173,0.047,3,11.305,0.023,3,11.131,0.054,3,11.270,0.027,3,11.096,0.067,3,1111074301351023782,0.132215,128.8,1,11.466,0.022,11.185,0.020,8.628,0.022,6.437,0.048,709914239,0.117578,-33.6,1,0.32,13.766,0.0710,12.908,0.0864,12.491,0.0531,-0.1059922247648950,0.2512516885057190,-0.9621009496473920,111022110,10214825440087
112.8726972,-74.1754328,0.0491,0.0409,0.0124,285.9233043,-23.3597238,235.1438462,-79.3122676,388.769,565.563,389.708,565.453,5279518012000145,52795r012-000145,12,52795r,145,11.561,0.019,56.3,18.8,11.360,0.024,44.4,3.4,10.8,1,0,0.00000,0.00000,0000,0000,3,AA,0,10,1.0,45.312,00,0000,0000,60153.69600125,0,,0,,15.237,3.826,0.000,50.412,5.595,0.000,4784,84.98,2057,46.32,7.50,7.50,11.476,0.014,0,0.260,11.246,0.043,2,0.326,12.232,0.019,0,12.106,0.047,0,11.735,0.014,0,11.572,0.043,2,11.513,0.013,2,11.334,0.052,2,11.403,0.013,3,11.224,0.059,3,11.340,0.013,3,11.163,0.063,3,11.294,0.014,3,11.121,0.075,3,11.256,0.015,3,11.085,0.111,3,11.220,0.016,3,11.045,0.219,3,1111074301351023782,0.197171,67.9,1,11.466,0.022,11.185,0.020,8.628,0.022,6.437,0.048,709914239,0.255294,3.3,1,0.44,13.766,0.0710,12.908,0.0864,12.491,0.0531,-0.1059915845620560,0.2512511639759640,-0.9621011571569530,111022110,10214825440092
112.8729771,-74.1754539,0.0479,0.0447,0.0099,285.9233510,-23.3596572,235.1437138,-79.3121923,341.345,982.911,344.318,983.004,5270718012000174,52707r012-000174,12,52707r,174,11.595,0.024,44.9,19.9,11.334,0.024,45.2,5.85,11.8,1,0,0.00000,0.00000,0000,0000,3,AA,0,5,0.5,49.543,00,0000,0000,60150.84363412,0,,0,,14.581,3.506,0.000,50.515,5.211,0.000,4637,103.2,2108,46.62,7.50,7.50,11.583,0.036,3,0.260,11.221,0.047,1,0.326,12.320,0.042,2,12.062,0.035,0,11.843,0.036,3,11.547,0.047,1,11.635,0.037,3,11.315,0.061,3,11.535,0.039,3,11.209,0.065,3,11.477,0.039,3,11.160,0.066,3,11.429,0.040,3,11.135,0.070,3,11.383,0.040,3,11.120,0.083,3,11.343,0.041,3,11.103,0.090,3,1111074301351023782,0.176112,-31.5,1,11.466,0.022,11.185,0.020,8.628,0.022,6.437,0.048,709914239,0.420932,-38.2,1,0.60,13.766,0.0710,12.908,0.0864,12.491,0.0531,-0.1059926742514340,0.2512503197372950,-0.9621012575799580,111022110,10214825440094
112.8727775,-74.1754358,0.0432,0.0381,0.0133,285.9233145,-23.3597038,235.1437945,-79.3122477,190.340,664.052,192.908,664.778,4153118013000129,41531r013-000129,13,41531r,129,11.514,0.018,61.1,22.4,11.204,0.023,46.3,4.1,12.5,1,0,0.00000,0.00000,0000,0000,3,AA,0,5,0.5,29.554,00,0000,0000,59787.23638755,0,,0,,14.637,3.219,0.000,49.315,4.843,0.000,4996,81.75,2375,51.31,7.50,7.50,11.471,0.013,0,0.260,11.164,0.026,0,0.326,12.218,0.016,0,12.010,0.032,0,11.730,0.013,0,11.490,0.026,0,11.510,0.013,0,11.252,0.026,2,11.400,0.013,1,11.139,0.032,3,11.335,0.014,3,11.081,0.047,3,11.288,0.014,3,11.049,0.056,3,11.247,0.015,3,11.025,0.060,3,11.206,0.016,3,11.004,0.063,3,1111074301351023782,0.134186,50.7,1,11.466,0.022,11.185,0.020,8.628,0.022,6.437,0.048,709914239,0.273350,-13.6,1,0.48,13.766,0.0710,12.908,0.0864,12.491,0.0531,-0.1059919171100420,0.2512509690140930,-0.9621011714351130,111022110,10214825440092
112.8727808,-74.1754491,0.0439,0.0461,0.0089,285.9233286,-23.3597069,235.1438516,-79.3122396,821.826,879.377,821.531,877.514,4145518013000137,41455r013-000137,13,41455r,137,11.457,0.022,49.1,16,11.226,0.026,41.6,4.21,9.9,1,0,0.00000,0.00000,0000,0000,3,AA,0,10,1.0,48.139,00,0000,0000,59784.75788525,0,,0,,13.124,3.377,0.000,49.579,4.828,0.000,5266,107.1,2328,55.89,7.50,7.50,11.390,0.015,2,0.260,11.098,0.071,2,0.326,12.117,0.019,0,11.924,0.101,2,11.650,0.015,2,11.424,0.071,2,11.446,0.014,2,11.203,0.061,2,11.344,0.016,3,11.092,0.060,3,11.285,0.019,3,11.029,0.062,3,11.245,0.021,3,10.991,0.074,3,11.211,0.022,3,10.961,0.092,3,11.175,0.023,3,10.937,0.103,3,1111074301351023782,0.166648,37.1,1,11.466,0.022,11.185,0.020,8.628,0.022,6.437,0.048,709914239,0.320752,-12.2,1,0.51,13.766,0.0710,12.908,0.0864,12.491,0.0531,-0.1059918447752120,0.2512507571385190,-0.9621012347349260,111022110,10214825440095
112.8727608,-74.1754456,0.0482,0.0413,0.0158,285.9233232,-23.3597110,235.1438521,-79.3122460,779.846,450.392,777.926,448.572,4145918012000136,41459r012-000136,12,41459r,136,11.505,0.020,55.0,19.1,11.137,0.025,42.8,2.48,10.2,1,0,0.00000,0.00000,0000,0000,3,AA,0,10,1.0,48.990,00,0000,0000,59784.88827910,0,,0,,12.742,4.305,0.000,50.270,4.607,0.000,5039,91.61,2527,59.02,7.50,7.50,11.414,0.014,2,0.260,11.089,0.092,2,0.326,12.139,0.019,0,11.918,0.114,2,11.673,0.014,2,11.415,0.092,2,11.470,0.013,2,11.201,0.089,2,11.376,0.014,3,11.109,0.091,3,11.327,0.016,3,11.066,0.100,3,11.293,0.020,3,11.044,0.110,3,11.265,0.024,3,11.030,0.115,3,11.235,0.025,3,11.014,0.120,3,1111074301351023782,0.170057,45.0,1,11.466,0.022,11.185,0.020,8.628,0.022,6.437,0.048,709914239,0.304749,-9.0,1,0.50,13.766,0.0710,12.908,0.0864,12.491,0.0531,-0.1059917799157720,0.2512508482868770,-0.9621012180770850,111022110,10214825440095
112.8727246,-74.1754683,0.0478,0.0472,0.0104,285.9233436,-23.3597272,235.1439835,-79.3122417,672.827,359.784,671.198,358.417,4147118012000137,41471r012-000137,12,41471r,137,11.575,0.021,51.8,26.4,11.172,0.031,34.6,4.91,15.1,1,0,0.00000,0.00000,0000,0000,3,AA,0,5,0.5,27.483,00,0000,0000,59785.27958797,0,,0,,14.866,4.442,0.000,49.965,5.480,0.000,4723,91.14,2448,70.73,7.50,7.50,11.457,0.030,2,0.260,11.156,0.205,2,0.326,12.193,0.036,2,12.005,0.193,2,11.717,0.030,2,11.482,0.205,2,11.503,0.032,2,11.245,0.218,2,11.393,0.037,3,11.130,0.211,3,11.333,0.040,3,11.068,0.203,3,11.298,0.040,3,11.033,0.199,3,11.270,0.040,3,11.010,0.198,3,11.239,0.043,3,10.994,0.202,3,1111074301351023782,0.255068,37.6,1,11.466,0.022,11.185,0.020,8.628,0.022,6.437,0.048,709914239,0.382880,-1.9,1,0.58,13.766,0.0710,12.908,0.0864,12.491,0.0531,-0.1059914730161410,0.2512505640503110,-0.9621013261150140,111022110,10214825440095
112.8727483,-74.1754071,0.0424,0.0395,0.0128,285.9232821,-23.3597028,235.1436892,-79.3122702,75.927,797.424,79.694,798.649,6413118011000127,64131r011-000127,11,64131r,127,11.408,0.019,57.5,18.1,11.101,0.026,41.4,4.36,10.6,1,0,0.00000,0.00000,0000,0000,3,AA,0,10,1.0,49.697,00,0000,0000,60518.77714486,0,,0,,22.162,4.874,0.000,105.529,7.087,0.000,5510,95.88,2613,63.1,7.50,7.50,11.361,0.013,2,0.260,10.995,0.072,0,0.326,12.088,0.017,0,11.841,0.098,0,11.621,0.013,2,11.321,0.072,0,11.425,0.012,2,11.087,0.071,0,11.331,0.012,3,10.973,0.113,3,11.277,0.013,3,10.911,0.338,3,11.236,0.014,3,9.970,,32,11.200,0.016,3,9.759,,32,11.166,0.018,3,9.703,,32,1111074301351023782,0.133795,97.9,1,11.466,0.022,11.185,0.020,8.628,0.022,6.437,0.048,709914239,0.166225,-12.4,1,0.36,13.766,0.0710,12.908,0.0864,12.491,0.0531,-0.1059919763810640,0.2512514670633250,-0.9621010348406051,111022110,10214825440085
112.8734570,-74.1728227,0.3676,0.3443,0.0826,285.9206572,-23.3587491,235.1314946,-79.3135360,205.425,119.157,205.595,119.860,6411518010005941,64115r010-005941,10,64115r,5941,14.835,0.102,10.6,2.52,14.419,,0.7,1.32,1.82,1,0,0.00000,0.00000,0000,0000,1,AU,0,5,0.5,28.010,00,0000,0000,60518.26728459,0,,0,,18.933,3.927,0.000,105.247,6.418,0.000,234.7,22.15,32.04,45.45,7.50,7.50,12.448,0.031,3,0.260,12.018,0.347,3,0.326,13.774,0.057,1,12.359,,32,12.708,0.031,3,12.344,0.347,3,12.004,0.020,3,11.666,0.193,3,11.605,0.016,3,11.274,0.142,3,11.406,0.015,3,11.071,0.141,3,11.296,0.017,3,10.966,0.179,3,11.193,0.019,3,10.886,0.257,3,11.063,0.019,3,10.794,0.371,3,,,,0,,,,,,,,,,,,0,8.99,,,,,,,-0.1060119522475300,0.2512901400824410,-0.9620887336820940,111022110,10214825441989
112.8727932,-74.1754282,0.0490,0.0454,0.0174,285.9233080,-23.3596974,235.1437476,-79.3122483,41.702,1001.418,46.488,1002.737,6413518011000125,64135r011-000125,11,64135r,125,11.423,0.022,49.0,20.3,11.128,0.027,40.3,5.42,12.6,1,0,0.00000,0.00000,0000,0000,3,AA,0,5,0.5,51.313,00,0000,0000,60518.90460994,0,,0,,19.271,5.053,0.000,102.538,5.879,0.000,5434,111,2548,63.24,7.50,7.50,11.359,0.024,0,0.260,10.023,,32,0.326,12.107,0.026,0,10.769,,32,11.618,0.024,0,10.349,,32,11.401,0.024,2,10.099,,32,11.294,0.026,2,9.918,,32,11.234,0.058,2,9.767,,32,11.192,0.211,2,9.632,,32,11.156,0.355,3,9.507,,32,11.121,0.374,3,9.388,,32,1111074301351023782,0.105552,56.9,1,11.466,0.022,11.185,0.020,8.628,0.022,6.437,0.048,709914239,0.251298,-18.5,1,0.46,13.766,0.0710,12.908,0.0864,12.491,0.0531,-0.1059920355603620,0.2512510575538710,-0.9621011352637689,111022110,10214825440085
112.8729369,-74.1754323,0.0429,0.0413,0.0110,285.9233249,-23.3596612,235.1436493,-79.3122134,287.621,813.086,290.164,813.428,6410718011000127,64107r011-000127,11,64107r,127,11.432,0.020,55.7,19.9,11.100,0.029,37.8,2.85,10.8,1,0,0.00000,0.00000,0000,0000,3,AA,0,5,0.5,47.101,00,0000,0101,60518.01248178,0,,0,,20.600,4.717,0.000,104.852,6.889,0.000,5388,96.79,2615,69.22,7.50,7.50,11.351,0.013,2,0.260,11.124,0.114,2,0.326,12.069,0.016,0,11.969,0.075,2,11.610,0.013,2,11.450,0.114,2,11.412,0.012,2,11.221,0.139,2,11.314,0.021,3,11.121,0.142,3,11.257,0.066,3,11.067,0.140,3,11.219,0.102,3,11.032,0.146,3,11.188,0.106,3,11.007,0.207,3,11.160,0.104,3,10.981,0.321,3,1111074301351023782,0.089469,-36.0,1,11.466,0.022,11.185,0.020,8.628,0.022,6.437,0.048,709914239,0.335849,-41.1,1,0.51,13.766,0.0710,12.908,0.0864,12.491,0.0531,-0.1059926389473940,0.2512507282879620,-0.9621011547772590,111022110,10214825440086
112.8728953,-74.1754337,0.0443,0.0420,0.0146,285.9233227,-23.3596725,235.1436894,-79.3122220,132.900,617.858,135.591,618.845,6412718011000132,64127r011-000132,11,64127r,132,11.429,0.018,61.1,17.5,11.100,0.029,37.1,3.16,10,1,0,0.00000,0.00000,0000,0000,3,AA,0,10,1.0,40.358,00,0000,0000,60518.64967977,0,,0,,18.574,4.039,0.000,104.440,6.938,0.000,5405,88.46,2615,70.54,7.50,7.50,11.389,0.013,1,0.260,10.996,0.041,1,0.326,12.129,0.016,1,11.861,0.043,1,11.649,0.013,1,11.322,0.041,1,11.440,0.012,1,11.075,0.058,3,11.337,0.012,3,10.955,0.073,3,11.282,0.014,3,10.877,0.081,3,11.250,0.019,3,10.813,0.092,3,11.226,0.022,3,10.764,0.115,3,11.199,0.027,3,10.734,0.160,3,1111074301351023782,0.078291,-8.7,1,11.466,0.022,11.185,0.020,8.628,0.022,6.437,0.048,709914239,0.314652,-34.9,1,0.49,13.766,0.0710,12.908,0.0864,12.491,0.0531,-0.1059924473875240,0.2512507835845170,-0.9621011614404010,111022110,10214825440086
112.8730277,-74.1754196,0.0468,0.0407,0.0045,285.9233198,-23.3596338,235.1435185,-79.3121997,41.852,87.465,42.759,88.896,6413518010000129,64135r010-000129,10,64135r,129,11.427,0.020,53.2,17.4,11.059,0.025,43.7,4.33,10.4,1,0,0.00000,0.00000,0000,0000,3,AA,0,5,0.5,52.037,00,0000,0000,60518.90448263,0,,0,,19.259,3.683,0.000,102.041,5.653,0.000,5415,101.8,2716,62.11,7.50,7.50,11.386,0.014,0,0.260,10.990,0.029,2,0.326,12.110,0.018,0,11.817,0.030,2,11.646,0.014,0,11.316,0.029,2,11.444,0.013,3,11.091,0.050,3,11.345,0.013,3,10.988,0.079,3,11.290,0.015,3,10.930,0.094,3,11.253,0.019,3,10.887,0.097,3,11.221,0.028,3,10.855,0.104,3,11.194,0.032,3,10.830,0.112,3,1111074301351023782,0.144238,-79.4,1,11.466,0.022,11.185,0.020,8.628,0.022,6.437,0.048,709914239,0.372894,-56.2,1,0.54,13.766,0.0710,12.908,0.0864,12.491,0.0531,-0.1059931200097380,0.2512507568024700,-0.9621010943330160,111022110,10214825440086
112.8728996,-74.1754104,0.0454,0.0426,0.0145,285.9232989,-23.3596644,235.1435811,-79.3122339,465.909,322.358,465.351,321.901,6408318010000129,64083r010-000129,10,64083r,129,11.449,0.020,53.2,19.1,11.092,0.024,45.9,4.33,10.6,1,0,0.00000,0.00000,0000,0000,3,AA,0,10,1.0,29.249,00,0000,0000,60517.24769072,0,,0,,19.327,3.995,0.000,110.003,8.321,0.000,5308,99.77,2634,57.39,7.50,7.50,11.360,0.014,2,0.260,11.006,0.157,0,0.326,12.086,0.017,2,11.842,0.166,0,11.619,0.014,2,11.332,0.157,0,11.417,0.013,2,11.112,0.148,2,11.318,0.013,3,11.008,0.151,3,11.261,0.014,3,10.943,0.165,3,11.222,0.016,3,10.886,0.192,3,11.188,0.017,3,10.835,0.210,3,11.154,0.019,3,10.796,0.217,3,1111074301351023782,0.017264,-112.0,1,11.466,0.022,11.185,0.020,8.628,0.022,6.437,0.048,709914239,0.253529,-46.6,1,0.42,13.766,0.0710,12.908,0.0864,12.491,0.0531,-0.1059926183178170,0.2512511361153440,-0.9621010505466060,111022110,10214825440087
112.8728212,-74.1754001,0.0430,0.0388,0.0119,285.9232812,-23.3596818,235.1435985,-79.3122574,338.739,594.818,340.074,594.913,6409918011000136,64099r011-000136,11,64099r,136,11.414,0.018,61.5,18.3,11.102,0.024,44.8,2.76,10.2,1,0,0.00000,0.00000,0000,0000,3,AA,0,5,0.5,48.533,00,0000,0000,60517.75755098,0,,0,,21.108,4.733,0.000,106.187,7.705,0.000,5481,89.16,2609,58.18,7.50,7.50,11.376,0.020,0,0.260,10.987,0.113,2,0.326,12.113,0.016,0,11.830,0.099,2,11.635,0.020,0,11.313,0.113,2,11.427,0.040,0,11.084,0.134,2,11.328,0.048,1,10.978,0.141,3,11.270,0.048,1,10.919,0.148,3,11.228,0.048,1,10.884,0.173,3,11.195,0.047,3,10.867,0.202,3,11.165,0.046,3,10.862,0.232,3,1111074301351023782,0.074927,125.5,1,11.466,0.022,11.185,0.020,8.628,0.022,6.437,0.048,709914239,0.174083,-38.0,1,0.36,13.766,0.0710,12.908,0.0864,12.491,0.0531,-0.1059923417468880,0.2512514405051670,-0.9621010015248340,111022110,10214825440087
112.8728943,-74.1754091,0.0452,0.0399,0.0113,285.9232971,-23.3596654,235.1435796,-79.3122359,208.328,117.393,208.474,118.083,6411518010000147,64115r010-000147,10,64115r,147,11.432,0.018,59.4,16.5,11.061,0.026,42.1,2.4,9.15,1,0,0.00000,0.00000,0000,0000,3,AA,0,5,0.5,28.010,00,0000,0000,60518.26728459,0,,0,,20.056,4.349,0.000,105.254,6.488,0.000,5391,90.79,2711,64.41,7.50,7.50,11.378,0.014,1,0.260,11.002,0.124,3,0.326,12.099,0.017,1,11.822,0.113,1,11.637,0.014,1,11.328,0.124,3,11.438,0.013,3,11.126,0.137,3,11.342,0.013,3,11.038,0.176,3,11.288,0.014,3,10.991,0.266,3,11.252,0.015,3,10.952,0.418,3,11.222,0.016,3,10.914,0.483,3,11.194,0.019,3,10.881,0.481,3,1111074301351023782,0.015529,-135.9,1,11.466,0.022,11.185,0.020,8.628,0.022,6.437,0.048,709914239,0.246533,-46.5,1,0.42,13.766,0.0710,12.908,0.0864,12.491,0.0531,-0.1059926035612910,0.2512511660328420,-0.9621010443593940,111022110,10214825440087
112.8729091,-74.1753980,0.0465,0.0395,0.0107,285.9232868,-23.3596582,235.1435177,-79.3122386,182.865,281.764,183.817,282.566,6411918010000130,64119r010-000130,10,64119r,130,11.434,0.018,59.0,13.5,11.107,0.026,42.5,2.62,7.27,1,0,0.00000,0.00000,0000,0000,3,AA,0,10,1.0,24.208,00,0000,0000,60518.39474969,0,,0,,19.381,3.915,0.000,104.869,9.369,0.000,5382,91.23,2597,61.11,7.50,7.50,11.365,0.013,0,0.260,11.014,0.067,0,0.326,12.092,0.016,0,11.865,0.054,0,11.624,0.013,0,11.340,0.067,0,11.421,0.012,0,11.102,0.075,2,11.324,0.012,1,11.000,0.085,3,11.272,0.013,1,10.953,0.091,3,11.237,0.020,1,10.918,0.103,3,11.208,0.027,1,10.878,0.125,3,11.179,0.031,3,10.836,0.136,3,1111074301351023782,0.057050,-153.6,1,11.466,0.022,11.185,0.020,8.628,0.022,6.437,0.048,709914239,0.232885,-56.2,1,0.40,13.766,0.0710,12.908,0.0864,12.491,0.0531,-0.1059927409090130,0.2512513103874130,-0.9621009915301000,111022110,10214825440087
112.8727432,-74.1754299,0.0473,0.0431,0.0062,285.9233053,-23.3597109,235.1437958,-79.3122587,426.385,432.711,426.517,432.437,6409118010000137,64091r010-000137,10,64091r,137,11.447,0.018,59.7,14.5,11.101,0.034,31.9,1.69,8.01,1,0,0.00000,0.00000,0000,0000,3,AA,0,10,1.0,28.882,00,0000,0001,60517.50262090,0,,0,,20.251,4.367,0.000,106.931,8.889,0.000,5314,89.09,2612,81.91,7.50,7.50,11.377,0.013,0,0.260,11.072,0.086,2,0.326,12.110,0.017,0,11.919,0.115,2,11.637,0.013,0,11.398,0.086,2,11.429,0.013,0,11.165,0.075,2,11.325,0.013,1,11.054,0.073,3,11.266,0.013,1,10.988,0.077,3,11.226,0.013,1,10.932,0.089,3,11.192,0.014,3,10.879,0.125,3,11.159,0.015,3,10.836,0.213,3,1111074301351023782,0.151579,65.1,1,11.466,0.022,11.185,0.020,8.628,0.022,6.437,0.048,709914239,0.246351,-7.1,1,0.44,13.766,0.0710,12.908,0.0864,12.491,0.0531,-0.1059918052069450,0.2512511237477290,-0.9621011433547290,111022110,10214825440092
112.8728847,-74.1754445,0.0465,0.0464,-0.0089,285.9233330,-23.3596784,235.1437465,-79.3122185,434.978,374.138,434.833,373.842,6408718010000129,64087r010-000129,10,64087r,129,11.416,0.019,56.9,17.9,11.151,0.029,37.6,2.13,9.89,1,0,0.00000,0.00000,0000,0000,3,AA,0,5,0.5,24.057,00,0000,0000,60517.37515581,0,,0,,19.094,3.731,0.000,107.518,8.068,0.000,5472,96.18,2495,66.42,7.50,7.50,11.376,0.021,2,0.260,11.067,0.090,2,0.326,12.108,0.025,2,11.894,0.112,2,11.636,0.021,2,11.393,0.090,2,11.434,0.020,2,11.178,0.098,2,11.337,0.019,3,11.077,0.110,3,11.280,0.019,3,11.019,0.142,3,11.241,0.019,3,10.979,0.181,3,11.210,0.020,3,10.947,0.215,3,11.180,0.021,3,10.910,0.257,3,1111074301351023782,0.116288,-0.7,1,11.466,0.022,11.185,0.020,8.628,0.022,6.437,0.048,709914239,0.341983,-29.7,1,0.54,13.766,0.0710,12.908,0.0864,12.491,0.0531,-0.1059923304156350,0.2512506361016250,-0.9621012128417630,111022110,10214825440094
112.8727849,-74.1754927,0.0449,0.0427,0.0079,285.9233743,-23.3597188,235.1440442,-79.3122146,384.313,506.240,384.994,506.175,6409518010000140,64095r010-000140,10,64095r,140,11.454,0.018,58.7,15.6,11.081,0.025,42.9,2.82,9.06,1,0,0.00000,0.00000,0000,0000,3,AA,0,10,1.0,38.743,00,0000,0000,60517.63008594,0,,0,,19.490,3.839,0.000,107.262,7.807,0.000,5282,89.98,2660,62,7.50,7.50,11.385,0.028,0,0.260,10.998,0.039,0,0.326,12.123,0.042,0,11.840,0.036,0,11.644,0.028,0,11.324,0.039,0,11.434,0.024,0,11.092,0.058,2,11.330,0.023,3,10.986,0.113,3,11.271,0.024,3,10.932,0.287,3,11.229,0.025,3,10.895,0.477,3,11.198,0.025,3,10.859,0.519,3,11.169,0.025,3,10.823,0.511,3,1111074301351023782,0.305476,18.4,1,11.466,0.022,11.185,0.020,8.628,0.022,6.437,0.048,709914239,0.475931,-8.6,1,0.67,13.766,0.0710,12.908,0.0864,12.491,0.0531,-0.1059915781877130,0.2512500749966640,-0.9621014422437210,111022110,10214825440095
112.8727964,-74.1754431,0.0462,0.0421,0.0085,285.9233238,-23.3597010,235.1438119,-79.3122393,323.791,696.483,325.627,696.603,6410318011000124,64103r011-000124,11,64103r,124,11.438,0.018,58.9,21.5,11.082,0.033,33.3,2.1,11.9,1,0,0.00000,0.00000,0000,0000,3,AA,0,5,0.5,51.768,00,0000,0001,60517.88501669,0,,0,,18.814,3.119,0.000,106.401,7.256,0.000,5360,91.01,2657,79.74,7.50,7.50,11.361,0.017,0,0.260,11.049,0.104,2,0.326,12.105,0.017,0,11.885,0.132,2,11.621,0.017,0,11.375,0.104,2,11.412,0.031,0,11.143,0.091,2,11.312,0.037,3,11.033,0.084,3,11.256,0.040,3,10.983,0.085,3,11.215,0.046,3,10.965,0.106,3,11.177,0.048,3,10.962,0.138,3,11.143,0.047,3,10.964,0.159,3,1111074301351023782,0.140186,37.5,1,11.466,0.022,11.185,0.020,8.628,0.022,6.437,0.048,709914239,0.303489,-15.8,1,0.51,13.766,0.0710,12.908,0.0864,12.491,0.0531,-0.1059919523441530,0.2512508211089240,-0.9621012061786260,111022110,10214825440095
112.8727925,-74.1754431,0.0468,0.0408,0.0169,285.9233234,-23.3597020,235.1438151,-79.3122402,29.483,362.122,31.665,363.666,6413918005000140,64139r005-000140,5,64139r,140,11.449,0.019,56.5,17.5,11.065,0.023,47.1,3.64,9.94,1,0,0.00000,0.00000,0000,0000,3,AA,0,5,0.5,45.514,00,0000,0000,60519.03207508,0,,0,,17.487,3.356,0.000,102.171,6.504,0.000,5306,93.96,2700,57.38,7.50,7.50,11.401,0.014,2,0.260,11.019,0.067,2,0.326,12.135,0.018,2,11.859,0.056,0,11.660,0.014,2,11.345,0.067,2,11.446,0.013,2,11.119,0.074,2,11.332,0.019,3,11.016,0.074,3,11.259,0.029,3,10.964,0.074,3,11.208,0.030,3,10.934,0.074,3,11.164,0.029,3,10.912,0.076,3,11.125,0.029,3,10.895,0.078,3,1111074301351023782,0.142548,38.7,1,11.466,0.022,11.185,0.020,8.628,0.022,6.437,0.048,709914239,0.302466,-15.1,1,0.51,13.766,0.0710,12.908,0.0864,12.491,0.0531,-0.1059919352420520,0.2512508283235670,-0.9621012061786260,111022110,10214825440095
112.8729402,-74.1754337,0.0398,0.0427,0.0106,285.9233267,-23.3596608,235.1436529,-79.3122118,90.540,844.049,94.379,845.247,5897618237000112,58976r237-000112,237,58976r,112,11.340,0.020,54.5,17.2,11.059,0.023,46.5,4.48,9.98,1,0,0.00000,0.00000,0000,0000,3,AA,0,10,1.0,55.370,00,0000,0000,60353.53321123,0,,0,,17.985,3.594,0.000,44.724,4.367,0.000,5867,107.7,2714,58.35,7.50,7.50,11.307,0.019,2,0.260,11.006,0.026,0,0.326,12.030,0.017,2,11.828,0.031,0,11.567,0.019,2,11.332,0.026,0,11.367,0.022,3,11.112,0.027,1,11.274,0.023,3,11.009,0.030,3,11.224,0.024,3,10.951,0.032,3,11.189,0.024,3,10.915,0.033,3,11.160,0.025,3,10.887,0.036,3,11.131,0.025,3,10.858,0.039,3,1111074301351023782,0.095451,-35.8,1,11.466,0.022,11.185,0.020,8.628,0.022,6.437,0.048,709914239,0.341778,-41.0,1,0.51,13.766,0.0710,12.908,0.0864,12.491,0.0531,-0.1059926442808800,0.2512507005231580,-0.9621011614404010,111022110,10214825440086
112.8730310,-74.1754180,0.0385,0.0455,-0.0088,285.9233184,-23.3596325,235.1435086,-79.3121999,128.316,906.481,132.220,907.486,5898418238000112,58984r238-000112,238,58984r,112,11.420,0.020,53.5,26.7,11.075,0.022,49.0,5.38,14.7,1,0,0.00000,0.00000,0000,0000,3,AA,0,5,0.5,34.359,00,0000,0000,60353.79094362,0,,0,,18.532,3.818,0.000,47.163,4.589,0.000,5448,101.9,2675,54.61,7.50,7.50,11.380,0.007,4,0.260,11.019,0.031,2,0.326,12.114,0.007,4,11.844,0.035,2,11.640,0.007,4,11.345,0.031,2,11.428,0.008,3,11.128,0.029,3,11.323,0.010,3,11.037,0.030,3,11.262,0.013,3,10.996,0.031,3,11.217,0.017,3,10.975,0.035,3,11.180,0.021,3,10.958,0.038,3,11.154,0.028,3,10.937,0.042,3,1111074301351023782,0.146492,-81.8,1,11.466,0.022,11.185,0.020,8.628,0.022,6.437,0.048,709914239,0.372441,-57.2,1,0.52,13.766,0.0710,12.908,0.0864,12.491,0.0531,-0.1059931449236590,0.2512507754520470,-0.9621010867179900,111022110,10214825440086
112.8728568,-74.1754410,0.0403,0.0387,0.0071,285.9233269,-23.3596847,235.1437534,-79.3122268,983.351,659.924,981.170,657.185,5908018237000136,59080r237-000136,237,59080r,136,11.373,0.020,54.5,17.3,11.088,0.023,47.8,4.58,9.99,1,0,0.00000,0.00000,0000,0000,3,AA,0,10,1.0,25.581,00,0000,0000,60356.88322288,0,,0,,18.319,3.665,0.000,42.486,4.341,0.000,5690,104.3,2644,55.32,7.50,7.50,11.304,0.012,0,0.260,11.000,0.034,0,0.326,12.024,0.016,0,11.817,0.037,0,11.563,0.012,0,11.326,0.034,0,11.364,0.012,2,11.114,0.035,0,11.269,0.012,3,11.020,0.039,3,11.214,0.012,3,10.977,0.046,3,11.177,0.013,3,10.955,0.053,3,11.147,0.013,3,10.941,0.060,3,11.118,0.014,3,10.935,0.064,3,1111074301351023782,0.106894,14.1,1,11.466,0.022,11.185,0.020,8.628,0.022,6.437,0.048,709914239,0.317946,-26.6,1,0.50,13.766,0.0710,12.908,0.0864,12.491,0.0531,-0.1059922309136290,0.2512507418644280,-0.9621011961839180,111022110,10214825440094
112.8729181,-74.1754434,0.0442,0.0415,-0.0147,285.9233348,-23.3596694,235.1437145,-79.3122115,165.610,936.650,169.379,937.529,5898818238000109,58988r238-000109,238,58988r,109,11.388,0.022,49.6,19.7,11.090,0.024,46.0,5.11,12,1,0,0.00000,0.00000,0000,0000,3,AA,0,5,0.5,23.487,00,0000,0000,60353.91980977,0,,0,,20.609,5.164,0.000,44.445,4.287,0.000,5614,113.1,2638,57.36,7.50,7.50,11.326,0.017,2,0.260,10.979,0.034,2,0.326,12.053,0.019,2,11.799,0.042,0,11.586,0.017,2,11.305,0.034,2,11.379,0.019,2,11.101,0.031,2,11.278,0.028,3,11.012,0.032,3,11.223,0.055,3,10.968,0.033,3,11.188,0.069,3,10.942,0.034,3,11.163,0.070,3,10.925,0.037,3,11.143,0.070,3,10.912,0.041,3,1111074301351023782,0.117401,-16.9,1,11.466,0.022,11.185,0.020,8.628,0.022,6.437,0.048,709914239,0.356102,-34.6,1,0.55,13.766,0.0710,12.908,0.0864,12.491,0.0531,-0.1059924840591270,0.2512505913330430,-0.9621012076064410,111022110,10214825440086
112.8729043,-74.1754288,0.0466,0.0425,-0.0065,285.9233184,-23.3596687,235.1436600,-79.3122227,427.082,444.787,427.291,444.530,5901618237000118,59016r237-000118,237,59016r,118,11.374,0.018,61.2,12.8,11.115,0.037,29.2,2.33,8.32,1,0,0.00000,0.00000,0000,0000,3,AA,0,10,1.0,31.168,00,0000,0000,60354.82174554,0,,0,,18.863,3.606,0.000,44.292,5.558,0.000,5684,92.91,2578,88.44,7.50,7.50,11.322,0.013,0,0.260,11.141,0.085,2,0.326,12.051,0.016,0,11.939,0.119,2,11.581,0.013,0,11.467,0.085,2,11.376,0.012,0,11.256,0.073,2,11.274,0.012,1,11.152,0.070,3,11.217,0.012,3,11.093,0.070,3,11.177,0.012,3,11.056,0.073,3,11.142,0.013,3,11.032,0.076,3,11.109,0.013,3,11.016,0.082,3,1111074301351023782,0.063216,-19.0,1,11.466,0.022,11.185,0.020,8.628,0.022,6.437,0.048,709914239,0.305726,-38.1,1,0.49,13.766,0.0710,12.908,0.0864,12.491,0.0531,-0.1059925188351660,0.2512508427455090,-0.9621011381194020,111022110,10214825440086
112.8729166,-74.1754435,0.0433,0.0377,0.0103,285.9233348,-23.3596698,235.1437161,-79.3122118,459.677,528.342,460.043,527.926,5902018237000110,59020r237-000110,237,59020r,110,11.403,0.018,59.3,19,11.058,0.025,43.1,3.53,10.5,1,0,0.00000,0.00000,0000,0000,3,AA,0,10,1.0,22.035,00,0000,0000,60354.95061178,0,,0,,19.302,3.705,0.000,42.954,5.188,0.000,5534,93.36,2718,63.09,7.50,7.50,11.316,0.012,2,0.260,10.960,0.044,2,0.326,12.041,0.016,0,11.791,0.053,0,11.576,0.012,2,11.286,0.044,2,11.372,0.012,2,11.054,0.047,2,11.269,0.012,3,10.939,0.048,3,11.206,0.012,3,10.877,0.047,3,11.160,0.013,3,10.840,0.048,3,11.121,0.015,3,10.818,0.052,3,11.086,0.016,3,10.801,0.064,3,1111074301351023782,0.117326,-16.2,1,11.466,0.022,11.185,0.020,8.628,0.022,6.437,0.048,709914239,0.355565,-34.4,1,0.55,13.766,0.0710,12.908,0.0864,12.491,0.0531,-0.1059924768287230,0.2512505925607720,-0.9621012080823790,111022110,10214825440086
112.8730678,-74.1754065,0.0421,0.0446,0.0106,285.9233097,-23.3596195,235.1434270,-79.3121978,489.860,613.202,490.403,612.648,5902418237000122,59024r237-000122,237,59024r,122,11.364,0.020,53.4,16.3,11.104,0.024,44.9,4.49,9.64,1,0,0.00000,0.00000,0000,0000,3,AA,0,10,1.0,21.963,00,0000,0000,60355.07947794,0,,0,,19.522,4.061,0.000,43.295,5.411,0.000,5736,107.5,2605,57.96,7.50,7.50,11.354,0.014,2,0.260,11.001,0.031,2,0.326,12.081,0.019,2,11.832,0.039,2,11.614,0.014,2,11.327,0.031,2,11.412,0.013,2,11.102,0.032,2,11.313,0.013,3,10.997,0.036,3,11.256,0.013,3,10.945,0.038,3,11.215,0.014,3,10.918,0.042,3,11.181,0.015,3,10.897,0.050,3,11.151,0.016,3,10.876,0.058,3,1111074301351023782,0.182282,-96.5,1,11.466,0.022,11.185,0.020,8.628,0.022,6.437,0.048,709914239,0.384273,-65.4,1,0.53,13.766,0.0710,12.908,0.0864,12.491,0.0531,-0.1059933813558450,0.2512508852963790,-0.9621010319849680,111022110,10214825440086
112.8729588,-74.1754249,0.0430,0.0378,-0.0089,285.9233192,-23.3596533,235.1435982,-79.3122125,544.400,621.179,544.658,620.395,5902818212000119,59028r212-000119,212,59028r,119,11.377,0.020,54.6,18,11.104,0.023,48.1,5.42,11,1,0,0.00000,0.00000,0000,0000,3,AA,0,5,0.5,32.045,00,0000,0000,60355.20783477,0,,0,,24.344,4.825,0.000,45.504,5.870,0.000,5670,103.8,2606,54.15,7.50,7.50,11.309,0.026,2,0.260,11.008,0.037,2,0.326,12.022,0.036,0,11.830,0.032,0,11.568,0.026,2,11.334,0.037,2,11.374,0.025,3,11.136,0.051,3,11.281,0.027,3,11.056,0.063,3,11.226,0.027,3,11.011,0.070,3,11.187,0.027,3,10.976,0.074,3,11.156,0.027,3,10.944,0.077,3,11.128,0.028,3,10.918,0.081,3,1111074301351023782,0.087085,-58.3,1,11.466,0.022,11.185,0.020,8.628,0.022,6.437,0.048,709914239,0.331626,-46.9,1,0.50,13.766,0.0710,12.908,0.0864,12.491,0.0531,-0.1059927832805680,0.2512508022635860,-0.9621011195577850,111022110,10214825440086
112.8729408,-74.1754312,0.0430,0.0395,-0.0088,285.9233241,-23.3596599,235.1436412,-79.3122131,574.396,807.496,575.259,806.654,5903218237000132,59032r237-000132,237,59032r,132,11.412,0.019,56.9,20,11.142,0.028,38.3,3.95,11.6,1,0,0.00000,0.00000,0000,0000,3,AA,0,5,0.5,46.735,00,0000,0000,60355.33721028,0,,0,,20.067,4.066,0.000,46.067,5.400,0.000,5488,96.37,2516,65.74,7.50,7.50,11.344,0.013,0,0.260,10.996,0.049,2,0.326,12.065,0.016,0,11.812,0.059,2,11.603,0.013,0,11.322,0.049,2,11.403,0.012,0,11.118,0.046,2,11.303,0.012,3,11.032,0.047,3,11.246,0.013,3,10.990,0.054,3,11.205,0.016,3,10.955,0.065,3,11.171,0.019,3,10.912,0.074,3,11.142,0.020,3,10.866,0.076,3,1111074301351023782,0.088684,-39.5,1,11.466,0.022,11.185,0.020,8.628,0.022,6.437,0.048,709914239,0.335427,-42.0,1,0.51,13.766,0.0710,12.908,0.0864,12.491,0.0531,-0.1059926632289670,0.2512507380918950,-0.9621011495419330,111022110,10214825440086
112.8729284,-74.1754246,0.0450,0.0434,0.0070,285.9233162,-23.3596611,235.1436216,-79.3122195,715.984,148.224,713.250,146.598,5904818237000130,59048r237-000130,237,59048r,130,11.320,0.022,49.7,14.1,11.075,0.023,48.1,3.22,8.25,1,0,0.00000,0.00000,0000,0000,3,AA,0,5,0.5,28.543,00,0000,0000,60355.85242086,0,,0,,21.449,5.034,0.000,44.247,5.377,0.000,5974,120.3,2674,55.6,7.50,7.50,11.362,0.015,2,0.260,10.983,0.025,2,0.326,12.103,0.020,2,11.808,0.029,0,11.622,0.015,2,11.309,0.025,2,11.412,0.014,2,11.091,0.028,2,11.307,0.014,3,10.983,0.030,3,11.245,0.014,3,10.920,0.032,3,11.202,0.016,3,10.881,0.035,3,11.169,0.018,3,10.856,0.040,3,11.141,0.020,3,10.831,0.044,3,1111074301351023782,0.062873,-44.8,1,11.466,0.022,11.185,0.020,8.628,0.022,6.437,0.048,709914239,0.309706,-43.3,1,0.48,13.766,0.0710,12.908,0.0864,12.491,0.0531,-0.1059926519299170,0.2512508631426540,-0.9621011181299680,111022110,10214825440086
112.8729600,-74.1754202,0.0426,0.0438,-0.0039,285.9233144,-23.3596516,235.1435761,-79.3122148,729.958,299.285,727.731,297.662,5905218237000111,59052r237-000111,237,59052r,111,11.388,0.020,54.2,13.6,11.013,0.024,45.0,2.45,7.61,1,0,0.00000,0.00000,0000,0000,3,AA,0,10,1.0,20.440,00,0000,0000,60355.98128701,0,,0,,18.925,4.706,0.000,43.267,4.837,0.000,5611,103.5,2833,62.99,7.50,7.50,11.316,0.014,2,0.260,10.906,0.049,2,0.326,12.035,0.017,2,11.730,0.058,2,11.576,0.014,2,11.232,0.049,2,11.381,0.014,2,11.021,0.049,2,11.287,0.016,3,10.940,0.055,3,11.233,0.019,3,10.906,0.060,3,11.197,0.021,3,10.886,0.063,3,11.168,0.022,3,10.871,0.066,3,11.140,0.024,3,10.860,0.069,3,1111074301351023782,0.080616,-69.1,1,11.466,0.022,11.185,0.020,8.628,0.022,6.437,0.048,709914239,0.321204,-49.3,1,0.50,13.766,0.0710,12.908,0.0864,12.491,0.0531,-0.1059928192187270,0.2512508727596000,-0.9621010971886510,111022110,10214825440086
112.8729854,-74.1754186,0.0428,0.0385,0.0063,285.9233150,-23.3596445,235.1435483,-79.3122099,818.446,638.994,817.138,637.004,5906018237000118,59060r237-000118,237,59060r,118,11.349,0.019,56.0,16.1,11.064,0.029,37.1,2.39,8.97,1,0,0.00000,0.00000,0000,0000,3,AA,0,10,1.0,36.049,00,0000,0000,60356.23901935,0,,0,,19.880,3.863,0.000,45.265,5.356,0.000,5818,103.9,2703,72.82,7.50,7.50,11.290,0.013,2,0.260,11.012,0.042,2,0.326,12.006,0.016,0,11.831,0.045,2,11.550,0.013,2,11.338,0.042,2,11.349,0.012,2,11.130,0.048,2,11.250,0.012,3,11.038,0.057,3,11.195,0.013,3,10.997,0.063,3,11.157,0.014,3,10.981,0.074,3,11.124,0.015,3,10.968,0.082,3,11.092,0.016,3,10.946,0.086,3,1111074301351023782,0.102845,-77.1,1,11.466,0.022,11.185,0.020,8.628,0.022,6.437,0.048,709914239,0.336978,-52.8,1,0.49,13.766,0.0710,12.908,0.0864,12.491,0.0531,-0.1059929410445490,0.2512508505258650,-0.9621010895736249,111022110,10214825440086
112.8729703,-74.1754232,0.0442,0.0421,0.0034,285.9233184,-23.3596498,235.1435813,-79.3122108,849.507,821.814,848.857,819.726,5906418237000125,59064r237-000125,237,59064r,125,11.378,0.022,48.7,17.5,11.077,0.027,39.9,2.63,9.37,1,0,0.00000,0.00000,0000,0000,3,AA,0,10,1.0,49.554,00,0000,0000,60356.36788556,0,,0,,19.723,3.840,0.000,46.594,5.136,0.000,5664,116.3,2670,66.88,7.50,7.50,11.327,0.020,2,0.260,11.001,0.074,2,0.326,12.034,0.020,2,11.823,0.052,0,11.586,0.020,2,11.327,0.074,2,11.393,0.019,2,11.116,0.091,2,11.300,0.018,3,11.025,0.089,3,11.249,0.018,3,10.979,0.087,3,11.214,0.019,3,10.953,0.087,3,11.186,0.019,3,10.934,0.089,3,11.161,0.020,3,10.917,0.092,3,1111074301351023782,0.094141,-65.1,1,11.466,0.022,11.185,0.020,8.628,0.022,6.437,0.048,709914239,0.335916,-49.0,1,0.51,13.766,0.0710,12.908,0.0864,12.491,0.0531,-0.1059928448054040,0.2512508072909680,-0.9621011114668220,111022110,10214825440086
112.8729513,-74.1754282,0.0453,0.0399,0.0117,285.9233220,-23.3596562,235.1436192,-79.3122123,897.077,997.927,897.006,995.728,5906818238000125,59068r238-000125,238,59068r,125,11.335,0.022,49.7,18.3,11.059,0.025,43.9,7.89,12.6,1,0,0.00000,0.00000,0000,0000,3,AA,0,10,1.0,56.604,00,0000,0000,60356.49675175,0,,0,,18.117,3.591,0.000,44.132,3.954,0.000,5896,118.7,2714,61.88,7.50,7.50,11.346,0.013,0,0.260,11.032,0.029,2,0.326,12.071,0.016,0,11.870,0.032,2,11.605,0.013,0,11.358,0.029,2,11.403,0.012,2,11.128,0.029,2,11.305,0.012,3,11.025,0.031,3,11.247,0.012,3,10.972,0.034,3,11.205,0.013,3,10.934,0.037,3,11.169,0.014,3,10.901,0.040,3,11.136,0.015,3,10.871,0.043,3,1111074301351023782,0.088170,-49.2,1,11.466,0.022,11.185,0.020,8.628,0.022,6.437,0.048,709914239,0.334640,-44.6,1,0.52,13.766,0.0710,12.908,0.0864,12.491,0.0531,-0.1059927288534710,0.2512507650821430,-0.9621011352637689,111022110,10214825440086
112.8730300,-74.1753982,0.0617,0.0432,-0.0154,285.9232977,-23.3596268,235.1434204,-79.3122110,20.164,811.435,24.313,812.918,5896818237000099,58968r237-000099,237,58968r,99,11.383,0.025,43.3,17.3,11.054,0.025,43.7,4.74,9.72,1,0,0.00000,0.00000,0000,0000,3,AA,0,10,1.0,39.600,00,0000,0000,60353.27547836,0,,0,,19.164,3.653,0.000,46.367,4.049,0.000,5638,130.2,2727,62.37,7.50,7.50,11.369,0.023,2,0.260,11.051,0.026,2,0.326,12.069,0.032,2,11.893,0.030,2,11.629,0.023,2,11.377,0.026,2,11.437,0.021,2,11.137,0.025,2,11.345,0.022,3,11.022,0.026,3,11.296,0.024,3,10.967,0.028,3,11.263,0.025,3,10.942,0.031,3,11.237,0.027,3,10.927,0.033,3,11.213,0.033,3,10.912,0.037,3,1111074301351023782,0.152579,-109.3,1,11.466,0.022,11.185,0.020,8.628,0.022,6.437,0.048,709914239,0.338289,-67.3,1,0.48,13.766,0.0710,12.908,0.0864,12.491,0.0531,-0.1059932697695730,0.2512510836369540,-0.9621009924819800,111022110,10214825440087
112.8727857,-74.1754108,0.0416,0.0426,0.0104,285.9232892,-23.3596942,235.1436754,-79.3122596,54.975,833.727,59.023,835.041,5897218237000122,58972r237-000122,237,58972r,122,11.354,0.021,51.8,14.9,11.062,0.025,44.0,5.11,9.55,1,0,0.00000,0.00000,0000,0000,3,AA,0,10,1.0,51.697,00,0000,0000,60353.40434450,0,,0,,19.854,4.032,0.000,48.083,4.212,0.000,5793,111.8,2707,61.47,7.50,7.50,11.427,0.024,2,0.260,11.025,0.032,0,0.326,12.192,0.032,2,11.857,0.046,0,11.686,0.024,2,11.351,0.032,0,11.469,0.024,2,11.133,0.028,0,11.371,0.027,3,11.034,0.028,3,11.320,0.032,3,10.978,0.029,3,11.287,0.034,3,10.936,0.031,3,11.260,0.034,3,10.903,0.033,3,11.234,0.035,3,10.876,0.037,3,1111074301351023782,0.095946,93.0,1,11.466,0.022,11.185,0.020,8.628,0.022,6.437,0.048,709914239,0.189995,-22.4,1,0.37,13.766,0.0710,12.908,0.0864,12.491,0.0531,-0.1059921162372300,0.2512513406321580,-0.9621010524503630,111022110,10214825440087
112.8729427,-74.1754046,0.0404,0.0387,0.0123,285.9232967,-23.3596515,235.1435201,-79.3122273,106.744,866.037,110.574,867.174,5898018237000133,58980r237-000133,237,58980r,133,11.324,0.020,54.6,17.6,11.084,0.023,47.6,5.49,11,1,0,0.00000,0.00000,0000,0000,3,AA,0,5,0.5,48.354,00,0000,0000,60353.66207737,0,,0,,16.083,3.130,0.000,44.612,4.686,0.000,5951,109.1,2654,55.82,7.50,7.50,11.415,0.016,2,0.260,10.994,0.023,2,0.326,12.160,0.018,2,11.821,0.026,0,11.674,0.016,2,11.320,0.023,2,11.464,0.015,2,11.105,0.023,2,11.363,0.016,2,11.005,0.026,2,11.310,0.017,3,10.949,0.033,3,11.273,0.017,3,10.917,0.040,3,11.239,0.018,3,10.896,0.043,3,11.205,0.019,3,10.880,0.047,3,1111074301351023782,0.064412,-115.1,1,11.466,0.022,11.185,0.020,8.628,0.022,6.437,0.048,709914239,0.273517,-55.9,1,0.44,13.766,0.0710,12.908,0.0864,12.491,0.0531,-0.1059928451735930,0.2512511461182590,-0.9621010229421170,111022110,10214825440087
112.8728644,-74.1754061,0.0438,0.0408,-0.0087,285.9232913,-23.3596723,235.1435904,-79.3122443,168.800,24.186,168.715,25.043,5898818236000139,58988r236-000139,236,58988r,139,11.335,0.022,48.3,13.3,11.069,0.022,49.5,3.31,7.89,1,0,0.00000,0.00000,0000,0000,3,AA,0,10,1.0,24.262,00,0000,0000,60353.91968245,0,,0,,20.212,4.042,0.000,44.239,3.992,0.000,5891,122.1,2691,54.41,7.50,7.50,11.393,0.016,2,0.260,10.989,0.019,2,0.326,12.124,0.020,2,11.817,0.023,0,11.652,0.016,2,11.315,0.019,2,11.449,0.014,2,11.100,0.020,2,11.354,0.014,3,11.008,0.023,3,11.301,0.015,3,10.959,0.026,3,11.266,0.018,3,10.926,0.028,3,11.240,0.020,3,10.905,0.031,3,11.216,0.021,3,10.894,0.034,3,1111074301351023782,0.028749,139.8,1,11.466,0.022,11.185,0.020,8.628,0.022,6.437,0.048,709914239,0.218147,-43.3,1,0.40,13.766,0.0710,12.908,0.0864,12.491,0.0531,-0.1059924920253210,0.2512512677598610,-0.9621010300812100,111022110,10214825440087
112.8727812,-74.1754055,0.0498,0.0405,0.0045,285.9232833,-23.3596938,235.1436553,-79.3122636,210.040,72.380,209.958,73.084,5899218237000123,58992r237-000123,237,58992r,123,11.435,0.022,48.4,10.3,11.068,0.023,47.9,2.9,6.12,1,0,0.00000,0.00000,0000,0000,3,AA,0,10,1.0,20.921,00,0000,0000,60354.04854865,0,,0,,20.763,3.820,0.000,45.669,4.037,0.000,5376,111.1,2692,56.23,7.50,7.50,11.338,0.016,2,0.260,11.017,0.021,0,0.326,12.038,0.019,2,11.839,0.026,0,11.598,0.016,2,11.343,0.021,0,11.408,0.015,3,11.134,0.021,3,11.313,0.015,3,11.038,0.023,3,11.258,0.015,3,10.988,0.027,3,11.218,0.015,3,10.958,0.034,3,11.187,0.016,3,10.940,0.042,3,11.161,0.017,3,10.927,0.049,3,1111074301351023782,0.103092,103.5,1,11.466,0.022,11.185,0.020,8.628,0.022,6.437,0.048,709914239,0.170700,-23.5,1,0.37,13.766,0.0710,12.908,0.0864,12.491,0.0531,-0.1059921310957940,0.2512514309556660,-0.9621010272255730,111022110,10214825440087
112.8728558,-74.1754202,0.0384,0.0424,-0.0064,285.9233052,-23.3596787,235.1436608,-79.3122385,207.690,984.739,211.415,985.472,5899218238000105,58992r238-000105,238,58992r,105,11.416,0.021,52.1,23.2,11.074,0.022,48.8,7.39,14.1,1,0,0.00000,0.00000,0000,0000,3,AA,0,5,0.5,20.572,00,0000,0000,60354.04867596,0,,0,,20.728,4.387,0.000,45.121,4.080,0.000,5469,105,2678,54.9,7.50,7.50,11.328,0.023,2,0.260,11.003,0.038,2,0.326,12.049,0.025,2,11.829,0.031,0,11.587,0.023,2,11.329,0.038,2,11.388,0.021,2,11.118,0.046,2,11.292,0.022,3,11.027,0.047,3,11.237,0.025,3,10.981,0.047,3,11.201,0.029,3,10.952,0.050,3,11.172,0.068,3,10.932,0.053,3,11.148,0.134,3,10.919,0.069,3,1111074301351023782,0.039475,43.1,1,11.466,0.022,11.185,0.020,8.628,0.022,6.437,0.048,709914239,0.252640,-34.0,1,0.45,13.766,0.0710,12.908,0.0864,12.491,0.0531,-0.1059923622854030,0.2512510655212310,-0.9621010971886510,111022110,10214825440087
112.8728591,-74.1754193,0.0411,0.0367,-0.0072,285.9233046,-23.3596776,235.1436540,-79.3122382,249.567,127.573,249.488,128.119,5899618237000126,58996r237-000126,237,58996r,126,11.383,0.018,59.3,12.9,11.058,0.022,50.3,3.91,7.8,1,0,0.00000,0.00000,0000,0000,3,AA,0,10,1.0,29.262,00,0000,0000,60354.17741479,0,,0,,18.797,3.655,0.000,44.133,3.776,0.000,5636,95.02,2718,54.08,7.50,7.50,11.320,0.016,2,0.260,11.011,0.024,0,0.326,12.033,0.017,0,11.840,0.029,0,11.580,0.016,2,11.337,0.024,0,11.384,0.016,2,11.118,0.025,0,11.286,0.015,3,11.012,0.033,3,11.230,0.015,3,10.951,0.038,3,11.194,0.016,3,10.909,0.039,3,11.166,0.017,3,10.873,0.041,3,11.139,0.019,3,10.839,0.043,3,1111074301351023782,0.034896,42.9,1,11.466,0.022,11.185,0.020,8.628,0.022,6.437,0.048,709914239,0.251803,-35.0,1,0.45,13.766,0.0710,12.908,0.0864,12.491,0.0531,-0.1059923826305240,0.2512510733408450,-0.9621010929051990,111022110,10214825440087
112.8729560,-74.1754009,0.0405,0.0382,-0.0034,285.9232940,-23.3596469,235.1434926,-79.3122264,302.807,185.193,302.676,185.525,5900018237000117,59000r237-000117,237,59000r,117,11.381,0.018,60.0,15.2,11.103,0.023,46.4,3.59,8.9,1,0,0.00000,0.00000,0000,0000,3,AA,0,10,1.0,43.197,00,0000,0000,60354.30628095,0,,0,,19.181,3.180,0.000,47.638,3.932,0.000,5649,94.12,2608,56.18,7.50,7.50,11.361,0.012,2,0.260,11.003,0.025,2,0.326,12.080,0.016,0,11.832,0.030,0,11.620,0.012,2,11.329,0.025,2,11.426,0.011,2,11.113,0.025,2,11.332,0.012,3,11.003,0.030,3,11.280,0.013,3,10.934,0.035,3,11.242,0.014,3,10.890,0.043,3,11.208,0.016,3,10.862,0.052,3,11.175,0.016,3,10.841,0.056,3,1111074301351023782,0.082149,-119.7,1,11.466,0.022,11.185,0.020,8.628,0.022,6.437,0.048,709914239,0.277467,-59.7,1,0.43,13.766,0.0710,12.908,0.0864,12.491,0.0531,-0.1059929276453810,0.2512511787587060,-0.9621010053323520,111022110,10214825440087
112.8729826,-74.1753858,0.0418,0.0385,0.0086,285.9232806,-23.3596355,235.1434032,-79.3122286,349.737,257.321,349.595,257.414,5900418237000115,59004r237-000115,237,59004r,115,11.364,0.018,61.5,16.1,11.074,0.027,40.5,2.5,9.35,1,0,0.00000,0.00000,0000,0000,3,AA,0,5,0.5,54.091,00,0000,0000,60354.43514710,0,,0,,19.688,3.987,0.000,45.122,4.746,0.000,5736,93.29,2677,66.06,7.50,7.50,11.324,0.013,0,0.260,11.130,0.045,2,0.326,12.053,0.016,0,11.951,0.039,2,11.583,0.013,0,11.456,0.045,2,11.379,0.013,1,11.238,0.057,3,11.284,0.013,1,11.139,0.064,3,11.237,0.014,1,11.087,0.069,3,11.209,0.015,1,11.057,0.076,3,11.187,0.016,1,11.030,0.079,3,11.167,0.018,3,11.002,0.080,3,1111074301351023782,0.136145,-134.3,1,11.466,0.022,11.185,0.020,8.628,0.022,6.437,0.048,709914239,0.279123,-72.1,1,0.41,13.766,0.0710,12.908,0.0864,12.491,0.0531,-0.1059931428454400,0.2512513631698220,-0.9621009334654300,111022110,10214825440087
112.8729248,-74.1753915,0.0436,0.0401,0.0100,285.9232815,-23.3596522,235.1434757,-79.3122386,365.853,308.570,365.838,308.614,5900818237000112,59008r237-000112,237,59008r,112,11.356,0.018,60.9,20.1,11.071,0.028,39.2,3.22,11.5,1,0,0.00000,0.00000,0000,0000,3,AA,0,5,0.5,55.349,00,0000,0000,60354.56401324,0,,0,,16.555,3.213,0.000,45.549,4.720,0.000,5780,94.96,2685,68.57,7.50,7.50,11.322,0.012,0,0.260,11.000,0.042,2,0.326,12.048,0.016,0,11.825,0.049,2,11.582,0.012,0,11.326,0.042,2,11.377,0.011,0,11.097,0.040,2,11.274,0.012,1,10.989,0.040,3,11.217,0.012,3,10.932,0.040,3,11.180,0.013,3,10.895,0.042,3,11.152,0.013,3,10.867,0.044,3,11.126,0.014,3,10.841,0.046,3,1111074301351023782,0.084929,-151.3,1,11.466,0.022,11.185,0.020,8.628,0.022,6.437,0.048,709914239,0.234350,-63.1,1,0.39,13.766,0.0710,12.908,0.0864,12.491,0.0531,-0.1059928521802160,0.2512513819082080,-0.9621009605940110,111022110,10214825440087
112.8728533,-74.1753960,0.0425,0.0391,0.0088,285.9232798,-23.3596722,235.1435540,-79.3122524,391.085,367.865,391.195,367.779,5901218237000110,59012r237-000110,237,59012r,110,11.377,0.018,60.7,17.5,11.077,0.025,44.0,3.17,10.4,1,0,0.00000,0.00000,0000,0000,3,AA,0,10,1.0,45.278,00,0000,0000,60354.69287940,0,,0,,19.787,3.870,0.000,46.403,4.519,0.000,5670,93.38,2670,60.74,7.50,7.50,11.327,0.012,0,0.260,11.108,0.053,2,0.326,12.061,0.016,0,11.944,0.062,2,11.587,0.012,0,11.434,0.053,2,11.379,0.011,0,11.204,0.054,2,11.274,0.011,1,11.100,0.058,3,11.208,0.012,1,11.055,0.067,3,11.157,0.012,1,11.035,0.078,3,11.114,0.013,3,11.025,0.087,3,11.077,0.014,3,11.009,0.092,3,1111074301351023782,0.065334,153.2,1,11.466,0.022,11.185,0.020,8.628,0.022,6.437,0.048,709914239,0.184995,-48.6,1,0.38,13.766,0.0710,12.908,0.0864,12.491,0.0531,-0.1059925092704360,0.2512514445559250,-0.9621009820113050,111022110,10214825440087
112.8729058,-74.1753905,0.0518,0.0483,-0.0160,285.9232787,-23.3596569,235.1434866,-79.3122435,899.987,81.853,895.765,79.475,5906818236000128,59068r236-000128,236,59068r,128,11.375,0.024,45.7,9.99,11.054,0.026,41.0,4.31,6.67,1,0,0.00000,0.00000,0000,0000,3,AA,0,10,1.0,55.873,00,0000,0000,60356.49662443,0,,0,,18.927,4.192,0.000,44.519,5.292,0.000,5678,124.2,2727,66.54,7.50,7.50,11.310,0.016,2,0.260,11.000,0.020,4,0.326,12.040,0.020,0,11.833,0.024,4,11.570,0.016,2,11.326,0.020,4,11.365,0.015,2,11.102,0.019,4,11.264,0.016,3,10.994,0.021,5,11.206,0.016,3,10.935,0.023,5,11.166,0.017,3,10.898,0.029,3,11.133,0.020,3,10.867,0.037,3,11.103,0.023,3,10.839,0.050,3,1111074301351023782,0.081183,-164.2,1,11.466,0.022,11.185,0.020,8.628,0.022,6.437,0.048,709914239,0.216155,-61.7,1,0.38,13.766,0.0710,12.908,0.0864,12.491,0.0531,-0.1059927753888840,0.2512514325282310,-0.9621009558346120,111022110,10214825440087
112.8730109,-74.1754024,0.0425,0.0353,-0.0093,285.9233004,-23.3596331,235.1434548,-79.3122130,947.532,458.501,944.536,455.951,5907618237000118,59076r237-000118,237,59076r,118,11.397,0.019,57.4,21.8,11.067,0.023,47.2,5.99,13.6,1,0,0.00000,0.00000,0000,0000,3,AA,0,5,0.5,38.461,00,0000,0000,60356.75435674,0,,0,,18.377,3.620,0.000,43.895,4.374,0.000,5567,97.04,2695,57.04,7.50,7.50,11.311,0.013,2,0.260,10.986,0.035,0,0.326,12.034,0.016,0,11.810,0.039,0,11.571,0.013,2,11.312,0.035,0,11.367,0.012,2,11.096,0.035,0,11.268,0.012,3,10.997,0.037,3,11.214,0.012,3,10.944,0.038,3,11.176,0.013,3,10.916,0.041,3,11.144,0.013,3,10.898,0.044,3,11.115,0.014,3,10.881,0.049,19,1111074301351023782,0.130138,-105.7,1,11.466,0.022,11.185,0.020,8.628,0.022,6.437,0.048,709914239,0.327496,-63.6,1,0.47,13.766,0.0710,12.908,0.0864,12.491,0.0531,-0.1059931586004090,0.2512510539904790,-0.9621010124714460,111022110,10214825440087
112.8727118,-74.1754452,0.0513,0.0410,0.0068,285.9233185,-23.3597237,235.1438901,-79.3122574,647.798,773.707,648.104,772.498,5904018237000116,59040r237-000116,237,59040r,116,11.418,0.022,50.2,20.3,11.102,0.025,42.7,3.69,11.5,1,0,0.00000,0.00000,0000,0000,3,AA,0,10,1.0,54.159,00,0000,0000,60355.59481588,0,,0,,16.560,3.753,0.000,44.490,5.246,0.000,5460,108.8,2609,61.09,7.50,7.50,11.313,0.018,2,0.260,10.954,0.039,2,0.326,12.009,0.021,2,11.763,0.048,2,11.573,0.018,2,11.280,0.039,2,11.391,0.017,2,11.072,0.041,2,11.297,0.017,3,10.973,0.044,3,11.240,0.018,3,10.920,0.046,3,11.200,0.019,3,10.879,0.051,3,11.167,0.020,3,10.844,0.064,3,11.139,0.021,3,10.814,0.077,3,1111074301351023782,0.206055,54.8,1,11.466,0.022,11.185,0.020,8.628,0.022,6.437,0.048,709914239,0.299520,0.0,1,0.50,13.766,0.0710,12.908,0.0864,12.491,0.0531,-0.1059915676538550,0.2512509451207580,-0.9621012161733320,111022110,10214825440092
112.8728732,-74.1754549,0.0381,0.0364,0.0040,285.9233428,-23.3596845,235.1438026,-79.3122154,671.364,904.366,672.127,903.068,5904418237000120,59044r237-000120,237,59044r,120,11.354,0.019,57.4,17.1,11.043,0.023,47.4,4.77,10.6,1,0,0.00000,0.00000,0000,0000,3,AA,0,10,1.0,41.672,00,0000,0000,60355.72368203,0,,0,,18.819,3.334,0.000,44.957,4.723,0.000,5790,100.8,2754,58.06,7.50,7.50,11.303,0.013,0,0.260,10.961,0.024,0,0.326,12.016,0.016,0,11.779,0.030,0,11.563,0.013,0,11.287,0.024,0,11.373,0.012,0,11.075,0.026,2,11.282,0.013,1,10.975,0.036,3,11.229,0.013,3,10.920,0.052,3,11.193,0.014,3,10.884,0.058,3,11.165,0.015,3,10.855,0.060,3,11.141,0.016,3,10.830,0.063,3,1111074301351023782,0.154039,3.7,1,11.466,0.022,11.185,0.020,8.628,0.022,6.437,0.048,709914239,0.369990,-25.3,1,0.56,13.766,0.0710,12.908,0.0864,12.491,0.0531,-0.1059922121078790,0.2512504964722040,-0.9621012623393390,111022110,10214825440094
112.8729438,-74.1754496,0.0453,0.0399,0.0133,285.9233435,-23.3596646,235.1437215,-79.3122022,918.049,265.536,914.458,263.116,5907218237000118,59072r237-000118,237,59072r,118,11.402,0.020,55.5,25.8,11.006,0.028,38.8,3.39,13.9,1,0,0.00000,0.00000,0000,0000,3,AA,0,10,1.0,51.817,00,0000,0000,60356.62549058,0,,0,,20.737,4.287,0.000,46.382,5.017,0.000,5543,99.79,2850,73.53,7.50,7.50,11.366,0.013,3,0.260,11.017,0.036,3,0.326,12.097,0.016,2,11.860,0.047,2,11.626,0.013,3,11.343,0.036,3,11.419,0.012,3,11.123,0.032,3,11.317,0.013,3,11.024,0.033,3,11.257,0.014,3,10.964,0.035,3,11.213,0.014,3,10.921,0.039,3,11.174,0.015,3,10.891,0.045,3,11.138,0.016,3,10.873,0.052,3,1111074301351023782,0.147158,-23.8,1,11.466,0.022,11.185,0.020,8.628,0.022,6.437,0.048,709914239,0.388888,-35.8,1,0.58,13.766,0.0710,12.908,0.0864,12.491,0.0531,-0.1059925562913160,0.2512504478669770,-0.9621012371146170,111022110,10214825440094
112.8729592,-74.1754605,0.0426,0.0389,0.0076,285.9233562,-23.3596638,235.1437580,-79.3121927,662.350,561.095,661.693,559.778,5727201248000148,57272a248-000148,248,57272a,148,11.553,0.019,56.8,17.3,11.328,0.024,46.1,4.65,10.6,1,0,0.00000,0.00000,0000,0000,3,AA,0,10,1.0,49.084,00,0000,0000,57069.42104329,0,,0,,13.590,4.271,0.000,33.538,5.198,0.000,4806,84.54,2132,46.24,7.50,7.50,11.489,0.015,0,0.257,11.215,0.025,2,0.322,12.223,0.017,0,12.047,0.029,0,11.746,0.015,0,11.537,0.025,2,11.527,0.014,0,11.314,0.025,2,11.419,0.015,3,11.211,0.030,3,11.359,0.016,3,11.150,0.042,3,11.320,0.017,3,11.107,0.055,3,11.287,0.019,3,11.072,0.067,3,11.256,0.022,3,11.041,0.077,3,1111074301351023782,0.189172,-23.2,1,11.466,0.022,11.185,0.020,8.628,0.022,6.437,0.048,709914239,0.429689,-34.4,1,0.62,13.766,0.0710,12.908,0.0864,12.491,0.0531,-0.1059925526804200,0.2512502507391340,-0.9621012889918660,111022110,10214825440094
112.8727093,-74.1754043,0.0475,0.0535,-0.0147,285.9232757,-23.3597121,235.1437082,-79.3122806,627.265,613.715,627.021,612.560,7964801242000188,79648a242-000188,242,79648a,188,11.591,0.025,43.5,16.1,11.401,0.029,37.2,4.04,9.41,1,0,0.00000,0.00000,0000,0000,3,AA,0,10,1.0,28.285,00,0000,0000,57802.89464149,0,,0,,12.418,4.044,0.000,34.167,4.918,0.000,4660,107,1983,53.28,7.50,7.50,11.702,0.034,2,0.260,11.228,0.043,2,0.326,12.457,0.045,2,12.071,0.054,0,11.962,0.034,2,11.554,0.043,2,11.738,0.032,2,11.330,0.046,2,11.628,0.033,3,11.230,0.049,3,11.569,0.033,3,11.178,0.052,3,11.529,0.033,3,11.143,0.057,3,11.497,0.035,3,11.110,0.067,3,11.465,0.040,3,11.068,0.079,3,1111074301351023782,0.173166,99.5,1,11.466,0.022,11.185,0.020,8.628,0.022,6.437,0.048,709914239,0.152303,1.0,1,0.36,13.766,0.0710,12.908,0.0864,12.491,0.0531,-0.1059918236344490,0.2512515825299170,-0.9621010215142980,111022110,10214825440085
112.8729236,-74.1753918,0.0434,0.0402,0.0100,285.9232817,-23.3596526,235.1434780,-79.3122387,245.359,237.326,245.817,237.858,7964401240000148,79644a240-000148,240,79644a,148,11.585,0.018,58.7,20.2,11.304,0.025,43.6,3.41,11.8,1,0,0.00000,0.00000,0000,0000,3,AA,0,10,1.0,37.877,00,0000,0000,57802.76361020,0,,0,,13.690,3.860,0.000,34.338,3.879,0.000,4686,79.76,2168,49.74,7.50,7.50,11.505,0.013,0,0.260,11.242,0.025,0,0.326,12.250,0.017,0,12.080,0.032,0,11.765,0.013,0,11.568,0.025,0,11.550,0.012,0,11.340,0.025,0,11.444,0.012,1,11.236,0.028,3,11.384,0.013,3,11.188,0.032,3,11.341,0.013,3,11.159,0.035,3,11.303,0.014,3,11.129,0.039,3,11.266,0.015,3,11.096,0.045,3,1111074301351023782,0.083418,-151.7,1,11.466,0.022,11.185,0.020,8.628,0.022,6.437,0.048,709914239,0.233794,-62.7,1,0.39,13.766,0.0710,12.908,0.0864,12.491,0.0531,-0.1059928449599810,0.2512513794866750,-0.9621009620218310,111022110,10214825440087
112.8654480,-74.1756209,0.0972,0.0507,0.0380,285.9228591,-23.3616670,235.1505798,-79.3138115,798.631,360.930,796.241,359.024,305218213000141,03052r213-000141,213,03052r,141,12.503,0.029,36.9,278,9.515,0.045,24.1,70.5,170,1,0,0.00000,0.00000,0000,0000,3,AA,0,10,1.0,52.420,00,0000,1020,58529.55391126,0,,0,,13.352,3.725,0.000,36.565,5.403,0.000,2010,54.5,1.125e+04,467.6,7.50,7.50,11.992,0.038,3,0.260,10.400,0.039,3,0.326,13.084,0.055,2,11.153,0.049,2,12.252,0.038,3,10.726,0.039,3,11.771,0.028,3,10.525,0.037,3,11.517,0.024,3,10.413,0.035,3,11.386,0.022,3,10.346,0.035,3,11.316,0.022,3,10.310,0.036,3,11.274,0.023,3,10.291,0.038,3,11.248,0.024,3,10.279,0.040,3,,,,0,,,,,,,,,,,,0,7.18,,,,,,,-0.1059585675007240,0.2512616619290090,-0.9621020523925030,111022110,10214825432907
112.8729934,-74.1753803,0.0410,0.0417,0.0123,285.9232759,-23.3596310,235.1433697,-79.3122292,390.652,580.931,391.643,580.813,4768418239000120,47684r239-000120,239,47684r,120,11.479,0.019,58.0,16.9,11.173,0.023,46.9,5.21,10.7,1,0,0.00000,0.00000,0000,0000,3,AA,0,10,1.0,39.640,00,0000,0000,59987.75638346,0,,0,,20.262,4.333,0.000,42.063,4.185,0.000,5159,88.93,2445,52.16,7.50,7.50,11.392,0.015,0,0.260,11.074,0.036,2,0.326,12.134,0.018,0,11.917,0.037,2,11.652,0.015,0,11.400,0.036,2,11.440,0.014,3,11.167,0.037,3,11.335,0.014,3,11.062,0.041,3,11.274,0.014,3,11.005,0.044,3,11.231,0.015,3,10.961,0.048,3,11.195,0.016,3,10.927,0.052,3,11.160,0.017,3,10.896,0.056,3,1111074301351023782,0.157704,-136.7,1,11.466,0.022,11.185,0.020,8.628,0.022,6.437,0.048,709914239,0.283997,-76.6,1,0.40,13.766,0.0710,12.908,0.0864,12.491,0.0531,-0.1059932261026640,0.2512514282836430,-0.9621009072887200,111022110,10214825440084
112.8720928,-74.1754173,0.0428,0.0355,0.0134,285.9232347,-23.3598765,235.1442673,-79.3124135,177.685,675.536,180.307,676.335,4766018239000147,47660r239-000147,239,47660r,147,11.455,0.018,61.2,26.6,10.732,0.021,52.7,32.5,27.9,1,0,0.00000,0.00000,0000,0000,3,AA,0,5,0.5,24.271,00,0000,0000,59986.97541752,0,,0,,19.777,4.177,0.000,41.619,3.882,0.000,5276,86.25,3670,69.59,7.50,7.50,11.420,0.013,0,0.260,10.720,0.022,2,0.326,12.164,0.017,0,11.540,0.025,2,11.680,0.013,0,11.046,0.022,2,11.467,0.012,0,10.843,0.026,2,11.360,0.013,1,10.753,0.031,3,11.296,0.013,3,10.706,0.034,3,11.252,0.014,3,10.672,0.037,3,11.217,0.015,3,10.644,0.044,3,11.187,0.015,3,10.616,0.047,3,1111074301351023782,0.776247,88.6,1,11.466,0.022,11.185,0.020,8.628,0.022,6.437,0.048,709914239,0.639636,71.9,1,0.69,13.766,0.0710,12.908,0.0864,12.491,0.0531,-0.1059890353272400,0.2512525218521910,-0.9621010833864160,111022110,10214825440123
112.8730492,-74.1753811,0.0493,0.0428,0.0164,285.9232816,-23.3596167,235.1433280,-79.3122161,426.321,417.265,426.441,417.019,4768818239000130,47688r239-000130,239,47688r,130,11.531,0.019,56.8,17.6,11.117,0.028,38.5,3.58,10.1,1,0,0.00000,0.00000,0000,0000,3,AA,0,5,0.5,29.335,00,0000,0000,59987.88652317,0,,0,,18.408,3.926,0.000,42.061,5.149,0.000,4919,86.59,2575,66.94,7.50,7.50,11.447,0.016,0,0.260,11.135,0.079,2,0.326,12.197,0.022,0,11.987,0.119,2,11.707,0.016,0,11.461,0.079,2,11.495,0.016,2,11.224,0.067,2,11.394,0.017,3,11.117,0.066,3,11.337,0.018,3,11.063,0.068,3,11.296,0.019,3,11.026,0.074,3,11.261,0.019,3,10.997,0.086,3,11.226,0.020,3,10.967,0.092,3,1111074301351023782,0.197635,-124.5,1,11.466,0.022,11.185,0.020,8.628,0.022,6.437,0.048,709914239,0.338094,-78.3,1,0.46,13.766,0.0710,12.908,0.0864,12.491,0.0531,-0.1059934655733420,0.2512513126802190,-0.9621009110962420,111022110,10214825440084
112.8728118,-74.1754326,0.0430,0.0412,0.0110,285.9233142,-23.3596939,235.1437522,-79.3122416,179.575,337.890,180.780,338.722,4774818238000133,47748r238-000133,238,47748r,133,11.448,0.018,60.4,17.3,11.274,0.029,38.1,4,10.3,1,0,0.00000,0.00000,0000,0000,3,AA,0,10,1.0,30.102,00,0000,0000,59989.83912762,0,,0,,15.470,3.250,0.000,39.774,4.774,0.000,5312,87.89,2227,58.47,7.50,7.50,11.408,0.012,0,0.260,11.194,0.085,0,0.326,12.142,0.016,0,12.072,0.138,0,11.668,0.012,0,11.520,0.085,0,11.457,0.011,0,11.265,0.069,0,11.353,0.012,1,11.144,0.064,3,11.292,0.012,1,11.078,0.063,3,11.249,0.014,1,11.034,0.064,3,11.213,0.017,1,11.006,0.068,3,11.179,0.019,3,10.987,0.073,3,1111074301351023782,0.101589,43.7,1,11.466,0.022,11.185,0.020,8.628,0.022,6.437,0.048,709914239,0.272390,-21.1,1,0.46,13.766,0.0710,12.908,0.0864,12.491,0.0531,-0.1059920884065400,0.2512509550709750,-0.9621011562050750,111022110,10214825440085
112.8729600,-74.1754239,0.0406,0.0385,0.0031,285.9233183,-23.3596527,235.1435928,-79.3122127,143.559,854.815,147.136,855.776,4765618240000124,47656r240-000124,240,47656r,124,11.485,0.018,58.7,21.4,11.138,0.025,42.7,4.19,13,1,0,0.00000,0.00000,0000,0000,3,AA,0,5,0.5,31.850,00,0000,0000,59986.84527787,0,,0,,19.083,4.393,0.000,41.072,4.575,0.000,5134,87.39,2525,59.17,7.50,7.50,11.409,0.014,0,0.260,11.118,0.029,2,0.326,12.141,0.017,0,11.950,0.039,2,11.668,0.014,0,11.444,0.029,2,11.465,0.014,2,11.210,0.026,2,11.368,0.014,3,11.087,0.027,3,11.314,0.015,3,11.017,0.030,3,11.277,0.017,3,10.975,0.034,3,11.247,0.019,3,10.948,0.037,3,11.218,0.021,3,10.931,0.041,3,1111074301351023782,0.086276,-60.8,1,11.466,0.022,11.185,0.020,8.628,0.022,6.437,0.048,709914239,0.330047,-47.5,1,0.50,13.766,0.0710,12.908,0.0864,12.491,0.0531,-0.1059927950695560,0.2512508155151510,-0.9621011147983950,111022110,10214825440086
112.8728711,-74.1754307,0.0419,0.0381,0.0129,285.9233175,-23.3596779,235.1436955,-79.3122292,211.826,509.009,213.582,509.658,4766418239000159,47664r239-000159,239,47664r,159,11.470,0.018,61.3,18.2,11.151,0.022,49.8,3.59,10.1,1,0,0.00000,0.00000,0000,0000,3,AA,0,10,1.0,25.752,00,0000,0000,59987.10555728,0,,0,,18.998,3.807,0.000,40.717,4.317,0.000,5204,84.92,2495,50.12,7.50,7.50,11.431,0.012,0,0.260,11.139,0.024,0,0.326,12.165,0.016,0,11.972,0.026,0,11.690,0.012,0,11.465,0.024,0,11.482,0.012,0,11.243,0.027,2,11.379,0.012,1,11.139,0.030,3,11.319,0.012,3,11.082,0.035,3,11.277,0.013,3,11.047,0.044,3,11.240,0.014,3,11.016,0.051,3,11.202,0.015,3,10.983,0.055,3,1111074301351023782,0.067668,10.2,1,11.466,0.022,11.185,0.020,8.628,0.022,6.437,0.048,709914239,0.292510,-32.3,1,0.48,13.766,0.0710,12.908,0.0864,12.491,0.0531,-0.1059923608471400,0.2512508747669410,-0.9621011471622390,111022110,10214825440086
112.8730212,-74.1754313,0.0478,0.0417,0.0063,285.9233314,-23.3596390,235.1435763,-79.3121947,545.591,415.242,544.969,414.434,4770018239000131,47700r239-000131,239,47700r,131,11.484,0.019,56.9,14.2,11.250,0.032,34.3,4.06,9.21,1,0,0.00000,0.00000,0000,0000,3,AA,0,5,0.5,37.778,00,0000,0000,59988.27681488,0,,0,,19.387,3.516,0.000,43.104,5.087,0.000,5138,90.35,2277,66.33,7.50,7.50,11.377,0.032,3,0.260,11.136,0.044,3,0.326,12.119,0.030,1,11.967,0.060,3,11.636,0.032,3,11.462,0.044,3,11.422,0.030,3,11.234,0.041,3,11.321,0.028,3,11.126,0.057,3,11.266,0.028,3,11.068,0.102,3,11.226,0.028,3,11.035,0.156,3,11.191,0.028,3,11.011,0.168,3,11.161,0.028,3,10.991,0.166,3,1111074301351023782,0.151837,-63.1,1,11.466,0.022,11.185,0.020,8.628,0.022,6.437,0.048,709914239,0.392909,-50.6,1,0.56,13.766,0.0710,12.908,0.0864,12.491,0.0531,-0.1059930151424520,0.2512505878108560,-0.9621011500178720,111022110,10214825440086
112.8729878,-74.1754488,0.0447,0.0411,0.0122,285.9233466,-23.3596529,235.1436821,-79.3121927,48.799,656.134,52.091,657.550,4773218239000133,47732r239-000133,239,47732r,133,11.470,0.019,56.3,16.9,11.121,0.024,45.8,3.37,9.67,1,0,0.00000,0.00000,0000,0000,3,AA,0,5,0.5,43.275,00,0000,0000,59989.31856892,0,,0,,18.650,3.813,0.000,45.962,4.765,0.000,5205,92.45,2563,55.99,7.50,7.50,11.446,0.014,2,0.260,11.059,0.025,0,0.326,12.185,0.018,2,11.905,0.032,0,11.706,0.014,2,11.385,0.025,0,11.496,0.013,2,11.155,0.023,0,11.398,0.014,3,11.052,0.025,3,11.343,0.014,3,11.001,0.028,3,11.305,0.015,3,10.971,0.031,3,11.272,0.016,3,10.956,0.035,3,11.243,0.019,3,10.948,0.039,3,1111074301351023782,0.166987,-37.9,1,11.466,0.022,11.185,0.020,8.628,0.022,6.437,0.048,709914239,0.413461,-40.9,1,0.58,13.766,0.0710,12.908,0.0864,12.491,0.0531,-0.1059927544592260,0.2512503788476400,-0.9621012333071109,111022110,10214825440086
112.8728512,-74.1754372,0.0464,0.0405,0.0135,285.9233225,-23.3596850,235.1437409,-79.3122301,111.425,488.725,113.630,489.876,4774018238000130,47740r238-000130,238,47740r,130,11.477,0.018,59.2,16.1,11.165,0.027,39.7,3.35,9.74,1,0,0.00000,0.00000,0000,0000,3,AA,0,10,1.0,53.042,00,0000,0000,59989.57884825,0,,0,,17.978,4.406,0.000,40.745,3.946,0.000,5169,87.28,2463,61.99,7.50,7.50,11.428,0.012,0,0.260,11.187,0.030,2,0.326,12.170,0.016,0,12.025,0.037,2,11.688,0.012,0,11.513,0.030,2,11.471,0.012,0,11.282,0.033,2,11.360,0.012,1,11.169,0.039,3,11.294,0.012,3,11.104,0.041,3,11.246,0.013,3,11.067,0.043,3,11.206,0.013,3,11.048,0.047,3,11.169,0.014,3,11.037,0.054,3,1111074301351023782,0.095357,19.3,1,11.466,0.022,11.185,0.020,8.628,0.022,6.437,0.048,709914239,0.303254,-26.8,1,0.50,13.766,0.0710,12.908,0.0864,12.491,0.0531,-0.1059922311585160,0.2512508110155900,-0.9621011780982540,111022110,10214825440086
112.8729702,-74.1754383,0.0486,0.0412,0.0056,285.9233341,-23.3596543,235.1436492,-79.3122025,150.683,413.917,152.366,414.847,4774418238000132,47744r238-000132,238,47744r,132,11.534,0.018,58.8,18.8,11.195,0.027,40.9,3.86,9.87,1,0,0.00000,0.00000,0000,0000,3,AA,0,5,0.5,43.353,00,0000,0001,59989.70898795,0,,0,,18.385,3.761,0.000,40.558,3.918,0.000,4907,83.5,2396,58.58,7.50,7.50,11.397,0.019,2,0.260,11.156,0.031,2,0.326,12.122,0.022,2,11.999,0.039,2,11.656,0.019,2,11.482,0.031,2,11.455,0.017,2,11.251,0.030,2,11.356,0.016,3,11.144,0.037,3,11.297,0.016,3,11.087,0.046,3,11.256,0.016,3,11.052,0.053,3,11.220,0.016,3,11.033,0.055,3,11.186,0.017,3,11.020,0.057,3,1111074301351023782,0.126910,-42.2,1,11.466,0.022,11.185,0.020,8.628,0.022,6.437,0.048,709914239,0.373762,-42.7,1,0.55,13.766,0.0710,12.908,0.0864,12.491,0.0531,-0.1059927458121150,0.2512505738567320,-0.9621011833335780,111022110,10214825440086
112.8728802,-74.1754180,0.0446,0.0393,0.0074,285.9233051,-23.3596717,235.1436311,-79.3122341,86.226,297.264,87.790,298.541,4764818239000129,47648r239-000129,239,47648r,129,11.504,0.018,59.0,17.9,11.181,0.024,45.8,4.98,10.6,1,0,0.00000,0.00000,0000,0000,3,AA,0,10,1.0,51.709,00,0000,0000,59986.58487118,0,,0,,19.224,3.717,0.000,42.940,3.933,0.000,5044,85.45,2426,52.97,7.50,7.50,11.425,0.013,2,0.260,11.124,0.023,2,0.326,12.151,0.017,2,11.965,0.027,0,11.685,0.013,2,11.450,0.023,2,11.483,0.012,2,11.223,0.026,2,11.385,0.013,3,11.121,0.031,3,11.329,0.015,3,11.073,0.036,3,11.290,0.016,3,11.051,0.043,3,11.256,0.016,3,11.042,0.050,3,11.221,0.017,3,11.030,0.057,3,1111074301351023782,0.021101,8.3,1,11.466,0.022,11.185,0.020,8.628,0.022,6.437,0.048,709914239,0.260591,-39.3,1,0.43,13.766,0.0710,12.908,0.0864,12.491,0.0531,-0.1059924836421770,0.2512510544205250,-0.9621010867179900,111022110,10214825440087
112.8728978,-74.1754150,0.0433,0.0386,0.0115,285.9233035,-23.3596662,235.1436033,-79.3122318,111.013,123.301,111.671,124.481,4765218239000143,47652r239-000143,239,47652r,143,11.473,0.018,58.8,17.1,11.154,0.024,45.2,3.69,9.94,1,0,0.00000,0.00000,0000,0000,3,AA,0,10,1.0,43.563,00,0000,0000,59986.71501080,0,,0,,20.009,4.258,0.000,42.701,4.643,0.000,5189,88.23,2488,55.01,7.50,7.50,11.429,0.016,0,0.260,11.082,0.050,2,0.326,12.158,0.018,0,11.930,0.051,0,11.688,0.016,0,11.408,0.050,2,11.483,0.015,2,11.167,0.049,2,11.385,0.015,3,11.050,0.047,3,11.331,0.015,3,10.984,0.046,3,11.293,0.016,3,10.941,0.046,3,11.260,0.017,3,10.911,0.047,3,11.228,0.018,3,10.884,0.050,3,1111074301351023782,0.017442,-54.7,1,11.466,0.022,11.185,0.020,8.628,0.022,6.437,0.048,709914239,0.263959,-43.7,1,0.44,13.766,0.0710,12.908,0.0864,12.491,0.0531,-0.1059925804013140,0.2512510682763970,-0.9621010724398140,111022110,10214825440087
112.8729290,-74.1754132,0.0441,0.0404,-0.0098,285.9233044,-23.3596576,235.1435699,-79.3122257,252.368,334.900,253.163,335.405,4766818239000130,47668r239-000130,239,47668r,130,11.476,0.019,57.6,17.9,11.135,0.023,46.8,3.45,9.76,1,0,0.00000,0.00000,0000,0000,3,AA,0,10,1.0,34.584,00,0000,0000,59987.23569694,0,,0,,19.441,3.805,0.000,42.505,5.111,0.000,5177,89.88,2532,54.1,7.50,7.50,11.452,0.013,3,0.260,11.020,0.063,3,0.326,12.184,0.017,2,11.887,0.081,0,11.712,0.013,3,11.346,0.063,3,11.499,0.012,3,11.105,0.057,3,11.396,0.012,3,10.998,0.055,3,11.337,0.012,3,10.941,0.057,3,11.294,0.013,3,10.905,0.068,3,11.256,0.014,3,10.885,0.077,3,11.221,0.014,3,10.867,0.081,3,1111074301351023782,0.045008,-85.4,1,11.466,0.022,11.185,0.020,8.628,0.022,6.437,0.048,709914239,0.281700,-49.1,1,0.46,13.766,0.0710,12.908,0.0864,12.491,0.0531,-0.1059927289664700,0.2512510384075270,-0.9621010638729069,111022110,10214825440087
112.8729698,-74.1754081,0.0397,0.0382,-0.0054,285.9233027,-23.3596454,235.1435138,-79.3122192,317.782,188.724,317.545,188.950,4767218239000125,47672r239-000125,239,47672r,125,11.459,0.018,59.6,19.8,11.171,0.023,47.6,2.6,10.7,1,0,0.00000,0.00000,0000,0000,3,AA,0,10,1.0,45.804,00,0000,0000,59987.36583722,0,,0,,21.550,4.435,0.000,47.276,4.972,0.000,5256,88.25,2448,51.42,7.50,7.50,11.403,0.014,0,0.260,11.103,0.026,0,0.326,12.130,0.017,0,11.934,0.030,0,11.663,0.014,0,11.429,0.026,0,11.454,0.014,1,11.215,0.030,3,11.348,0.015,1,11.125,0.036,3,11.286,0.015,3,11.078,0.040,3,11.243,0.016,3,11.042,0.044,3,11.205,0.016,3,11.009,0.045,3,11.172,0.017,3,10.976,0.048,3,1111074301351023782,0.086190,-99.9,1,11.466,0.022,11.185,0.020,8.628,0.022,6.437,0.048,709914239,0.302643,-56.7,1,0.46,13.766,0.0710,12.908,0.0864,12.491,0.0531,-0.1059929411675920,0.2512510418351410,-0.9621010395999990,111022110,10214825440087
112.8730106,-74.1754029,0.0418,0.0388,0.0136,285.9233009,-23.3596333,235.1434573,-79.3122128,360.322,746.460,362.197,746.468,4768018239000128,47680r239-000128,239,47680r,128,11.489,0.018,59.0,13.1,11.133,0.024,44.6,3.64,7.99,1,0,0.00000,0.00000,0000,0000,3,AA,0,10,1.0,50.587,00,0000,0000,59987.62624385,0,,0,,18.708,3.853,0.000,41.882,4.704,0.000,5115,86.68,2536,56.83,7.50,7.50,11.402,0.014,2,0.260,11.092,0.036,2,0.326,12.126,0.017,0,11.935,0.044,2,11.661,0.014,2,11.418,0.036,2,11.456,0.016,2,11.191,0.037,2,11.353,0.018,3,11.095,0.040,3,11.293,0.018,3,11.051,0.043,3,11.251,0.018,3,11.027,0.049,3,11.216,0.019,3,11.002,0.055,3,11.184,0.019,3,10.969,0.059,3,1111074301351023782,0.129377,-105.0,1,11.466,0.022,11.185,0.020,8.628,0.022,6.437,0.048,709914239,0.328036,-63.3,1,0.47,13.766,0.0710,12.908,0.0864,12.491,0.0531,-0.1059931540214540,0.2512510468097250,-0.9621010148511440,111022110,10214825440087
112.8729345,-74.1754019,0.0473,0.0517,0.0036,285.9232931,-23.3596528,235.1435146,-79.3122307,586.266,300.822,584.941,299.808,4770418239000128,47704r239-000128,239,47704r,128,11.484,0.023,46.8,15.7,11.243,0.033,32.9,2.33,9.4,1,0,0.00000,0.00000,0000,0000,3,AA,0,5,0.5,47.854,00,0000,0000,59988.40695458,0,,0,,19.490,4.420,0.000,42.817,5.024,0.000,5139,109.8,2293,69.69,7.50,7.50,11.426,0.045,2,0.260,11.191,0.044,2,0.326,12.155,0.067,0,12.007,0.058,2,11.685,0.045,2,11.517,0.044,2,11.485,0.038,3,11.300,0.042,3,11.389,0.036,3,11.198,0.046,3,11.337,0.036,3,11.146,0.054,3,11.301,0.039,3,11.116,0.065,3,11.272,0.042,3,11.099,0.071,3,11.245,0.042,3,11.088,0.075,3,1111074301351023782,0.062460,-126.4,1,11.466,0.022,11.185,0.020,8.628,0.022,6.437,0.048,709914239,0.261425,-56.7,1,0.42,13.766,0.0710,12.908,0.0864,12.491,0.0531,-0.1059928268376310,0.2512512030606140,-0.9621010100917480,111022110,10214825440087
112.8729666,-74.1754016,0.0414,0.0385,0.0131,285.9232956,-23.3596443,235.1434872,-79.3122236,23.230,743.039,27.053,744.551,4772818239000144,47728r239-000144,239,47728r,144,11.479,0.019,58.4,16.6,11.184,0.022,49.5,3.73,9.38,1,0,0.00000,0.00000,0000,0000,3,AA,0,10,1.0,30.634,00,0000,0000,59989.18842932,0,,0,,17.073,3.899,0.000,39.170,4.237,0.000,5160,88.42,2420,48.92,7.50,7.50,11.435,0.015,0,0.260,11.130,0.019,0,0.326,12.163,0.017,0,11.965,0.024,0,11.694,0.015,0,11.456,0.019,0,11.488,0.014,2,11.230,0.019,2,11.385,0.014,3,11.124,0.021,3,11.325,0.014,3,11.070,0.025,3,11.284,0.015,3,11.040,0.028,3,11.249,0.016,3,11.018,0.031,3,11.216,0.017,3,11.000,0.036,3,1111074301351023782,0.090241,-115.0,1,11.466,0.022,11.185,0.020,8.628,0.022,6.437,0.048,709914239,0.287738,-60.3,1,0.44,13.766,0.0710,12.908,0.0864,12.491,0.0531,-0.1059929695593150,0.2512511483194620,-0.9621010086639290,111022110,10214825440087
112.8728870,-74.1754169,0.0428,0.0400,0.0110,285.9233045,-23.3596696,235.1436206,-79.3122332,214.975,262.229,215.647,262.897,4775218238000176,47752r238-000176,238,47752r,176,11.483,0.018,60.3,16.9,11.183,0.025,43.1,2.9,9.41,1,0,0.00000,0.00000,0000,0000,3,AA,0,10,1.0,21.917,00,0000,0000,59989.96926737,0,,0,,18.094,4.179,0.000,39.903,3.801,0.000,5141,85.22,2421,56.17,7.50,7.50,11.417,0.014,0,0.260,11.191,0.033,2,0.326,12.152,0.018,0,12.030,0.043,2,11.677,0.014,0,11.517,0.033,2,11.472,0.013,0,11.284,0.035,2,11.375,0.013,3,11.173,0.050,3,11.323,0.013,3,11.114,0.064,3,11.283,0.014,3,11.075,0.068,3,11.249,0.015,3,11.037,0.070,3,11.217,0.016,3,10.978,0.071,3,1111074301351023782,0.017305,-12.1,1,11.466,0.022,11.185,0.020,8.628,0.022,6.437,0.048,709914239,0.261870,-41.0,1,0.44,13.766,0.0710,12.908,0.0864,12.491,0.0531,-0.1059925206407130,0.2512510588597100,-0.9621010814826590,111022110,10214825440087
112.8728337,-74.1754564,0.0463,0.0443,0.0103,285.9233409,-23.3596953,235.1438414,-79.3122235,458.893,252.888,458.130,252.483,4769218239000190,47692r239-000190,239,47692r,190,11.498,0.021,51.5,17,11.188,0.024,46.0,3.59,9.19,1,0,0.00000,0.00000,0000,0000,3,AA,0,10,1.0,23.438,00,0000,0000,59988.01666288,0,,0,,17.572,3.340,0.000,40.426,4.539,0.000,5072,98.54,2411,52.38,7.50,7.50,11.430,0.015,3,0.260,11.096,0.028,3,0.326,12.121,0.018,3,11.936,0.035,1,11.689,0.015,3,11.422,0.028,3,11.501,0.016,3,11.195,0.029,3,11.404,0.017,3,11.086,0.033,3,11.350,0.018,3,11.023,0.036,3,11.316,0.019,3,10.978,0.038,3,11.286,0.020,3,10.944,0.041,3,11.255,0.021,3,10.924,0.045,3,1111074301351023782,0.166403,17.0,1,11.466,0.022,11.185,0.020,8.628,0.022,6.437,0.048,709914239,0.360229,-19.4,1,0.55,13.766,0.0710,12.908,0.0864,12.491,0.0531,-0.1059920291043370,0.2512505463364770,-0.9621012694784100,111022110,10214825440095
112.8728785,-74.1754162,0.0485,0.0521,0.0108,285.9233030,-23.3596716,235.1436243,-79.3122355,961.461,18.274,956.618,15.616,6840401246000161,68404a246-000161,246,68404a,161,11.590,0.023,47.7,13.9,11.319,0.025,43.7,4.41,8.74,1,0,0.00000,0.00000,0000,0000,3,AA,0,10,1.0,49.897,00,0000,0000,57434.57731958,0,,0,,15.075,4.382,0.000,33.429,3.401,0.000,4666,97.75,2133,48.79,7.50,7.50,11.519,0.016,2,0.260,11.260,0.029,0,0.326,12.265,0.021,2,12.112,0.039,0,11.778,0.016,2,11.586,0.029,0,11.562,0.016,3,11.350,0.028,3,11.455,0.018,3,11.242,0.030,3,11.394,0.019,3,11.189,0.033,3,11.351,0.022,3,11.156,0.038,3,11.319,0.024,3,11.128,0.043,3,11.292,0.026,3,11.102,0.048,3,1111074301351023782,0.015151,18.1,1,11.466,0.022,11.185,0.020,8.628,0.022,6.437,0.048,709914239,0.254536,-40.0,1,0.43,13.766,0.0710,12.908,0.0864,12.491,0.0531,-0.1059924879356140,0.2512510854140520,-0.9621010781510850,111022110,10214825440087
112.8729913,-74.1754216,0.0464,0.0419,-0.0068,285.9233186,-23.3596439,235.1435570,-79.3122069,349.786,139.456,349.237,139.497,799518012000140,07995r012-000140,12,07995r,140,11.461,0.020,53.0,12.8,11.184,0.027,39.6,4.72,8.45,1,0,0.00000,0.00000,0000,0000,3,AA,0,10,1.0,31.502,00,0000,0000,58691.20456793,0,,0,,15.697,3.725,0.000,49.838,5.064,0.000,5248,98.96,2419,61.16,7.50,7.50,11.373,0.021,1,0.260,11.115,0.034,3,0.326,12.097,0.026,0,11.936,0.045,2,11.633,0.021,1,11.441,0.034,3,11.423,0.020,1,11.219,0.033,3,11.304,0.023,3,11.116,0.035,3,11.213,0.025,3,11.058,0.041,3,11.142,0.025,3,11.016,0.045,3,11.095,0.025,3,10.982,0.047,3,11.061,0.025,3,10.958,0.051,3,1111074301351023782,0.111293,-72.3,1,11.466,0.022,11.185,0.020,8.628,0.022,6.437,0.048,709914239,0.348159,-52.0,1,0.52,13.766,0.0710,12.908,0.0864,12.491,0.0531,-0.1059929473365260,0.2512507931968950,-0.9621011038517980,111022110,10214825440086
112.8728648,-74.1754683,0.0468,0.0425,-0.0069,285.9233560,-23.3596907,235.1438697,-79.3122099,196.140,73.196,196.129,73.940,801518012000130,08015r012-000130,12,08015r,130,11.451,0.021,51.7,15.2,11.158,0.025,43.3,3.59,9.26,1,0,0.00000,0.00000,0000,0000,3,AA,0,10,1.0,50.157,00,0000,0000,58691.85870157,0,,0,,16.015,4.214,0.000,50.199,5.327,0.000,5298,102.4,2479,57.32,7.50,7.50,11.373,0.014,0,0.260,11.097,0.064,2,0.326,12.095,0.019,0,11.915,0.046,0,11.633,0.014,0,11.423,0.064,2,11.433,0.014,2,11.210,0.081,2,11.334,0.015,3,11.112,0.084,3,11.277,0.015,3,11.059,0.086,3,11.237,0.015,3,11.020,0.089,3,11.205,0.017,3,10.987,0.089,3,11.177,0.021,3,10.963,0.089,3,1111074301351023782,0.202775,5.1,1,11.466,0.022,11.185,0.020,8.628,0.022,6.437,0.048,709914239,0.411029,-21.4,1,0.61,13.766,0.0710,12.908,0.0864,12.491,0.0531,-0.1059920878137960,0.2512503046935530,-0.9621013261150140,111022110,10214825440095
112.8729144,-74.1754347,0.0428,0.0394,0.0108,285.9233255,-23.3596678,235.1436784,-79.3122171,287.972,300.539,288.418,300.888,800318013000126,08003r013-000126,13,08003r,126,11.444,0.017,62.2,18,11.170,0.025,42.7,4.07,10.7,1,0,0.00000,0.00000,0000,0000,3,AA,0,10,1.0,29.722,00,0000,0000,58691.46624690,0,,0,,14.307,3.638,0.000,49.396,5.200,0.000,5330,85.71,2450,57.34,7.50,7.50,11.369,0.013,2,0.260,11.057,0.085,2,0.326,12.099,0.016,0,11.912,0.108,0,11.628,0.013,2,11.383,0.085,2,11.426,0.012,2,11.148,0.080,2,11.325,0.012,3,11.036,0.076,3,11.267,0.012,3,10.975,0.078,3,11.225,0.013,3,10.931,0.080,3,11.189,0.016,3,10.893,0.081,3,11.156,0.019,3,10.864,0.083,3,1111074301351023782,0.086563,-20.7,1,11.466,0.022,11.185,0.020,8.628,0.022,6.437,0.048,709914239,0.328599,-37.2,1,0.52,13.766,0.0710,12.908,0.0864,12.491,0.0531,-0.1059925246171570,0.2512507327796060,-0.9621011661997880,111022110,10214825440086
112.8728578,-74.1754311,0.0439,0.0370,0.0127,285.9233167,-23.3596815,235.1437081,-79.3122320,206.157,453.844,207.764,454.565,801118013000124,08011r013-000124,13,08011r,124,11.457,0.017,62.6,17.4,11.140,0.023,47.8,4.1,10.2,1,0,0.00000,0.00000,0000,0000,3,AA,0,5,0.5,47.123,00,0000,0000,58691.72792573,0,,0,,17.389,4.750,0.000,49.435,4.490,0.000,5267,84.14,2520,52.68,7.50,7.50,11.394,0.012,0,0.260,11.095,0.020,2,0.326,12.135,0.016,0,11.930,0.025,2,11.653,0.012,0,11.421,0.020,2,11.439,0.011,0,11.199,0.020,2,11.331,0.011,1,11.097,0.022,3,11.269,0.012,3,11.042,0.025,3,11.228,0.012,3,11.005,0.028,3,11.191,0.013,3,10.973,0.033,3,11.153,0.014,19,10.948,0.040,3,1111074301351023782,0.072499,20.2,1,11.466,0.022,11.185,0.020,8.628,0.022,6.437,0.048,709914239,0.286998,-29.9,1,0.47,13.766,0.0710,12.908,0.0864,12.491,0.0531,-0.1059922999138650,0.2512508931822190,-0.9621011490659940,111022110,10214825440086
112.8728221,-74.1754174,0.0470,0.0439,0.0083,285.9232993,-23.3596867,235.1436755,-79.3122477,582.719,945.706,584.150,944.750,796718013000128,07967r013-000128,13,07967r,128,11.424,0.024,45.2,12.6,11.156,0.026,41.2,4.51,8.52,1,0,0.00000,0.00000,0000,0000,3,AA,0,10,1.0,27.380,00,0000,0000,58690.28888201,0,,0,,14.964,3.769,0.000,49.371,4.649,0.000,5429,120.2,2484,60.22,7.50,7.50,11.378,0.066,2,0.260,11.070,0.037,2,0.326,12.088,0.045,0,11.865,0.038,2,11.637,0.066,2,11.396,0.037,2,11.443,0.084,2,11.199,0.044,2,11.348,0.085,3,11.109,0.056,3,11.295,0.081,3,11.057,0.071,3,11.260,0.079,3,11.020,0.079,3,11.230,0.077,3,10.994,0.090,3,11.202,0.077,3,10.976,0.098,3,1111074301351023782,0.062929,72.7,1,11.466,0.022,11.185,0.020,8.628,0.022,6.437,0.048,709914239,0.226845,-28.5,1,0.41,13.766,0.0710,12.908,0.0864,12.491,0.0531,-0.1059922327804930,0.2512511711835140,-0.9621010838623550,111022110,10214825440087
112.8729482,-74.1753928,0.0456,0.0398,0.0120,285.9232849,-23.3596465,235.1434626,-79.3122326,546.955,580.667,547.017,579.856,797118013000123,07971r013-000123,13,07971r,123,11.463,0.018,58.7,15,11.137,0.029,37.5,2.14,8.47,1,0,0.00000,0.00000,0000,0000,3,AA,0,10,1.0,28.129,00,0000,0000,58690.41965781,0,,0,,14.204,3.743,0.000,49.818,5.883,0.000,5240,89.22,2528,67.33,7.50,7.50,11.370,0.031,2,0.260,11.217,0.102,2,0.326,12.101,0.040,0,12.075,0.121,2,11.629,0.031,2,11.543,0.102,2,11.425,0.028,2,11.312,0.096,2,11.325,0.031,3,11.201,0.095,3,11.266,0.033,3,11.141,0.097,3,11.227,0.032,3,11.110,0.100,3,11.197,0.032,3,11.090,0.105,3,11.170,0.033,3,11.068,0.115,3,1111074301351023782,0.094535,-137.6,1,11.466,0.022,11.185,0.020,8.628,0.022,6.437,0.048,709914239,0.257024,-64.4,1,0.40,13.766,0.0710,12.908,0.0864,12.491,0.0531,-0.1059929463082020,0.2512513185070460,-0.9621009667812300,111022110,10214825440087
112.8728165,-74.1754191,0.0480,0.0413,0.0148,285.9233006,-23.3596886,235.1436877,-79.3122480,489.799,725.032,490.796,724.470,797918013000125,07979r013-000125,13,07979r,125,11.413,0.020,53.2,21.5,11.195,0.028,39.3,5.4,12.5,1,0,0.00000,0.00000,0000,0000,3,AA,0,5,0.5,44.343,00,0000,0000,58690.68133674,0,,0,,14.076,3.829,0.000,50.055,6.709,0.000,5485,103.2,2396,60.91,7.50,7.50,11.352,0.014,2,0.260,11.074,0.081,2,0.326,12.071,0.018,2,11.900,0.115,2,11.612,0.014,2,11.400,0.081,2,11.405,0.013,3,11.183,0.076,3,11.305,0.017,3,11.080,0.074,3,11.248,0.024,3,11.017,0.073,3,11.207,0.027,3,10.975,0.074,3,11.171,0.027,3,10.948,0.076,3,11.133,0.027,3,10.925,0.081,3,1111074301351023782,0.070124,69.3,1,11.466,0.022,11.185,0.020,8.628,0.022,6.437,0.048,709914239,0.229737,-26.5,1,0.44,13.766,0.0710,12.908,0.0864,12.491,0.0531,-0.1059921971280960,0.2512511552414970,-0.9621010919533211,111022110,10214825440087
112.8727834,-74.1753933,0.0455,0.0397,-0.0134,285.9232708,-23.3596896,235.1435986,-79.3122698,459.540,351.523,459.179,351.110,798318013000128,07983r013-000128,13,07983r,128,11.449,0.019,56.2,15.7,11.141,0.025,44.0,5.39,10.4,1,0,0.00000,0.00000,0000,0000,3,AA,0,10,1.0,49.609,00,0000,0000,58690.81211253,0,,0,,14.280,3.266,0.000,49.432,6.124,0.000,5306,94.35,2519,57.28,7.50,7.50,11.385,0.013,2,0.260,11.118,0.041,2,0.326,12.100,0.017,2,11.930,0.044,2,11.645,0.013,2,11.444,0.041,2,11.448,0.013,2,11.231,0.040,2,11.351,0.014,3,11.137,0.042,3,11.297,0.015,3,11.095,0.046,3,11.261,0.016,3,11.068,0.049,3,11.231,0.016,3,11.040,0.053,3,11.203,0.018,3,11.005,0.058,3,1111074301351023782,0.119363,124.8,1,11.466,0.022,11.185,0.020,8.628,0.022,6.437,0.048,709914239,0.132702,-31.9,1,0.32,13.766,0.0710,12.908,0.0864,12.491,0.0531,-0.1059922203695640,0.2512516156380500,-0.9621009691609290,111022110,10214825440087
112.8728176,-74.1754177,0.0426,0.0410,0.0098,285.9232992,-23.3596879,235.1436805,-79.3122485,417.331,897.532,419.524,897.295,798718013000134,07987r013-000134,13,07987r,134,11.441,0.019,55.9,15.3,11.135,0.026,41.0,4.28,9.43,1,0,0.00000,0.00000,0000,0000,3,AA,0,10,1.0,47.807,00,0000,0000,58690.94301571,0,,0,,14.433,3.436,0.000,49.465,5.134,0.000,5344,95.56,2532,61.77,7.50,7.50,11.353,0.013,2,0.260,11.053,0.038,2,0.326,12.070,0.016,2,11.853,0.047,2,11.613,0.013,2,11.379,0.038,2,11.418,0.013,2,11.179,0.041,2,11.322,0.013,3,11.087,0.045,3,11.263,0.014,3,11.033,0.048,3,11.224,0.015,3,10.989,0.051,3,11.195,0.017,3,10.950,0.056,3,11.167,0.023,3,10.914,0.067,3,1111074301351023782,0.067468,72.9,1,11.466,0.022,11.185,0.020,8.628,0.022,6.437,0.048,709914239,0.225732,-27.3,1,0.41,13.766,0.0710,12.908,0.0864,12.491,0.0531,-0.1059922110892430,0.2512511748666770,-0.9621010852901730,111022110,10214825440087
112.8728150,-74.1754072,0.0429,0.0399,0.0067,285.9232881,-23.3596855,235.1436355,-79.3122549,387.608,507.791,388.322,507.691,799118013000136,07991r013-000136,13,07991r,136,11.445,0.018,61.4,19.2,11.155,0.025,44.0,3.67,11.3,1,0,0.00000,0.00000,0000,0000,3,AA,0,10,1.0,40.016,00,0000,0000,58691.07379150,0,,0,,14.062,3.104,0.000,50.134,5.767,0.000,5326,86.75,2486,56.44,7.50,7.50,11.394,0.013,0,0.260,11.067,0.031,2,0.326,12.133,0.016,0,11.899,0.034,2,11.653,0.013,0,11.393,0.031,2,11.440,0.018,0,11.169,0.034,2,11.332,0.021,1,11.064,0.038,3,11.267,0.021,3,11.008,0.044,3,11.221,0.020,3,10.968,0.052,3,11.185,0.020,3,10.931,0.067,3,11.151,0.020,3,10.894,0.086,3,1111074301351023782,0.069424,105.0,1,11.466,0.022,11.185,0.020,8.628,0.022,6.437,0.048,709914239,0.191578,-31.9,1,0.38,13.766,0.0710,12.908,0.0864,12.491,0.0531,-0.1059922682188450,0.2512513421270780,-0.9621010353165440,111022110,10214825440087
112.8728274,-74.1754138,0.0432,0.0396,0.0121,285.9232960,-23.3596842,235.1436551,-79.3122485,247.303,835.857,250.214,836.348,800718013000124,08007r013-000124,13,08007r,124,11.430,0.019,56.6,18.6,11.111,0.026,41.8,4.75,11.1,1,0,0.00000,0.00000,0000,0000,3,AA,0,10,1.0,38.337,00,0000,0010,58691.59714997,0,,0,,12.827,3.194,0.000,49.575,4.657,0.000,5400,95.42,2589,61.95,7.50,7.50,11.370,0.012,0,0.260,11.102,0.061,2,0.326,12.091,0.016,0,11.935,0.049,2,11.630,0.012,0,11.428,0.061,2,11.430,0.012,2,11.201,0.084,2,11.331,0.012,3,11.095,0.089,3,11.274,0.015,3,11.038,0.088,3,11.237,0.021,3,11.002,0.090,3,11.209,0.022,3,10.977,0.093,3,11.180,0.023,3,10.956,0.095,3,1111074301351023782,0.055178,84.0,1,11.466,0.022,11.185,0.020,8.628,0.022,6.437,0.048,709914239,0.218195,-31.3,1,0.41,13.766,0.0710,12.908,0.0864,12.491,0.0531,-0.1059922795182040,0.2512512170763250,-0.9621010667285430,111022110,10214825440087
112.8728592,-74.1753780,0.0408,0.0455,-0.0109,285.9232616,-23.3596653,235.1434683,-79.3122610,193.404,987.014,197.238,987.733,801518013000136,08015r013-000136,13,08015r,136,11.469,0.021,51.2,18.2,11.162,0.028,39.0,4.78,10.9,1,0,0.00000,0.00000,0000,0000,3,AA,0,10,1.0,49.532,00,0000,0000,58691.85882894,0,,0,,15.622,4.634,0.000,49.803,5.510,0.000,5210,101.9,2469,63.26,7.50,7.50,11.372,0.018,2,0.260,11.078,0.074,2,0.326,12.088,0.021,2,11.915,0.113,0,11.632,0.018,2,11.404,0.074,2,11.431,0.019,2,11.184,0.065,2,11.329,0.020,3,11.084,0.069,3,11.267,0.021,3,11.029,0.116,3,11.226,0.022,3,10.990,0.177,3,11.192,0.023,3,10.959,0.193,3,11.159,0.026,3,10.936,0.192,3,1111074301351023782,0.125373,169.1,1,11.466,0.022,11.185,0.020,8.628,0.022,6.437,0.048,709914239,0.155563,-68.3,1,0.31,13.766,0.0710,12.908,0.0864,12.491,0.0531,-0.1059926526248560,0.2512517121280710,-0.9621008963420939,111022110,10214825440087
112.8729373,-74.1754005,0.0423,0.0378,0.0131,285.9232919,-23.3596516,235.1435060,-79.3122308,151.419,611.392,153.970,612.322,801918013000134,08019r013-000134,13,08019r,134,11.440,0.018,61.8,17.7,11.111,0.023,46.4,2.83,10.7,1,0,0.00000,0.00000,0000,0000,3,AA,0,10,1.0,46.221,00,0000,0000,58691.98960475,0,,0,,15.075,3.439,0.000,49.161,4.067,0.000,5352,86.63,2588,55.83,7.50,7.50,11.409,0.013,0,0.260,11.030,0.035,2,0.326,12.143,0.017,0,11.876,0.035,0,11.669,0.013,0,11.356,0.035,2,11.463,0.012,0,11.126,0.044,2,11.364,0.013,3,11.013,0.049,3,11.312,0.014,3,10.944,0.052,3,11.280,0.015,3,10.894,0.055,3,11.252,0.016,3,10.853,0.057,3,11.223,0.017,3,10.815,0.061,3,1111074301351023782,0.067708,-128.5,1,11.466,0.022,11.185,0.020,8.628,0.022,6.437,0.048,709914239,0.261015,-57.9,1,0.42,13.766,0.0710,12.908,0.0864,12.491,0.0531,-0.1059928482535960,0.2512512195408900,-0.9621010034285929,111022110,10214825440087
112.8728763,-74.1754203,0.0427,0.0369,0.0078,285.9233071,-23.3596734,235.1436446,-79.3122338,102.515,237.941,103.810,239.145,802318013000143,08023r013-000143,13,08023r,143,11.424,0.018,61.7,17.7,11.157,0.023,47.8,3.28,10.3,1,0,0.00000,0.00000,0000,0000,3,AA,0,10,1.0,36.817,00,0000,0000,58692.12038059,0,,0,,14.041,3.507,0.000,49.575,4.380,0.000,5428,88,2480,51.92,7.50,7.50,11.394,0.012,0,0.260,11.133,0.022,0,0.326,12.128,0.016,0,11.963,0.028,0,11.654,0.012,0,11.459,0.022,0,11.447,0.012,0,11.243,0.022,0,11.343,0.012,1,11.148,0.025,3,11.283,0.012,1,11.101,0.032,3,11.242,0.013,3,11.072,0.055,3,11.211,0.014,3,11.039,0.071,3,11.182,0.015,3,10.994,0.075,3,1111074301351023782,0.029959,13.3,1,11.466,0.022,11.185,0.020,8.628,0.022,6.437,0.048,709914239,0.264698,-37.5,1,0.46,13.766,0.0710,12.908,0.0864,12.491,0.0531,-0.1059924515284650,0.2512510260507950,-0.9621010976645900,111022110,10214825440087
112.8728744,-74.1753936,0.0413,0.0372,0.0121,285.9232792,-23.3596660,235.1435261,-79.3122489,81.505,774.519,85.129,775.717,802718013000115,08027r013-000115,13,08027r,115,11.431,0.018,59.2,15.2,11.116,0.022,48.6,3.65,8.87,1,0,0.00000,0.00000,0000,0000,3,AA,0,10,1.0,28.842,00,0000,0000,58692.25128372,0,,0,,14.164,3.332,0.000,49.868,4.630,0.000,5396,91.08,2576,52.96,7.50,7.50,11.361,0.012,2,0.260,11.080,0.020,0,0.326,12.086,0.016,0,11.905,0.024,0,11.621,0.012,2,11.406,0.020,0,11.423,0.011,2,11.190,0.025,0,11.328,0.011,3,11.091,0.031,3,11.274,0.012,3,11.036,0.036,3,11.236,0.012,3,10.985,0.048,3,11.205,0.013,3,10.910,0.063,3,11.174,0.014,3,10.806,0.068,3,1111074301351023782,0.067528,172.6,1,11.466,0.022,11.185,0.020,8.628,0.022,6.437,0.048,709914239,0.195853,-54.5,1,0.36,13.766,0.0710,12.908,0.0864,12.491,0.0531,-0.1059926174616800,0.2512514426541850,-0.9621009705887490,111022110,10214825440087
112.8729775,-74.1754061,0.0436,0.0383,0.0111,285.9233013,-23.3596428,235.1434986,-79.3122186,47.349,400.368,49.643,401.825,803118013000145,08031r013-000145,13,08031r,145,11.429,0.018,60.7,15.9,11.141,0.025,44.3,3.72,9.33,1,0,0.00000,0.00000,0000,0000,3,AA,0,10,1.0,26.211,00,0000,0000,58692.38205947,0,,0,,14.367,3.327,0.000,48.847,4.061,0.000,5404,89.07,2517,56.85,7.50,7.50,11.352,0.012,2,0.260,11.080,0.030,2,0.326,12.091,0.016,2,11.914,0.035,0,11.611,0.012,2,11.406,0.030,2,11.402,0.012,2,11.177,0.030,2,11.300,0.012,2,11.068,0.037,3,11.238,0.012,2,11.012,0.047,19,11.195,0.013,2,10.978,0.054,19,11.162,0.013,2,10.954,0.057,19,11.132,0.014,3,10.936,0.061,19,1111074301351023782,0.095047,-103.4,1,11.466,0.022,11.185,0.020,8.628,0.022,6.437,0.048,709914239,0.305186,-58.7,1,0.47,13.766,0.0710,12.908,0.0864,12.491,0.0531,-0.1059929879869220,0.2512510585336490,-0.9621010300812100,111022110,10214825440087
112.8727777,-74.1754348,0.0455,0.0388,0.0120,285.9233135,-23.3597034,235.1437898,-79.3122482,307.774,677.662,309.683,677.881,799918013000140,07999r013-000140,13,07999r,140,11.420,0.019,58.6,18.7,11.175,0.028,38.9,3.07,10.4,1,0,0.00000,0.00000,0000,0000,3,AA,0,10,1.0,26.235,00,0000,0001,58691.33547104,0,,0,,12.070,2.504,0.000,49.169,5.729,0.000,5448,92.9,2440,62.72,7.50,7.50,11.415,0.013,2,0.260,11.167,0.041,2,0.326,12.150,0.017,2,12.022,0.050,2,11.674,0.013,2,11.493,0.041,2,11.460,0.012,3,11.258,0.039,3,11.350,0.012,3,11.145,0.039,3,11.283,0.012,3,11.079,0.040,3,11.234,0.014,3,11.033,0.043,3,11.193,0.015,3,10.998,0.048,3,11.155,0.015,3,10.968,0.055,3,1111074301351023782,0.131781,51.9,1,11.466,0.022,11.185,0.020,8.628,0.022,6.437,0.048,709914239,0.269900,-13.8,1,0.48,13.766,0.0710,12.908,0.0864,12.491,0.0531,-0.1059919245138280,0.2512509841156060,-0.9621011666757270,111022110,10214825440092
112.8729296,-74.1754580,0.0415,0.0510,-0.0165,285.9233510,-23.3596708,235.1437708,-79.3122008,585.226,29.921,582.830,28.911,796718012000143,07967r012-000143,12,07967r,143,11.338,0.023,46.9,15.6,11.147,0.024,44.9,4.38,9.44,1,0,0.00000,0.00000,0000,0000,3,AA,0,10,1.0,27.082,00,0000,0000,58690.28875469,0,,0,,16.220,5.051,0.000,49.936,4.487,0.000,5876,125.2,2503,55.76,7.50,7.50,11.432,0.047,2,0.260,11.106,0.033,2,0.326,12.146,0.060,2,11.925,0.031,2,11.691,0.047,2,11.432,0.033,2,11.490,0.040,3,11.218,0.036,3,11.390,0.038,3,11.121,0.043,3,11.332,0.038,3,11.066,0.055,3,11.294,0.040,3,11.015,0.069,3,11.264,0.045,3,10.957,0.072,3,11.233,0.052,3,10.903,0.072,3,1111074301351023782,0.171030,-15.4,1,11.466,0.022,11.185,0.020,8.628,0.022,6.437,0.048,709914239,0.406290,-31.7,1,0.61,13.766,0.0710,12.908,0.0864,12.491,0.0531,-0.1059924391971300,0.2512503441754010,-0.9621012770934180,111022110,10214825440094
112.8728197,-74.1753975,0.0463,0.0413,-0.0183,285.9232784,-23.3596814,235.1435880,-79.3122592,1006.513,649.567,1004.103,646.772,3682818236000151,36828r236-000151,236,36828r,151,11.557,0.021,50.6,17.8,11.335,0.027,40.5,5.55,11.1,1,0,0.00000,0.00000,0000,0000,3,AA,0,10,1.0,34.659,00,0000,0000,59633.79150873,0,,0,,13.488,3.531,0.000,36.878,4.344,0.000,4803,94.88,2107,52.06,7.50,7.50,11.481,0.013,2,0.260,11.306,0.032,2,0.326,12.208,0.017,2,12.136,0.040,2,11.741,0.013,2,11.632,0.032,2,11.528,0.012,2,11.411,0.031,2,11.420,0.012,3,11.304,0.032,3,11.356,0.013,3,11.241,0.034,3,11.308,0.013,3,11.204,0.039,3,11.265,0.014,3,11.181,0.046,3,11.228,0.014,3,11.163,0.052,3,1111074301351023782,0.081846,130.3,1,11.466,0.022,11.185,0.020,8.628,0.022,6.437,0.048,709914239,0.165866,-39.6,1,0.36,13.766,0.0710,12.908,0.0864,12.491,0.0531,-0.1059923521387290,0.2512514835059060,-0.9621009891504020,111022110,10214825440087
112.8728709,-74.1754748,0.0441,0.0456,0.0103,285.9233633,-23.3596910,235.1438939,-79.3122049,530.655,657.384,531.144,656.654,4778818239000174,47788r239-000174,239,47788r,174,11.477,0.020,53.4,17,11.222,0.030,36.1,3.79,9.59,1,0,0.00000,0.00000,0000,0000,3,AA,0,10,1.0,26.304,00,0000,0000,59991.14065238,0,,0,,17.556,4.620,0.000,39.773,6.479,0.000,5171,96.92,2337,64.73,7.50,7.50,11.445,0.019,2,0.260,11.065,0.052,2,0.326,12.169,0.019,2,11.905,0.077,0,11.705,0.019,2,11.391,0.052,2,11.501,0.030,3,11.167,0.050,3,11.399,0.039,3,11.067,0.056,3,11.339,0.041,3,11.017,0.065,3,11.295,0.040,3,10.983,0.075,3,11.258,0.040,3,10.948,0.082,3,11.224,0.040,3,10.916,0.086,3,1111074301351023782,0.225689,3.1,1,11.466,0.022,11.185,0.020,8.628,0.022,6.437,0.048,709914239,0.435011,-21.0,1,0.63,13.766,0.0710,12.908,0.0864,12.491,0.0531,-0.1059920721391060,0.2512501928444330,-0.9621013570509570,111022110,10214825440095
112.8730136,-74.1753805,0.0460,0.0458,0.0067,285.9232779,-23.3596258,235.1433542,-79.3122245,787.140,55.761,783.541,53.895,4781618238000174,47816r238-000174,238,47816r,174,11.458,0.022,49.1,17.1,11.127,0.025,44.3,4.89,10.4,1,0,0.00000,0.00000,0000,0000,3,AA,0,10,1.0,21.676,00,0000,0000,59992.05137551,0,,0,,17.805,4.288,0.000,39.937,4.256,0.000,5260,107.2,2552,57.58,7.50,7.50,11.413,0.018,0,0.260,11.095,0.023,2,0.326,12.159,0.020,0,11.923,0.029,2,11.672,0.018,0,11.421,0.023,2,11.460,0.018,2,11.209,0.022,2,11.359,0.018,3,11.116,0.025,3,11.298,0.019,3,11.074,0.029,3,11.248,0.021,3,11.051,0.033,3,11.192,0.024,3,11.031,0.040,3,11.111,0.027,3,11.007,0.049,3,1111074301351023782,0.171422,-131.7,1,11.466,0.022,11.185,0.020,8.628,0.022,6.437,0.048,709914239,0.303478,-77.3,1,0.42,13.766,0.0710,12.908,0.0864,12.491,0.0531,-0.1059933133776210,0.2512513878207330,-0.9621009082406010,111022110,10214825440084
112.8730028,-74.1754311,0.0439,0.0404,-0.0118,285.9233295,-23.3596437,235.1435904,-79.3121990,300.820,140.859,300.456,141.260,4776018238000127,47760r238-000127,238,47760r,127,11.440,0.019,58.1,23.5,11.153,0.025,42.8,3.54,12.6,1,0,0.00000,0.00000,0000,0000,3,AA,0,5,0.5,34.866,00,0000,0000,59990.22954669,0,,0,,17.581,3.996,0.000,42.251,3.643,0.000,5351,92.04,2490,58.17,7.50,7.50,11.349,0.014,2,0.260,11.166,0.078,2,0.326,12.094,0.019,0,12.002,0.099,2,11.609,0.014,2,11.492,0.078,2,11.405,0.013,3,11.265,0.068,3,11.310,0.013,3,11.157,0.065,3,11.259,0.017,3,11.106,0.067,3,11.227,0.024,3,11.087,0.071,3,11.206,0.028,19,11.081,0.074,3,11.191,0.031,19,11.074,0.076,3,1111074301351023782,0.135616,-59.9,1,11.466,0.022,11.185,0.020,8.628,0.022,6.437,0.048,709914239,0.378654,-48.9,1,0.54,13.766,0.0710,12.908,0.0864,12.491,0.0531,-0.1059929357610490,0.2512506249437950,-0.9621011490659940,111022110,10214825440086
112.8729837,-74.1754487,0.0394,0.0400,-0.0070,285.9233461,-23.3596539,235.1436850,-79.3121937,333.962,982.772,336.933,983.021,4776418239000128,47764r239-000128,239,47764r,128,11.472,0.019,56.4,28.1,11.171,0.025,44.0,6.36,16.9,1,0,0.00000,0.00000,0000,0000,3,AA,0,5,0.5,48.473,00,0000,0000,59990.35981367,0,,0,,17.992,3.935,0.000,42.125,4.145,0.000,5193,92.14,2448,55.62,7.50,7.50,11.434,0.013,0,0.260,11.080,0.029,2,0.326,12.170,0.016,0,11.920,0.039,0,11.693,0.013,0,11.406,0.029,2,11.482,0.013,0,11.178,0.027,2,11.381,0.014,3,11.072,0.029,3,11.326,0.018,3,11.015,0.035,3,11.289,0.022,3,10.976,0.043,3,11.259,0.023,3,10.946,0.049,3,11.233,0.025,3,10.926,0.052,3,1111074301351023782,0.164257,-36.9,1,11.466,0.022,11.185,0.020,8.628,0.022,6.437,0.048,709914239,0.410563,-40.5,1,0.58,13.766,0.0710,12.908,0.0864,12.491,0.0531,-0.1059927371328070,0.2512503879794690,-0.9621012328311730,111022110,10214825440086
112.8729670,-74.1754365,0.0391,0.0379,0.0047,285.9233320,-23.3596546,235.1436437,-79.3122042,393.927,868.304,396.134,868.175,4777218239000126,47772r239-000126,239,47772r,126,11.467,0.019,56.9,17.5,11.152,0.023,47.0,3.84,9.88,1,0,0.00000,0.00000,0000,0000,3,AA,0,10,1.0,51.799,00,0000,0000,59990.62009360,0,,0,,18.569,5.117,0.000,40.696,4.558,0.000,5217,91.67,2493,53.01,7.50,7.50,11.412,0.013,0,0.260,11.100,0.043,0,0.326,12.134,0.016,0,11.914,0.044,0,11.671,0.013,0,11.426,0.043,0,11.464,0.012,2,11.214,0.040,0,11.359,0.012,3,11.121,0.039,3,11.296,0.013,3,11.076,0.041,3,11.250,0.015,3,11.052,0.044,3,11.209,0.015,3,11.037,0.047,3,11.170,0.016,3,11.025,0.050,3,1111074301351023782,0.120018,-43.2,1,11.466,0.022,11.185,0.020,8.628,0.022,6.437,0.048,709914239,0.366875,-43.0,1,0.55,13.766,0.0710,12.908,0.0864,12.491,0.0531,-0.1059927435278860,0.2512506076251340,-0.9621011747666840,111022110,10214825440086
112.8731204,-74.1754229,0.0504,0.0432,0.0009,285.9233314,-23.3596106,235.1434580,-79.3121768,428.365,806.892,430.093,806.616,4777618239000123,47776r239-000123,239,47776r,123,11.493,0.022,49.3,18.9,11.184,0.028,38.5,4.13,10.7,1,0,0.00000,0.00000,0000,0000,3,AA,0,10,1.0,38.834,00,0000,0000,59990.75023326,0,,0,,14.811,3.179,0.000,40.860,4.475,0.000,5095,103.3,2420,62.89,7.50,7.50,11.450,0.013,2,0.260,11.072,0.061,2,0.326,12.167,0.017,2,11.889,0.078,2,11.709,0.013,2,11.398,0.061,2,11.505,0.012,3,11.178,0.062,3,11.400,0.012,3,11.076,0.063,3,11.339,0.012,3,11.022,0.066,3,11.299,0.013,3,10.982,0.071,3,11.266,0.014,3,10.948,0.078,3,11.238,0.016,3,10.922,0.087,3,1111074301351023782,0.235926,-80.6,1,11.466,0.022,11.185,0.020,8.628,0.022,6.437,0.048,709914239,0.456954,-61.3,1,0.60,13.766,0.0710,12.908,0.0864,12.491,0.0531,-0.1059935049746850,0.2512505342579310,-0.9621011100390050,111022110,10214825440086
112.8730113,-74.1754263,0.0475,0.0392,-0.0051,285.9233253,-23.3596401,235.1435619,-79.3121998,784.437,971.398,784.854,969.654,4781618239000175,47816r239-000175,239,47816r,175,11.477,0.022,50.2,14.9,11.189,0.024,45.9,3.46,8.72,1,0,0.00000,0.00000,0000,0000,3,AA,0,10,1.0,21.345,00,0000,0000,59992.05150282,0,,0,,16.246,4.016,0.000,39.228,4.177,0.000,5170,103,2410,52.47,7.50,7.50,11.385,0.013,2,0.260,11.045,0.051,4,0.326,12.088,0.016,2,11.867,0.052,0,11.644,0.013,2,11.371,0.051,4,11.459,0.013,2,11.152,0.052,4,11.372,0.014,3,11.043,0.058,5,11.324,0.015,3,10.977,0.064,5,11.296,0.017,3,10.934,0.065,5,11.279,0.018,3,10.907,0.065,5,11.264,0.020,3,10.887,0.068,5,1111074301351023782,0.135522,-68.0,1,11.466,0.022,11.185,0.020,8.628,0.022,6.437,0.048,709914239,0.374051,-51.8,1,0.53,13.766,0.0710,12.908,0.0864,12.491,0.0531,-0.1059930043635510,0.2512506834824670,-0.9621011262209300,111022110,10214825440086
112.8729583,-74.1754395,0.0507,0.0491,-0.0095,285.9233343,-23.3596578,235.1436643,-79.3122045,864.721,103.679,860.820,101.453,4782418238000149,47824r238-000149,238,47824r,149,11.420,0.024,45.2,10.9,11.133,0.025,43.6,3.74,6.81,1,0,0.00000,0.00000,0000,0000,3,AA,0,5,0.5,43.552,00,0000,0000,59992.31165487,0,,0,,16.657,4.153,0.000,40.979,4.569,0.000,5452,120.6,2537,58.13,7.50,7.50,11.386,0.014,2,0.260,11.069,0.059,0,0.326,12.112,0.018,2,11.902,0.083,0,11.646,0.014,2,11.395,0.059,0,11.448,0.014,3,11.165,0.053,1,11.351,0.016,3,11.052,0.050,3,11.296,0.018,3,10.992,0.050,3,11.256,0.022,3,10.957,0.051,3,11.223,0.024,3,10.934,0.054,3,11.192,0.026,3,10.917,0.056,3,1111074301351023782,0.122800,-36.8,1,11.466,0.022,11.185,0.020,8.628,0.022,6.437,0.048,709914239,0.369194,-40.9,1,0.54,13.766,0.0710,12.908,0.0864,12.491,0.0531,-0.1059926857966670,0.2512505773050340,-0.9621011890448410,111022110,10214825440086
112.8729189,-74.1754157,0.0498,0.0432,-0.0072,285.9233061,-23.3596610,235.1435893,-79.3122266,973.328,207.166,969.157,204.479,4783618238000129,47836r238-000129,238,47836r,129,11.419,0.023,47.3,12.9,11.124,0.026,41.8,2.65,7.42,1,0,0.00000,0.00000,0000,0000,3,AA,0,10,1.0,44.039,00,0000,0000,59992.70207395,0,,0,,16.337,3.542,0.000,39.548,4.186,0.000,5456,115.3,2558,61.24,7.50,7.50,11.366,0.026,2,0.260,11.182,0.029,2,0.326,12.094,0.035,2,12.025,0.035,2,11.626,0.026,2,11.508,0.029,2,11.420,0.023,2,11.273,0.028,2,11.320,0.022,3,11.158,0.031,3,11.266,0.022,3,11.091,0.034,3,11.230,0.022,3,11.041,0.036,3,11.198,0.022,3,11.007,0.038,3,11.167,0.023,3,10.985,0.041,3,1111074301351023782,0.037150,-70.2,1,11.466,0.022,11.185,0.020,8.628,0.022,6.437,0.048,709914239,0.280406,-46.4,1,0.45,13.766,0.0710,12.908,0.0864,12.491,0.0531,-0.1059926683593940,0.2512510184130440,-0.9621010757713890,111022110,10214825440087
112.8729785,-74.1754137,0.0434,0.0409,-0.0053,285.9233093,-23.3596449,235.1435319,-79.3122142,336.692,69.877,335.871,69.981,4776418238000136,47764r238-000136,238,47764r,136,11.451,0.021,51.8,19.7,11.164,0.024,46.1,4.05,11.1,1,0,0.00000,0.00000,0000,0000,3,AA,0,10,1.0,47.795,00,0000,0000,59990.35968634,0,,0,,17.526,3.740,0.000,41.399,4.756,0.000,5295,102.2,2465,53.44,7.50,7.50,11.448,0.013,2,0.260,11.085,0.022,2,0.326,12.185,0.018,2,11.909,0.026,0,11.707,0.013,2,11.411,0.022,2,11.499,0.013,2,11.191,0.022,2,11.399,0.013,3,11.087,0.023,3,11.342,0.016,3,11.028,0.025,3,11.302,0.018,3,10.987,0.027,3,11.268,0.018,3,10.949,0.030,3,11.236,0.019,3,10.915,0.032,3,1111074301351023782,0.093613,-86.7,1,11.466,0.022,11.185,0.020,8.628,0.022,6.437,0.048,709914239,0.321071,-54.6,1,0.49,13.766,0.0710,12.908,0.0864,12.491,0.0531,-0.1059929427683410,0.2512509391005540,-0.9621010662526041,111022110,10214825440087
112.8728307,-74.1753823,0.0600,0.0500,-0.0187,285.9232636,-23.3596740,235.1435108,-79.3122651,494.581,704.967,495.475,704.416,4778418239000160,47784r239-000160,239,47784r,160,11.492,0.026,41.7,18.5,11.261,0.031,34.5,3.64,10.7,1,0,0.00000,0.00000,0000,0000,3,AA,0,5,0.5,20.491,00,0001,0000,59991.01051267,0,,0,,17.034,4.365,0.000,40.057,4.950,0.000,5101,122.2,2254,65.3,7.50,7.50,11.486,0.018,2,0.260,11.159,0.070,2,0.326,12.178,0.021,2,11.932,0.096,2,11.746,0.018,2,11.485,0.070,2,11.544,0.018,3,11.290,0.062,3,11.441,0.017,3,11.193,0.060,3,11.381,0.018,3,11.140,0.063,3,11.343,0.018,3,11.112,0.067,3,11.314,0.019,3,11.094,0.070,3,11.285,0.021,3,11.072,0.076,3,1111074301351023782,0.119385,154.4,1,11.466,0.022,11.185,0.020,8.628,0.022,6.437,0.048,709914239,0.137548,-57.9,1,0.32,13.766,0.0710,12.908,0.0864,12.491,0.0531,-0.1059924995824110,0.2512516983234000,-0.9621009168075250,111022110,10214825440087
112.8729414,-74.1754151,0.0419,0.0378,0.0051,285.9233075,-23.3596549,235.1435683,-79.3122218,613.280,578.824,612.946,577.722,4779618239000127,47796r239-000127,239,47796r,127,11.498,0.019,56.7,18.1,11.222,0.027,40.9,2.84,10.4,1,0,0.00000,0.00000,0000,0000,3,AA,0,10,1.0,51.540,00,0000,0000,59991.40093179,0,,0,,15.011,3.395,0.000,41.195,4.338,0.000,5070,89.47,2336,57.12,7.50,7.50,11.417,0.017,2,0.260,11.154,0.062,0,0.326,12.145,0.023,0,11.977,0.090,0,11.677,0.017,2,11.480,0.062,0,11.476,0.016,3,11.259,0.056,3,11.377,0.017,3,11.159,0.058,3,11.318,0.020,3,11.110,0.062,3,11.272,0.026,3,11.082,0.072,3,11.227,0.029,3,11.061,0.080,3,11.184,0.031,3,11.044,0.085,3,1111074301351023782,0.057984,-79.6,1,11.466,0.022,11.185,0.020,8.628,0.022,6.437,0.048,709914239,0.295394,-49.7,1,0.47,13.766,0.0710,12.908,0.0864,12.491,0.0531,-0.1059927709415090,0.2512509860726860,-0.9621010729157530,111022110,10214825440087
112.8728370,-74.1754214,0.0467,0.0453,-0.0044,285.9233048,-23.3596840,235.1436814,-79.3122421,694.993,30.010,691.926,28.476,4780418238000152,47804r238-000152,238,47804r,152,11.431,0.022,48.9,15.6,11.163,0.025,42.7,4.17,9.28,1,0,0.00000,0.00000,0000,0000,3,AA,0,10,1.0,48.047,00,0000,0000,59991.66095644,0,,0,,16.358,4.026,0.000,40.938,3.965,0.000,5393,110.3,2468,57.83,7.50,7.50,11.446,0.027,0,0.260,11.097,0.025,2,0.326,12.179,0.023,0,11.932,0.030,0,11.705,0.027,0,11.423,0.025,2,11.496,0.029,2,11.202,0.026,2,11.391,0.028,3,11.103,0.030,3,11.332,0.028,3,11.053,0.036,3,11.293,0.027,3,11.023,0.040,3,11.260,0.027,3,11.002,0.044,3,11.229,0.027,3,10.981,0.051,3,1111074301351023782,0.056239,53.9,1,11.466,0.022,11.185,0.020,8.628,0.022,6.437,0.048,709914239,0.246548,-29.8,1,0.44,13.766,0.0710,12.908,0.0864,12.491,0.0531,-0.1059922720122970,0.2512510817338490,-0.9621011028999200,111022110,10214825440087
112.8728840,-74.1754200,0.0433,0.0421,0.0042,285.9233075,-23.3596713,235.1436370,-79.3122322,691.686,944.476,692.500,943.131,4780418239000130,47804r239-000130,239,47804r,130,11.403,0.021,52.9,18.6,11.166,0.029,37.9,4.65,11.6,1,0,0.00000,0.00000,0000,0000,3,AA,0,10,1.0,48.062,00,0000,0000,59991.66108375,0,,0,,16.195,3.588,0.000,40.115,3.957,0.000,5535,104.6,2460,64.98,7.50,7.50,11.382,0.012,0,0.260,11.055,0.035,2,0.326,12.110,0.016,0,11.862,0.041,2,11.642,0.012,0,11.381,0.035,2,11.437,0.012,3,11.170,0.036,3,11.337,0.012,3,11.069,0.038,3,11.278,0.013,3,11.017,0.040,3,11.232,0.014,3,10.988,0.042,3,11.191,0.014,3,10.971,0.045,3,11.154,0.015,3,10.958,0.050,3,1111074301351023782,0.028088,-1.4,1,11.466,0.022,11.185,0.020,8.628,0.022,6.437,0.048,709914239,0.268530,-39.0,1,0.46,13.766,0.0710,12.908,0.0864,12.491,0.0531,-0.1059924872522120,0.2512510164478740,-0.9621010962367730,111022110,10214825440087
112.8728591,-74.1754167,0.0481,0.0468,-0.0159,285.9233018,-23.3596768,235.1436423,-79.3122397,723.325,35.743,720.045,34.130,4780818238000126,47808r238-000126,238,47808r,126,11.435,0.023,46.6,12.3,11.127,0.026,41.3,1.74,6.63,1,0,0.00000,0.00000,0000,0000,3,AA,0,10,1.0,34.708,00,0000,0000,59991.79109609,0,,0,,16.534,4.000,0.000,41.293,4.426,0.000,5375,115.3,2551,61.69,7.50,7.50,11.401,0.013,2,0.260,11.107,0.036,2,0.326,12.122,0.017,2,11.937,0.039,2,11.661,0.013,2,11.433,0.036,2,11.454,0.012,2,11.214,0.035,2,11.351,0.013,3,11.111,0.034,3,11.292,0.014,3,11.056,0.035,3,11.251,0.015,3,11.023,0.038,3,11.215,0.016,3,10.998,0.042,3,11.180,0.017,3,10.975,0.047,3,1111074301351023782,0.028755,55.7,1,11.466,0.022,11.185,0.020,8.628,0.022,6.437,0.048,709914239,0.244195,-36.3,1,0.42,13.766,0.0710,12.908,0.0864,12.491,0.0531,-0.1059923996001410,0.2512511135667020,-0.9621010805307810,111022110,10214825440087
112.8728519,-74.1753933,0.0452,0.0428,-0.0080,285.9232769,-23.3596717,235.1435430,-79.3122542,939.066,169.617,934.992,167.059,4783218238000130,47832r238-000130,238,47832r,130,11.428,0.022,49.8,17.2,11.104,0.027,40.6,4.09,10.4,1,0,0.00000,0.00000,0000,0000,3,AA,0,10,1.0,54.383,00,0000,0000,59992.57193424,0,,0,,15.276,3.397,0.000,39.766,4.083,0.000,5408,108.6,2604,64.15,7.50,7.50,11.391,0.016,2,0.260,11.145,0.025,2,0.326,12.113,0.018,2,11.973,0.030,2,11.650,0.016,2,11.471,0.025,2,11.448,0.015,2,11.248,0.025,2,11.350,0.016,3,11.143,0.028,3,11.295,0.021,3,11.080,0.035,3,11.257,0.025,3,11.034,0.044,3,11.226,0.026,3,10.998,0.050,3,11.197,0.026,3,10.971,0.055,3,1111074301351023782,0.074697,155.6,1,11.466,0.022,11.185,0.020,8.628,0.022,6.437,0.048,709914239,0.177648,-50.6,1,0.35,13.766,0.0710,12.908,0.0864,12.491,0.0531,-0.1059925207534930,0.2512514889188140,-0.9621009691609290,111022110,10214825440087
112.8727697,-74.1754333,0.0458,0.0445,-0.0041,285.9233112,-23.3597050,235.1437896,-79.3122508,756.562,45.215,753.128,43.417,4781218238000135,47812r238-000135,238,47812r,135,11.440,0.021,51.4,15.2,11.188,0.027,41.0,4.3,9.43,1,0,0.00000,0.00000,0000,0000,3,AA,0,10,1.0,24.533,00,0000,0000,59991.92123580,0,,0,,17.494,4.215,0.000,40.766,4.237,0.000,5351,104,2412,58.88,7.50,7.50,11.392,0.023,2,0.260,11.120,0.026,2,0.326,12.138,0.028,0,11.958,0.035,0,11.652,0.023,2,11.446,0.026,2,11.438,0.020,2,11.229,0.025,2,11.333,0.020,3,11.130,0.026,3,11.273,0.021,3,11.077,0.033,3,11.232,0.022,3,11.043,0.044,3,11.200,0.022,3,11.014,0.051,3,11.171,0.023,3,10.987,0.054,3,1111074301351023782,0.134932,55.7,1,11.466,0.022,11.185,0.020,8.628,0.022,6.437,0.048,709914239,0.262856,-12.4,1,0.45,13.766,0.0710,12.908,0.0864,12.491,0.0531,-0.1059918992227000,0.2512510221221110,-0.9621011595366460,111022110,10214825440092
112.8729841,-74.1754635,0.0433,0.0389,-0.0084,285.9233616,-23.3596582,235.1437512,-79.3121854,578.447,614.385,578.464,613.442,4779218239000129,47792r239-000129,239,47792r,129,11.494,0.018,59.7,20.4,11.170,0.027,39.7,3.06,11.8,1,0,0.00000,0.00000,0000,0000,3,AA,0,10,1.0,39.463,00,0000,0001,59991.27079208,0,,0,,19.114,4.453,0.000,45.191,5.785,0.000,5092,85.36,2452,61.81,7.50,7.50,11.386,0.024,2,0.260,11.184,0.070,2,0.326,12.109,0.020,0,11.986,0.053,2,11.646,0.024,2,11.510,0.070,2,11.453,0.027,2,11.308,0.080,2,11.358,0.027,3,11.214,0.081,3,11.303,0.027,3,11.159,0.081,3,11.266,0.028,3,11.121,0.083,3,11.239,0.029,3,11.092,0.088,3,11.215,0.029,3,11.070,0.096,3,1111074301351023782,0.209520,-28.2,1,11.466,0.022,11.185,0.020,8.628,0.022,6.437,0.048,709914239,0.452626,-36.2,1,0.63,13.766,0.0710,12.908,0.0864,12.491,0.0531,-0.1059926422900660,0.2512501582617080,-0.9621013032700020,111022110,10214825440094
112.8728732,-74.1754487,0.0516,0.0421,-0.0085,285.9233364,-23.3596827,235.1437747,-79.3122188,719.182,951.716,719.927,950.197,4780818239000132,47808r239-000132,239,47808r,132,11.482,0.023,48.2,15.4,11.166,0.030,36.1,5.08,9.77,1,0,0.00000,0.00000,0000,0000,3,AA,0,10,1.0,34.374,00,0000,0000,59991.79122346,0,,0,,16.819,3.640,0.000,40.970,4.741,0.000,5145,106.8,2460,68.11,7.50,7.50,11.390,0.021,2,0.260,11.018,0.107,2,0.326,12.117,0.024,0,11.853,0.163,0,11.650,0.021,2,11.344,0.107,2,11.452,0.019,2,11.127,0.092,2,11.360,0.019,3,11.030,0.090,3,11.312,0.019,3,10.980,0.091,3,11.279,0.019,3,10.947,0.096,3,11.250,0.020,3,10.918,0.101,3,11.221,0.021,3,10.888,0.105,3,1111074301351023782,0.131774,4.3,1,11.466,0.022,11.185,0.020,8.628,0.022,6.437,0.048,709914239,0.349945,-26.9,1,0.53,13.766,0.0710,12.908,0.0864,12.491,0.0531,-0.1059922525739200,0.2512505923954100,-0.9621012328311730,111022110,10214825440094
112.8729235,-74.1754696,0.0435,0.0401,-0.0073,285.9233626,-23.3596758,235.1438279,-79.3121958,753.557,960.342,754.083,958.709,4781218239000124,47812r239-000124,239,47812r,124,11.438,0.022,50.3,13.8,11.172,0.024,45.7,5.23,9.34,1,0,0.00000,0.00000,0000,0000,3,AA,0,10,1.0,24.021,00,0000,0000,59991.92136311,0,,0,,16.220,3.654,0.000,40.715,5.312,0.000,5362,106.5,2446,53.57,7.50,7.50,11.432,0.013,1,0.260,11.086,0.052,3,0.326,12.142,0.016,0,11.884,0.063,0,11.692,0.013,1,11.412,0.052,3,11.499,0.012,1,11.212,0.054,3,11.406,0.014,3,11.117,0.058,3,11.350,0.015,3,11.063,0.062,3,11.307,0.016,3,11.028,0.066,3,11.270,0.017,3,10.998,0.069,3,11.239,0.019,3,10.962,0.072,3,1111074301351023782,0.210375,-10.8,1,11.466,0.022,11.185,0.020,8.628,0.022,6.437,0.048,709914239,0.439497,-28.2,1,0.63,13.766,0.0710,12.908,0.0864,12.491,0.0531,-0.1059923367369230,0.2512501759907260,-0.9621013323022040,111022110,10214825440094
112.8727416,-74.1754469,0.0460,0.0400,0.0111,285.9233229,-23.3597164,235.1438735,-79.3122497,462.593,755.427,463.897,755.009,4778018239000127,47780r239-000127,239,47780r,127,11.503,0.019,55.9,20.7,11.219,0.027,40.2,4.04,12.1,1,0,0.00000,0.00000,0000,0000,3,AA,0,10,1.0,26.552,00,0000,0000,59990.88037296,0,,0,,15.844,3.798,0.000,41.357,5.039,0.000,5049,90.36,2342,58.3,7.50,7.50,11.416,0.014,2,0.260,11.130,0.029,2,0.326,12.129,0.017,2,11.935,0.032,2,11.676,0.014,2,11.456,0.029,2,11.475,0.014,3,11.253,0.030,3,11.375,0.015,3,11.159,0.032,3,11.315,0.016,3,11.106,0.037,3,11.272,0.017,3,11.076,0.041,3,11.234,0.018,3,11.064,0.047,3,11.201,0.019,3,11.057,0.053,3,1111074301351023782,0.186964,48.1,1,11.466,0.022,11.185,0.020,8.628,0.022,6.437,0.048,709914239,0.307018,-5.4,1,0.50,13.766,0.0710,12.908,0.0864,12.491,0.0531,-0.1059916872360300,0.2512508636921010,-0.9621012242642830,111022110,10214825440095
112.8729603,-74.1754184,0.0460,0.0387,0.0129,285.9233126,-23.3596510,235.1435678,-79.3122157,191.821,392.465,193.221,393.242,1925518014000179,19255r014-000179,14,19255r,179,11.522,0.018,61.5,21.3,11.257,0.028,39.5,3.4,11.8,1,0,0.00000,0.00000,0000,0000,3,AA,0,10,1.0,25.121,00,0000,0000,59059.43686051,0,,0,,13.645,2.982,0.000,53.643,5.087,0.000,4962,80.66,2263,57.36,7.50,7.50,11.457,0.012,0,0.260,11.169,0.043,2,0.326,12.204,0.016,0,12.014,0.053,0,11.717,0.012,0,11.495,0.043,2,11.499,0.012,0,11.272,0.048,2,11.390,0.012,3,11.171,0.061,3,11.329,0.012,3,11.113,0.072,3,11.287,0.013,3,11.069,0.077,3,11.252,0.013,3,11.039,0.081,3,11.219,0.014,3,11.018,0.091,3,1111074301351023782,0.078817,-73.5,1,11.466,0.022,11.185,0.020,8.628,0.022,6.437,0.048,709914239,0.317241,-50.2,1,0.48,13.766,0.0710,12.908,0.0864,12.491,0.0531,-0.1059928322825200,0.2512509000532730,-0.9621010886217470,111022110,10214825440086
112.8728683,-74.1753957,0.0509,0.0557,0.0219,285.9232808,-23.3596682,235.1435405,-79.3122492,650.300,470.431,649.260,469.177,1925018016000145,19250r016-000145,16,19250r,145,11.586,0.021,51.1,15.3,11.442,0.046,23.8,2.04,8.04,1,0,0.00000,0.00000,0000,0000,3,AA,0,5,0.5,25.260,00,0000,0000,59059.30608468,0,,0,,16.857,4.731,0.000,53.879,5.908,0.000,4676,91.46,1909,80.25,7.50,7.50,11.455,0.036,3,0.260,10.588,,32,0.326,12.157,0.038,3,11.266,,32,11.714,0.036,3,10.914,,32,11.519,0.033,3,10.302,,32,11.420,0.031,3,9.891,,32,11.366,0.032,3,9.780,,32,11.328,0.040,3,9.750,,32,11.298,0.045,3,9.735,,32,11.273,0.045,3,9.723,,32,1111074301351023782,0.061198,166.1,1,11.466,0.022,11.185,0.020,8.628,0.022,6.437,0.048,709914239,0.195607,-51.7,1,0.36,13.766,0.0710,12.908,0.0864,12.491,0.0531,-0.1059925770059400,0.2512514214485870,-0.9621009805834860,111022110,10214825440087
112.8728699,-74.1754257,0.0431,0.0396,0.0113,285.9233122,-23.3596767,235.1436740,-79.3122322,36.553,320.555,38.517,322.043,1925918013000163,19259r013-000163,13,19259r,163,11.521,0.018,58.8,19.6,11.249,0.023,46.5,2.78,10.7,1,0,0.00000,0.00000,0000,0000,3,AA,0,10,1.0,33.292,00,0000,0000,59059.56763628,0,,0,,16.066,3.771,0.000,53.348,4.458,0.000,4966,84.44,2279,49,7.50,7.50,11.467,0.015,0,0.260,11.209,0.032,2,0.326,12.214,0.020,0,12.038,0.035,2,11.727,0.015,0,11.535,0.032,2,11.509,0.013,0,11.314,0.039,2,11.397,0.013,1,11.208,0.051,3,11.327,0.013,1,11.143,0.059,3,11.276,0.013,3,11.090,0.064,3,11.232,0.014,3,11.043,0.068,3,11.189,0.014,3,10.999,0.070,3,1111074301351023782,0.050349,15.1,1,11.466,0.022,11.185,0.020,8.628,0.022,6.437,0.048,709914239,0.276795,-34.1,1,0.46,13.766,0.0710,12.908,0.0864,12.491,0.0531,-0.1059923882188490,0.2512509543442560,-0.9621011233652960,111022110,10214825440087
112.8727824,-74.1754249,0.0491,0.0438,-0.0059,285.9233036,-23.3596992,235.1437415,-79.3122526,248.689,458.911,249.997,459.431,5281118012000147,52811r012-000147,12,52811r,147,11.585,0.020,55.6,18.4,11.295,0.028,39.1,2.72,9.42,1,0,0.00000,0.00000,0000,0000,3,AA,0,10,1.0,30.068,00,0000,0001,60154.21464804,0,,0,,14.479,3.395,0.000,50.398,4.895,0.000,4682,84.23,2184,55.82,7.50,7.50,11.570,0.016,2,0.260,11.258,0.049,2,0.326,12.315,0.020,2,12.108,0.044,2,11.829,0.016,2,11.584,0.049,2,11.613,0.015,2,11.343,0.052,2,11.506,0.016,3,11.230,0.056,3,11.445,0.017,3,11.178,0.058,3,11.404,0.018,3,11.153,0.061,3,11.373,0.019,3,11.132,0.063,3,11.349,0.021,3,11.099,0.068,3,1111074301351023782,0.109095,65.2,1,11.466,0.022,11.185,0.020,8.628,0.022,6.437,0.048,709914239,0.236752,-17.0,1,0.43,13.766,0.0710,12.908,0.0864,12.491,0.0531,-0.1059920097389450,0.2512511285888220,-0.9621011195577850,111022110,10214825440085
112.8727570,-74.1754540,0.0449,0.0453,0.0124,285.9233316,-23.3597145,235.1438929,-79.3122423,273.652,701.684,275.852,702.075,5280718012000141,52807r012-000141,12,52807r,141,11.625,0.020,54.8,19,11.355,0.026,41.4,4.14,10.4,1,0,0.00000,0.00000,0000,0000,3,AA,0,10,1.0,40.506,00,0000,0000,60154.08501819,0,,0,,13.906,3.466,0.000,50.422,4.813,0.000,4513,82.33,2067,49.93,7.50,7.50,11.508,0.014,2,0.260,11.257,0.027,2,0.326,12.232,0.018,2,12.097,0.033,0,11.767,0.014,2,11.583,0.027,2,11.559,0.013,3,11.353,0.028,3,11.452,0.013,3,11.243,0.032,3,11.390,0.013,3,11.187,0.039,3,11.347,0.014,3,11.154,0.047,3,11.313,0.016,3,11.129,0.056,3,11.279,0.018,3,11.107,0.062,3,1111074301351023782,0.194980,39.5,1,11.466,0.022,11.185,0.020,8.628,0.022,6.437,0.048,709914239,0.334133,-7.6,1,0.53,13.766,0.0710,12.908,0.0864,12.491,0.0531,-0.1059917084274910,0.2512507253559360,-0.9621012580558960,111022110,10214825440095
112.8728754,-74.1754317,0.0452,0.0413,0.0126,285.9233189,-23.3596770,235.1436965,-79.3122277,101.539,365.827,103.366,367.007,5282718012000147,52827r012-000147,12,52827r,147,11.549,0.018,59.5,20,11.254,0.028,39.3,3.51,11.6,1,0,0.00000,0.00000,0000,0000,3,AA,0,10,1.0,48.104,00,0000,0001,60154.73329464,0,,0,,14.235,3.080,0.000,50.124,4.263,0.000,4840,81.31,2269,57.74,7.50,7.50,11.507,0.013,0,0.260,11.313,0.047,2,0.326,12.248,0.017,0,12.169,0.066,2,11.767,0.013,0,11.639,0.047,2,11.552,0.012,0,11.398,0.041,2,11.444,0.012,1,11.287,0.045,3,11.382,0.013,3,11.230,0.064,3,11.340,0.014,3,11.193,0.083,3,11.305,0.015,3,11.167,0.089,3,11.276,0.016,3,11.147,0.093,3,1111074301351023782,0.070627,6.3,1,11.466,0.022,11.185,0.020,8.628,0.022,6.437,0.048,709914239,0.297812,-32.6,1,0.48,13.766,0.0710,12.908,0.0864,12.491,0.0531,-0.1059923731765250,0.2512508513408200,-0.9621011519216270,111022110,10214825440086
112.8730029,-74.1754524,0.0457,0.0415,0.0074,285.9233517,-23.3596500,235.1436861,-79.3121873,85.895,119.738,86.793,120.911,5283118012000139,52831r012-000139,12,52831r,139,11.564,0.019,56.8,20.4,11.303,0.025,44.1,3.21,10.6,1,0,0.00000,0.00000,0000,0000,3,AA,0,5,0.5,52.821,00,0000,0000,60154.86292444,0,,0,,16.339,3.903,0.000,50.364,3.928,0.000,4772,84.03,2169,49.2,7.50,7.50,11.489,0.014,2,0.260,11.254,0.031,0,0.326,12.218,0.018,2,12.087,0.034,0,11.749,0.014,2,11.580,0.031,0,11.545,0.013,2,11.351,0.032,0,11.445,0.014,3,11.242,0.037,3,11.391,0.017,3,11.187,0.042,3,11.355,0.019,3,11.162,0.046,3,11.325,0.021,3,11.152,0.058,3,11.295,0.024,3,11.142,0.074,3,1111074301351023782,0.186358,-39.1,1,11.466,0.022,11.185,0.020,8.628,0.022,6.437,0.048,709914239,0.432972,-41.3,1,0.61,13.766,0.0710,12.908,0.0864,12.491,0.0531,-0.1059927971783960,0.2512502952165090,-0.9621012504408860,111022110,10214825440086
112.8728721,-74.1753867,0.0466,0.0419,0.0111,285.9232718,-23.3596645,235.1434969,-79.3122533,212.105,203.162,212.593,203.823,5281518012000195,52815r012-000195,12,52815r,195,11.602,0.019,56.2,20.1,11.329,0.026,41.9,3.31,10.9,1,0,0.00000,0.00000,0000,0000,3,AA,0,5,0.5,23.441,00,0000,0000,60154.34427788,0,,0,,16.676,4.313,0.000,50.864,5.183,0.000,4609,82.06,2118,50.57,7.50,7.50,11.498,0.014,0,0.260,11.234,0.059,2,0.326,12.237,0.018,0,12.073,0.058,0,11.758,0.014,0,11.560,0.059,2,11.542,0.013,0,11.333,0.063,2,11.434,0.014,1,11.229,0.065,3,11.369,0.014,3,11.176,0.066,3,11.321,0.014,3,11.146,0.070,3,11.283,0.015,3,11.122,0.077,3,11.249,0.017,3,11.082,0.086,3,1111074301351023782,0.092456,173.2,1,11.466,0.022,11.185,0.020,8.628,0.022,6.437,0.048,709914239,0.180580,-60.5,1,0.34,13.766,0.0710,12.908,0.0864,12.491,0.0531,-0.1059926524105710,0.2512515536622140,-0.9621009377488910,111022110,10214825440087
112.8728346,-74.1754286,0.0466,0.0411,0.0140,285.9233121,-23.3596867,235.1437157,-79.3122387,150.270,617.728,152.853,618.636,5282318012000144,52823r012-000144,12,52823r,144,11.557,0.019,58.3,20.1,11.319,0.026,42.4,3.19,10.9,1,0,0.00000,0.00000,0000,0000,3,AA,0,10,1.0,37.340,00,0000,0000,60154.60366485,0,,0,,14.941,3.451,0.000,50.683,4.655,0.000,4802,82.33,2138,50.45,7.50,7.50,11.484,0.013,2,0.260,11.222,0.036,2,0.326,12.223,0.017,0,12.067,0.042,2,11.744,0.013,2,11.548,0.036,2,11.535,0.012,2,11.320,0.033,2,11.432,0.012,3,11.217,0.034,3,11.372,0.012,3,11.160,0.039,3,11.328,0.013,3,11.119,0.045,3,11.291,0.014,3,11.080,0.051,3,11.255,0.015,3,11.037,0.055,3,1111074301351023782,0.075970,39.0,1,11.466,0.022,11.185,0.020,8.628,0.022,6.437,0.048,709914239,0.268273,-26.7,1,0.47,13.766,0.0710,12.908,0.0864,12.491,0.0531,-0.1059922144951760,0.2512509747789360,-0.9621011371675240,111022110,10214825440087
112.8729084,-74.1754036,0.0490,0.0425,0.0168,285.9232926,-23.3596601,235.1435434,-79.3122357,47.853,797.424,51.784,798.749,5283518012000136,52835r012-000136,12,52835r,136,11.572,0.020,54.2,26.6,11.349,0.031,34.6,5.04,15,1,0,0.00000,0.00000,0000,0000,3,AA,0,10,1.0,48.247,00,0000,0000,60154.99268170,0,,0,,14.496,3.510,0.000,49.733,4.893,0.000,4738,87.47,2079,60.08,7.50,7.50,11.503,0.016,2,0.260,11.254,0.040,2,0.326,12.241,0.018,2,12.102,0.054,2,11.762,0.016,2,11.580,0.040,2,11.546,0.016,2,11.334,0.036,2,11.437,0.019,3,11.216,0.037,3,11.374,0.022,3,11.156,0.043,3,11.332,0.023,3,11.122,0.060,3,11.297,0.029,3,11.090,0.094,3,11.260,0.038,3,11.054,0.148,3,1111074301351023782,0.039569,-141.5,1,11.466,0.022,11.185,0.020,8.628,0.022,6.437,0.048,709914239,0.244135,-52.2,1,0.40,13.766,0.0710,12.908,0.0864,12.491,0.0531,-0.1059927012893840,0.2512512250420890,-0.9621010181827210,111022110,10214825440087
112.8728485,-74.1754409,0.0453,0.0397,-0.0128,285.9233261,-23.3596868,235.1437597,-79.3122287,234.720,65.611,234.478,66.199,7944001245000195,79440a245-000195,245,79440a,195,11.536,0.020,53.6,18.7,11.301,0.024,44.5,3.88,11.1,1,0,0.00000,0.00000,0000,0000,3,AA,0,10,1.0,26.292,00,0000,0000,57796.08356517,0,,0,,13.337,3.675,0.000,34.528,4.244,0.000,4903,91.44,2173,48.83,7.50,7.50,11.483,0.013,0,0.260,11.228,0.026,0,0.326,12.205,0.017,0,12.063,0.032,0,11.742,0.013,0,11.554,0.026,0,11.540,0.013,0,11.328,0.027,0,11.439,0.013,1,11.221,0.028,3,11.384,0.014,3,11.165,0.031,3,11.346,0.015,3,11.129,0.034,3,11.314,0.016,3,11.097,0.037,3,11.284,0.017,3,11.067,0.041,3,1111074301351023782,0.108822,18.3,1,11.466,0.022,11.185,0.020,8.628,0.022,6.437,0.048,709914239,0.314062,-25.3,1,0.50,13.766,0.0710,12.908,0.0864,12.491,0.0531,-0.1059921951695380,0.2512507587658560,-0.9621011957079800,111022110,10214825440094
112.8729545,-74.1754530,0.0464,0.0443,0.0087,285.9233480,-23.3596628,235.1437281,-79.3121979,563.158,529.712,562.942,528.840,7947601246000134,79476a246-000134,246,79476a,134,11.534,0.019,57.0,17.4,11.314,0.033,33.3,1.42,10.8,1,0,0.00000,0.00000,0000,0000,3,AA,0,10,1.0,38.040,00,0000,1010,57797.26246475,0,,0,,13.838,3.906,0.000,34.710,5.327,0.000,4910,86.17,2147,64.52,7.50,7.50,11.445,0.014,0,0.260,11.420,0.061,2,0.326,12.186,0.017,0,12.241,0.067,2,11.704,0.014,0,11.746,0.061,2,11.485,0.013,2,11.522,0.065,2,11.374,0.014,2,11.413,0.068,2,11.308,0.016,3,11.355,0.070,3,11.263,0.018,3,11.314,0.074,3,11.231,0.021,3,11.275,0.079,3,11.202,0.023,3,11.237,0.084,3,1111074301351023782,0.162663,-25.4,1,11.466,0.022,11.185,0.020,8.628,0.022,6.437,0.048,709914239,0.404963,-36.0,1,0.59,13.766,0.0710,12.908,0.0864,12.491,0.0531,-0.1059925810212640,0.2512503754698210,-0.9621012532965150,111022110,10214825440094
112.8727986,-74.1754506,0.0430,0.0369,-0.0067,285.9233318,-23.3597027,235.1438439,-79.3122347,915.735,468.013,913.099,465.578,7951601245000146,79516a245-000146,245,79516a,146,11.558,0.019,55.9,20.9,11.290,0.025,44.2,4.19,11.5,1,0,0.00000,0.00000,0000,0000,3,AA,0,10,1.0,51.139,00,0000,0000,57798.57226889,0,,0,,12.278,3.548,0.000,33.861,4.464,0.000,4806,85.94,2195,49.63,7.50,7.50,11.523,0.016,0,0.260,11.190,0.025,0,0.326,12.249,0.020,0,12.017,0.031,0,11.783,0.016,0,11.516,0.025,0,11.572,0.015,0,11.290,0.025,2,11.467,0.015,3,11.179,0.027,3,11.408,0.016,3,11.115,0.033,3,11.370,0.017,3,11.076,0.038,3,11.341,0.019,3,11.047,0.046,3,11.317,0.021,3,11.021,0.061,3,1111074301351023782,0.161320,31.0,1,11.466,0.022,11.185,0.020,8.628,0.022,6.437,0.048,709914239,0.330095,-14.9,1,0.54,13.766,0.0710,12.908,0.0864,12.491,0.0531,-0.1059919130407890,0.2512507010029290,-0.9621012418739990,111022110,10214825440095
112.8727920,-74.1754375,0.0428,0.0424,-0.0086,285.9233175,-23.3597005,235.1437903,-79.3122434,673.833,689.566,673.640,688.197,7948801246000174,79488a246-000174,246,79488a,174,11.536,0.021,51.2,20.9,11.338,0.026,41.7,3.4,11.1,1,0,0.00000,0.00000,0000,0000,3,AA,0,10,1.0,47.092,00,0000,0000,57797.65543126,0,,0,,13.234,3.496,0.000,34.170,5.510,0.000,4904,95.71,2101,50.4,7.50,7.50,11.575,0.014,2,0.260,11.173,0.130,2,0.326,12.333,0.019,2,12.025,0.143,2,11.835,0.014,2,11.499,0.130,2,11.610,0.016,2,11.254,0.113,2,11.496,0.022,3,11.138,0.105,3,11.431,0.024,3,11.075,0.104,3,11.387,0.025,3,11.033,0.105,3,11.351,0.025,3,10.997,0.106,3,11.316,0.025,3,10.966,0.111,3,1111074301351023782,0.127784,44.5,1,11.466,0.022,11.185,0.020,8.628,0.022,6.437,0.048,709914239,0.282919,-16.1,1,0.48,13.766,0.0710,12.908,0.0864,12.491,0.0531,-0.1059919695993210,0.2512509158888820,-0.9621011795260700,111022110,10214825440095
112.8728132,-74.1754322,0.0506,0.0436,0.0153,285.9233139,-23.3596934,235.1437493,-79.3122415,191.088,56.691,191.034,57.506,1411618239000157,14116r239-000157,239,14116r,157,11.477,0.022,49.2,19.4,11.177,0.025,43.0,3.39,11.4,1,0,0.00000,0.00000,0000,0000,3,AA,0,10,1.0,49.371,00,0000,0000,58891.43019197,0,,0,,12.667,3.175,0.000,36.302,3.823,0.000,5171,105.2,2435,56.64,7.50,7.50,11.408,0.035,2,0.260,11.094,0.029,2,0.326,12.129,0.050,0,11.917,0.036,2,11.668,0.035,2,11.420,0.029,2,11.462,0.030,2,11.198,0.030,2,11.357,0.028,3,11.090,0.031,3,11.295,0.027,3,11.032,0.032,3,11.251,0.027,3,10.998,0.034,3,11.214,0.026,3,10.975,0.038,3,11.181,0.027,3,10.955,0.040,3,1111074301351023782,0.099598,43.7,1,11.466,0.022,11.185,0.020,8.628,0.022,6.437,0.048,709914239,0.271546,-21.5,1,0.46,13.766,0.0710,12.908,0.0864,12.491,0.0531,-0.1059920971564650,0.2512509586696960,-0.9621011543013210,111022110,10214825440085
112.8728581,-74.1754092,0.0423,0.0389,0.0117,285.9232940,-23.3596749,235.1436094,-79.3122440,120.574,546.977,123.033,548.057,1410818240000158,14108r240-000158,240,14108r,158,11.490,0.018,60.1,17.9,11.230,0.023,47.8,5,11.4,1,0,0.00000,0.00000,0000,0000,3,AA,0,10,1.0,28.412,00,0000,0000,58891.16863958,0,,0,,11.750,2.810,0.000,37.083,5.249,0.000,5110,84.98,2320,48.53,7.50,7.50,11.449,0.013,0,0.260,11.169,0.022,0,0.326,12.193,0.017,0,12.018,0.027,0,11.709,0.013,0,11.495,0.022,0,11.491,0.012,0,11.257,0.021,0,11.379,0.011,1,11.146,0.025,3,11.313,0.012,1,11.087,0.037,3,11.268,0.012,1,11.052,0.052,3,11.230,0.013,1,11.029,0.056,3,11.194,0.013,1,11.012,0.059,3,1111074301351023782,0.026993,113.6,1,11.466,0.022,11.185,0.020,8.628,0.022,6.437,0.048,709914239,0.222360,-40.2,1,0.40,13.766,0.0710,12.908,0.0864,12.491,0.0531,-0.1059924441657970,0.2512512314527450,-0.9621010448353330,111022110,10214825440087
112.8727323,-74.1753867,0.0416,0.0436,-0.0134,285.9232594,-23.3597009,235.1436105,-79.3122851,189.200,969.588,193.005,970.344,1411618241000127,14116r241-000127,241,14116r,127,11.592,0.022,49.8,25.7,11.208,0.023,47.5,7.35,15.1,1,0,0.00000,0.00000,0000,0000,3,AA,0,5,0.5,50.123,00,0000,0000,58891.43031928,0,,0,,14.163,4.855,0.000,36.865,4.245,0.000,4652,93.33,2367,49.8,7.50,7.50,11.442,0.016,2,0.260,11.084,0.040,0,0.326,12.177,0.020,2,11.932,0.039,0,11.702,0.016,2,11.410,0.040,0,11.494,0.015,3,11.181,0.039,3,11.390,0.015,3,11.075,0.038,3,11.331,0.018,3,11.020,0.038,3,11.285,0.020,3,10.982,0.040,3,11.242,0.022,3,10.948,0.043,3,11.204,0.024,3,10.915,0.045,3,1111074301351023782,0.174359,121.8,1,11.466,0.022,11.185,0.020,8.628,0.022,6.437,0.048,709914239,0.091126,-12.6,1,0.28,13.766,0.0710,12.908,0.0864,12.491,0.0531,-0.1059920393639280,0.2512518122803900,-0.9621009377488910,111022110,10214825440085
112.8729908,-74.1754304,0.0435,0.0385,0.0096,285.9233277,-23.3596466,235.1435970,-79.3122022,165.654,306.700,166.792,307.563,1411218240000141,14112r240-000141,240,14112r,141,11.508,0.018,60.3,21,11.231,0.024,45.3,3.1,12.1,1,0,0.00000,0.00000,0000,0000,3,AA,0,5,0.5,39.233,00,0000,0000,58891.29941575,0,,0,,12.790,3.208,0.000,37.256,4.095,0.000,5026,83.39,2318,51.17,7.50,7.50,11.454,0.020,0,0.260,11.151,0.024,2,0.326,12.205,0.023,0,11.992,0.029,0,11.714,0.020,0,11.477,0.024,2,11.498,0.018,3,11.259,0.026,3,11.396,0.018,3,11.166,0.034,3,11.337,0.018,3,11.123,0.044,3,11.292,0.018,3,11.103,0.052,3,11.252,0.018,3,11.091,0.059,3,11.216,0.019,3,11.081,0.065,3,1111074301351023782,0.124217,-58.2,1,11.466,0.022,11.185,0.020,8.628,0.022,6.437,0.048,709914239,0.368163,-48.0,1,0.54,13.766,0.0710,12.908,0.0864,12.491,0.0531,-0.1059928877080070,0.2512506579729270,-0.9621011457344230,111022110,10214825440086
112.8728493,-74.1754180,0.0467,0.0394,0.0126,285.9233023,-23.3596798,235.1436561,-79.3122412,33.219,122.809,34.293,124.295,1410018240000143,14100r240-000143,240,14100r,143,11.513,0.019,57.1,19.8,11.224,0.026,42.2,3.51,11.3,1,0,0.00000,0.00000,0000,0000,3,AA,0,10,1.0,29.253,00,0000,0000,58890.90695926,0,,0,,13.397,3.682,0.000,36.733,3.630,0.000,5001,87.55,2331,55.19,7.50,7.50,11.439,0.014,0,0.260,11.235,0.041,2,0.326,12.174,0.017,0,12.100,0.043,2,11.698,0.014,0,11.561,0.041,2,11.493,0.013,2,11.318,0.039,2,11.393,0.013,3,11.202,0.040,3,11.337,0.014,3,11.139,0.041,3,11.300,0.014,3,11.098,0.043,3,11.271,0.016,3,11.069,0.046,3,11.243,0.017,3,11.045,0.049,3,1111074301351023782,0.039371,58.0,1,11.466,0.022,11.185,0.020,8.628,0.022,6.437,0.048,709914239,0.242508,-33.8,1,0.42,13.766,0.0710,12.908,0.0864,12.491,0.0531,-0.1059923481407750,0.2512511115829490,-0.9621010867179900,111022110,10214825440087
112.8729170,-74.1754041,0.0417,0.0397,0.0139,285.9232939,-23.3596580,235.1435387,-79.3122335,65.973,792.807,69.749,794.095,1410418240000165,14104r240-000165,240,14104r,165,11.501,0.019,58.6,21.8,11.223,0.024,45.6,4.89,12.7,1,0,0.00000,0.00000,0000,0000,3,AA,0,10,1.0,23.172,00,0000,0000,58891.03786284,0,,0,,13.180,3.363,0.000,36.598,4.203,0.000,5059,86.29,2335,51.15,7.50,7.50,11.446,0.013,0,0.260,11.167,0.025,2,0.326,12.183,0.016,0,11.980,0.030,0,11.706,0.013,0,11.493,0.025,2,11.504,0.012,2,11.295,0.025,2,11.414,0.014,3,11.205,0.027,3,11.366,0.017,3,11.156,0.029,3,11.333,0.018,3,11.123,0.032,3,11.304,0.018,3,11.096,0.035,3,11.276,0.019,3,11.072,0.040,3,1111074301351023782,0.044100,-131.4,1,11.466,0.022,11.185,0.020,8.628,0.022,6.437,0.048,709914239,0.251935,-53.0,1,0.43,13.766,0.0710,12.908,0.0864,12.491,0.0531,-0.1059927357383730,0.2512512013970220,-0.9621010205624190,111022110,10214825440087
112.8727448,-74.1754045,0.0425,0.0397,0.0066,285.9232791,-23.3597030,235.1436803,-79.3122724,905.724,622.728,903.662,620.399,6403118011000120,64031r011-000120,11,64031r,120,11.384,0.019,56.5,17.5,11.066,0.028,38.8,3.23,10.2,1,0,0.00000,0.00000,0000,0000,3,AA,0,5,0.5,35.728,00,0000,0000,60515.59076635,0,,0,,17.519,4.033,0.000,111.099,8.543,0.000,5632,99.6,2697,69.44,7.50,7.50,11.338,0.058,0,0.260,10.922,0.035,2,0.326,12.049,0.040,0,11.731,0.039,2,11.597,0.058,0,11.248,0.035,2,11.403,0.060,0,11.043,0.038,2,11.306,0.056,1,10.946,0.040,3,11.247,0.056,1,10.885,0.048,3,11.206,0.055,3,10.841,0.069,3,11.172,0.056,3,10.805,0.099,3,11.142,0.057,3,10.782,0.118,3,1111074301351023782,0.138762,101.5,1,11.466,0.022,11.185,0.020,8.628,0.022,6.437,0.048,709914239,0.156352,-11.9,1,0.36,13.766,0.0710,12.908,0.0864,12.491,0.0531,-0.1059919780025210,0.2512515137638960,-0.9621010224661770,111022110,10214825440085
112.8728520,-74.1754814,0.0485,0.0484,-0.0035,285.9233685,-23.3596979,235.1439390,-79.3122055,621.896,260.055,620.121,258.912,6406718010000129,64067r010-000129,10,64067r,129,11.531,0.023,46.5,20.1,11.075,0.024,44.8,4.18,11.1,1,0,0.00000,0.00000,0000,0000,3,AA,0,5,0.5,47.266,00,0000,0000,60516.73783036,0,,0,,19.662,4.455,0.000,109.272,9.561,0.000,4921,105.9,2674,59.68,7.50,7.50,11.430,0.105,2,0.260,10.989,0.081,2,0.326,12.169,0.145,2,11.820,0.063,0,11.690,0.105,2,11.315,0.081,2,11.481,0.105,2,11.096,0.117,2,11.377,0.108,3,10.995,0.152,3,11.316,0.107,3,10.945,0.170,3,11.273,0.105,3,10.905,0.183,3,11.235,0.102,3,10.867,0.197,3,11.196,0.100,3,10.838,0.214,3,1111074301351023782,0.251008,7.0,1,11.466,0.022,11.185,0.020,8.628,0.022,6.437,0.048,709914239,0.451278,-17.7,1,0.65,13.766,0.0710,12.908,0.0864,12.491,0.0531,-0.1059919461831750,0.2512501256959020,-0.9621013884628250,111022110,10214825440095
112.8727781,-74.1754222,0.0531,0.0463,0.0140,285.9233004,-23.3596996,235.1437328,-79.3122550,641.770,274.942,639.949,273.734,6406318010000127,64063r010-000127,10,64063r,127,11.458,0.021,51.3,27.7,11.125,0.034,31.8,3.77,15.5,1,0,0.00000,0.00000,0000,0000,3,AA,0,5,0.5,36.469,00,0000,0000,60516.61036527,0,,0,,20.374,5.079,0.000,109.271,9.094,0.000,5262,102.7,2554,80.19,7.50,7.50,11.360,0.039,2,0.260,11.013,0.139,2,0.326,12.104,0.058,2,11.842,0.176,2,11.620,0.039,2,11.339,0.139,2,11.410,0.034,3,11.124,0.151,3,11.313,0.037,3,11.037,0.203,3,11.259,0.049,3,11.004,0.238,3,11.223,0.059,3,10.997,0.256,3,11.190,0.060,3,11.005,0.279,3,11.158,0.060,3,11.009,0.291,3,1111074301351023782,0.109369,70.8,1,11.466,0.022,11.185,0.020,8.628,0.022,6.437,0.048,709914239,0.226226,-16.7,1,0.43,13.766,0.0710,12.908,0.0864,12.491,0.0531,-0.1059920085049950,0.2512511783164640,-0.9621011067074320,111022110,10214825440085
112.8729074,-74.1754314,0.0528,0.0574,0.0093,285.9233214,-23.3596686,235.1436692,-79.3122206,737.349,51.929,734.061,50.244,6405118010000138,64051r010-000138,10,64051r,138,11.362,0.026,41.8,16,11.062,0.032,33.6,3.88,9.42,1,0,0.00000,0.00000,0000,0000,3,AA,0,5,0.5,30.387,00,0000,0000,60516.22809137,0,,0,,18.081,4.749,0.000,109.311,7.118,0.000,5748,137.4,2708,80.52,7.50,7.50,11.451,0.034,2,0.260,10.993,0.141,2,0.326,12.206,0.045,2,11.836,0.192,2,11.710,0.034,2,11.319,0.141,2,11.491,0.033,2,11.090,0.118,2,11.385,0.040,3,10.984,0.112,3,11.328,0.048,3,10.927,0.125,3,11.290,0.050,3,10.882,0.160,3,11.256,0.050,3,10.840,0.178,3,11.223,0.050,3,10.799,0.178,3,1111074301351023782,0.073057,-18.9,1,11.466,0.022,11.185,0.020,8.628,0.022,6.437,0.048,709914239,0.314986,-37.5,1,0.50,13.766,0.0710,12.908,0.0864,12.491,0.0531,-0.1059925154594930,0.2512507967849160,-0.9621011504938110,111022110,10214825440086
112.8729736,-74.1754268,0.0424,0.0391,-0.0036,285.9233225,-23.3596500,235.1435948,-79.3122081,711.836,909.235,712.275,907.751,6405518011000122,64055r011-000122,11,64055r,122,11.405,0.020,54.0,15.4,11.069,0.024,45.5,4.65,9.81,1,0,0.00000,0.00000,0000,0000,3,AA,0,5,0.5,24.736,00,0000,0000,60516.35568373,0,,0,,18.366,4.055,0.000,109.827,8.974,0.000,5526,102.4,2690,59.13,7.50,7.50,11.357,0.016,0,0.260,10.998,0.119,2,0.326,12.071,0.021,0,11.790,0.134,2,11.616,0.016,0,11.324,0.119,2,11.419,0.016,3,11.128,0.121,3,11.322,0.021,3,11.038,0.128,3,11.267,0.031,3,10.993,0.138,3,11.227,0.053,3,10.965,0.157,3,11.189,0.070,3,10.936,0.178,3,11.154,0.072,3,10.899,0.195,3,1111074301351023782,0.103058,-59.3,1,11.466,0.022,11.185,0.020,8.628,0.022,6.437,0.048,709914239,0.346946,-47.7,1,0.53,13.766,0.0710,12.908,0.0864,12.491,0.0531,-0.1059928357799070,0.2512507454889210,-0.9621011286006240,111022110,10214825440086
112.8728810,-74.1754101,0.0483,0.0463,0.0129,285.9232969,-23.3596692,235.1435949,-79.3122383,982.409,933.349,981.411,930.836,6402318011000131,64023r011-000131,11,64023r,131,11.365,0.022,49.3,11.4,11.213,0.033,32.7,2.9,6.77,1,0,0.00000,0.00000,0000,0000,3,AA,0,5,0.5,25.175,00,0000,0000,60515.33583639,0,,0,,18.247,3.610,0.000,111.846,6.151,0.000,5731,116.2,2356,72.15,7.50,7.50,11.350,0.023,2,0.260,11.086,0.134,2,0.326,12.067,0.018,0,11.911,0.202,0,11.610,0.023,2,11.412,0.134,2,11.414,0.026,2,11.204,0.115,2,11.317,0.024,3,11.116,0.129,3,11.262,0.024,3,11.075,0.163,3,11.226,0.024,3,11.057,0.180,3,11.199,0.024,3,11.051,0.186,3,11.174,0.025,3,11.050,0.193,3,1111074301351023782,0.007890,163.4,1,11.466,0.022,11.185,0.020,8.628,0.022,6.437,0.048,709914239,0.239811,-43.8,1,0.41,13.766,0.0710,12.908,0.0864,12.491,0.0531,-0.1059925387118780,0.2512511751652900,-0.9621010491187880,111022110,10214825440087
112.8729415,-74.1754147,0.0466,0.0408,0.0057,285.9233071,-23.3596548,235.1435664,-79.3122220,890.356,484.687,887.878,482.415,6403518010000106,64035r010-000106,10,64035r,106,11.395,0.020,54.6,14.6,11.079,0.030,36.1,1.95,8.01,1,0,0.00000,0.00000,0000,0000,3,AA,0,5,0.5,45.881,00,0000,0000,60515.71823131,0,,0,,16.272,3.148,0.000,110.789,7.981,0.000,5574,102,2665,73.85,7.50,7.50,11.347,0.018,2,0.260,10.929,0.079,2,0.326,12.073,0.017,0,11.766,0.083,0,11.607,0.018,2,11.255,0.079,2,11.403,0.024,2,11.037,0.102,2,11.303,0.027,3,10.942,0.128,3,11.247,0.029,3,10.905,0.173,3,11.210,0.030,3,10.892,0.205,3,11.181,0.032,3,10.878,0.222,3,11.152,0.037,19,10.856,0.270,3,1111074301351023782,0.057839,-81.0,1,11.466,0.022,11.185,0.020,8.628,0.022,6.437,0.048,709914239,0.294539,-49.9,1,0.47,13.766,0.0710,12.908,0.0864,12.491,0.0531,-0.1059927739907440,0.2512509920762830,-0.9621010710119960,111022110,10214825440087
112.8727740,-74.1753940,0.0456,0.0400,-0.0078,285.9232707,-23.3596922,235.1436094,-79.3122715,735.715,966.157,736.195,964.780,6405118011000125,64051r011-000125,11,64051r,125,11.413,0.022,50.0,20.8,11.098,0.027,40.7,6.52,13.1,1,0,0.00000,0.00000,0000,0000,3,AA,0,5,0.5,30.572,00,0000,0101,60516.22821873,0,,0,,18.888,4.744,0.000,110.162,8.938,0.000,5483,109.7,2619,64.33,7.50,7.50,11.366,0.013,0,0.260,11.128,0.051,2,0.326,12.102,0.016,0,11.976,0.060,2,11.626,0.013,0,11.454,0.051,2,11.418,0.013,2,11.219,0.049,2,11.317,0.013,3,11.107,0.053,3,11.257,0.014,3,11.053,0.064,3,11.214,0.018,3,11.029,0.089,3,11.178,0.029,3,11.025,0.135,3,11.144,0.036,3,11.029,0.191,3,1111074301351023782,0.125722,121.4,1,11.466,0.022,11.185,0.020,8.628,0.022,6.437,0.048,709914239,0.130291,-27.8,1,0.32,13.766,0.0710,12.908,0.0864,12.491,0.0531,-0.1059921745802580,0.2512516221971860,-0.9621009724925080,111022110,10214825440087
112.8728155,-74.1754009,0.0569,0.0423,-0.0066,285.9232816,-23.3596835,235.1436067,-79.3122583,585.416,268.223,583.924,267.258,6407118010000125,64071r010-000125,10,64071r,125,11.443,0.025,44.2,16.8,11.131,0.025,43.1,3.48,9.63,1,0,0.00000,0.00000,0000,0000,3,AA,0,5,0.5,51.938,00,0000,0000,60516.86529545,0,,0,,17.795,4.604,0.000,108.430,9.096,0.000,5333,120.7,2541,59,7.50,7.50,11.447,0.092,3,0.260,9.818,,32,0.326,12.176,0.124,2,10.928,,32,11.707,0.092,3,10.144,,32,11.496,0.088,3,9.816,,32,11.392,0.086,3,9.742,,32,11.328,0.086,3,9.724,,32,11.284,0.085,3,9.719,,32,11.249,0.091,3,9.718,,32,11.215,0.098,3,9.717,,32,1111074301351023782,0.078006,121.4,1,11.466,0.022,11.185,0.020,8.628,0.022,6.437,0.048,709914239,0.173017,-36.0,1,0.36,13.766,0.0710,12.908,0.0864,12.491,0.0531,-0.1059923115300370,0.2512514386724930,-0.9621010053323520,111022110,10214825440087
112.8728437,-74.1754001,0.0534,0.0477,-0.0151,285.9232832,-23.3596759,235.1435802,-79.3122523,536.397,272.157,535.233,271.435,6407518010000119,64075r010-000119,10,64075r,119,11.393,0.022,48.3,19,11.082,0.029,37.5,3.41,10.4,1,0,0.00000,0.00000,0000,0000,3,AA,0,5,0.5,48.761,00,0000,0000,60516.99276059,0,,0,,19.975,4.665,0.000,109.291,10.219,0.000,5584,115.6,2658,70.96,7.50,7.50,11.391,0.056,2,0.260,11.035,0.128,2,0.326,12.118,0.036,2,11.834,0.083,2,11.650,0.056,2,11.361,0.128,2,11.440,0.070,2,11.159,0.186,2,11.329,0.072,3,11.061,0.208,3,11.258,0.069,3,10.999,0.206,3,11.204,0.066,3,10.953,0.203,3,11.159,0.064,3,10.921,0.203,3,11.119,0.064,3,10.894,0.207,3,1111074301351023782,0.058385,138.3,1,11.466,0.022,11.185,0.020,8.628,0.022,6.437,0.048,709914239,0.188490,-43.3,1,0.37,13.766,0.0710,12.908,0.0864,12.491,0.0531,-0.1059924404130900,0.2512513988820520,-0.9621010015248340,111022110,10214825440087
112.8729622,-74.1754525,0.0475,0.0488,-0.0047,285.9233482,-23.3596606,235.1437196,-79.3121965,985.171,18.419,980.103,15.678,6402318010000146,64023r010-000146,10,64023r,146,11.412,0.023,46.9,22.1,11.153,0.027,40.4,6.61,13.3,1,0,0.00000,0.00000,0000,0000,3,AA,0,5,0.5,24.687,00,0000,0000,60515.33570907,0,,0,,21.321,5.733,0.000,112.170,6.127,0.000,5487,117,2489,61.69,7.50,7.50,11.429,0.017,2,0.260,9.954,,32,0.326,12.206,0.020,2,10.700,,32,11.688,0.017,2,10.280,,32,11.453,0.019,2,10.010,,32,11.337,0.023,3,9.814,,32,11.273,0.028,3,9.651,,32,11.228,0.030,3,9.509,,32,11.190,0.035,3,9.380,,32,11.154,0.051,3,9.257,,32,1111074301351023782,0.164462,-28.1,1,11.466,0.022,11.185,0.020,8.628,0.022,6.437,0.048,709914239,0.408013,-37.0,1,0.59,13.766,0.0710,12.908,0.0864,12.491,0.0531,-0.1059926180502910,0.2512503689611760,-0.9621012509168240,111022110,10214825440094
112.8730252,-74.1754694,0.0463,0.0421,-0.0106,285.9233713,-23.3596493,235.1437444,-79.3121728,851.273,361.456,848.481,359.354,6403918010000128,64039r010-000128,10,64039r,128,11.511,0.019,56.7,22.4,11.115,0.029,37.5,4.74,12.7,1,0,0.00000,0.00000,0000,0000,3,AA,0,5,0.5,51.539,00,0000,0000,60515.84569635,0,,0,,19.078,5.021,0.000,110.895,9.277,0.000,5010,88.29,2579,68.78,7.50,7.50,11.432,0.024,2,0.260,11.006,0.192,2,0.326,12.159,0.023,0,11.830,0.159,0,11.692,0.024,2,11.332,0.192,2,11.491,0.058,2,11.118,0.206,2,11.397,0.108,3,11.017,0.213,3,11.349,0.121,3,10.965,0.222,3,11.319,0.119,3,10.945,0.238,3,11.295,0.117,3,10.944,0.257,3,11.269,0.115,3,10.943,0.269,3,1111074301351023782,0.248613,-34.1,1,11.466,0.022,11.185,0.020,8.628,0.022,6.437,0.048,709914239,0.493990,-38.5,1,0.67,13.766,0.0710,12.908,0.0864,12.491,0.0531,-0.1059927840111450,0.2512499909482430,-0.9621013313503290,111022110,10214825440094
112.8727662,-74.1754499,0.0507,0.0457,0.0172,285.9233282,-23.3597109,235.1438670,-79.3122424,804.159,241.806,801.199,239.852,6404318010000131,64043r010-000131,10,64043r,131,11.409,0.022,49.5,21.4,11.102,0.026,41.4,4.41,12,1,0,0.00000,0.00000,0000,0000,3,AA,0,10,1.0,49.778,00,0000,0000,60515.97316140,0,,0,,17.747,4.686,0.000,109.293,8.126,0.000,5506,111.3,2609,63.06,7.50,7.50,11.353,0.016,2,0.260,11.017,0.083,2,0.326,12.091,0.021,2,11.841,0.062,0,11.613,0.016,2,11.343,0.083,2,11.409,0.017,2,11.138,0.098,2,11.308,0.018,3,11.052,0.109,3,11.247,0.021,3,11.008,0.115,3,11.204,0.028,3,10.974,0.137,3,11.172,0.033,3,10.943,0.167,3,11.145,0.035,3,10.916,0.189,3,1111074301351023782,0.177862,40.3,1,11.466,0.022,11.185,0.020,8.628,0.022,6.437,0.048,709914239,0.320882,-9.5,1,0.53,13.766,0.0710,12.908,0.0864,12.491,0.0531,-0.1059917755305740,0.2512507717699510,-0.9621012385424310,111022110,10214825440095
112.8727900,-74.1754506,0.0490,0.0488,0.0215,285.9233310,-23.3597049,235.1438508,-79.3122366,782.532,142.334,779.351,140.428,6404718010000122,64047r010-000122,10,64047r,122,11.427,0.022,50.2,16.5,11.076,0.024,44.7,2.21,8.33,1,0,0.00000,0.00000,0000,0000,3,AA,0,10,1.0,40.048,00,0000,0000,60516.10062637,0,,0,,17.890,4.326,0.000,110.025,8.218,0.000,5416,107.8,2672,59.84,7.50,7.50,11.353,0.017,2,0.260,11.040,0.162,2,0.326,12.061,0.019,2,11.847,0.179,0,11.613,0.017,2,11.366,0.162,2,11.413,0.017,2,11.165,0.144,2,11.313,0.017,3,11.079,0.137,3,11.253,0.017,3,11.043,0.144,3,11.213,0.018,3,11.021,0.163,3,11.181,0.020,3,10.994,0.177,3,11.147,0.025,3,10.962,0.187,3,1111074301351023782,0.165829,33.5,1,11.466,0.022,11.185,0.020,8.628,0.022,6.437,0.048,709914239,0.328023,-13.5,1,0.53,13.766,0.0710,12.908,0.0864,12.491,0.0531,-0.1059918753284800,0.2512507169121330,-0.9621012418739990,111022110,10214825440095
