ra,dec,sigra,sigdec,sigradec,glon,glat,elon,elat,w1x,w1y,w2x,w2y,cntr,source_id,frame_num,scan_id,src,w1mpro,w1sigmpro,w1snr,w1rchi2,w2mpro,w2sigmpro,w2snr,w2rchi2,rchi2,nb,na,w1sat,w2sat,satnum,cc_flags,det_bit,ph_qual,sso_flg,qual_frame,qi_fact,saa_sep,moon_masked,w1frtr,w2frtr,mjd,w1cc_map,w1cc_map_str,w2cc_map,w2cc_map_str,w1sky,w1sigsk,w1conf,w2sky,w2sigsk,w2conf,w1flux,w1sigflux,w2flux,w2sigflux,w1fitr,w2fitr,w1mag,w1sigm,w1flg,w1mcor,w2mag,w2sigm,w2flg,w2mcor,w1mag_1,w1sigm_1,w1flg_1,w2mag_1,w2sigm_1,w2flg_1,w1mag_2,w1sigm_2,w1flg_2,w2mag_2,w2sigm_2,w2flg_2,w1mag_3,w1sigm_3,w1flg_3,w2mag_3,w2sigm_3,w2flg_3,w1mag_4,w1sigm_4,w1flg_4,w2mag_4,w2sigm_4,w2flg_4,w1mag_5,w1sigm_5,w1flg_5,w2mag_5,w2sigm_5,w2flg_5,w1mag_6,w1sigm_6,w1flg_6,w2mag_6,w2sigm_6,w2flg_6,w1mag_7,w1sigm_7,w1flg_7,w2mag_7,w2sigm_7,w2flg_7,w1mag_8,w1sigm_8,w1flg_8,w2mag_8,w2sigm_8,w2flg_8,allwise_cntr,r_allwise,pa_allwise,n_allwise,w1mpro_allwise,w1sigmpro_allwise,w2mpro_allwise,w2sigmpro_allwise,w3mpro_allwise,w3sigmpro_allwise,w4mpro_allwise,w4sigmpro_allwise,tmass_key,r_2mass,pa_2mass,n_2mass,xscprox,j_m_2mass,j_msig_2mass,h_m_2mass,h_msig_2mass,k_m_2mass,k_msig_2mass,x,y,z,spt_ind,htm20
52.5551306,-5.5432235,0.0318,0.0297,-0.0117,190.4381153,-46.5223805,48.6074984,-23.7633235,1006.344,546.347,1003.379,543.595,8491702180000017,84917b180-000017,180,84917b,17,10.404,0.016,68.2,126,10.152,0.017,63.7,74.2,96.3,1,0,0.00000,0.00000,0000,0000,3,AA,0,5,0.5,5.454,00,0000,0000,57975.41236344,0,,0,,22.173,3.464,0.000,62.470,5.499,0.000,1.389e+04,203.8,6260,98.33,7.50,7.50,10.256,0.009,2,0.260,10.018,0.013,2,0.326,11.122,0.011,0,10.984,0.018,2,10.515,0.009,2,10.344,0.013,2,10.186,0.008,2,9.989,0.012,2,9.985,0.007,2,9.779,0.011,2,9.852,0.008,2,9.650,0.011,2,9.761,0.008,2,9.567,0.012,2,9.695,0.008,3,9.510,0.012,3,9.647,0.008,3,9.470,0.013,3,531006101351062642,0.785010,117.1,1,10.355,0.023,10.100,0.020,5.877,0.014,3.916,0.023,1320415920,0.599978,141.0,2,1.00,13.494,0.1180,12.693,0.1330,12.068,0.0910,0.6051545395914100,0.7902259622948280,-0.0965966444920357,102103023,9428215234720
52.5551904,-5.5432899,0.0340,0.0310,0.0025,190.4382437,-46.5223688,48.6075420,-23.7634033,346.375,656.307,347.981,656.321,8490102180000032,84901b180-000032,180,84901b,32,10.444,0.016,69.6,125,10.182,0.017,64.0,53.5,85.2,1,0,0.00000,0.00000,0000,0000,3,AA,0,0,0.0,118.606,00,0000,0000,57974.88862319,0,,0,,21.497,3.373,0.000,61.320,5.264,0.000,1.339e+04,192.3,6090,95.15,7.50,7.50,10.286,0.009,0,0.260,10.009,0.014,0,0.326,11.173,0.012,0,10.976,0.018,0,10.545,0.009,0,10.335,0.014,0,10.199,0.008,1,9.979,0.013,3,9.990,0.007,1,9.770,0.014,3,9.854,0.007,1,9.641,0.016,3,9.760,0.007,3,9.554,0.017,3,9.693,0.007,3,9.491,0.017,3,9.644,0.007,3,9.446,0.019,3,531006101351062642,0.498975,103.7,1,10.355,0.023,10.100,0.020,5.877,0.014,3.916,0.023,1320415920,0.279819,144.3,2,0.67,13.494,0.1180,12.693,0.1330,12.068,0.0910,0.6051536467637360,0.7902265050197190,-0.0965977979711320,102103023,9428215234721
52.5551606,-5.5433931,0.0397,0.0333,0.0147,190.4383434,-46.5224514,48.6074809,-23.7634950,169.282,906.691,172.919,907.549,8489702180000032,84897b180-000032,180,84897b,32,10.458,0.018,59.4,154,10.174,0.017,63.9,50.6,91.5,1,0,0.00000,0.00000,0000,0000,3,AA,0,5,0.5,83.716,00,0000,0000,57974.75771991,0,,0,,24.326,4.347,0.000,57.299,4.597,0.000,1.321e+04,222.4,6136,96.1,7.50,7.50,10.260,0.011,2,0.260,9.970,0.021,2,0.326,11.105,0.016,2,10.914,0.024,0,10.520,0.011,2,10.296,0.021,2,10.184,0.009,2,9.965,0.019,2,9.980,0.009,3,9.768,0.018,3,9.849,0.008,3,9.643,0.018,3,9.759,0.008,3,9.560,0.018,3,9.694,0.008,3,9.504,0.018,3,9.648,0.008,3,9.465,0.019,3,531006101351062642,0.643583,66.8,1,10.355,0.023,10.100,0.020,5.877,0.014,3.916,0.023,1320415920,0.306320,61.9,2,0.59,13.494,0.1180,12.693,0.1330,12.068,0.0910,0.6051539519804310,0.7902260521355510,-0.0965995907275422,102103023,9428215235523
52.5552619,-5.5432514,0.0326,0.0355,-0.0098,190.4382558,-46.5222883,48.6076281,-23.7633849,244.853,10.430,244.454,10.765,8491201155000021,84912a155-000021,155,84912a,21,10.408,0.018,62.0,135,10.173,0.018,60.5,57.3,92.4,1,0,0.00000,0.00000,0000,0000,3,AA,0,5,0.5,26.691,00,0000,0000,57975.21588128,0,,0,,23.728,4.194,0.000,61.255,5.088,0.000,1.384e+04,223.2,6143,101.6,7.50,7.50,10.287,0.009,0,0.260,10.026,0.012,2,0.326,11.172,0.012,0,10.982,0.016,2,10.547,0.009,0,10.352,0.012,2,10.202,0.008,0,10.004,0.011,2,9.996,0.008,2,9.797,0.011,2,9.863,0.008,2,9.667,0.011,2,9.772,0.008,2,9.579,0.012,2,9.709,0.009,2,9.518,0.014,2,9.665,0.010,3,9.476,0.015,3,531006101351062642,0.343723,138.3,1,10.355,0.023,10.100,0.020,5.877,0.014,3.916,0.023,1320415920,0.377350,-165.8,2,0.66,13.494,0.1180,12.693,0.1330,12.068,0.0910,0.6051527000956880,0.7902273117303710,-0.0965971291617320,102103023,9428215234734
52.5553424,-5.5431262,0.0371,0.0337,-0.0080,190.4381711,-46.5221516,48.6077487,-23.7632854,844.075,798.562,843.305,796.524,8491302180000022,84913b180-000022,180,84913b,22,10.409,0.019,56.1,97,10.255,0.019,56.3,75.9,82.7,1,0,0.00000,0.00000,0000,0000,3,AA,0,0,0.0,18.813,00,0000,0000,57975.28146020,0,,0,,22.974,3.990,0.000,62.250,5.592,0.000,1.383e+04,246.6,5691,101.1,7.50,7.50,10.285,0.009,2,0.260,10.085,0.019,2,0.326,11.179,0.012,0,11.058,0.025,2,10.544,0.009,2,10.411,0.019,2,10.197,0.008,2,10.042,0.017,2,9.987,0.008,2,9.818,0.016,2,9.851,0.008,2,9.680,0.017,2,9.757,0.008,2,9.588,0.017,2,9.689,0.008,3,9.526,0.017,3,9.637,0.008,3,9.483,0.018,3,531006101351062642,0.709926,-175.2,1,10.355,0.023,10.100,0.020,5.877,0.014,3.916,0.023,1320415920,0.901105,-155.0,1,1.08,13.494,0.1180,12.693,0.1330,12.068,0.0910,0.6051517181673430,0.7902283295458360,-0.0965949542280050,102103023,9428215234742
52.5551177,-5.5433011,0.0362,0.0348,-0.0087,190.4381979,-46.5224349,48.6074625,-23.7633949,674.277,135.555,671.769,134.150,8490902180000023,84909b180-000023,180,84909b,23,10.360,0.018,60.8,112,10.096,0.019,57.4,55.6,81.9,1,0,0.00000,0.00000,0000,0000,3,AA,0,10,1.0,38.317,00,0000,0000,57975.15042969,0,,0,,21.940,4.161,0.000,61.295,5.211,0.000,1.446e+04,238.1,6590,114.7,7.50,7.50,10.254,0.011,2,0.260,10.033,0.019,2,0.326,11.125,0.016,0,10.988,0.024,2,10.514,0.011,2,10.359,0.019,2,10.180,0.011,2,10.013,0.017,2,9.977,0.010,2,9.809,0.018,2,9.847,0.010,2,9.678,0.018,2,9.758,0.010,2,9.587,0.018,2,9.696,0.010,3,9.521,0.019,3,9.649,0.011,3,9.473,0.019,3,531006101351062642,0.749344,96.0,1,10.355,0.023,10.100,0.020,5.877,0.014,3.916,0.023,1320415920,0.463239,113.8,2,0.85,13.494,0.1180,12.693,0.1330,12.068,0.0910,0.6051546379649840,0.7902257221755670,-0.0965979925338583,102103023,9428215235408
52.5552160,-5.5433298,0.0352,0.0319,-0.0039,190.4383125,-46.5223702,48.6075573,-23.7634485,394.311,670.331,395.684,670.136,8491601156000032,84916a156-000032,156,84916a,32,10.444,0.015,70.8,123,10.235,0.019,56.2,44.9,81,1,0,0.00000,0.00000,0000,0000,3,AA,0,0,0.0,9.618,00,0000,0000,57975.34691179,0,,0,,23.538,4.186,0.000,61.523,5.026,0.000,1.339e+04,189.1,5801,103.2,7.50,7.50,10.285,0.009,0,0.260,10.010,0.027,2,0.326,11.178,0.012,0,10.964,0.036,2,10.545,0.009,0,10.336,0.027,2,10.196,0.008,2,9.997,0.024,2,9.988,0.007,2,9.796,0.024,2,9.852,0.007,2,9.667,0.025,2,9.759,0.007,4,9.582,0.026,2,9.692,0.008,4,9.522,0.027,2,9.641,0.008,5,9.478,0.026,3,531006101351062642,0.393903,86.3,1,10.355,0.023,10.100,0.020,5.877,0.014,3.916,0.023,1320415920,0.110051,139.4,2,0.50,13.494,0.1180,12.693,0.1330,12.068,0.0910,0.6051532527873780,0.7902267219968580,-0.0965984911008278,102103023,9428215235410
52.5551907,-5.5433435,0.0336,0.0301,0.0056,190.4383083,-46.5223987,48.6075268,-23.7634550,507.283,392.238,506.808,391.618,8490502180000028,84905b180-000028,180,84905b,28,10.308,0.016,67.7,114,10.128,0.017,63.5,62.5,83.5,1,0,0.00000,0.00000,0000,0000,3,AA,0,5,0.5,77.130,00,0000,0000,57975.01952639,0,,0,,25.763,4.714,0.000,61.607,5.956,0.000,1.517e+04,223.9,6398,100.8,7.50,7.50,10.287,0.010,2,0.260,9.952,0.014,2,0.326,11.165,0.013,2,10.921,0.019,2,10.547,0.010,2,10.278,0.014,2,10.205,0.009,2,9.926,0.012,2,10.000,0.008,2,9.723,0.012,2,9.865,0.008,2,9.593,0.012,2,9.771,0.008,3,9.505,0.012,3,9.705,0.008,3,9.446,0.013,3,9.657,0.008,3,9.404,0.015,3,531006101351062642,0.489489,81.2,1,10.355,0.023,10.100,0.020,5.877,0.014,3.916,0.023,1320415920,0.165881,101.9,2,0.55,13.494,0.1180,12.693,0.1330,12.068,0.0910,0.6051535876830560,0.7902264364421110,-0.0965987290927175,102103023,9428215235411
52.5551950,-5.5433120,0.0357,0.0308,-0.0147,190.4382740,-46.5223775,48.6075404,-23.7634258,71.336,270.683,72.913,272.072,8490801155000030,84908a155-000030,155,84908a,30,10.318,0.015,71.1,126,10.161,0.017,63.7,50.1,85.7,1,0,0.00000,0.00000,0000,0000,3,AA,0,10,1.0,56.629,00,0000,0000,57975.08497804,0,,0,,21.973,2.983,0.000,60.129,4.786,0.000,1.504e+04,211.6,6211,97.45,7.50,7.50,10.257,0.009,2,0.260,10.012,0.013,2,0.326,11.119,0.012,2,10.972,0.017,0,10.517,0.009,2,10.338,0.013,2,10.182,0.008,2,9.988,0.011,2,9.978,0.008,3,9.782,0.011,3,9.844,0.007,3,9.653,0.011,3,9.751,0.007,3,9.566,0.012,3,9.685,0.007,3,9.506,0.013,3,9.637,0.007,3,9.463,0.014,3,531006101351062642,0.469901,94.7,1,10.355,0.023,10.100,0.020,5.877,0.014,3.916,0.023,1320415920,0.208250,135.1,2,0.61,13.494,0.1180,12.693,0.1330,12.068,0.0910,0.6051535606665870,0.7902265240227310,-0.0965981818850795,102103023,9428215235411
52.5553386,-5.5433092,0.0337,0.0326,0.0064,190.4383877,-46.5222578,48.6076919,-23.7634609,242.639,923.184,245.956,923.700,8491201156000034,84912a156-000034,156,84912a,34,10.410,0.018,60.1,140,10.201,0.019,58.6,62.4,97.1,1,0,0.00000,0.00000,0000,0000,3,AA,0,5,0.5,25.924,00,0000,0000,57975.21600865,0,,0,,23.235,4.142,0.000,60.698,4.976,0.000,1.382e+04,229.9,5982,102,7.50,7.50,10.242,0.010,2,0.260,10.009,0.013,2,0.326,11.124,0.013,0,10.959,0.017,0,10.502,0.010,2,10.335,0.013,2,10.168,0.009,2,9.993,0.011,2,9.971,0.008,2,9.792,0.011,2,9.844,0.008,2,9.665,0.013,2,9.757,0.008,3,9.580,0.016,3,9.696,0.008,3,9.521,0.018,3,9.652,0.008,19,9.479,0.020,19,531006101351062642,0.067071,-136.4,1,10.355,0.023,10.100,0.020,5.877,0.014,3.916,0.023,1320415920,0.400021,-113.2,2,0.42,13.494,0.1180,12.693,0.1330,12.068,0.0910,0.6051515829957820,0.7902280444602030,-0.0965981332443992,102103023,9428215235417
52.5551515,-5.5432697,0.0335,0.0322,0.0046,190.4381878,-46.5223894,48.6075070,-23.7633735,329.672,930.338,332.469,930.525,9611801177000037,96118a177-000037,177,96118a,37,10.327,0.018,59.4,126,10.283,0.019,57.5,61.5,88.8,1,0,0.00000,0.00000,0000,0000,3,AA,0,5,0.5,104.092,00,0001,0000,58341.94318120,0,,0,,23.324,4.602,0.000,57.176,4.869,0.000,1.491e+04,251,5548,96.45,7.50,7.50,10.296,0.009,2,0.260,10.002,0.023,2,0.326,11.189,0.012,2,10.973,0.033,0,10.555,0.009,2,10.328,0.023,2,10.204,0.008,2,9.982,0.019,2,9.990,0.008,2,9.779,0.018,2,9.854,0.008,2,9.649,0.019,2,9.764,0.008,3,9.561,0.021,3,9.700,0.009,3,9.499,0.023,3,9.653,0.011,3,9.456,0.024,3,531006101351062642,0.652698,107.0,1,10.355,0.023,10.100,0.020,5.877,0.014,3.916,0.023,1320415920,0.426148,134.7,2,0.82,13.494,0.1180,12.693,0.1330,12.068,0.0910,0.6051542039805460,0.7902261211991890,-0.0965974470633483,102103023,9428215234720
52.5550997,-5.5433335,0.0337,0.0296,-0.0103,190.4382222,-46.5224679,48.6074343,-23.7634215,909.264,357.395,906.180,354.982,9614401151000021,96144a151-000021,151,96144a,21,10.398,0.016,69.5,130,10.253,0.017,62.3,59.7,91.1,1,0,0.00000,0.00000,0000,0000,3,AA,0,10,1.0,90.602,00,0000,0000,58342.79379759,0,,0,,21.967,3.939,0.000,57.935,5.033,0.000,1.398e+04,201.2,5706,91.61,7.50,7.50,10.259,0.009,2,0.260,10.006,0.018,2,0.326,11.120,0.012,0,10.964,0.020,0,10.519,0.009,2,10.332,0.018,2,10.188,0.008,2,9.993,0.019,2,9.989,0.008,2,9.796,0.020,2,9.858,0.008,2,9.676,0.023,2,9.768,0.008,2,9.597,0.024,2,9.704,0.008,2,9.541,0.024,2,9.656,0.008,2,9.499,0.024,2,531006101351062642,0.810728,87.3,1,10.355,0.023,10.100,0.020,5.877,0.014,3.916,0.023,1320415920,0.493405,98.2,2,0.86,13.494,0.1180,12.693,0.1330,12.068,0.0910,0.6051548530097630,0.7902254886916770,-0.0965985553760102,102103023,9428215235520
52.5551749,-5.5432786,0.0361,0.0327,-0.0094,190.4382175,-46.5223752,48.6075290,-23.7633883,839.262,636.452,837.781,634.401,9613001176000022,96130a176-000022,176,96130a,22,10.484,0.019,58.4,131,10.169,0.018,61.8,66.3,91.4,1,0,0.00000,0.00000,0000,0000,3,AA,0,10,1.0,11.265,00,0000,0000,58342.33576363,0,,0,,22.984,4.309,0.000,57.905,4.861,0.000,1.291e+04,220.8,6162,99.68,7.50,7.50,10.252,0.020,2,0.260,9.996,0.017,2,0.326,11.099,0.032,2,10.948,0.017,0,10.511,0.020,2,10.322,0.017,2,10.187,0.016,2,9.990,0.018,2,9.986,0.014,2,9.797,0.019,2,9.853,0.013,2,9.676,0.020,2,9.763,0.012,2,9.594,0.021,2,9.700,0.012,2,9.536,0.021,2,9.652,0.012,3,9.494,0.021,3,531006101351062642,0.563181,106.4,1,10.355,0.023,10.100,0.020,5.877,0.014,3.916,0.023,1320415920,0.345932,140.7,2,0.74,13.494,0.1180,12.693,0.1330,12.068,0.0910,0.6051538721236390,0.7902263564353780,-0.0965976016712347,102103023,9428215234720
52.5552134,-5.5432923,0.0366,0.0337,-0.0023,190.4382654,-46.5223512,48.6075654,-23.7634116,729.936,146.320,727.134,144.653,9614001151000027,96140a151-000027,151,96140a,27,10.414,0.018,60.8,123,10.267,0.017,63.4,52.5,82.7,1,0,0.00000,0.00000,0000,0000,3,AA,0,5,0.5,48.181,00,0000,0000,58342.66289438,0,,0,,21.029,4.315,0.000,57.852,6.043,0.000,1.376e+04,226.4,5629,88.83,7.50,7.50,10.287,0.012,2,0.260,10.032,0.026,0,0.326,11.171,0.018,2,11.004,0.038,0,10.546,0.012,2,10.358,0.026,0,10.201,0.010,2,10.005,0.021,2,9.992,0.009,2,9.797,0.019,2,9.855,0.009,2,9.666,0.018,2,9.763,0.009,2,9.579,0.019,2,9.697,0.009,3,9.521,0.020,3,9.648,0.009,3,9.482,0.020,3,531006101351062642,0.417006,105.2,1,10.355,0.023,10.100,0.020,5.877,0.014,3.916,0.023,1320415920,0.233042,159.7,2,0.61,13.494,0.1180,12.693,0.1330,12.068,0.0910,0.6051533270863130,0.7902267447313970,-0.0965978396631451,102103023,9428215234721
52.5553508,-5.5432105,0.0356,0.0379,-0.0079,190.4382791,-46.5221922,48.6077331,-23.7633689,494.332,223.460,493.342,222.801,9612201176000025,96122a176-000025,176,96122a,25,10.407,0.020,55.3,121,10.240,0.018,60.7,69.1,90.3,1,0,0.00000,0.00000,0000,0000,3,AA,0,0,0.0,62.854,00,0000,0000,58342.07395720,0,,0,,21.393,3.982,0.000,57.428,4.308,0.000,1.386e+04,250.8,5773,95.18,7.50,7.50,10.309,0.010,2,0.260,10.045,0.013,2,0.326,11.211,0.014,2,11.015,0.016,2,10.569,0.010,2,10.371,0.013,2,10.212,0.009,2,10.014,0.014,2,10.000,0.008,2,9.801,0.014,2,9.862,0.008,3,9.669,0.014,3,9.768,0.009,3,9.583,0.015,3,9.704,0.012,3,9.526,0.016,3,9.658,0.013,3,9.484,0.019,3,531006101351062642,0.413812,-167.4,1,10.355,0.023,10.100,0.020,5.877,0.014,3.916,0.023,1320415920,0.657553,-141.3,1,0.78,13.494,0.1180,12.693,0.1330,12.068,0.0910,0.6051515159041150,0.7902283054288560,-0.0965964186602697,102103023,9428215234727
52.5552533,-5.5433528,0.0362,0.0311,-0.0101,190.4383705,-46.5223525,48.6075898,-23.7634805,165.844,721.477,168.767,722.318,9611401176000031,96114a176-000031,176,96114a,31,10.376,0.016,68.2,117,10.231,0.018,61.8,51.5,83.2,1,0,0.00000,0.00000,0000,0000,3,AA,0,10,1.0,96.258,00,0000,0000,58341.81227797,0,,0,,24.013,4.579,0.000,56.917,4.114,0.000,1.426e+04,209.1,5821,94.17,7.50,7.50,10.251,0.009,0,0.260,10.025,0.020,2,0.326,11.128,0.012,0,10.976,0.024,2,10.510,0.009,0,10.351,0.020,2,10.170,0.008,0,10.010,0.017,2,9.965,0.007,0,9.807,0.016,2,9.831,0.007,2,9.677,0.016,2,9.739,0.007,2,9.591,0.017,2,9.673,0.007,2,9.531,0.017,2,9.625,0.007,2,9.488,0.018,2,531006101351062642,0.281143,67.3,1,10.355,0.023,10.100,0.020,5.877,0.014,3.916,0.023,1320415920,0.061993,-90.7,2,0.36,13.494,0.1180,12.693,0.1330,12.068,0.0910,0.6051527147670960,0.7902270851694140,-0.0965988906492527,102103023,9428215235410
52.5552280,-5.5433195,0.0359,0.0346,0.0087,190.4383099,-46.5223545,48.6075729,-23.7634417,330.412,18.572,329.538,18.538,9611801176000026,96118a176-000026,176,96118a,26,10.379,0.018,60.9,129,10.208,0.018,58.7,50.1,85.3,1,0,0.00000,0.00000,0000,0000,3,AA,0,5,0.5,104.589,00,0000,0000,58341.94305388,0,,0,,21.926,3.823,0.000,56.680,4.233,0.000,1.422e+04,233.5,5946,101.3,7.50,7.50,10.323,0.023,2,0.260,10.020,0.021,2,0.326,11.230,0.014,2,10.999,0.032,2,10.583,0.023,2,10.346,0.021,2,10.228,0.032,2,9.984,0.017,2,10.016,0.031,2,9.769,0.017,2,9.878,0.028,2,9.636,0.016,2,9.784,0.026,2,9.548,0.016,2,9.719,0.024,2,9.486,0.016,2,9.672,0.024,3,9.438,0.017,3,531006101351062642,0.350265,91.9,1,10.355,0.023,10.100,0.020,5.877,0.014,3.916,0.023,1320415920,0.123960,166.6,2,0.50,13.494,0.1180,12.693,0.1330,12.068,0.0910,0.6051530978407620,0.7902268625269150,-0.0965983121726150,102103023,9428215235410
52.5552331,-5.5433111,0.0346,0.0299,-0.0125,190.4383040,-46.5223456,48.6075806,-23.7634349,60.783,229.785,62.157,231.265,9612401151000030,96124a151-000030,151,96124a,30,10.320,0.015,70.1,118,10.223,0.018,61.0,47.9,78.6,1,0,0.00000,0.00000,0000,0000,3,AA,0,10,1.0,42.973,00,0000,0000,58342.13940876,0,,0,,22.190,3.653,0.000,57.350,4.931,0.000,1.502e+04,214.2,5862,96.04,7.50,7.50,10.296,0.009,2,0.260,10.038,0.024,2,0.326,11.170,0.012,2,11.002,0.031,0,10.556,0.009,2,10.364,0.024,2,10.216,0.008,2,10.018,0.021,2,10.011,0.007,2,9.815,0.019,2,9.876,0.007,2,9.690,0.019,2,9.783,0.007,2,9.606,0.019,2,9.716,0.007,2,9.548,0.019,2,9.666,0.007,3,9.507,0.019,3,531006101351062642,0.334419,97.2,1,10.355,0.023,10.100,0.020,5.877,0.014,3.916,0.023,1320415920,0.151197,176.1,2,0.52,13.494,0.1180,12.693,0.1330,12.068,0.0910,0.6051530361117200,0.7902269276364819,-0.0965981662505752,102103023,9428215235410
52.5552582,-5.5433321,0.0349,0.0379,-0.0129,190.4383497,-46.5223368,48.6076009,-23.7634618,669.675,432.561,668.374,431.211,9612601176000027,96126a176-000027,176,96126a,27,10.463,0.016,65.9,151,10.306,0.021,51.9,62.2,103,1,0,0.00000,0.00000,0000,0000,3,AA,0,5,0.5,27.303,00,0000,0000,58342.20486037,0,,0,,22.189,4.333,0.000,57.696,5.353,0.000,1.316e+04,199.8,5431,104.7,7.50,7.50,10.264,0.011,2,0.260,10.009,0.034,2,0.326,11.143,0.014,0,10.958,0.032,2,10.523,0.011,2,10.335,0.034,2,10.188,0.011,2,10.005,0.037,2,9.984,0.010,2,9.814,0.036,2,9.854,0.010,2,9.691,0.034,2,9.764,0.010,3,9.608,0.033,3,9.699,0.011,3,9.550,0.033,3,9.651,0.011,3,9.511,0.033,3,531006101351062642,0.244219,82.0,1,10.355,0.023,10.100,0.020,5.877,0.014,3.916,0.023,1320415920,0.109493,-133.4,2,0.40,13.494,0.1180,12.693,0.1330,12.068,0.0910,0.6051526684047260,0.7902271646308590,-0.0965985310556709,102103023,9428215235410
52.5552293,-5.5433321,0.0384,0.0337,-0.0148,190.4383261,-46.5223606,48.6075706,-23.7634542,998.926,851.402,997.509,848.687,9613401177000035,96134a177-000035,177,96134a,35,10.344,0.019,56.4,89.8,10.136,0.020,53.3,64.2,73.1,1,0,0.00000,0.00000,0000,0000,3,AA,0,10,1.0,3.771,00,0000,0000,58342.46666686,0,,0,,20.293,3.040,0.000,56.387,4.430,0.000,1.468e+04,260.4,6356,119.2,7.50,7.50,10.294,0.009,0,0.260,10.049,0.014,2,0.326,11.162,0.011,0,10.997,0.018,2,10.553,0.009,0,10.375,0.014,2,10.221,0.008,0,10.032,0.012,2,10.018,0.007,0,9.829,0.012,2,9.884,0.007,3,9.698,0.013,3,9.792,0.007,3,9.608,0.014,3,9.726,0.007,3,9.541,0.015,3,9.677,0.007,3,9.492,0.018,3,531006101351062642,0.347071,84.4,1,10.355,0.023,10.100,0.020,5.877,0.014,3.916,0.023,1320415920,0.078977,162.3,2,0.47,13.494,0.1180,12.693,0.1330,12.068,0.0910,0.6051530669953530,0.7902268593916590,-0.0965985310556709,102103023,9428215235410
52.5552358,-5.5432527,0.0309,0.0294,-0.0111,190.4382361,-46.5223105,48.6076003,-23.7633793,939.209,546.466,936.785,543.929,6780101085000035,67801a085-000035,85,67801a,35,10.384,0.016,68.8,147,10.210,0.017,65.5,78.8,110,1,0,0.00000,0.00000,0000,0000,3,AA,0,10,1.0,8.992,00,0000,0000,57414.79414304,0,,0,,20.578,4.416,0.000,42.882,5.600,0.000,1.416e+04,205.7,5921,90.37,7.50,7.50,10.248,0.008,0,0.260,10.001,0.012,2,0.326,11.126,0.011,0,10.961,0.017,2,10.508,0.008,0,10.327,0.012,2,10.173,0.008,2,9.977,0.011,2,9.971,0.007,2,9.769,0.011,2,9.839,0.007,2,9.636,0.011,2,9.748,0.007,3,9.547,0.011,3,9.683,0.007,3,9.485,0.012,3,9.636,0.007,3,9.442,0.014,3,531006101351062642,0.408986,128.0,1,10.355,0.023,10.100,0.020,5.877,0.014,3.916,0.023,1320415920,0.361081,179.9,2,0.69,13.494,0.1180,12.693,0.1330,12.068,0.0910,0.6051530587360540,0.7902270343244210,-0.0965971517449072,102103023,9428215234721
52.5553921,-5.5432878,0.0313,0.0292,0.0031,190.4384056,-46.5222017,48.6077541,-23.7634543,509.664,391.723,509.195,391.080,6779801108000030,67798a108-000030,108,67798a,30,10.412,0.016,69.3,137,10.217,0.016,69.6,73.2,100,1,0,0.00000,0.00000,0000,0000,3,AA,0,10,1.0,16.989,00,0000,0000,57414.72856382,0,,0,,19.253,3.687,0.000,43.108,5.752,0.000,1.38e+04,199.1,5882,84.56,7.50,7.50,10.279,0.009,2,0.260,10.009,0.012,2,0.326,11.149,0.011,2,10.984,0.016,0,10.538,0.009,2,10.335,0.012,2,10.199,0.008,2,9.977,0.011,2,9.994,0.008,2,9.771,0.011,2,9.861,0.007,2,9.641,0.011,2,9.770,0.007,2,9.550,0.011,2,9.705,0.007,2,9.485,0.012,2,9.657,0.007,3,9.437,0.013,3,531006101351062642,0.269058,-117.8,1,10.355,0.023,10.100,0.020,5.877,0.014,3.916,0.023,1320415920,0.606585,-112.8,1,0.56,13.494,0.1180,12.693,0.1330,12.068,0.0910,0.6051508670552230,0.7902286381657611,-0.0965977614906204,102103023,9428215234724
52.5551604,-5.5434064,0.0322,0.0324,0.0091,190.4383592,-46.5224591,48.6074769,-23.7635077,138.713,914.218,142.623,915.140,6781701085000022,67817a085-000022,85,67817a,22,10.343,0.019,58.1,116,10.137,0.018,61.2,76.8,90.7,1,0,0.00000,0.00000,0000,0000,3,AA,0,10,1.0,107.025,00,0000,0000,57415.31864981,0,,0,,18.183,3.804,0.000,42.883,4.370,0.000,1.471e+04,253.1,6334,103.6,7.50,7.50,10.268,0.010,2,0.260,10.101,0.012,2,0.326,11.150,0.013,2,11.060,0.017,2,10.528,0.010,2,10.427,0.012,2,10.194,0.009,2,10.077,0.011,2,9.991,0.009,2,9.866,0.010,2,9.857,0.008,2,9.728,0.011,2,9.764,0.008,2,9.634,0.012,2,9.698,0.009,2,9.567,0.014,2,9.650,0.009,3,9.520,0.016,3,531006101351062642,0.664537,63.0,1,10.355,0.023,10.100,0.020,5.877,0.014,3.916,0.023,1320415920,0.332169,54.6,2,0.58,13.494,0.1180,12.693,0.1330,12.068,0.0910,0.6051539411053670,0.7902260322202150,-0.0965998217707390,102103023,9428215235523
52.5553692,-5.5432307,0.0369,0.0385,-0.0082,190.4383184,-46.5221884,48.6077466,-23.7633932,714.959,75.831,711.948,74.293,6779401108000035,67794a108-000035,108,67794a,35,10.271,0.022,50.1,102,10.137,0.017,62.3,53.2,72,1,0,0.00000,0.00000,0000,0000,3,AA,0,10,1.0,42.875,00,0000,0000,57414.59740527,0,,0,,16.827,4.002,0.000,43.809,4.328,0.000,1.572e+04,313.7,6333,101.6,7.50,7.50,10.318,0.013,2,0.260,10.050,0.017,0,0.326,11.175,0.016,2,11.012,0.024,0,10.578,0.013,2,10.376,0.017,0,10.246,0.012,2,10.033,0.015,2,10.040,0.011,2,9.832,0.014,2,9.903,0.010,2,9.706,0.013,2,9.809,0.010,2,9.620,0.014,2,9.744,0.010,2,9.559,0.014,2,9.699,0.010,3,9.515,0.014,3,531006101351062642,0.366044,-154.8,1,10.355,0.023,10.100,0.020,5.877,0.014,3.916,0.023,1320415920,0.649338,-132.7,1,0.72,13.494,0.1180,12.693,0.1330,12.068,0.0910,0.6051512414239930,0.7902284727292540,-0.0965967695680885,102103023,9428215234727
52.5552255,-5.5433106,0.0315,0.0310,-0.0080,190.4382972,-46.5223516,48.6075728,-23.7634325,899.714,678.963,898.134,676.609,6779001109000031,67790a109-000031,109,67790a,31,10.374,0.017,65.3,132,10.206,0.018,59.8,75.7,99.2,1,0,0.00000,0.00000,0000,0000,3,AA,0,10,1.0,84.474,00,0000,0000,57414.46637407,0,,0,,17.874,3.501,0.000,40.592,4.432,0.000,1.43e+04,218.9,5942,99.44,7.50,7.50,10.234,0.009,2,0.260,10.034,0.015,2,0.326,11.105,0.012,0,10.973,0.017,2,10.493,0.009,2,10.360,0.015,2,10.163,0.008,2,10.024,0.015,2,9.964,0.007,2,9.825,0.016,2,9.835,0.007,2,9.703,0.018,2,9.747,0.007,2,9.623,0.019,2,9.684,0.007,2,9.571,0.021,2,9.638,0.008,2,9.535,0.022,2,531006101351062642,0.361666,96.9,1,10.355,0.023,10.100,0.020,5.877,0.014,3.916,0.023,1320415920,0.157208,166.2,2,0.54,13.494,0.1180,12.693,0.1330,12.068,0.0910,0.6051531414439110,0.7902268480352100,-0.0965981575647394,102103023,9428215235410
52.5552458,-5.5433500,0.0325,0.0288,-0.0027,190.4383611,-46.5223571,48.6075827,-23.7634758,310.147,704.825,312.164,705.042,6780201109000024,67802a109-000024,109,67802a,24,10.372,0.015,70.8,132,10.205,0.017,65.0,50.9,88.9,1,0,0.00000,0.00000,0000,0000,3,AA,0,10,1.0,-0.474,00,0000,0000,57414.85972233,0,,0,,15.892,2.807,1.341,42.906,3.832,0.000,1.433e+04,202.3,5948,91.56,7.50,7.50,10.248,0.009,2,0.260,9.994,0.013,2,0.326,11.119,0.012,0,10.962,0.019,0,10.507,0.009,2,10.320,0.013,2,10.176,0.008,2,9.976,0.012,2,9.975,0.007,2,9.779,0.014,2,9.843,0.007,2,9.654,0.015,2,9.751,0.007,3,9.570,0.015,3,9.685,0.007,3,9.511,0.015,3,9.636,0.007,3,9.469,0.016,3,531006101351062642,0.302694,71.1,1,10.355,0.023,10.100,0.020,5.877,0.014,3.916,0.023,1320415920,0.036738,-107.1,2,0.38,13.494,0.1180,12.693,0.1330,12.068,0.0910,0.6051528210777480,0.7902270097030630,-0.0965988420085757,102103023,9428215235410
52.5552467,-5.5433338,0.0346,0.0324,0.0041,190.4383423,-46.5223472,48.6075884,-23.7634604,115.219,109.403,115.786,110.596,6780601108000038,67806a108-000038,108,67806a,38,10.357,0.019,57.1,132,10.158,0.017,65.1,73.9,97.3,1,0,0.00000,0.00000,0000,0000,3,AA,0,5,0.5,9.798,00,0000,0000,57414.99075356,0,,0,,20.139,4.386,0.000,42.604,4.226,0.000,1.452e+04,254.1,6212,95.36,7.50,7.50,10.303,0.009,2,0.260,10.048,0.018,2,0.326,11.195,0.012,2,11.011,0.019,2,10.563,0.009,2,10.374,0.018,2,10.216,0.008,2,10.021,0.017,2,10.006,0.007,2,9.810,0.016,2,9.869,0.007,2,9.675,0.015,2,9.775,0.007,2,9.585,0.014,2,9.709,0.007,2,9.523,0.014,2,9.662,0.007,3,9.478,0.014,3,531006101351062642,0.285877,82.0,1,10.355,0.023,10.100,0.020,5.877,0.014,3.916,0.023,1320415920,0.079041,-151.0,2,0.42,13.494,0.1180,12.693,0.1330,12.068,0.0910,0.6051528252708720,0.7902270408933770,-0.0965985605875115,102103023,9428215235410
52.5552261,-5.5433159,0.0340,0.0317,-0.0056,190.4383041,-46.5223541,48.6075719,-23.7634377,539.348,272.909,538.203,272.150,6780901084000030,67809a084-000030,84,67809a,30,10.363,0.017,63.5,130,10.224,0.016,66.8,75.3,98.8,1,0,0.00000,0.00000,0000,0000,3,AA,0,10,1.0,24.652,00,0000,0000,57415.05633285,0,,0,,17.334,4.057,0.000,43.205,4.852,0.000,1.444e+04,227.3,5845,87.53,7.50,7.50,10.228,0.013,2,0.260,10.058,0.015,2,0.326,11.107,0.019,0,11.009,0.017,2,10.488,0.013,2,10.384,0.015,2,10.156,0.011,2,10.030,0.015,2,9.959,0.010,2,9.816,0.015,2,9.830,0.009,2,9.682,0.015,2,9.741,0.009,2,9.595,0.016,2,9.678,0.009,3,9.538,0.016,3,9.631,0.009,3,9.498,0.017,3,531006101351062642,0.357722,93.9,1,10.355,0.023,10.100,0.020,5.877,0.014,3.916,0.023,1320415920,0.138191,165.1,2,0.52,13.494,0.1180,12.693,0.1330,12.068,0.0910,0.6051531277358800,0.7902268472780550,-0.0965982496345982,102103023,9428215235410
52.5552155,-5.5433705,0.0326,0.0314,-0.0114,190.4383610,-46.5223936,48.6075450,-23.7634876,711.718,992.527,712.701,991.031,6779401109000027,67794a109-000027,109,67794a,27,10.330,0.018,59.9,116,10.139,0.017,62.5,78,94.1,1,0,0.00000,0.00000,0000,0000,3,AA,0,5,0.5,43.161,00,0000,0001,57414.59753263,0,,0,,17.287,3.223,0.000,42.477,4.126,0.000,1.489e+04,248.5,6323,101.1,7.50,7.50,10.266,0.009,0,0.260,10.022,0.031,2,0.326,11.138,0.012,0,10.985,0.032,2,10.525,0.009,0,10.348,0.031,2,10.186,0.008,2,9.989,0.039,2,9.981,0.007,2,9.773,0.039,2,9.850,0.007,2,9.640,0.035,2,9.761,0.007,2,9.553,0.033,2,9.697,0.007,3,9.493,0.032,3,9.649,0.007,3,9.450,0.031,3,531006101351062642,0.430732,66.5,1,10.355,0.023,10.100,0.020,5.877,0.014,3.916,0.023,1320415920,0.096771,49.4,2,0.43,13.494,0.1180,12.693,0.1330,12.068,0.0910,0.6051532179633530,0.7902266622366410,-0.0965991981278125,102103023,9428215235411
52.5551990,-5.5433799,0.0322,0.0302,0.0049,190.4383588,-46.5224124,48.6075250,-23.7634923,735.181,870.753,735.440,869.148,6780501085000063,67805a085-000063,85,67805a,63,10.334,0.017,62.9,106,10.140,0.016,65.9,76.6,86.8,1,0,0.00000,0.00000,0000,0000,3,AA,0,5,0.5,0.696,00,0000,0000,57414.92530161,0,,0,,18.077,3.959,0.000,42.916,5.115,0.000,1.484e+04,235.9,6316,95.9,7.50,7.50,10.236,0.009,3,0.260,10.060,0.018,3,0.326,11.107,0.012,0,11.023,0.024,2,10.496,0.009,3,10.386,0.018,3,10.165,0.008,3,10.033,0.017,3,9.967,0.008,3,9.823,0.017,3,9.839,0.008,3,9.691,0.017,3,9.750,0.008,3,9.599,0.020,3,9.686,0.008,3,9.531,0.022,3,9.639,0.008,3,9.481,0.025,3,531006101351062642,0.498505,65.6,1,10.355,0.023,10.100,0.020,5.877,0.014,3.916,0.023,1320415920,0.164179,53.9,2,0.47,13.494,0.1180,12.693,0.1330,12.068,0.0910,0.6051534358966330,0.7902264753825050,-0.0965993614215072,102103023,9428215235411
52.5552956,-5.5433265,0.0322,0.0291,-0.0081,190.4383734,-46.5223029,48.6076418,-23.7634662,340.865,596.942,342.243,597.031,6781301031000026,67813a031-000026,31,67813a,26,10.328,0.015,72.9,110,10.124,0.017,65.3,58.6,80.7,1,0,0.00000,0.00000,0000,0000,3,AA,0,10,1.0,65.869,00,0000,0000,57415.18749135,0,,0,,16.926,2.996,0.000,43.185,4.511,0.000,1.492e+04,204.6,6412,98.21,7.50,7.50,10.263,0.008,0,0.260,10.041,0.014,2,0.326,11.133,0.011,0,11.012,0.020,2,10.523,0.008,0,10.367,0.014,2,10.190,0.008,0,10.015,0.012,2,9.990,0.007,2,9.805,0.012,2,9.861,0.007,2,9.675,0.013,2,9.771,0.007,3,9.590,0.015,3,9.707,0.007,3,9.533,0.016,3,9.660,0.007,3,9.492,0.017,3,531006101351062642,0.108717,82.8,1,10.355,0.023,10.100,0.020,5.877,0.014,3.916,0.023,1320415920,0.233897,-114.1,2,0.37,13.494,0.1180,12.693,0.1330,12.068,0.0910,0.6051521583216530,0.7902275671418920,-0.0965984337743133,102103023,9428215235421
52.5553141,-5.5432569,0.0359,0.0329,-0.0078,190.4383049,-46.5222485,48.6076813,-23.7634040,877.923,889.616,877.373,887.430,2445518101000032,24455r101-000032,101,24455r,32,10.378,0.019,56.4,112,10.135,0.020,54.7,57.9,81.8,1,0,0.00000,0.00000,0000,0000,3,AA,0,10,1.0,102.118,00,0000,0000,59229.46385428,0,,0,,17.360,3.804,0.000,44.379,4.923,0.000,1.423e+04,252.2,6357,116.2,7.50,7.50,10.287,0.014,0,0.260,10.077,0.014,2,0.326,11.156,0.014,0,11.042,0.020,2,10.547,0.014,0,10.403,0.014,2,10.214,0.013,0,10.053,0.013,2,10.011,0.012,1,9.847,0.014,3,9.878,0.011,1,9.715,0.014,3,9.787,0.010,3,9.626,0.015,3,9.722,0.010,3,9.565,0.016,3,9.674,0.010,3,9.523,0.017,3,531006101351062642,0.240499,170.0,1,10.355,0.023,10.100,0.020,5.877,0.014,3.916,0.023,1320415920,0.444974,-141.0,2,0.61,13.494,0.1180,12.693,0.1330,12.068,0.0910,0.6051519745117300,0.7902278556996490,-0.0965972247059347,102103023,9428215234726
52.5550381,-5.5434415,0.0365,0.0364,0.0125,190.4383016,-46.5225794,48.6073385,-23.7635094,251.916,971.314,255.382,971.776,2448118077000028,24481r077-000028,77,24481r,28,10.546,0.019,56.9,144,10.322,0.019,57.6,60,96.6,1,0,0.00000,0.00000,0000,0000,3,AA,0,10,1.0,93.452,00,0000,0000,59230.31383529,0,,0,,16.956,4.129,0.000,44.467,5.357,0.000,1.219e+04,214.3,5352,92.87,7.50,7.50,10.282,0.011,2,0.260,10.069,0.013,2,0.326,11.157,0.016,0,11.016,0.017,2,10.541,0.011,2,10.395,0.013,2,10.202,0.009,2,10.047,0.012,2,9.998,0.009,2,9.832,0.012,2,9.867,0.009,2,9.696,0.015,2,9.778,0.009,3,9.608,0.017,3,9.716,0.009,3,9.545,0.019,3,9.671,0.009,3,9.498,0.019,3,531006101351062642,1.115741,67.5,1,10.355,0.023,10.100,0.020,5.877,0.014,3.916,0.023,1320415920,0.777393,65.8,2,1.01,13.494,0.1180,12.693,0.1330,12.068,0.0910,0.6051555918909010,0.7902246935106740,-0.0966004315162934,102103023,9428215235490
52.5552719,-5.5432430,0.0318,0.0312,-0.0097,190.4382539,-46.5222753,48.6076410,-23.7633795,952.939,603.242,950.655,600.641,2446518077000036,24465r077-000036,77,24465r,36,10.466,0.017,63.1,132,10.293,0.017,62.6,64.7,92.5,1,0,0.00000,0.00000,0000,0000,3,AA,0,10,1.0,19.474,00,0000,0000,59229.79073087,0,,0,,18.504,4.032,0.000,44.499,4.261,0.000,1.313e+04,207.9,5499,87.85,7.50,7.50,10.273,0.011,2,0.260,10.086,0.020,2,0.326,11.139,0.012,0,11.047,0.021,2,10.532,0.011,2,10.412,0.020,2,10.200,0.014,2,10.062,0.021,2,9.998,0.016,2,9.856,0.019,2,9.866,0.015,3,9.724,0.018,3,9.775,0.014,3,9.635,0.017,3,9.711,0.014,3,9.573,0.017,3,9.664,0.013,3,9.529,0.017,3,531006101351062642,0.345666,146.1,1,10.355,0.023,10.100,0.020,5.877,0.014,3.916,0.023,1320415920,0.416369,-162.0,2,0.68,13.494,0.1180,12.693,0.1330,12.068,0.0910,0.6051525707853510,0.7902274285931070,-0.0965969832396753,102103023,9428215234734
52.5552447,-5.5432416,0.0341,0.0323,-0.0067,190.4382300,-46.5222969,48.6076129,-23.7633710,341.845,225.307,341.664,225.416,2446718100000030,24467r100-000030,100,24467r,30,10.428,0.017,65.1,122,10.282,0.018,62.0,63.6,87.7,1,0,0.00000,0.00000,0000,0000,3,AA,0,10,1.0,10.425,00,0000,0000,59229.85605529,0,,0,,17.432,3.885,0.000,43.631,4.717,0.000,1.358e+04,208.7,5553,89.56,7.50,7.50,10.288,0.009,0,0.260,10.074,0.025,2,0.326,11.171,0.011,0,11.044,0.028,0,10.547,0.009,0,10.400,0.025,2,10.206,0.008,0,10.049,0.022,2,10.000,0.007,0,9.840,0.020,2,9.865,0.007,2,9.706,0.018,2,9.773,0.007,3,9.615,0.018,3,9.708,0.007,3,9.552,0.018,3,9.660,0.007,3,9.508,0.018,3,531006101351062642,0.411677,135.2,1,10.355,0.023,10.100,0.020,5.877,0.014,3.916,0.023,1320415920,0.402250,-175.6,2,0.72,13.494,0.1180,12.693,0.1330,12.068,0.0910,0.6051529473646590,0.7902271431831500,-0.0965969589193323,102103023,9428215234734
52.5552627,-5.5432710,0.0342,0.0297,-0.0102,190.4382800,-46.5222987,48.6076233,-23.7634040,78.784,158.697,79.799,160.021,2448518076000033,24485r076-000033,76,24485r,33,10.360,0.015,70.4,126,10.211,0.018,60.2,47.4,85.7,1,0,0.00000,0.00000,0000,0000,3,AA,0,10,1.0,108.138,00,0000,0000,59230.44448413,0,,0,,18.534,4.260,0.000,43.134,4.004,0.000,1.447e+04,205.5,5929,98.56,7.50,7.50,10.280,0.009,0,0.260,10.047,0.014,2,0.326,11.157,0.012,0,11.008,0.021,0,10.540,0.009,0,10.373,0.014,2,10.197,0.008,0,10.026,0.012,2,9.989,0.008,0,9.821,0.012,2,9.854,0.007,2,9.689,0.013,2,9.764,0.007,2,9.603,0.015,2,9.700,0.008,2,9.544,0.017,2,9.652,0.008,2,9.502,0.017,2,531006101351062642,0.292573,129.5,1,10.355,0.023,10.100,0.020,5.877,0.014,3.916,0.023,1320415920,0.310316,-162.0,2,0.59,13.494,0.1180,12.693,0.1330,12.068,0.0910,0.6051526689711469,0.7902272939445880,-0.0965974696465229,102103023,9428215234734
52.5552140,-5.5433044,0.0347,0.0325,-0.0033,190.4382804,-46.5223575,48.6075625,-23.7634235,774.163,686.548,773.363,684.697,2446918077000031,24469r077-000031,77,24469r,31,10.310,0.018,60.3,107,10.362,0.018,59.7,63.7,81,1,0,0.00000,0.00000,0000,0000,3,AA,0,5,0.5,3.997,00,0000,0000,59229.92150703,0,,0,,16.168,3.559,0.000,43.908,5.355,0.000,1.515e+04,251.3,5161,86.51,7.50,7.50,10.322,0.010,2,0.260,10.063,0.018,0,0.326,11.215,0.013,2,11.029,0.022,0,10.581,0.010,2,10.389,0.018,0,10.236,0.009,3,10.040,0.024,3,10.028,0.008,3,9.837,0.048,3,9.894,0.008,3,9.713,0.058,3,9.803,0.008,3,9.632,0.057,3,9.740,0.009,3,9.574,0.055,3,9.694,0.009,3,9.532,0.053,3,531006101351062642,0.405625,99.3,1,10.355,0.023,10.100,0.020,5.877,0.014,3.916,0.023,1320415920,0.191899,155.7,2,0.58,13.494,0.1180,12.693,0.1330,12.068,0.0910,0.6051533064079330,0.7902267348721620,-0.0965980498603752,102103023,9428215235410
52.5551984,-5.5433765,0.0352,0.0339,-0.0066,190.4383542,-46.5224110,48.6075254,-23.7634889,688.301,966.962,689.223,965.599,2445918101000026,24459r101-000026,101,24459r,26,10.372,0.020,55.3,113,10.222,0.018,59.6,66.4,85.7,1,0,0.00000,0.00000,0000,0000,3,AA,0,10,1.0,60.514,00,0000,0000,59229.59463034,0,,0,,16.695,3.339,0.000,43.911,4.916,0.000,1.431e+04,258.9,5870,98.43,7.50,7.50,10.291,0.010,2,0.260,10.041,0.021,0,0.326,11.156,0.014,0,10.999,0.035,0,10.551,0.010,2,10.367,0.021,0,10.229,0.009,2,10.018,0.017,0,10.032,0.008,2,9.809,0.015,2,9.901,0.008,2,9.678,0.015,2,9.810,0.008,2,9.594,0.015,2,9.743,0.008,3,9.534,0.015,3,9.693,0.008,3,9.491,0.016,3,531006101351062642,0.495553,67.0,1,10.355,0.023,10.100,0.020,5.877,0.014,3.916,0.023,1320415920,0.159087,57.9,2,0.47,13.494,0.1180,12.693,0.1330,12.068,0.0910,0.6051534476570980,0.7902264735964680,-0.0965993023578307,102103023,9428215235411
52.5552036,-5.5433329,0.0336,0.0304,0.0059,190.4383061,-46.5223822,48.6075434,-23.7634482,424.650,744.348,426.140,744.080,2447718025000028,24477r025-000028,25,24477r,28,10.382,0.017,65.6,154,10.273,0.017,64.3,54.3,95.2,1,0,0.00000,0.00000,0000,0000,3,AA,0,10,1.0,49.216,00,0000,0000,59230.18254992,0,,0,,16.616,3.504,0.000,43.589,4.562,0.000,1.418e+04,216.1,5598,87.03,7.50,7.50,10.302,0.009,2,0.260,10.068,0.017,0,0.326,11.181,0.012,2,11.036,0.023,0,10.561,0.009,2,10.394,0.017,0,10.221,0.008,2,10.040,0.015,2,10.014,0.008,2,9.828,0.015,2,9.880,0.008,2,9.694,0.016,2,9.787,0.007,2,9.606,0.017,2,9.721,0.008,3,9.547,0.017,3,9.673,0.008,3,9.508,0.017,3,531006101351062642,0.439043,85.2,1,10.355,0.023,10.100,0.020,5.877,0.014,3.916,0.023,1320415920,0.136799,121.9,2,0.54,13.494,0.1180,12.693,0.1330,12.068,0.0910,0.6051534206312000,0.7902265868795610,-0.0965985449530077,102103023,9428215235411
52.5553188,-5.5432954,0.0375,0.0372,0.0039,190.4383550,-46.5222663,48.6076751,-23.7634423,518.076,135.006,516.474,134.355,2446318100000031,24463r100-000031,100,24463r,31,10.469,0.019,57.9,133,10.262,0.019,56.5,53.9,87.6,1,0,0.00000,0.00000,0000,0000,3,AA,0,10,1.0,26.292,00,0000,0000,59229.72527909,0,,0,,17.590,3.602,0.000,44.097,4.625,0.000,1.308e+04,225.8,5657,100.1,7.50,7.50,10.261,0.009,2,0.260,10.065,0.017,2,0.326,11.128,0.013,2,11.016,0.023,2,10.520,0.009,2,10.391,0.017,2,10.181,0.008,2,10.042,0.015,2,9.976,0.008,2,9.830,0.014,2,9.846,0.008,2,9.696,0.014,2,9.756,0.008,2,9.607,0.014,2,9.690,0.008,3,9.545,0.014,3,9.642,0.009,3,9.501,0.015,3,531006101351062642,0.101342,165.9,1,10.355,0.023,10.100,0.020,5.877,0.014,3.916,0.023,1320415920,0.361968,-125.0,2,0.47,13.494,0.1180,12.693,0.1330,12.068,0.0910,0.6051518702246640,0.7902278538067310,-0.0965978935153284,102103023,9428215235417
52.5552199,-5.5433540,0.0361,0.0294,-0.0114,190.4383447,-46.5223806,48.6075544,-23.7634728,66.735,616.169,69.815,617.474,4589701091000025,45897a091-000025,91,45897a,25,10.391,0.015,71.9,114,10.225,0.018,60.5,46.5,73.8,1,0,0.00000,0.00000,0000,0000,3,AA,0,10,1.0,108.322,01,0000,0000,56695.29548257,0,,0,,30.123,3.992,0.000,112.258,6.405,0.000,1.418e+04,197.4,5975,98.72,7.50,7.50,10.280,0.008,0,0.257,10.049,0.015,2,0.322,11.154,0.011,0,11.012,0.021,0,10.537,0.008,0,10.371,0.015,2,10.197,0.008,0,10.022,0.014,2,9.992,0.007,2,9.823,0.014,2,9.857,0.007,2,9.696,0.014,2,9.765,0.007,3,9.607,0.016,3,9.700,0.007,3,9.542,0.017,3,9.651,0.007,3,9.494,0.018,3,531006101351062642,0.395490,73.4,1,10.355,0.023,10.100,0.020,5.877,0.014,3.916,0.023,1320415920,0.057801,86.4,2,0.44,13.494,0.1180,12.693,0.1330,12.068,0.0910,0.6051531741918700,0.7902267307953050,-0.0965989114952570,102103023,9428215235411
52.5553670,-5.5432840,0.0379,0.0347,0.0051,190.4383806,-46.5222202,48.6077289,-23.7634440,926.681,105.145,922.395,102.677,1331518101000030,13315r101-000030,101,13315r,30,10.323,0.019,58.2,95.1,10.164,0.019,56.2,43.7,65.6,1,0,0.00000,0.00000,0000,0000,3,AA,0,10,1.0,60.016,00,0000,0000,58865.21574085,0,,0,,18.359,4.335,0.000,44.648,4.323,0.000,1.497e+04,257,6192,110.2,7.50,7.50,10.280,0.011,2,0.260,10.004,0.017,0,0.326,11.154,0.014,2,10.968,0.023,0,10.540,0.011,2,10.330,0.017,0,10.197,0.010,2,9.977,0.017,0,9.988,0.009,3,9.768,0.017,3,9.851,0.009,3,9.636,0.016,3,9.756,0.010,3,9.549,0.017,3,9.690,0.009,3,9.491,0.019,3,9.643,0.009,3,9.447,0.020,3,531006101351062642,0.203247,-133.3,1,10.355,0.023,10.100,0.020,5.877,0.014,3.916,0.023,1320415920,0.531069,-117.9,1,0.53,13.494,0.1180,12.693,0.1330,12.068,0.0910,0.6051512171318441,0.7902283781490870,-0.0965976954782657,102103023,9428215234724
52.5552900,-5.5432839,0.0342,0.0329,0.0097,190.4383177,-46.5222835,48.6076482,-23.7634237,749.980,729.683,749.446,728.014,1331918102000027,13319r102-000027,102,13319r,27,10.327,0.018,60.2,117,10.202,0.017,63.5,60.2,83.4,1,0,0.00000,0.00000,0000,0000,3,AA,0,10,1.0,102.051,00,0000,0000,58865.34664428,0,,0,,17.913,4.782,0.000,44.452,4.764,0.000,1.491e+04,247.8,5978,94.09,7.50,7.50,10.261,0.009,2,0.260,9.980,0.050,0,0.326,11.114,0.012,2,10.929,0.079,0,10.520,0.009,2,10.306,0.050,0,10.189,0.008,2,9.971,0.039,2,9.988,0.008,2,9.778,0.034,2,9.860,0.008,3,9.661,0.032,3,9.772,0.008,3,9.588,0.033,3,9.711,0.008,3,9.539,0.033,3,9.666,0.008,3,9.504,0.034,3,531006101351062642,0.189404,137.5,1,10.355,0.023,10.100,0.020,5.877,0.014,3.916,0.023,1320415920,0.315151,-142.1,2,0.52,13.494,0.1180,12.693,0.1330,12.068,0.0910,0.6051522792245040,0.7902275650173740,-0.0965976937410985,102103023,9428215234726
52.5552878,-5.5433535,0.0330,0.0301,-0.0088,190.4383995,-46.5223245,48.6076258,-23.7634902,836.225,399.587,833.738,397.481,1332918075000034,13329r075-000034,75,13329r,34,10.429,0.016,68.1,130,10.195,0.017,65.4,60,89.7,1,0,0.00000,0.00000,0000,0000,3,AA,0,10,1.0,37.161,00,0000,0000,58865.67415772,0,,0,,17.749,4.275,0.000,44.036,4.897,0.000,1.357e+04,199.3,6020,92.11,7.50,7.50,10.274,0.010,2,0.260,9.991,0.013,2,0.326,11.136,0.013,0,10.945,0.017,0,10.533,0.010,2,10.317,0.013,2,10.199,0.009,2,9.978,0.012,2,9.993,0.008,2,9.780,0.014,2,9.857,0.008,2,9.655,0.015,2,9.765,0.008,2,9.571,0.016,2,9.700,0.008,3,9.512,0.016,3,9.653,0.008,3,9.469,0.017,3,531006101351062642,0.175318,50.8,1,10.355,0.023,10.100,0.020,5.877,0.014,3.916,0.023,1320415920,0.185617,-89.4,2,0.29,13.494,0.1180,12.693,0.1330,12.068,0.0910,0.6051522382232180,0.7902274486180830,-0.0965989028094219,102103023,9428215235421
52.5553318,-5.5432694,0.0317,0.0328,0.0031,190.4383344,-46.5222410,48.6076962,-23.7634207,406.904,42.225,405.554,42.073,1332718099000035,13327r099-000035,99,13327r,35,10.341,0.017,63.7,114,10.217,0.017,62.9,62.3,83.7,1,0,0.00000,0.00000,0000,0000,3,AA,0,10,1.0,55.825,00,0000,0000,58865.60870594,0,,0,,16.381,3.750,0.000,43.932,4.782,0.000,1.472e+04,231.3,5897,93.78,7.50,7.50,10.225,0.009,0,0.260,10.020,0.014,2,0.326,11.094,0.011,0,10.969,0.018,0,10.485,0.009,0,10.346,0.014,2,10.150,0.008,2,10.003,0.013,2,9.948,0.007,2,9.801,0.013,2,9.817,0.007,2,9.673,0.014,2,9.728,0.007,2,9.587,0.015,2,9.665,0.007,3,9.524,0.016,3,9.620,0.008,3,9.479,0.018,3,531006101351062642,0.193121,-173.5,1,10.355,0.023,10.100,0.020,5.877,0.014,3.916,0.023,1320415920,0.456519,-131.2,2,0.56,13.494,0.1180,12.693,0.1330,12.068,0.0910,0.6051517175788720,0.7902280259134190,-0.0965974418518465,102103023,9428215234726
52.5553312,-5.5432855,0.0346,0.0328,0.0078,190.4383532,-46.5222505,48.6076909,-23.7634360,663.281,225.482,661.175,224.176,1333318076000029,13333r076-000029,76,13333r,29,10.438,0.018,61.0,125,10.150,0.017,63.3,70.9,92.3,1,0,0.00000,0.00000,0000,0000,3,AA,0,10,1.0,17.875,00,0000,0000,58865.80493384,0,,0,,16.408,4.347,0.000,43.501,4.700,0.000,1.346e+04,220.6,6270,99.08,7.50,7.50,10.263,0.010,2,0.260,10.021,0.014,2,0.326,11.124,0.012,2,10.989,0.019,2,10.523,0.010,2,10.347,0.014,2,10.189,0.009,2,9.992,0.013,2,9.989,0.009,3,9.782,0.014,3,9.858,0.009,3,9.646,0.015,3,9.767,0.009,3,9.555,0.017,3,9.703,0.009,3,9.496,0.018,3,9.657,0.009,3,9.454,0.019,3,531006101351062642,0.135362,-171.6,1,10.355,0.023,10.100,0.020,5.877,0.014,3.916,0.023,1320415920,0.418820,-125.5,2,0.50,13.494,0.1180,12.693,0.1330,12.068,0.0910,0.6051517093508700,0.7902279980257710,-0.0965977215357742,102103023,9428215234726
52.5551344,-5.5433055,0.0352,0.0286,-0.0109,190.4382168,-46.5224236,48.6074787,-23.7634036,47.026,605.727,50.169,607.111,1333518101000026,13335r101-000026,101,13335r,26,10.331,0.015,71.0,114,10.167,0.016,66.3,50.8,80.2,1,0,0.00000,0.00000,0000,0000,3,AA,0,10,1.0,8.506,00,0000,0000,58865.87038559,0,,0,,16.061,3.437,0.000,43.959,4.344,0.000,1.485e+04,209.1,6173,93.15,7.50,7.50,10.261,0.009,0,0.260,10.024,0.011,0,0.326,11.136,0.012,0,10.986,0.015,0,10.521,0.009,0,10.350,0.011,0,10.185,0.008,0,10.002,0.010,0,9.983,0.007,0,9.797,0.010,0,9.851,0.007,0,9.666,0.010,2,9.760,0.007,2,9.578,0.010,2,9.695,0.007,3,9.516,0.010,3,9.647,0.007,3,9.472,0.011,3,531006101351062642,0.688250,95.2,1,10.355,0.023,10.100,0.020,5.877,0.014,3.916,0.023,1320415920,0.402210,115.2,2,0.80,13.494,0.1180,12.693,0.1330,12.068,0.0910,0.6051544031276330,0.7902258926703540,-0.0965980689692141,102103023,9428215235408
52.5552041,-5.5433509,0.0329,0.0324,-0.0067,190.4383281,-46.5223919,48.6075387,-23.7634657,481.401,894.181,483.228,893.632,1333718077000034,13337r077-000034,77,13337r,34,10.402,0.017,64.1,127,10.180,0.019,57.6,69.1,93.4,1,0,0.00000,0.00000,0000,0000,3,AA,0,10,1.0,4.454,00,0000,0000,58865.93583738,0,,0,,17.470,4.021,0.000,44.154,5.394,0.000,1.392e+04,217.2,6103,105.9,7.50,7.50,10.247,0.009,2,0.260,9.997,0.013,2,0.326,11.110,0.012,0,10.949,0.017,2,10.507,0.009,2,10.323,0.013,2,10.176,0.008,2,9.983,0.012,2,9.973,0.008,2,9.785,0.012,2,9.841,0.008,2,9.659,0.012,2,9.749,0.008,2,9.573,0.012,2,9.684,0.008,3,9.511,0.012,3,9.636,0.008,3,9.465,0.013,3,531006101351062642,0.447383,76.9,1,10.355,0.023,10.100,0.020,5.877,0.014,3.916,0.023,1320415920,0.114553,93.8,2,0.50,13.494,0.1180,12.693,0.1330,12.068,0.0910,0.6051533952840650,0.7902265680665390,-0.0965988576430790,102103023,9428215235411
52.5554289,-5.5433283,0.0356,0.0311,-0.0094,190.4384842,-46.5221943,48.6077811,-23.7635030,301.898,598.535,303.523,598.790,1334118077000027,13341r077-000027,77,13341r,27,10.359,0.015,70.7,118,10.246,0.018,59.3,44,79,1,0,0.00000,0.00000,0000,0000,3,AA,0,10,1.0,20.221,00,0000,0000,58866.06661355,0,,0,,15.504,3.020,0.000,43.956,4.646,0.000,1.448e+04,204.8,5742,96.85,7.50,7.50,10.259,0.009,0,0.260,10.030,0.014,2,0.326,11.136,0.013,0,10.984,0.017,2,10.519,0.009,0,10.356,0.014,2,10.183,0.008,2,10.013,0.013,2,9.979,0.008,2,9.804,0.015,2,9.846,0.007,2,9.666,0.016,2,9.751,0.007,3,9.570,0.017,3,9.682,0.007,3,9.501,0.017,3,9.631,0.007,3,9.452,0.017,3,531006101351062642,0.370332,-86.9,1,10.355,0.023,10.100,0.020,5.877,0.014,3.916,0.023,1320415920,0.696889,-97.3,1,0.52,13.494,0.1180,12.693,0.1330,12.068,0.0910,0.6051503179916040,0.7902289726313100,-0.0965984650433212,102103023,9428215235416
52.5553207,-5.5432986,0.0348,0.0329,0.0085,190.4383604,-46.5222665,48.6076761,-23.7634459,573.015,116.511,571.010,115.567,1332318097000030,13323r097-000030,97,13323r,30,10.462,0.020,55.5,130,10.171,0.016,67.5,69.5,89.3,1,0,0.00000,0.00000,0000,0000,3,AA,0,10,1.0,97.424,00,0000,0000,58865.47792981,0,,0,,18.429,4.700,0.000,44.516,5.052,0.000,1.317e+04,237.3,6150,91.15,7.50,7.50,10.259,0.012,2,0.260,10.012,0.013,0,0.326,11.112,0.018,2,10.971,0.015,0,10.519,0.012,2,10.338,0.013,0,10.192,0.010,2,9.990,0.012,2,9.992,0.010,2,9.784,0.011,2,9.860,0.010,2,9.654,0.011,2,9.769,0.011,2,9.568,0.011,2,9.706,0.011,3,9.511,0.011,3,9.661,0.011,3,9.471,0.012,3,531006101351062642,0.088590,168.3,1,10.355,0.023,10.100,0.020,5.877,0.014,3.916,0.023,1320415920,0.361195,-122.8,2,0.45,13.494,0.1180,12.693,0.1330,12.068,0.0910,0.6051518407395550,0.7902278695909800,-0.0965979491046787,102103023,9428215235417
52.5552911,-5.5432998,0.0351,0.0303,-0.0081,190.4383377,-46.5222916,48.6076447,-23.7634393,221.166,782.704,224.045,783.282,1333118100000024,13331r100-000024,100,13331r,24,10.366,0.016,69.1,122,10.134,0.018,58.9,52.5,86.1,1,0,0.00000,0.00000,0000,0000,3,AA,0,10,1.0,25.421,00,0000,0000,58865.73960947,0,,0,,16.336,3.320,0.000,43.850,4.104,0.000,1.439e+04,208.2,6367,108,7.50,7.50,10.251,0.009,0,0.260,10.048,0.018,2,0.326,11.129,0.012,0,11.013,0.024,2,10.511,0.009,0,10.374,0.018,2,10.168,0.008,0,10.023,0.016,2,9.963,0.008,2,9.818,0.015,2,9.829,0.008,2,9.688,0.015,2,9.737,0.008,2,9.599,0.015,2,9.670,0.008,3,9.536,0.015,3,9.621,0.008,3,9.490,0.015,3,531006101351062642,0.148885,123.6,1,10.355,0.023,10.100,0.020,5.877,0.014,3.916,0.023,1320415920,0.275063,-134.1,2,0.46,13.494,0.1180,12.693,0.1330,12.068,0.0910,0.6051522477549260,0.7902275553526130,-0.0965979699506849,102103023,9428215235417
52.5553223,-5.5433823,0.0337,0.0330,-0.0093,190.4384622,-46.5223124,48.6076536,-23.7635271,404.039,957.807,406.568,957.608,1332718100000026,13327r100-000026,100,13327r,26,10.365,0.019,57.4,112,10.227,0.018,60.4,57.2,82,1,0,0.00000,0.00000,0000,0000,3,AA,0,10,1.0,56.095,00,0000,0000,58865.60883330,0,,0,,16.100,3.925,0.000,44.647,4.511,0.000,1.44e+04,250.8,5842,96.79,7.50,7.50,10.211,0.011,2,0.260,9.990,0.019,2,0.326,11.069,0.016,0,10.935,0.020,0,10.471,0.011,2,10.316,0.019,2,10.147,0.009,2,9.981,0.019,2,9.952,0.009,3,9.782,0.019,19,9.824,0.008,3,9.658,0.020,19,9.735,0.008,3,9.577,0.020,19,9.673,0.009,3,9.522,0.020,19,9.629,0.009,3,9.482,0.020,19,531006101351062642,0.214906,3.2,1,10.355,0.023,10.100,0.020,5.877,0.014,3.916,0.023,1320415920,0.326722,-71.2,2,0.15,13.494,0.1180,12.693,0.1330,12.068,0.0910,0.6051517328748360,0.7902277744528450,-0.0965994031135140,102103023,9428215235421
52.5552768,-5.5433290,0.0356,0.0315,-0.0100,190.4383611,-46.5223198,48.6076213,-23.7634637,904.059,724.688,902.576,722.335,2467818105000033,24678r105-000033,105,24678r,33,10.390,0.017,63.7,118,10.231,0.020,53.0,44.1,79,1,0,0.00000,0.00000,0000,0000,3,AA,0,10,1.0,18.991,01,0000,0000,59236.78604579,0,,0,,29.247,4.410,0.000,150.910,9.725,0.000,1.407e+04,220.9,5821,109.8,7.50,7.50,10.286,0.009,1,0.260,10.055,0.031,3,0.326,11.154,0.012,0,11.029,0.037,2,10.545,0.009,1,10.381,0.031,3,10.214,0.008,3,10.029,0.027,3,10.013,0.008,3,9.822,0.026,3,9.883,0.007,3,9.690,0.026,3,9.793,0.007,3,9.602,0.026,3,9.729,0.007,3,9.542,0.027,3,9.683,0.007,3,9.501,0.028,3,531006101351062642,0.176678,82.6,1,10.355,0.023,10.100,0.020,5.877,0.014,3.916,0.023,1320415920,0.169816,-120.6,2,0.38,13.494,0.1180,12.693,0.1330,12.068,0.0910,0.6051524150499480,0.7902273652317930,-0.0965984772034909,102103023,9428215235421
52.5551897,-5.5432929,0.0376,0.0351,-0.0105,190.4382468,-46.5223710,48.6075404,-23.7634060,1004.273,187.019,999.850,184.211,4198618176000021,41986r176-000021,176,41986r,21,10.365,0.019,55.7,88.6,10.164,0.018,60.4,42.8,62.5,1,0,0.00000,0.00000,0000,0000,3,AA,0,10,1.0,59.445,00,0000,0000,59802.09339497,0,,0,,23.490,3.824,0.000,63.530,4.260,0.000,1.44e+04,258.5,6190,102.6,7.50,7.50,10.266,0.013,2,0.260,9.998,0.012,0,0.326,11.132,0.015,0,10.955,0.017,0,10.525,0.013,2,10.324,0.012,0,10.199,0.011,2,9.979,0.011,0,9.999,0.010,2,9.775,0.010,0,9.865,0.009,2,9.647,0.011,0,9.773,0.009,2,9.562,0.012,2,9.708,0.009,2,9.503,0.013,2,9.660,0.009,3,9.460,0.015,3,531006101351062642,0.498979,102.4,1,10.355,0.023,10.100,0.020,5.877,0.014,3.916,0.023,1320415920,0.272644,142.5,2,0.66,13.494,0.1180,12.693,0.1330,12.068,0.0910,0.6051536533430160,0.7902264936107460,-0.0965978500861483,102103023,9428215234721
52.5550999,-5.5433131,0.0349,0.0298,-0.0115,190.4381978,-46.5224563,48.6074404,-23.7634018,37.275,212.902,38.869,214.280,4197618151000033,41976r151-000033,151,41976r,33,10.353,0.015,70.8,137,10.202,0.017,62.2,50.1,91.4,1,0,0.00000,0.00000,0000,0000,3,AA,0,5,0.5,81.866,00,0000,0000,59801.76728288,0,,0,,23.989,4.094,0.000,62.544,5.359,0.000,1.456e+04,205.6,5978,96.12,7.50,7.50,10.288,0.010,0,0.260,10.014,0.013,2,0.326,11.165,0.012,0,10.979,0.016,0,10.547,0.010,0,10.340,0.013,2,10.207,0.008,0,9.990,0.011,2,10.000,0.008,1,9.782,0.011,3,9.864,0.008,3,9.648,0.012,3,9.770,0.008,3,9.558,0.012,3,9.702,0.008,3,9.492,0.013,3,9.652,0.008,3,9.441,0.014,3,531006101351062642,0.809816,92.4,1,10.355,0.023,10.100,0.020,5.877,0.014,3.916,0.023,1320415920,0.508383,106.4,2,0.89,13.494,0.1180,12.693,0.1330,12.068,0.0910,0.6051548711625890,0.7902255181104491,-0.0965982009939182,102103023,9428215235520
52.5551600,-5.5432500,0.0385,0.0374,-0.0057,190.4381711,-46.5223713,48.6075216,-23.7633568,854.670,115.718,850.887,113.537,4199618151000022,41996r151-000022,151,41996r,22,10.362,0.018,58.8,124,10.240,0.020,54.6,42.6,76.1,1,0,0.00000,0.00000,0000,0000,3,AA,0,10,1.0,6.158,00,0000,0000,59802.41950738,0,,0,,24.723,4.616,0.000,63.930,5.733,0.000,1.444e+04,245.8,5772,105.8,7.50,7.50,10.284,0.012,2,0.260,10.032,0.020,2,0.326,11.162,0.014,2,11.003,0.028,0,10.543,0.012,2,10.358,0.020,2,10.196,0.011,2,9.998,0.020,2,9.988,0.010,2,9.784,0.021,2,9.851,0.010,3,9.647,0.020,3,9.757,0.010,3,9.556,0.021,3,9.690,0.010,3,9.495,0.022,3,9.642,0.010,3,9.454,0.023,3,531006101351062642,0.648855,113.8,1,10.355,0.023,10.100,0.020,5.877,0.014,3.916,0.023,1320415920,0.460056,143.7,2,0.85,13.494,0.1180,12.693,0.1330,12.068,0.0910,0.6051541069415680,0.7902262373447330,-0.0965971048413894,102103023,9428215234723
52.5553753,-5.5432885,0.0388,0.0389,0.0116,190.4383928,-46.5222160,48.6077363,-23.7634505,649.838,939.473,650.835,938.315,4197818177000034,41978r177-000034,177,41978r,34,10.349,0.022,50.1,99.6,10.231,0.021,52.1,58.4,76.1,1,0,0.00000,0.00000,0000,0000,3,AA,0,10,1.0,102.415,00,0001,0000,59801.83260716,0,,0,,22.679,3.439,0.000,63.429,5.016,0.000,1.461e+04,291.8,5822,111.7,7.50,7.50,10.277,0.010,2,0.260,10.038,0.025,2,0.326,11.153,0.015,2,11.000,0.033,2,10.537,0.010,2,10.364,0.025,2,10.201,0.009,2,10.015,0.022,2,10.001,0.008,3,9.809,0.021,3,9.869,0.008,3,9.678,0.020,3,9.778,0.009,3,9.590,0.020,3,9.713,0.011,3,9.528,0.021,3,9.666,0.011,3,9.484,0.021,3,531006101351062642,0.216205,-124.7,1,10.355,0.023,10.100,0.020,5.877,0.014,3.916,0.023,1320415920,0.550502,-114.9,1,0.53,13.494,0.1180,12.693,0.1330,12.068,0.0910,0.6051510980448020,0.7902284597892441,-0.0965977736507909,102103023,9428215234724
52.5553084,-5.5431357,0.0341,0.0311,-0.0074,190.4381548,-46.5221849,48.6077103,-23.7632856,699.189,500.305,697.931,498.832,4199218152000026,41992r152-000026,152,41992r,26,10.261,0.017,65.3,132,10.262,0.022,50.2,59.2,94.5,1,0,0.00000,0.00000,0000,0000,3,AA,0,0,0.0,20.471,00,0001,0001,59802.28911353,0,,0,,24.192,4.415,0.000,63.541,6.056,0.000,1.584e+04,242.7,5656,112.7,7.50,7.50,10.294,0.010,2,0.260,10.071,0.023,2,0.326,11.200,0.013,2,11.035,0.032,2,10.553,0.010,2,10.397,0.023,2,10.195,0.010,2,10.047,0.022,2,9.984,0.011,2,9.835,0.023,2,9.847,0.012,2,9.703,0.023,2,9.753,0.013,2,9.619,0.026,2,9.686,0.015,2,9.562,0.030,2,9.636,0.018,3,9.523,0.033,3,531006101351062642,0.676048,174.7,1,10.355,0.023,10.100,0.020,5.877,0.014,3.916,0.023,1320415920,0.824173,-161.7,1,1.04,13.494,0.1180,12.693,0.1330,12.068,0.0910,0.6051521773604750,0.7902279577256350,-0.0965951192589350,102103023,9428215234725
52.5551246,-5.5433031,0.0359,0.0316,-0.0023,190.4382060,-46.5224303,48.6074692,-23.7633987,326.398,796.099,328.664,796.226,4197018177000030,41970r177-000030,177,41970r,30,10.351,0.016,68.2,132,10.212,0.020,55.1,49.1,89.1,1,0,0.00000,0.00000,0000,0000,3,AA,0,10,1.0,23.945,00,0000,0000,59801.57169219,0,,0,,24.579,3.731,0.000,63.605,5.559,0.000,1.459e+04,213.9,5925,107.6,7.50,7.50,10.259,0.010,0,0.260,10.040,0.034,2,0.326,11.134,0.014,0,10.990,0.056,2,10.519,0.010,0,10.366,0.034,2,10.187,0.009,2,10.020,0.027,2,9.988,0.008,2,9.814,0.023,2,9.858,0.008,2,9.684,0.023,2,9.769,0.008,2,9.598,0.031,2,9.706,0.007,2,9.537,0.041,2,9.660,0.007,3,9.493,0.043,3,531006101351062642,0.724021,95.6,1,10.355,0.023,10.100,0.020,5.877,0.014,3.916,0.023,1320415920,0.437725,114.2,2,0.82,13.494,0.1180,12.693,0.1330,12.068,0.0910,0.6051545407497870,0.7902257923758670,-0.0965980272772019,102103023,9428215235408
52.5551794,-5.5433379,0.0381,0.0352,-0.0080,190.4382924,-46.5224049,48.6075166,-23.7634467,386.546,379.040,386.704,378.957,4198418152000027,41984r152-000027,152,41984r,27,10.419,0.016,67.2,116,10.257,0.022,49.7,44.7,80.9,1,0,0.00000,0.00000,0000,0000,3,AA,0,10,1.0,79.822,00,0000,0000,59802.02819800,0,,0,,24.446,4.136,0.000,64.183,6.341,0.000,1.37e+04,203.9,5682,114.2,7.50,7.50,10.266,0.009,0,0.260,10.083,0.019,2,0.326,11.139,0.012,0,11.036,0.027,2,10.526,0.009,0,10.409,0.019,2,10.189,0.008,0,10.057,0.020,2,9.987,0.007,2,9.842,0.025,2,9.855,0.007,2,9.702,0.032,2,9.764,0.007,3,9.608,0.034,3,9.698,0.007,3,9.545,0.035,3,9.649,0.007,3,9.503,0.037,3,531006101351062642,0.527065,84.0,1,10.355,0.023,10.100,0.020,5.877,0.014,3.916,0.023,1320415920,0.209966,105.0,2,0.60,13.494,0.1180,12.693,0.1330,12.068,0.0910,0.6051537492735910,0.7902263245882720,-0.0965986318113618,102103023,9428215235408
52.5551649,-5.5432909,0.0311,0.0341,-0.0060,190.4382242,-46.5223903,48.6075149,-23.7633975,634.063,166.618,631.933,165.435,6268801159000026,62688a159-000026,159,62688a,26,10.348,0.017,62.5,136,10.133,0.018,61.2,55.2,89.4,1,0,0.00000,0.00000,0000,0000,3,AA,0,10,1.0,31.019,00,0000,0101,57247.14389255,0,,0,,19.117,3.769,0.000,50.305,4.903,0.000,1.462e+04,233.9,6381,104.2,7.50,7.50,10.266,0.009,2,0.260,10.095,0.023,2,0.326,11.137,0.012,2,11.057,0.028,2,10.526,0.009,2,10.421,0.023,2,10.187,0.008,2,10.067,0.022,2,9.982,0.009,2,9.854,0.020,2,9.848,0.009,2,9.717,0.019,2,9.756,0.008,2,9.622,0.020,2,9.691,0.009,2,9.554,0.023,2,9.646,0.009,3,9.505,0.023,3,531006101351062642,0.587436,101.2,1,10.355,0.023,10.100,0.020,5.877,0.014,3.916,0.023,1320415920,0.338944,131.3,2,0.74,13.494,0.1180,12.693,0.1330,12.068,0.0910,0.6051539974360090,0.7902262343520470,-0.0965978153428041,102103023,9428215234720
52.5552032,-5.5432599,0.0373,0.0317,-0.0082,190.4382182,-46.5223414,48.6075641,-23.7633777,450.316,478.586,450.661,478.082,6268401160000026,62684a160-000026,160,62684a,26,10.439,0.015,72.6,174,10.307,0.019,56.0,67.7,117,1,0,0.00000,0.00000,0000,0000,3,AA,0,0,0.0,68.018,00,0000,0000,57247.01273453,0,,0,,21.030,3.891,0.000,49.948,5.382,0.000,1.344e+04,185.2,5434,97.02,7.50,7.50,10.320,0.009,0,0.260,10.066,0.023,2,0.326,11.227,0.012,0,11.065,0.036,2,10.580,0.009,0,10.392,0.023,2,10.221,0.008,0,10.023,0.018,2,10.005,0.007,2,9.810,0.017,2,9.870,0.007,2,9.677,0.017,2,9.777,0.007,3,9.586,0.018,3,9.712,0.007,3,9.523,0.020,3,9.665,0.007,3,9.479,0.021,3,531006101351062642,0.493739,117.3,1,10.355,0.023,10.100,0.020,5.877,0.014,3.916,0.023,1320415920,0.355169,160.7,2,0.73,13.494,0.1180,12.693,0.1330,12.068,0.0910,0.6051535009769000,0.7902266803684730,-0.0965972768209539,102103023,9428215234721
52.5551980,-5.5432375,0.0336,0.0302,-0.0087,190.4381870,-46.5223330,48.6075651,-23.7633547,808.284,784.329,807.629,782.444,6269201160000024,62692a160-000024,160,62692a,24,10.368,0.016,68.4,137,10.246,0.019,56.1,64.2,95.7,1,0,0.00000,0.00000,0000,0000,3,AA,0,0,0.0,13.943,00,0000,0000,57247.27517785,0,,0,,23.420,5.045,0.000,50.085,5.633,0.000,1.435e+04,209.8,5748,102.4,7.50,7.50,10.260,0.009,2,0.260,10.049,0.019,2,0.326,11.141,0.011,2,11.018,0.023,2,10.520,0.009,2,10.375,0.019,2,10.177,0.008,3,10.016,0.019,3,9.970,0.008,3,9.802,0.019,3,9.837,0.007,3,9.666,0.020,3,9.746,0.007,3,9.577,0.022,3,9.681,0.007,3,9.513,0.024,3,9.634,0.007,3,9.465,0.024,3,531006101351062642,0.550861,123.8,1,10.355,0.023,10.100,0.020,5.877,0.014,3.916,0.023,1320415920,0.437526,161.9,2,0.80,13.494,0.1180,12.693,0.1330,12.068,0.0910,0.6051535956565920,0.7902266554295970,-0.0965968876954704,102103023,9428215234723
52.5551593,-5.5433381,0.0329,0.0290,-0.0063,190.4382763,-46.5224215,48.6074954,-23.7634416,310.775,760.862,313.024,761.074,6268001160000029,62680a160-000029,160,62680a,29,10.355,0.015,73.9,136,10.282,0.018,59.8,58,94.2,1,0,0.00000,0.00000,0000,0000,3,AA,0,10,1.0,109.645,00,0000,0000,57246.88157650,0,,0,,21.999,4.405,0.000,49.817,4.551,0.000,1.452e+04,196.4,5562,92.95,7.50,7.50,10.261,0.009,2,0.260,10.062,0.016,2,0.326,11.135,0.011,0,11.018,0.019,2,10.521,0.009,2,10.388,0.016,2,10.185,0.008,2,10.038,0.015,2,9.982,0.007,2,9.830,0.015,2,9.850,0.007,2,9.702,0.015,2,9.760,0.007,2,9.620,0.015,2,9.695,0.008,3,9.562,0.015,3,9.649,0.008,3,9.518,0.016,3,531006101351062642,0.598810,84.7,1,10.355,0.023,10.100,0.020,5.877,0.014,3.916,0.023,1320415920,0.280014,101.0,2,0.65,13.494,0.1180,12.693,0.1330,12.068,0.0910,0.6051540262887710,0.7902261120258121,-0.0965986352856959,102103023,9428215235408
52.5551957,-5.5433970,0.0328,0.0302,-0.0066,190.4383767,-46.5224248,48.6075166,-23.7635079,138.466,148.720,139.135,149.738,6267601159000031,62676a159-000031,159,62676a,31,10.418,0.016,68.7,132,10.200,0.016,67.5,57.9,88.6,1,0,0.00000,0.00000,0000,0000,3,AA,0,5,0.5,91.606,00,0000,0000,57246.75029111,0,,0,,21.252,4.199,0.000,50.604,4.543,0.000,1.371e+04,199.5,5997,88.89,7.50,7.50,10.296,0.008,2,0.260,10.038,0.012,0,0.326,11.169,0.011,2,11.013,0.015,0,10.556,0.008,2,10.364,0.012,0,10.218,0.008,2,10.009,0.010,2,10.014,0.008,2,9.801,0.010,2,9.882,0.008,3,9.673,0.011,3,9.790,0.008,3,9.589,0.016,3,9.725,0.008,3,9.531,0.018,3,9.677,0.008,3,9.488,0.019,3,531006101351062642,0.537146,60.1,1,10.355,0.023,10.100,0.020,5.877,0.014,3.916,0.023,1320415920,0.214342,42.4,2,0.46,13.494,0.1180,12.693,0.1330,12.068,0.0910,0.6051534638817080,0.7902264176386961,-0.0965996584770516,102103023,9428215235409
52.5552417,-5.5433869,0.0323,0.0320,-0.0089,190.4384020,-46.5223813,48.6075678,-23.7635103,912.566,619.876,910.617,617.484,6268102184000023,62681b184-000023,184,62681b,23,10.372,0.016,65.9,140,10.369,0.019,57.3,73,105,1,0,0.00000,0.00000,0000,0000,3,AA,0,10,1.0,88.832,00,0000,0000,57246.94715551,0,,0,,18.968,3.330,0.000,51.266,5.166,0.000,1.43e+04,216.9,5132,89.53,7.50,7.50,10.276,0.008,0,0.260,10.050,0.014,2,0.326,11.149,0.010,0,10.994,0.019,2,10.536,0.008,0,10.376,0.014,2,10.198,0.007,2,10.036,0.013,2,9.996,0.007,2,9.837,0.013,2,9.863,0.007,2,9.710,0.014,2,9.771,0.007,2,9.623,0.018,2,9.705,0.007,2,9.564,0.021,2,9.657,0.007,3,9.522,0.023,3,531006101351062642,0.379485,52.5,1,10.355,0.023,10.100,0.020,5.877,0.014,3.916,0.023,1320415920,0.123737,-9.5,2,0.32,13.494,0.1180,12.693,0.1330,12.068,0.0910,0.6051528398002890,0.7902269170063100,-0.0965994830231931,102103023,9428215235411
52.5551866,-5.5433155,0.0333,0.0298,0.0018,190.4382714,-46.5223863,48.6075306,-23.7634270,241.311,907.670,244.583,908.187,6266502185000035,62665b185-000035,185,62665b,35,10.400,0.016,69.4,129,10.241,0.018,60.0,52.7,87.3,1,0,0.00000,0.00000,0000,0000,3,AA,0,10,1.0,4.313,00,0000,0000,57246.42239610,0,,0,,22.118,4.275,0.000,50.262,4.414,0.000,1.393e+04,200.7,5777,96.34,7.50,7.50,10.260,0.008,2,0.260,10.029,0.021,0,0.326,11.133,0.011,0,11.000,0.024,0,10.519,0.008,2,10.355,0.021,0,10.188,0.008,2,9.993,0.022,0,9.985,0.007,2,9.778,0.021,2,9.853,0.007,2,9.647,0.020,2,9.760,0.007,2,9.562,0.020,2,9.695,0.007,2,9.504,0.021,2,9.648,0.007,3,9.464,0.023,3,531006101351062642,0.499092,93.0,1,10.355,0.023,10.100,0.020,5.877,0.014,3.916,0.023,1320415920,0.222614,127.3,2,0.62,13.494,0.1180,12.693,0.1330,12.068,0.0910,0.6051536729321420,0.7902264306176610,-0.0965982426859296,102103023,9428215235411
52.5552087,-5.5433811,0.0342,0.0312,0.0022,190.4383682,-46.5224051,48.6075348,-23.7634960,417.071,599.092,418.035,598.811,6266902184000032,62669b184-000032,184,62669b,32,10.468,0.015,71.2,114,10.269,0.017,62.0,44.3,73.4,1,0,0.00000,0.00000,0000,0000,3,AA,0,0,0.0,29.734,00,0000,0000,57246.55355412,0,,0,,20.275,3.719,0.000,50.049,5.597,0.000,1.309e+04,183.9,5627,90.69,7.50,7.50,10.293,0.008,0,0.260,10.057,0.024,2,0.326,11.180,0.011,0,11.037,0.035,0,10.552,0.008,0,10.383,0.024,2,10.207,0.007,0,10.026,0.019,2,9.999,0.007,2,9.815,0.018,2,9.864,0.007,2,9.682,0.018,2,9.770,0.007,2,9.597,0.018,2,9.704,0.007,2,9.539,0.018,2,9.658,0.007,3,9.500,0.019,3,531006101351062642,0.468993,63.4,1,10.355,0.023,10.100,0.020,5.877,0.014,3.916,0.023,1320415920,0.140720,44.0,2,0.43,13.494,0.1180,12.693,0.1330,12.068,0.0910,0.6051533008836200,0.7902265762268400,-0.0965993822675106,102103023,9428215235411
52.5551919,-5.5433322,0.0343,0.0328,-0.0069,190.4382958,-46.5223914,48.6075313,-23.7634445,581.233,302.223,579.966,301.275,6267302184000030,62673b184-000030,184,62673b,30,10.309,0.017,65.0,130,10.314,0.018,59.4,69.1,95,1,0,0.00000,0.00000,0000,0000,3,AA,0,10,1.0,70.237,00,0000,0000,57246.68471209,0,,0,,22.068,4.737,0.000,50.664,5.884,0.000,1.515e+04,233.1,5399,90.84,7.50,7.50,10.312,0.009,2,0.260,10.061,0.019,2,0.326,11.192,0.011,2,11.010,0.022,2,10.571,0.009,2,10.387,0.019,2,10.221,0.009,2,10.037,0.018,2,10.008,0.009,2,9.831,0.017,2,9.872,0.009,2,9.698,0.018,2,9.779,0.009,2,9.605,0.020,2,9.713,0.009,2,9.538,0.022,2,9.664,0.009,3,9.492,0.022,3,531006101351062642,0.480646,85.9,1,10.355,0.023,10.100,0.020,5.877,0.014,3.916,0.023,1320415920,0.174862,115.4,2,0.57,13.494,0.1180,12.693,0.1330,12.068,0.0910,0.6051535827157820,0.7902264642420710,-0.0965985327928380,102103023,9428215235411
52.5552920,-5.5433110,0.0332,0.0302,-0.0086,190.4383519,-46.5222971,48.6076425,-23.7634503,85.514,295.318,87.130,296.559,6266102184000032,62661b184-000032,184,62661b,32,10.318,0.015,74.2,132,10.201,0.017,62.6,53.2,89.2,1,0,0.00000,0.00000,0000,0000,3,AA,0,10,1.0,11.772,00,0000,0000,57246.29111080,0,,0,,18.668,3.073,0.000,50.124,5.189,0.000,1.502e+04,202.5,5995,95.7,7.50,7.50,10.262,0.009,0,0.260,10.063,0.013,2,0.326,11.138,0.013,0,11.026,0.017,2,10.521,0.009,0,10.389,0.013,2,10.183,0.008,2,10.033,0.013,2,9.980,0.008,2,9.820,0.013,2,9.847,0.007,2,9.684,0.014,2,9.756,0.007,2,9.591,0.015,2,9.692,0.007,2,9.526,0.016,2,9.646,0.007,3,9.481,0.016,3,531006101351062642,0.127888,109.2,1,10.355,0.023,10.100,0.020,5.877,0.014,3.916,0.023,1320415920,0.251246,-127.0,2,0.42,13.494,0.1180,12.693,0.1330,12.068,0.0910,0.6051522238614701,0.7902275498665930,-0.0965981645134080,102103023,9428215235417
52.5552882,-5.5433341,0.0371,0.0331,-0.0119,190.4383765,-46.5223133,48.6076318,-23.7634716,748.768,916.268,749.155,914.658,6267702185000034,62677b185-000034,185,62677b,34,10.277,0.019,58.1,137,10.230,0.020,53.7,48.4,92.7,1,0,0.00000,0.00000,0000,0000,3,AA,0,10,1.0,111.444,00,0000,0000,57246.81599749,0,,0,,21.215,3.987,0.000,50.397,4.443,0.000,1.561e+04,268.8,5836,108.7,7.50,7.50,10.269,0.008,2,0.260,10.060,0.058,2,0.326,11.138,0.011,2,11.009,0.076,2,10.528,0.008,2,10.386,0.058,2,10.191,0.008,2,10.045,0.046,2,9.990,0.007,2,9.839,0.039,2,9.859,0.007,3,9.706,0.035,3,9.770,0.007,3,9.615,0.034,3,9.707,0.008,3,9.553,0.034,3,9.662,0.008,3,9.510,0.034,3,531006101351062642,0.140496,73.0,1,10.355,0.023,10.100,0.020,5.877,0.014,3.916,0.023,1320415920,0.199032,-110.0,2,0.35,13.494,0.1180,12.693,0.1330,12.068,0.0910,0.6051522525925520,0.7902274788108390,-0.0965985657990127,102103023,9428215235421
52.5552726,-5.5433608,0.0288,0.0291,-0.0113,190.4383959,-46.5223411,48.6076077,-23.7634933,965.558,480.148,962.688,477.512,6269601160000028,62696a160-000028,160,62696a,28,10.327,0.015,72.8,160,10.246,0.017,65.7,79.6,115,1,0,0.00000,0.00000,0000,0000,3,AA,0,10,1.0,4.498,00,0000,0000,57247.40633582,0,,0,,18.222,2.954,0.000,50.913,4.103,0.000,1.491e+04,204.8,5752,87.57,7.50,7.50,10.244,0.008,2,0.260,10.038,0.013,2,0.326,11.127,0.010,2,10.989,0.016,2,10.504,0.008,2,10.364,0.013,2,10.163,0.007,2,10.020,0.014,2,9.958,0.007,2,9.816,0.015,2,9.825,0.007,3,9.689,0.015,3,9.733,0.007,3,9.605,0.014,3,9.668,0.007,3,9.548,0.015,3,9.621,0.007,3,9.510,0.015,3,531006101351062642,0.234551,54.2,1,10.355,0.023,10.100,0.020,5.877,0.014,3.916,0.023,1320415920,0.134116,-77.9,2,0.29,13.494,0.1180,12.693,0.1330,12.068,0.0910,0.6051524403797161,0.7902272783057060,-0.0965990296226142,102103023,9428215235421
52.5553506,-5.5432498,0.0325,0.0298,0.0076,190.4383262,-46.5222145,48.6077216,-23.7634067,401.523,720.462,403.071,720.284,8982701101000027,89827a101-000027,101,89827a,27,10.286,0.016,67.4,109,10.196,0.017,62.1,68.7,84.4,1,0,0.00000,0.00000,0000,0000,3,AA,0,10,1.0,24.526,00,0000,0000,58136.08438139,0,,0,,14.828,3.467,0.000,42.248,4.467,0.000,1.548e+04,229.7,6011,96.8,7.50,7.50,10.276,0.009,2,0.260,10.046,0.019,2,0.326,11.158,0.012,2,11.002,0.022,2,10.536,0.009,2,10.372,0.019,2,10.200,0.008,2,10.023,0.018,2,10.000,0.010,2,9.816,0.019,2,9.868,0.011,2,9.684,0.020,2,9.776,0.010,2,9.595,0.020,2,9.709,0.010,3,9.531,0.020,3,9.660,0.010,3,9.485,0.020,3,531006101351062642,0.277191,-161.2,1,10.355,0.023,10.100,0.020,5.877,0.014,3.916,0.023,1320415920,0.553755,-132.1,1,0.64,13.494,0.1180,12.693,0.1330,12.068,0.0910,0.6051514783785600,0.7902282507122400,-0.0965971013670547,102103023,9428215234727
52.5552417,-5.5433220,0.0336,0.0321,-0.0120,190.4383241,-46.5223447,48.6075865,-23.7634477,644.451,653.266,644.223,652.050,8983301076000027,89833a076-000027,76,89833a,27,10.482,0.016,68.5,134,10.244,0.020,53.5,56.4,89.3,1,0,0.00000,0.00000,0000,0000,3,AA,0,10,1.0,86.073,00,0000,0000,58136.28073667,0,,0,,14.884,3.316,0.000,42.561,5.441,0.000,1.294e+04,188.7,5751,107.5,7.50,7.50,10.243,0.009,2,0.260,10.012,0.016,2,0.326,11.107,0.012,0,10.961,0.023,2,10.502,0.009,2,10.338,0.016,2,10.179,0.008,2,9.991,0.015,2,9.987,0.008,2,9.781,0.015,2,9.862,0.008,2,9.648,0.016,2,9.775,0.009,3,9.560,0.016,3,9.712,0.009,3,9.498,0.017,3,9.666,0.010,3,9.453,0.019,3,531006101351062642,0.300996,90.5,1,10.355,0.023,10.100,0.020,5.877,0.014,3.916,0.023,1320415920,0.113454,-169.6,2,0.47,13.494,0.1180,12.693,0.1330,12.068,0.0910,0.6051529063268720,0.7902270038787390,-0.0965983556017932,102103023,9428215235410
52.5552927,-5.5433330,0.0347,0.0287,-0.0112,190.4383789,-46.5223089,48.6076368,-23.7634717,20.531,621.271,23.880,622.804,8983501100000030,89835a100-000030,100,89835a,30,10.345,0.015,71.6,118,10.150,0.016,66.7,52.7,81.6,1,0,0.00000,0.00000,0000,0000,3,AA,0,10,1.0,106.131,00,0000,0000,58136.34618846,0,,0,,15.191,3.146,0.000,41.130,4.443,0.000,1.467e+04,204.9,6274,94.12,7.50,7.50,10.256,0.009,0,0.260,10.021,0.014,2,0.326,11.129,0.011,0,10.977,0.017,0,10.516,0.009,0,10.347,0.014,2,10.179,0.008,2,10.005,0.013,2,9.977,0.007,2,9.803,0.012,2,9.847,0.007,3,9.673,0.012,3,9.758,0.007,3,9.584,0.012,3,9.694,0.007,3,9.520,0.012,3,9.648,0.007,3,9.472,0.012,3,531006101351062642,0.123922,72.6,1,10.355,0.023,10.100,0.020,5.877,0.014,3.916,0.023,1320415920,0.215546,-109.5,2,0.34,13.494,0.1180,12.693,0.1330,12.068,0.0910,0.6051521916557920,0.7902275278117920,-0.0965985466901747,102103023,9428215235421
52.5551844,-5.5433457,0.0318,0.0309,0.0032,190.4383058,-46.5224052,48.6075196,-23.7634555,602.827,770.174,603.404,769.107,8982301101000067,89823a101-000067,101,89823a,67,10.402,0.016,65.9,130,10.309,0.016,68.1,68.8,96,1,0,0.00000,0.00000,0000,0000,3,AA,0,10,1.0,0.881,00,0000,0000,58135.95347775,0,,0,,16.507,3.827,0.000,43.129,4.822,0.000,1.392e+04,211.2,5418,79.58,7.50,7.50,10.252,0.010,0,0.260,9.977,0.022,2,0.326,11.123,0.014,0,10.913,0.025,0,10.512,0.010,0,10.303,0.022,2,10.177,0.009,2,9.980,0.020,2,9.977,0.008,2,9.789,0.018,2,9.847,0.008,2,9.665,0.019,2,9.757,0.008,2,9.579,0.019,2,9.695,0.008,3,9.520,0.020,3,9.650,0.008,3,9.482,0.021,3,531006101351062642,0.513027,80.7,1,10.355,0.023,10.100,0.020,5.877,0.014,3.916,0.023,1320415920,0.186750,98.1,2,0.57,13.494,0.1180,12.693,0.1330,12.068,0.0910,0.6051536723178500,0.7902263669571730,-0.0965987673103927,102103023,9428215235411
52.5553749,-5.5432984,0.0366,0.0303,-0.0063,190.4384043,-46.5222219,48.6077330,-23.7634600,211.350,678.638,213.865,679.276,8983101100000024,89831a100-000024,100,89831a,24,10.407,0.016,70.0,118,10.240,0.018,59.1,45.6,81.4,1,0,0.00000,0.00000,0000,0000,3,AA,0,10,1.0,64.969,00,0000,0000,58136.21528492,0,,0,,17.224,3.542,0.000,40.898,4.205,0.000,1.386e+04,198,5774,97.68,7.50,7.50,10.283,0.009,2,0.260,10.062,0.014,2,0.326,11.162,0.012,2,11.018,0.019,0,10.543,0.009,2,10.388,0.014,2,10.203,0.008,2,10.050,0.014,2,9.997,0.008,2,9.853,0.015,2,9.862,0.007,2,9.730,0.016,2,9.767,0.007,4,9.649,0.019,2,9.700,0.007,4,9.595,0.020,2,9.650,0.007,5,9.560,0.021,3,531006101351062642,0.196803,-116.4,1,10.355,0.023,10.100,0.020,5.877,0.014,3.916,0.023,1320415920,0.535110,-111.6,1,0.50,13.494,0.1180,12.693,0.1330,12.068,0.0910,0.6051510934136570,0.7902284423128870,-0.0965979456303443,102103023,9428215235416
52.5554133,-5.5433293,0.0334,0.0321,0.0079,190.4384727,-46.5222077,48.6077644,-23.7634999,444.317,600.276,445.098,599.910,8983701076000030,89837a076-000030,76,89837a,30,10.442,0.016,67.4,124,10.179,0.017,65.1,57.1,85.6,1,0,0.00000,0.00000,0000,0000,3,AA,0,10,1.0,111.569,00,0000,0000,58136.41164025,0,,0,,16.756,3.873,0.000,42.250,4.484,0.000,1.342e+04,199,6107,93.78,7.50,7.50,10.286,0.009,2,0.260,9.986,0.022,2,0.326,11.160,0.013,2,10.953,0.019,0,10.546,0.009,2,10.312,0.022,2,10.205,0.008,2,9.964,0.029,2,9.998,0.008,2,9.757,0.028,2,9.862,0.007,2,9.626,0.027,2,9.767,0.007,2,9.539,0.026,2,9.699,0.007,3,9.479,0.026,3,9.649,0.008,3,9.435,0.027,3,531006101351062642,0.314783,-85.7,1,10.355,0.023,10.100,0.020,5.877,0.014,3.916,0.023,1320415920,0.640999,-97.6,1,0.48,13.494,0.1180,12.693,0.1330,12.068,0.0910,0.6051505321232470,0.7902288065276230,-0.0965984824149922,102103023,9428215235416
52.5552943,-5.5433383,0.0356,0.0339,-0.0088,190.4383865,-46.5223106,48.6076370,-23.7634773,815.765,830.647,815.375,828.670,8981901101000030,89819a101-000030,101,89819a,30,10.234,0.019,56.0,93.5,10.113,0.021,51.1,55.8,72,1,0,0.00000,0.00000,0000,0000,3,AA,0,10,1.0,10.148,00,0000,0101,58135.82257418,0,,0,,15.997,3.555,0.000,42.361,5.773,0.000,1.624e+04,290.1,6492,127.2,7.50,7.50,10.304,0.009,2,0.260,10.067,0.019,2,0.326,11.194,0.012,2,11.033,0.028,2,10.564,0.009,2,10.393,0.019,2,10.220,0.008,2,10.037,0.016,2,10.012,0.008,2,9.823,0.015,2,9.878,0.007,2,9.688,0.015,2,9.786,0.007,2,9.597,0.017,2,9.720,0.007,3,9.535,0.021,3,9.672,0.007,3,9.494,0.024,3,531006101351062642,0.125749,63.5,1,10.355,0.023,10.100,0.020,5.877,0.014,3.916,0.023,1320415920,0.215497,-104.2,2,0.33,13.494,0.1180,12.693,0.1330,12.068,0.0910,0.6051521641556680,0.7902275376164900,-0.0965986387600301,102103023,9428215235421
52.5553008,-5.5433424,0.0358,0.0316,-0.0063,190.4383968,-46.5223076,48.6076426,-23.7634829,835.331,699.160,834.194,697.091,8982901020000030,89829a020-000030,20,89829a,30,10.433,0.017,63.4,128,10.220,0.019,56.4,77.9,96.7,1,0,0.00000,0.00000,0000,0000,3,AA,0,10,1.0,43.595,00,0000,0000,58136.14983323,0,,0,,15.761,3.451,0.000,42.968,5.526,0.000,1.353e+04,213.4,5878,104.2,7.50,7.50,10.245,0.010,2,0.260,9.981,0.019,2,0.326,11.113,0.014,2,10.935,0.027,2,10.504,0.010,2,10.307,0.019,2,10.175,0.009,2,9.967,0.016,2,9.977,0.008,2,9.768,0.015,2,9.848,0.008,2,9.640,0.017,2,9.759,0.008,3,9.554,0.018,3,9.697,0.008,3,9.493,0.019,3,9.651,0.008,3,9.447,0.019,3,531006101351062642,0.113974,51.5,1,10.355,0.023,10.100,0.020,5.877,0.014,3.916,0.023,1320415920,0.235304,-99.3,2,0.30,13.494,0.1180,12.693,0.1330,12.068,0.0910,0.6051520703044520,0.7902276007807409,-0.0965987099838799,102103023,9428215235421
52.5552076,-5.5432918,0.0319,0.0296,-0.0066,190.4382600,-46.5223557,48.6075595,-23.7634096,761.801,501.117,760.309,499.348,4578201112000033,45782a112-000033,112,45782a,33,10.424,0.016,68.1,123,10.275,0.017,63.2,64,88.3,1,0,0.00000,0.00000,0000,0000,3,AA,0,10,1.0,51.306,00,0000,0000,56691.54066616,0,,0,,20.370,4.038,0.000,49.339,5.874,0.000,1.376e+04,201.9,5705,90.26,7.50,7.50,10.265,0.010,0,0.257,10.046,0.017,0,0.322,11.144,0.013,0,11.016,0.020,0,10.522,0.010,0,10.368,0.017,0,10.180,0.009,2,10.013,0.015,2,9.976,0.008,2,9.802,0.014,2,9.845,0.008,2,9.669,0.014,2,9.755,0.008,2,9.582,0.014,2,9.691,0.008,2,9.521,0.015,2,9.644,0.008,2,9.474,0.017,2,531006101351062642,0.437548,104.7,1,10.355,0.023,10.100,0.020,5.877,0.014,3.916,0.023,1320415920,0.242686,155.2,2,0.63,13.494,0.1180,12.693,0.1330,12.068,0.0910,0.6051534075927750,0.7902266841415390,-0.0965978309773090,102103023,9428215234721
52.5553065,-5.5432867,0.0341,0.0316,-0.0083,190.4383345,-46.5222715,48.6076647,-23.7634307,404.017,242.232,403.579,242.077,4579001111000030,45790a111-000030,111,45790a,30,10.406,0.015,71.6,122,10.231,0.020,53.7,51.8,82,1,0,0.00000,0.00000,0000,0000,3,AA,0,10,1.0,2.326,00,0000,0000,56691.80412851,0,,0,,24.464,5.013,0.000,49.277,5.280,0.000,1.398e+04,195.4,5940,110.7,7.50,7.50,10.288,0.008,0,0.257,10.114,0.016,2,0.322,11.162,0.011,0,11.074,0.025,2,10.545,0.008,0,10.436,0.016,2,10.208,0.008,2,10.079,0.014,2,10.003,0.007,2,9.861,0.014,2,9.871,0.007,2,9.720,0.015,2,9.780,0.008,2,9.626,0.017,2,9.715,0.008,2,9.560,0.019,2,9.667,0.008,2,9.514,0.019,2,531006101351062642,0.146728,152.0,1,10.355,0.023,10.100,0.020,5.877,0.014,3.916,0.023,1320415920,0.347536,-133.4,2,0.50,13.494,0.1180,12.693,0.1330,12.068,0.0910,0.6051520487851410,0.7902277355407680,-0.0965977423817809,102103023,9428215234726
52.5553461,-5.5432155,0.0360,0.0332,-0.0085,190.4382813,-46.5221988,48.6077268,-23.7633725,658.072,284.315,656.290,283.026,4579701087000030,45797a087-000030,87,45797a,30,10.490,0.017,63.3,131,10.345,0.018,60.4,60.6,91.4,1,0,0.00000,0.00000,0000,0000,3,AA,0,10,1.0,17.817,00,0000,0000,56692.00175719,0,,0,,21.994,4.332,0.000,50.131,5.958,0.000,1.295e+04,204.5,5350,88.61,7.50,7.50,10.271,0.008,2,0.257,10.075,0.016,2,0.322,11.132,0.010,2,11.030,0.021,2,10.528,0.008,2,10.397,0.016,2,10.191,0.008,2,10.046,0.015,2,9.984,0.007,2,9.830,0.016,2,9.849,0.007,2,9.688,0.016,2,9.755,0.007,2,9.593,0.016,2,9.687,0.007,3,9.525,0.016,3,9.637,0.007,3,9.477,0.017,3,531006101351062642,0.392782,-169.3,1,10.355,0.023,10.100,0.020,5.877,0.014,3.916,0.023,1320415920,0.632977,-141.4,1,0.76,13.494,0.1180,12.693,0.1330,12.068,0.0910,0.6051515756017440,0.7902282490953570,-0.0965965055186418,102103023,9428215234727
52.5552242,-5.5433017,0.0309,0.0301,-0.0031,190.4382855,-46.5223476,48.6075740,-23.7634235,579.993,823.909,580.958,822.940,4578601112000028,45786a112-000028,112,45786a,28,10.411,0.016,66.1,138,10.211,0.018,61.6,65.6,95.8,1,0,0.00000,0.00000,0000,0000,3,AA,0,10,1.0,19.444,00,0000,0000,56691.67246103,0,,0,,21.534,3.337,0.000,50.144,5.075,0.000,1.392e+04,210.5,6053,98.29,7.50,7.50,10.269,0.008,2,0.257,10.040,0.020,0,0.322,11.125,0.011,2,11.003,0.020,0,10.526,0.008,2,10.362,0.020,0,10.198,0.008,2,10.007,0.023,2,9.997,0.008,2,9.801,0.022,2,9.866,0.008,3,9.674,0.024,3,9.776,0.008,3,9.589,0.025,3,9.713,0.008,3,9.529,0.026,3,9.667,0.008,3,9.486,0.026,3,531006101351062642,0.371466,101.7,1,10.355,0.023,10.100,0.020,5.877,0.014,3.916,0.023,1320415920,0.189458,167.1,2,0.56,13.494,0.1180,12.693,0.1330,12.068,0.0910,0.6051531684965740,0.7902268462177831,-0.0965980029568614,102103023,9428215235410
52.5552405,-5.5433134,0.0337,0.0321,0.0080,190.4383128,-46.5223408,48.6075877,-23.7634391,306.309,946.231,309.432,946.439,4580501088000028,45805a088-000028,88,45805a,28,10.333,0.018,61.6,127,10.320,0.019,55.7,60.9,90.5,1,0,0.00000,0.00000,0000,0000,3,AA,0,10,1.0,98.886,00,0000,0000,56692.26534694,0,,0,,24.217,4.890,0.000,49.989,4.168,0.000,1.496e+04,243,5474,98.22,7.50,7.50,10.324,0.009,2,0.257,10.074,0.013,2,0.322,11.207,0.012,2,11.029,0.017,2,10.581,0.009,2,10.396,0.013,2,10.238,0.008,2,10.049,0.011,2,10.031,0.008,2,9.839,0.011,2,9.898,0.008,2,9.705,0.012,2,9.806,0.008,2,9.616,0.013,2,9.741,0.008,2,9.555,0.015,2,9.694,0.008,2,9.512,0.017,2,531006101351062642,0.307116,96.3,1,10.355,0.023,10.100,0.020,5.877,0.014,3.916,0.023,1320415920,0.143469,-173.5,2,0.49,13.494,0.1180,12.693,0.1330,12.068,0.0910,0.6051529316928310,0.7902270027159710,-0.0965982062054196,102103023,9428215235410
52.5552313,-5.5433417,0.0358,0.0334,-0.0077,190.4383393,-46.5223643,48.6075699,-23.7634640,841.094,869.817,840.802,867.720,4579301088000077,45793a088-000077,88,45793a,77,10.367,0.019,56.7,107,10.221,0.019,56.6,62.5,80.4,1,0,0.00000,0.00000,0000,0000,3,AA,0,10,1.0,-0.692,00,0000,0000,56691.87008962,0,,0,,22.658,4.019,0.000,50.624,5.466,0.000,1.45e+04,255.8,5997,105.9,7.50,7.50,10.317,0.009,0,0.257,10.050,0.018,0,0.322,11.182,0.012,0,11.013,0.022,0,10.574,0.009,0,10.372,0.018,0,10.237,0.008,0,10.019,0.017,0,10.032,0.008,0,9.812,0.016,2,9.897,0.007,2,9.679,0.016,2,9.805,0.007,3,9.590,0.017,3,9.741,0.008,3,9.528,0.019,3,9.693,0.008,3,9.483,0.021,3,531006101351062642,0.345097,78.6,1,10.355,0.023,10.100,0.020,5.877,0.014,3.916,0.023,1320415920,0.044028,157.5,2,0.43,13.494,0.1180,12.693,0.1330,12.068,0.0910,0.6051530295706560,0.7902268676653690,-0.0965986978237104,102103023,9428215235410
52.5552521,-5.5433454,0.0369,0.0322,-0.0077,190.4383607,-46.5223493,48.6075907,-23.7634730,46.430,903.308,50.846,904.650,4579801112000024,45798a112-000024,112,45798a,24,10.329,0.017,65.7,139,10.126,0.019,56.5,53,89.5,1,0,0.00000,0.00000,0000,0000,3,AA,0,10,1.0,35.935,00,0000,0000,56692.06771825,0,,0,,22.883,4.804,0.000,50.815,4.201,0.000,1.501e+04,228.3,6546,115.9,7.50,7.50,10.232,0.011,2,0.257,10.010,0.058,2,0.322,11.104,0.015,2,10.952,0.100,2,10.489,0.011,2,10.332,0.058,2,10.151,0.011,2,9.995,0.043,2,9.950,0.014,2,9.791,0.036,2,9.820,0.014,2,9.657,0.033,2,9.731,0.014,2,9.566,0.030,2,9.667,0.014,2,9.501,0.029,2,9.621,0.014,3,9.456,0.029,3,531006101351062642,0.276092,72.8,1,10.355,0.023,10.100,0.020,5.877,0.014,3.916,0.023,1320415920,0.063848,-115.4,2,0.38,13.494,0.1180,12.693,0.1330,12.068,0.0910,0.6051527389030300,0.7902270824004470,-0.0965987620988916,102103023,9428215235410
52.5552051,-5.5433413,0.0325,0.0321,-0.0093,190.4383174,-46.5223857,48.6075426,-23.7634567,477.591,611.912,478.271,611.392,4580101088000028,45801a088-000028,88,45801a,28,10.431,0.016,67.5,165,10.341,0.017,62.4,65.2,109,1,0,0.00000,0.00000,0000,0000,3,AA,0,10,1.0,57.034,00,0000,0000,56692.13355201,0,,0,,20.859,3.527,0.000,50.688,5.399,0.000,1.367e+04,202.5,5369,86.06,7.50,7.50,10.286,0.008,2,0.257,10.052,0.012,0,0.322,11.151,0.011,2,11.023,0.017,0,10.543,0.008,2,10.374,0.012,0,10.206,0.008,2,10.018,0.011,2,9.998,0.007,2,9.809,0.012,2,9.862,0.007,3,9.675,0.013,3,9.769,0.007,3,9.585,0.015,3,9.704,0.007,3,9.524,0.016,3,9.656,0.007,3,9.483,0.018,3,531006101351062642,0.437287,81.2,1,10.355,0.023,10.100,0.020,5.877,0.014,3.916,0.023,1320415920,0.118461,110.8,2,0.51,13.494,0.1180,12.693,0.1330,12.068,0.0910,0.6051533913326070,0.7902265914785910,-0.0965986908750422,102103023,9428215235411
52.5553408,-5.5433414,0.0310,0.0320,-0.0083,190.4384282,-46.5222741,48.6076849,-23.7634925,309.028,31.308,308.261,31.549,4580501087000038,45805a087-000038,87,45805a,38,10.348,0.016,67.3,131,10.265,0.018,61.5,61.1,94.8,1,0,0.00000,0.00000,0000,0000,3,AA,0,10,1.0,98.536,00,0000,0000,56692.26521957,0,,0,,22.069,4.520,0.000,49.477,5.266,0.000,1.475e+04,219.1,5758,93.69,7.50,7.50,10.293,0.008,0,0.257,10.092,0.013,0,0.322,11.169,0.010,0,11.058,0.017,0,10.550,0.008,0,10.414,0.013,0,10.209,0.007,0,10.057,0.011,0,10.000,0.007,2,9.846,0.011,2,9.863,0.007,2,9.712,0.012,2,9.770,0.007,2,9.620,0.013,2,9.706,0.007,2,9.552,0.014,2,9.659,0.007,2,9.500,0.016,2,531006101351062642,0.086368,-38.8,1,10.355,0.023,10.100,0.020,5.877,0.014,3.916,0.023,1320415920,0.377830,-96.3,2,0.31,13.494,0.1180,12.693,0.1330,12.068,0.0910,0.6051515196464240,0.7902280245949490,-0.0965986926122092,102103023,9428215235417
52.5553699,-5.5433758,0.0389,0.0359,-0.0068,190.4384932,-46.5222696,48.6077055,-23.7635333,942.700,184.593,938.748,182.007,4577801111000031,45778a111-000031,111,45778a,31,10.295,0.019,58.3,111,10.227,0.020,54.4,51.3,77.1,1,0,0.00000,0.00000,0000,0000,3,AA,0,10,1.0,93.270,00,0000,0000,56691.40887133,0,,0,,20.439,3.506,0.000,48.829,4.408,0.000,1.55e+04,265.6,5959,109.6,7.50,7.50,10.285,0.009,2,0.257,10.047,0.023,2,0.322,11.158,0.011,2,11.008,0.034,0,10.542,0.009,2,10.369,0.023,2,10.195,0.008,2,10.018,0.018,2,9.984,0.008,2,9.809,0.017,2,9.848,0.008,2,9.674,0.017,2,9.756,0.008,3,9.581,0.017,3,9.692,0.008,3,9.514,0.017,3,9.647,0.009,3,9.466,0.017,3,531006101351062642,0.248244,-39.6,1,10.355,0.023,10.100,0.020,5.877,0.014,3.916,0.023,1320415920,0.486756,-80.3,2,0.25,13.494,0.1180,12.693,0.1330,12.068,0.0910,0.6051510830347050,0.7902282858992280,-0.0965992901976620,102103023,9428215235419
52.5553632,-5.5433035,0.0343,0.0295,-0.0089,190.4384009,-46.5222344,48.6077193,-23.7634618,133.529,369.519,135.139,370.604,4580901088000026,45809a088-000026,88,45809a,26,10.388,0.015,73.7,145,10.279,0.018,62.0,56.6,96.8,1,0,0.00000,0.00000,0000,0000,3,AA,0,10,1.0,97.147,00,0000,0000,56692.39701446,0,,0,,22.848,3.638,0.000,49.785,5.136,0.000,1.421e+04,192.7,5684,91.69,7.50,7.50,10.299,0.009,2,0.257,10.094,0.012,2,0.322,11.173,0.011,2,11.065,0.017,0,10.556,0.009,2,10.416,0.012,2,10.215,0.008,2,10.063,0.012,2,10.009,0.007,2,9.851,0.014,2,9.875,0.007,2,9.713,0.015,2,9.782,0.007,2,9.620,0.015,2,9.716,0.007,2,9.556,0.016,2,9.667,0.007,2,9.511,0.017,2,531006101351062642,0.151104,-117.2,1,10.355,0.023,10.100,0.020,5.877,0.014,3.916,0.023,1320415920,0.489376,-111.4,1,0.46,13.494,0.1180,12.693,0.1330,12.068,0.0910,0.6051512495533200,0.7902283119122940,-0.0965980342258706,102103023,9428215235419
52.5552680,-5.5433370,0.0349,0.0292,-0.0076,190.4383635,-46.5223315,48.6076098,-23.7634691,225.170,570.218,227.132,570.857,4579401112000067,45794a112-000067,112,45794a,67,10.378,0.015,74.0,123,10.282,0.019,57.3,45.6,82.1,1,0,0.00000,0.00000,0000,0000,3,AA,0,10,1.0,4.208,00,0000,0000,56691.93592338,0,,0,,22.390,4.037,0.000,49.172,4.219,0.000,1.435e+04,193.9,5670,98.88,7.50,7.50,10.298,0.008,0,0.257,10.087,0.024,2,0.322,11.178,0.011,0,11.054,0.034,2,10.555,0.008,0,10.409,0.024,2,10.211,0.007,0,10.054,0.021,2,10.004,0.007,0,9.842,0.025,2,9.868,0.007,0,9.705,0.030,2,9.773,0.007,1,9.612,0.030,3,9.705,0.007,1,9.548,0.028,3,9.655,0.007,3,9.501,0.028,3,531006101351062642,0.213061,76.0,1,10.355,0.023,10.100,0.020,5.877,0.014,3.916,0.023,1320415920,0.128316,-116.7,2,0.37,13.494,0.1180,12.693,0.1330,12.068,0.0910,0.6051525282196850,0.7902272615786170,-0.0965986161768581,102103023,9428215235421
52.5552353,-5.5432589,0.0330,0.0299,0.0034,190.4382431,-46.5223144,48.6075980,-23.7633852,168.836,890.876,172.442,891.677,3571718023000020,35717r023-000020,23,35717r,20,10.439,0.016,67.8,127,10.247,0.017,63.9,56.2,84.7,1,0,0.00000,0.00000,0000,0000,3,AA,0,5,0.5,92.690,00,0000,0000,59597.48677605,0,,0,,17.935,3.688,0.000,45.041,3.847,0.000,1.345e+04,198.3,5737,89.81,7.50,7.50,10.249,0.009,2,0.260,10.044,0.016,0,0.326,11.119,0.012,0,11.005,0.020,0,10.509,0.009,2,10.370,0.016,0,10.175,0.008,2,10.020,0.014,0,9.975,0.008,2,9.810,0.014,2,9.845,0.009,2,9.678,0.014,2,9.755,0.009,2,9.590,0.014,2,9.692,0.009,3,9.530,0.014,3,9.646,0.009,3,9.486,0.015,3,531006101351062642,0.397084,125.3,1,10.355,0.023,10.100,0.020,5.877,0.014,3.916,0.023,1320415920,0.338769,179.6,2,0.67,13.494,0.1180,12.693,0.1330,12.068,0.0910,0.6051530592768080,0.7902270207445510,-0.0965972594492809,102103023,9428215234721
52.5553031,-5.5432887,0.0362,0.0320,-0.0135,190.4383342,-46.5222754,48.6076605,-23.7634317,950.673,395.108,947.475,392.528,3568718022000035,35687r022-000035,22,35687r,35,10.450,0.016,65.8,143,10.391,0.018,60.1,58.3,97.4,1,0,0.00000,0.00000,0000,0000,3,AA,0,10,1.0,86.099,00,0000,0000,59596.50678225,0,,0,,17.326,3.434,0.000,49.531,3.909,0.000,1.331e+04,202.3,5022,83.6,7.50,7.50,10.281,0.009,2,0.260,10.100,0.016,2,0.326,11.150,0.012,2,11.059,0.020,2,10.541,0.009,2,10.426,0.016,2,10.203,0.008,2,10.067,0.015,2,9.997,0.008,2,9.851,0.016,2,9.861,0.008,3,9.716,0.018,3,9.766,0.008,3,9.625,0.020,3,9.699,0.008,3,9.560,0.020,3,9.650,0.008,3,9.511,0.021,3,531006101351062642,0.146763,146.5,1,10.355,0.023,10.100,0.020,5.877,0.014,3.916,0.023,1320415920,0.333751,-133.9,2,0.50,13.494,0.1180,12.693,0.1330,12.068,0.0910,0.6051520936280990,0.7902276969532340,-0.0965977771251254,102103023,9428215234726
52.5552744,-5.5433020,0.0353,0.0326,-0.0132,190.4383267,-46.5223065,48.6076266,-23.7634370,75.916,106.190,76.709,107.551,3570718101000038,35707r101-000038,101,35707r,38,10.373,0.017,63.1,110,10.268,0.017,62.7,46.9,73.8,1,0,0.00000,0.00000,0000,0000,3,AA,0,10,1.0,43.068,00,0000,0000,59597.16002654,0,,0,,18.238,3.698,0.000,44.131,3.842,0.000,1.43e+04,226.6,5627,89.77,7.50,7.50,10.281,0.009,0,0.260,10.080,0.016,0,0.326,11.158,0.011,0,11.053,0.021,0,10.541,0.009,0,10.406,0.016,0,10.203,0.008,0,10.045,0.013,0,9.999,0.007,0,9.830,0.012,2,9.866,0.007,0,9.692,0.011,2,9.773,0.007,1,9.600,0.011,3,9.708,0.007,3,9.536,0.012,3,9.660,0.007,3,9.493,0.012,3,531006101351062642,0.198347,112.1,1,10.355,0.023,10.100,0.020,5.877,0.014,3.916,0.023,1320415920,0.229436,-143.2,2,0.47,13.494,0.1180,12.693,0.1330,12.068,0.0910,0.6051524758273990,0.7902273760240620,-0.0965980081683629,102103023,9428215235421
52.5552795,-5.5432936,0.0344,0.0329,-0.0138,190.4383208,-46.5222976,48.6076344,-23.7634303,780.064,320.295,777.606,318.479,3569118101000035,35691r101-000035,101,35691r,35,10.164,0.019,58.7,106,10.269,0.018,61.3,59.2,77.3,1,0,0.00000,0.00000,0000,0000,3,AA,0,10,1.0,44.935,00,1010,0000,59596.63743104,0,,0,,17.238,3.686,0.000,46.176,5.621,0.000,1.732e+04,295.3,5621,91.69,7.50,7.50,10.364,0.010,2,0.260,10.058,0.013,2,0.326,11.256,0.014,2,11.023,0.017,0,10.624,0.010,2,10.384,0.013,2,10.272,0.009,2,10.038,0.014,2,10.058,0.008,2,9.836,0.019,2,9.916,0.008,2,9.707,0.023,2,9.820,0.008,2,9.617,0.023,2,9.753,0.008,3,9.552,0.023,3,9.704,0.008,3,9.505,0.024,3,531006101351062642,0.195905,122.3,1,10.355,0.023,10.100,0.020,5.877,0.014,3.916,0.023,1320415920,0.264617,-143.9,2,0.50,13.494,0.1180,12.693,0.1330,12.068,0.0910,0.6051524140982750,0.7902274411335460,-0.0965978622463188,102103023,9428215234726
52.5553224,-5.5432877,0.0348,0.0329,-0.0024,190.4383487,-46.5222590,48.6076811,-23.7634359,426.257,213.971,425.526,213.718,3569918101000030,35699r101-000030,101,35699r,30,10.400,0.018,61.8,119,10.283,0.018,60.2,56.5,84.4,1,0,0.00000,0.00000,0000,0000,3,AA,0,10,1.0,1.145,00,0000,0000,59596.89872875,0,,0,,16.264,3.404,0.000,46.092,4.942,0.000,1.394e+04,225.6,5551,92.22,7.50,7.50,10.276,0.012,2,0.260,10.064,0.016,0,0.326,11.153,0.018,0,11.032,0.017,0,10.535,0.012,2,10.390,0.016,0,10.199,0.010,2,10.038,0.018,0,9.997,0.009,2,9.829,0.019,0,9.864,0.009,2,9.693,0.019,2,9.774,0.009,3,9.598,0.019,3,9.711,0.009,3,9.530,0.019,3,9.665,0.009,3,9.480,0.019,3,531006101351062642,0.126554,174.6,1,10.355,0.023,10.100,0.020,5.877,0.014,3.916,0.023,1320415920,0.388723,-127.2,2,0.49,13.494,0.1180,12.693,0.1330,12.068,0.0910,0.6051518284660640,0.7902279021363360,-0.0965977597534532,102103023,9428215234726
52.5553187,-5.5432802,0.0326,0.0316,-0.0029,190.4383367,-46.5222578,48.6076794,-23.7634276,248.582,154.603,248.693,155.075,3570318101000037,35703r101-000037,101,35703r,37,10.413,0.016,67.5,134,10.265,0.017,63.9,63.2,96.3,1,0,0.00000,0.00000,0000,0000,3,AA,0,10,1.0,9.962,00,0000,0000,59597.02937770,0,,0,,17.259,3.443,0.000,45.828,4.027,0.000,1.378e+04,204.1,5639,88.24,7.50,7.50,10.290,0.010,0,0.260,10.079,0.013,2,0.326,11.171,0.014,0,11.046,0.017,2,10.550,0.010,0,10.405,0.013,2,10.205,0.009,0,10.046,0.013,2,9.997,0.008,0,9.833,0.018,2,9.860,0.008,2,9.696,0.023,2,9.765,0.011,2,9.599,0.023,2,9.699,0.014,3,9.531,0.023,3,9.651,0.014,3,9.484,0.023,3,531006101351062642,0.155042,170.7,1,10.355,0.023,10.100,0.020,5.877,0.014,3.916,0.023,1320415920,0.395596,-131.5,2,0.52,13.494,0.1180,12.693,0.1330,12.068,0.0910,0.6051518871846150,0.7902278730964040,-0.0965976294659106,102103023,9428215234726
52.5552974,-5.5432936,0.0347,0.0333,-0.0053,190.4383354,-46.5222829,48.6076531,-23.7634350,693.056,128.007,690.349,126.542,3570518077000033,35705r077-000033,77,35705r,33,10.386,0.018,60.8,101,10.276,0.017,64.5,57.1,74,1,0,0.00000,0.00000,0000,0000,3,AA,0,10,1.0,24.260,00,0000,0000,59597.09470214,0,,0,,17.555,4.418,0.000,45.128,4.665,0.000,1.413e+04,232.3,5587,86.63,7.50,7.50,10.263,0.011,0,0.260,10.030,0.013,0,0.326,11.146,0.015,0,11.000,0.017,0,10.523,0.011,0,10.356,0.013,0,10.181,0.010,2,10.007,0.011,2,9.975,0.009,2,9.802,0.011,2,9.844,0.009,2,9.672,0.011,2,9.755,0.009,2,9.583,0.013,2,9.692,0.009,3,9.519,0.015,3,9.646,0.010,3,9.476,0.017,3,531006101351062642,0.145799,135.9,1,10.355,0.023,10.100,0.020,5.877,0.014,3.916,0.023,1320415920,0.306807,-134.2,2,0.48,13.494,0.1180,12.693,0.1330,12.068,0.0910,0.6051521672201799,0.7902276301915550,-0.0965978622463188,102103023,9428215234726
52.5552885,-5.5432922,0.0330,0.0325,0.0022,190.4383265,-46.5222894,48.6076442,-23.7634313,514.512,988.761,516.518,988.162,3570918078000025,35709r078-000025,78,35709r,25,10.428,0.018,59.4,125,10.264,0.019,57.0,61,89,1,0,0.00000,0.00000,0000,0000,3,AA,0,10,1.0,64.558,00,0000,0000,59597.22547831,0,,0,,17.391,3.290,0.000,45.041,4.186,0.000,1.359e+04,228.7,5645,98.98,7.50,7.50,10.298,0.011,0,0.260,10.032,0.014,2,0.326,11.167,0.013,0,10.985,0.019,0,10.558,0.011,0,10.358,0.014,2,10.223,0.009,2,10.015,0.014,2,10.021,0.009,2,9.809,0.015,2,9.887,0.009,2,9.678,0.016,2,9.796,0.009,2,9.589,0.017,2,9.731,0.009,2,9.526,0.018,2,9.684,0.009,2,9.481,0.018,2,531006101351062642,0.172694,129.5,1,10.355,0.023,10.100,0.020,5.877,0.014,3.916,0.023,1320415920,0.288611,-139.3,2,0.49,13.494,0.1180,12.693,0.1330,12.068,0.0910,0.6051522914047019,0.7902275380646170,-0.0965978379259779,102103023,9428215234726
52.5552027,-5.5432586,0.0308,0.0263,0.0045,190.4382162,-46.5223410,48.6075639,-23.7633763,121.932,798.818,125.457,799.825,5682201112000021,56822a112-000021,112,56822a,21,10.355,0.014,75.9,158,10.170,0.017,64.8,63.6,109,1,0,0.00000,0.00000,0000,0000,3,AA,0,10,1.0,23.738,00,0000,0000,57054.65543087,0,,0,,21.696,3.312,0.000,54.153,5.002,0.000,1.449e+04,191,6192,95.57,7.50,7.50,10.279,0.008,0,0.257,10.039,0.016,2,0.322,11.149,0.010,0,11.004,0.021,2,10.536,0.008,0,10.361,0.016,2,10.198,0.007,0,10.013,0.013,2,9.992,0.007,0,9.807,0.012,2,9.860,0.007,2,9.673,0.012,2,9.769,0.007,2,9.583,0.012,2,9.704,0.007,2,9.521,0.013,2,9.656,0.007,3,9.476,0.015,3,531006101351062642,0.497486,117.6,1,10.355,0.023,10.100,0.020,5.877,0.014,3.916,0.023,1320415920,0.360178,160.7,2,0.73,13.494,0.1180,12.693,0.1330,12.068,0.0910,0.6051535092054890,0.7902266768276081,-0.0965972542377789,102103023,9428215234721
52.5552476,-5.5432770,0.0307,0.0288,-0.0096,190.4382749,-46.5223145,48.6076057,-23.7634059,941.044,546.025,938.632,543.461,5681701088000033,56817a088-000033,88,56817a,33,10.333,0.015,71.5,154,10.257,0.017,62.1,73.5,112,1,0,0.00000,0.00000,0000,0000,3,AA,0,10,1.0,81.704,00,0000,0000,57054.45831135,0,,0,,22.398,3.123,0.000,55.645,4.330,0.000,1.478e+04,206.7,5716,91.99,7.50,7.50,10.231,0.008,0,0.257,10.051,0.012,2,0.322,11.101,0.010,0,11.004,0.016,2,10.488,0.008,0,10.373,0.012,2,10.155,0.007,2,10.022,0.012,2,9.956,0.007,2,9.810,0.012,2,9.827,0.007,2,9.673,0.012,2,9.740,0.007,3,9.584,0.014,3,9.677,0.007,3,9.527,0.015,3,9.630,0.007,3,9.489,0.016,3,531006101351062642,0.324623,120.5,1,10.355,0.023,10.100,0.020,5.877,0.014,3.916,0.023,1320415920,0.276739,-171.4,2,0.59,13.494,0.1180,12.693,0.1330,12.068,0.0910,0.6051528710810670,0.7902271264285380,-0.0965975738765587,102103023,9428215234721
52.5552426,-5.5433820,0.0334,0.0303,0.0067,190.4383969,-46.5223778,48.6075701,-23.7635058,747.148,716.796,746.666,715.098,5682101088000028,56821a088-000028,88,56821a,28,10.368,0.016,68.1,147,10.233,0.018,58.9,80.2,111,1,0,0.00000,0.00000,0000,0000,3,AA,0,10,1.0,40.363,00,0000,0000,57054.58972435,0,,0,,23.201,4.780,0.000,54.807,4.821,0.000,1.43e+04,210.1,5842,99.14,7.50,7.50,10.258,0.009,3,0.257,10.092,0.016,3,0.322,11.129,0.011,0,11.063,0.022,2,10.515,0.009,3,10.414,0.016,3,10.181,0.008,3,10.057,0.015,3,9.980,0.007,3,9.849,0.018,3,9.851,0.007,3,9.717,0.023,3,9.761,0.007,3,9.628,0.025,3,9.698,0.008,3,9.565,0.027,3,9.652,0.008,3,9.520,0.030,3,531006101351062642,0.366381,54.4,1,10.355,0.023,10.100,0.020,5.877,0.014,3.916,0.023,1320415920,0.107045,-12.8,2,0.31,13.494,0.1180,12.693,0.1330,12.068,0.0910,0.6051528324102690,0.7902269330710000,-0.0965993979020131,102103023,9428215235411
52.5553185,-5.5433076,0.0317,0.0297,-0.0041,190.4383694,-46.5222734,48.6076712,-23.7634540,348.455,147.022,347.920,147.135,5682901087000037,56829a087-000037,87,56829a,37,10.314,0.015,71.3,147,10.260,0.017,62.5,57.6,99.7,1,0,0.00000,0.00000,0000,0000,3,AA,0,10,1.0,-1.173,00,0000,0000,57054.85242308,0,,0,,21.287,3.548,0.000,54.875,4.942,0.000,1.504e+04,211,5699,91.18,7.50,7.50,10.250,0.008,0,0.257,10.044,0.012,0,0.322,11.121,0.010,0,11.007,0.016,0,10.507,0.008,0,10.366,0.012,0,10.172,0.007,2,10.017,0.011,2,9.970,0.007,2,9.812,0.010,2,9.839,0.007,2,9.682,0.011,2,9.747,0.007,2,9.593,0.012,2,9.683,0.007,3,9.529,0.014,3,9.636,0.007,3,9.484,0.016,3,531006101351062642,0.060171,154.6,1,10.355,0.023,10.100,0.020,5.877,0.014,3.916,0.023,1320415920,0.337785,-118.9,2,0.42,13.494,0.1180,12.693,0.1330,12.068,0.0910,0.6051518618566610,0.7902278343078920,-0.0965981054497246,102103023,9428215235417
52.5553455,-5.5433158,0.0318,0.0290,-0.0044,190.4384013,-46.5222558,48.6076972,-23.7634690,316.791,625.848,318.446,626.052,5681802112000028,56818b112-000028,112,56818b,28,10.322,0.014,76.5,136,10.227,0.018,60.0,49.3,86.2,1,0,0.00000,0.00000,0000,0000,3,AA,0,5,0.5,60.682,00,0000,0000,57054.52401782,0,,0,,21.212,2.800,0.000,55.264,4.958,0.000,1.493e+04,195.2,5877,97.9,7.50,7.50,10.272,0.008,0,0.257,10.048,0.022,0,0.322,11.146,0.010,0,11.014,0.036,0,10.529,0.008,0,10.370,0.022,0,10.190,0.007,0,10.015,0.017,2,9.985,0.007,0,9.805,0.015,2,9.851,0.007,2,9.672,0.015,2,9.759,0.007,2,9.583,0.015,2,9.694,0.007,3,9.521,0.016,3,9.646,0.007,3,9.475,0.017,3,531006101351062642,0.075169,-109.3,1,10.355,0.023,10.100,0.020,5.877,0.014,3.916,0.023,1320415920,0.414582,-108.8,2,0.40,13.494,0.1180,12.693,0.1330,12.068,0.0910,0.6051514810650690,0.7902281085027920,-0.0965982478974311,102103023,9428215235417
52.5552857,-5.5433229,0.0305,0.0314,0.0094,190.4383610,-46.5223090,48.6076324,-23.7634602,548.408,890.214,549.861,889.410,5682501088000024,56825a088-000024,88,56825a,24,10.323,0.017,64.9,125,10.181,0.018,61.5,60.9,87.2,1,0,0.00000,0.00000,0000,0000,3,AA,0,10,1.0,16.168,00,0000,0000,57054.72113735,0,,0,,22.552,3.885,0.000,53.671,4.756,0.000,1.491e+04,229.9,6128,99.7,7.50,7.50,10.261,0.008,2,0.257,10.029,0.012,0,0.322,11.126,0.011,2,10.991,0.016,0,10.518,0.008,2,10.351,0.012,0,10.182,0.008,2,10.000,0.011,2,9.976,0.007,2,9.797,0.012,2,9.840,0.008,3,9.670,0.012,3,9.746,0.008,3,9.586,0.013,3,9.680,0.008,3,9.528,0.015,3,9.633,0.008,3,9.483,0.017,3,531006101351062642,0.143328,89.7,1,10.355,0.023,10.100,0.020,5.877,0.014,3.916,0.023,1320415920,0.208460,-121.3,2,0.39,13.494,0.1180,12.693,0.1330,12.068,0.0910,0.6051522985533691,0.7902274673978810,-0.0965983712362972,102103023,9428215235421
52.5552922,-5.5433220,0.0329,0.0285,-0.0099,190.4383653,-46.5223032,48.6076395,-23.7634610,147.339,315.984,148.657,317.016,5683301087000028,56833a087-000028,87,56833a,28,10.325,0.014,77.2,152,10.181,0.018,61.4,47.7,101,1,0,0.00000,0.00000,0000,0000,3,AA,0,10,1.0,11.827,00,0000,0000,57054.98383612,0,,0,,22.700,3.555,0.000,55.453,4.682,0.000,1.489e+04,193,6129,99.89,7.50,7.50,10.283,0.008,0,0.257,10.048,0.020,2,0.322,11.155,0.010,0,11.018,0.022,2,10.540,0.008,0,10.370,0.020,2,10.201,0.007,0,10.008,0.018,2,9.997,0.007,0,9.795,0.016,2,9.864,0.007,0,9.664,0.016,2,9.772,0.007,0,9.577,0.016,2,9.705,0.007,0,9.516,0.016,2,9.656,0.007,3,9.472,0.016,3,531006101351062642,0.120062,91.2,1,10.355,0.023,10.100,0.020,5.877,0.014,3.916,0.023,1320415920,0.230230,-119.0,2,0.38,13.494,0.1180,12.693,0.1330,12.068,0.0910,0.6051522098274530,0.7902275372549220,-0.0965983556017932,102103023,9428215235421
52.5551248,-5.5432764,0.0341,0.0307,-0.0114,190.4381741,-46.5224151,48.6074771,-23.7633730,745.188,554.167,743.879,552.525,7378902181000023,73789b181-000023,181,73789b,23,10.342,0.016,66.5,120,10.283,0.019,58.0,52,81.3,1,0,0.00000,0.00000,0000,0000,3,AA,0,0,0.0,69.236,00,0000,0000,57611.02735722,0,,0,,21.445,4.156,0.000,53.358,4.669,0.000,1.473e+04,221.5,5553,95.79,7.50,7.50,10.276,0.010,2,0.260,10.068,0.025,0,0.326,11.168,0.013,2,11.037,0.034,0,10.535,0.010,2,10.394,0.025,0,10.187,0.009,2,10.041,0.020,2,9.982,0.009,2,9.831,0.019,2,9.850,0.010,2,9.697,0.018,2,9.759,0.010,2,9.607,0.019,2,9.693,0.010,2,9.547,0.019,2,9.645,0.010,3,9.506,0.019,3,531006101351062642,0.738903,103.0,1,10.355,0.023,10.100,0.020,5.877,0.014,3.916,0.023,1320415920,0.484566,124.7,2,0.88,13.494,0.1180,12.693,0.1330,12.068,0.0910,0.6051545653603130,0.7902258302272880,-0.0965975634535551,102103023,9428215234720
52.5552228,-5.5432551,0.0323,0.0311,0.0107,190.4382284,-46.5223225,48.6075860,-23.7633782,132.026,987.561,136.256,988.529,7378801157000029,73788a157-000029,157,73788a,29,10.334,0.018,58.9,115,10.197,0.017,65.0,62.3,83.2,1,0,0.00000,0.00000,0000,0000,3,AA,0,10,1.0,90.001,00,0000,0000,57610.96190551,0,,0,,20.876,3.714,0.000,53.229,4.486,0.000,1.483e+04,251.7,6008,92.49,7.50,7.50,10.277,0.010,2,0.260,10.021,0.013,0,0.326,11.158,0.013,2,10.982,0.016,0,10.536,0.010,2,10.347,0.013,0,10.203,0.008,2,9.998,0.012,0,10.003,0.008,2,9.792,0.012,0,9.871,0.008,2,9.665,0.014,2,9.777,0.008,2,9.581,0.015,2,9.710,0.008,2,9.523,0.016,2,9.661,0.008,3,9.479,0.018,3,531006101351062642,0.441780,123.4,1,10.355,0.023,10.100,0.020,5.877,0.014,3.916,0.023,1320415920,0.355600,172.4,2,0.71,13.494,0.1180,12.693,0.1330,12.068,0.0910,0.6051532355727580,0.7902268938070460,-0.0965971934369230,102103023,9428215234721
52.5550292,-5.5433761,0.0381,0.0353,-0.0116,190.4382159,-46.5225499,48.6073480,-23.7634440,135.159,72.634,135.467,73.748,7378801155000027,73788a155-000027,155,73788a,27,10.360,0.020,53.6,89.4,10.183,0.017,63.0,67.1,74,1,0,0.00000,0.00000,0000,0000,3,AA,0,10,1.0,90.478,00,0000,0000,57610.96177819,0,,0,,20.036,3.151,0.000,53.336,3.670,0.000,1.448e+04,270.3,6089,96.65,7.50,7.50,10.254,0.014,2,0.260,10.050,0.011,0,0.326,11.104,0.020,2,11.015,0.016,0,10.514,0.014,2,10.376,0.011,0,10.188,0.012,2,10.025,0.010,0,9.987,0.010,2,9.819,0.010,2,9.855,0.010,2,9.691,0.013,2,9.765,0.010,2,9.606,0.017,2,9.702,0.010,2,9.546,0.018,2,9.656,0.009,3,9.501,0.018,3,531006101351062642,1.079661,79.7,1,10.355,0.023,10.100,0.020,5.877,0.014,3.916,0.023,1320415920,0.745650,83.6,2,1.05,13.494,0.1180,12.693,0.1330,12.068,0.0910,0.6051557816799910,0.7902246870515580,-0.0965992954091629,102103023,9428215235491
52.5552071,-5.5432821,0.0331,0.0316,-0.0100,190.4382480,-46.5223507,48.6075618,-23.7634001,904.205,579.581,902.099,577.244,7379302181000019,73793b181-000019,181,73793b,19,10.389,0.017,64.9,122,10.205,0.018,59.7,49.8,81.7,1,0,0.00000,0.00000,0000,0000,3,AA,0,10,1.0,32.021,00,0000,0000,57611.15838786,0,,0,,22.944,4.946,0.000,53.619,4.985,0.000,1.411e+04,217.4,5964,99.99,7.50,7.50,10.248,0.009,0,0.260,10.038,0.022,2,0.326,11.127,0.012,0,10.992,0.026,0,10.507,0.009,0,10.364,0.022,2,10.174,0.008,3,10.025,0.025,3,9.974,0.008,3,9.823,0.024,3,9.841,0.007,3,9.694,0.023,3,9.748,0.007,3,9.606,0.023,3,9.683,0.007,3,9.545,0.023,3,9.636,0.007,3,9.501,0.024,3,531006101351062642,0.449396,109.0,1,10.355,0.023,10.100,0.020,5.877,0.014,3.916,0.023,1320415920,0.275447,157.9,2,0.66,13.494,0.1180,12.693,0.1330,12.068,0.0910,0.6051534244318010,0.7902266918444310,-0.0965976624720882,102103023,9428215234721
52.5553068,-5.5432280,0.0361,0.0328,-0.0095,190.4382643,-46.5222382,48.6076819,-23.7633742,98.149,403.679,100.030,404.968,7377401147000032,73774a147-000032,147,73774a,32,10.416,0.016,67.2,123,10.284,0.018,59.0,50.8,83.5,1,0,0.00000,0.00000,0000,0000,3,AA,0,5,0.5,15.439,00,0000,0000,57610.50323455,0,,0,,20.593,3.453,0.000,52.247,4.388,0.000,1.375e+04,204.7,5544,94,7.50,7.50,10.285,0.009,0,0.260,10.093,0.013,0,0.326,11.175,0.012,0,11.078,0.020,0,10.545,0.009,0,10.419,0.013,0,10.200,0.008,2,10.051,0.011,0,9.991,0.007,2,9.834,0.011,2,9.855,0.007,2,9.701,0.011,2,9.760,0.007,2,9.614,0.012,2,9.691,0.007,3,9.555,0.013,3,9.639,0.007,3,9.512,0.014,3,531006101351062642,0.347581,168.8,1,10.355,0.023,10.100,0.020,5.877,0.014,3.916,0.023,1320415920,0.516583,-150.6,2,0.71,13.494,0.1180,12.693,0.1330,12.068,0.0910,0.6051521048175720,0.7902278172814010,-0.0965967226645689,102103023,9428215234726
52.5553205,-5.5432858,0.0348,0.0353,0.0043,190.4383449,-46.5222595,48.6076796,-23.7634335,466.723,136.129,465.550,135.567,7379601156000025,73796a156-000025,156,73796a,25,10.350,0.020,54.5,108,10.311,0.018,59.8,69.9,84.7,1,0,0.00000,0.00000,0000,0000,3,AA,0,5,0.5,23.416,00,0102,0000,57611.22383948,0,,0,,22.032,4.462,0.000,53.052,4.517,0.000,1.461e+04,268.1,5408,90.51,7.50,7.50,10.332,0.011,2,0.260,10.054,0.013,2,0.326,11.241,0.015,2,11.025,0.017,2,10.591,0.011,2,10.380,0.013,2,10.229,0.009,2,10.020,0.012,2,10.009,0.009,2,9.807,0.011,2,9.869,0.009,2,9.672,0.011,2,9.775,0.009,2,9.582,0.011,2,9.710,0.009,2,9.519,0.012,2,9.664,0.010,3,9.474,0.013,3,531006101351062642,0.134140,172.0,1,10.355,0.023,10.100,0.020,5.877,0.014,3.916,0.023,1320415920,0.387556,-128.6,2,0.50,13.494,0.1180,12.693,0.1330,12.068,0.0910,0.6051518566186050,0.7902278846119730,-0.0965977267472759,102103023,9428215234726
52.5552385,-5.5431084,0.0360,0.0369,-0.0139,190.4380650,-46.5222270,48.6076448,-23.7632409,794.305,212.630,791.371,210.667,7380401156000025,73804a156-000025,156,73804a,25,10.370,0.018,61.0,148,10.287,0.019,58.1,50.2,97.6,1,0,0.00000,0.00000,0000,0000,3,AA,0,0,0.0,12.146,00,0000,0000,57611.48590081,0,,0,,20.962,4.083,0.000,53.205,4.824,0.000,1.436e+04,235.4,5528,95.2,7.50,7.50,10.358,0.010,2,0.260,10.098,0.026,2,0.326,11.271,0.013,2,11.110,0.033,2,10.618,0.010,2,10.424,0.026,2,10.255,0.009,2,10.040,0.023,2,10.036,0.008,2,9.817,0.021,2,9.896,0.008,2,9.680,0.020,2,9.800,0.008,2,9.586,0.020,2,9.733,0.008,3,9.519,0.021,3,9.684,0.009,3,9.469,0.022,3,531006101351062642,0.832351,158.0,1,10.355,0.023,10.100,0.020,5.877,0.014,3.916,0.023,1320415920,0.880606,-179.4,2,1.18,13.494,0.1180,12.693,0.1330,12.068,0.0910,0.6051531694094470,0.7902272559894900,-0.0965946450121502,102103023,9428215234732
52.5552731,-5.5433010,0.0328,0.0370,-0.0024,190.4383245,-46.5223070,48.6076255,-23.7634357,630.048,175.478,627.991,174.279,7380001156000025,73800a156-000025,156,73800a,25,10.374,0.020,55.3,100,10.228,0.017,63.4,61.2,75.9,1,0,0.00000,0.00000,0000,0000,3,AA,0,10,1.0,5.837,00,0000,0000,57611.35487013,0,,0,,22.970,4.797,0.000,52.883,5.212,0.000,1.43e+04,258.6,5840,92.1,7.50,7.50,10.326,0.015,2,0.260,10.059,0.020,0,0.326,11.223,0.022,2,11.020,0.026,0,10.585,0.015,2,10.385,0.020,0,10.244,0.013,2,10.036,0.021,0,10.038,0.011,3,9.826,0.022,3,9.904,0.011,3,9.691,0.023,3,9.814,0.011,3,9.600,0.022,3,9.751,0.011,3,9.538,0.022,3,9.705,0.011,3,9.494,0.022,3,531006101351062642,0.204023,112.5,1,10.355,0.023,10.100,0.020,5.877,0.014,3.916,0.023,1320415920,0.229599,-144.6,2,0.48,13.494,0.1180,12.693,0.1330,12.068,0.0910,0.6051524947821409,0.7902273636321340,-0.0965979907966911,102103023,9428215235410
52.5552212,-5.5433481,0.0366,0.0321,-0.0007,190.4383387,-46.5223763,48.6075575,-23.7634675,248.396,453.652,249.777,454.159,7377702181000034,73777b181-000034,181,73777b,34,10.414,0.016,69.5,115,10.256,0.018,62.0,53.9,82.7,1,0,0.00000,0.00000,0000,0000,3,AA,0,10,1.0,48.633,00,0000,0000,57610.63426515,0,,0,,24.436,4.792,2.269,52.984,4.038,0.000,1.378e+04,198.3,5690,91.75,7.50,7.50,10.285,0.009,2,0.260,10.066,0.013,2,0.326,11.165,0.013,0,11.037,0.019,2,10.545,0.009,2,10.392,0.013,2,10.205,0.008,2,10.031,0.011,2,9.999,0.008,2,9.816,0.011,2,9.863,0.007,2,9.678,0.011,2,9.769,0.007,2,9.585,0.012,2,9.703,0.007,3,9.520,0.013,3,9.654,0.007,3,9.475,0.014,3,531006101351062642,0.385444,76.3,1,10.355,0.023,10.100,0.020,5.877,0.014,3.916,0.023,1320415920,0.055888,108.4,2,0.45,13.494,0.1180,12.693,0.1330,12.068,0.0910,0.6051531623100650,0.7902267524232810,-0.0965988090024019,102103023,9428215235411
52.5551966,-5.5433091,0.0357,0.0321,-0.0089,190.4382718,-46.5223745,48.6075429,-23.7634234,408.185,474.926,408.684,474.714,7378102181000030,73781b181-000030,181,73781b,30,10.436,0.015,71.1,140,10.293,0.019,56.5,47.2,94.6,1,0,0.00000,0.00000,0000,0000,3,AA,0,10,1.0,91.148,00,0000,0000,57610.76529583,0,,0,,21.048,3.594,0.000,53.374,5.247,0.000,1.35e+04,189.9,5500,97.32,7.50,7.50,10.306,0.009,0,0.260,10.056,0.032,2,0.326,11.194,0.013,0,11.015,0.039,2,10.566,0.009,0,10.382,0.032,2,10.224,0.008,0,10.036,0.043,2,10.017,0.008,0,9.831,0.046,2,9.880,0.008,2,9.699,0.043,2,9.784,0.007,2,9.611,0.041,2,9.716,0.007,2,9.549,0.041,2,9.667,0.008,2,9.504,0.041,2,531006101351062642,0.465170,96.0,1,10.355,0.023,10.100,0.020,5.877,0.014,3.916,0.023,1320415920,0.211914,138.2,2,0.61,13.494,0.1180,12.693,0.1330,12.068,0.0910,0.6051535415719610,0.7902265448035920,-0.0965981315072320,102103023,9428215235411
52.5552268,-5.5433708,0.0374,0.0355,-0.0115,190.4383705,-46.5223844,48.6075568,-23.7634909,581.517,512.692,581.107,511.733,7378502181000030,73785b181-000030,181,73785b,30,10.482,0.018,61.8,99.2,10.273,0.020,53.9,53,72.8,1,0,0.00000,0.00000,0000,0000,3,AA,0,10,1.0,110.942,00,0000,0000,57610.89632648,0,,0,,21.155,3.980,0.000,53.652,6.444,0.000,1.295e+04,209.6,5602,103.9,7.50,7.50,10.274,0.011,2,0.260,10.060,0.023,2,0.326,11.147,0.014,2,11.029,0.034,2,10.534,0.011,2,10.386,0.023,2,10.200,0.010,2,10.029,0.019,2,9.998,0.009,2,9.822,0.018,2,9.866,0.009,2,9.693,0.017,2,9.774,0.009,3,9.606,0.017,3,9.707,0.008,3,9.545,0.018,3,9.658,0.008,3,9.498,0.019,3,531006101351062642,0.394419,64.0,1,10.355,0.023,10.100,0.020,5.877,0.014,3.916,0.023,1320415920,0.072062,27.2,2,0.39,13.494,0.1180,12.693,0.1330,12.068,0.0910,0.6051530618055760,0.7902267811847090,-0.0965992033393135,102103023,9428215235411
52.5551965,-5.5433562,0.0348,0.0350,-0.0142,190.4383283,-46.5224011,48.6075292,-23.7634688,297.810,104.542,297.420,104.828,7379201156000027,73792a156-000027,156,73792a,27,10.464,0.018,59.4,138,10.191,0.017,62.3,50.9,90,1,0,0.00000,0.00000,0000,0000,3,AA,0,10,1.0,49.283,00,0000,0000,57611.09280888,0,,0,,20.253,3.508,0.000,52.919,4.386,0.000,1.316e+04,221.5,6039,96.94,7.50,7.50,10.295,0.015,0,0.260,10.021,0.025,0,0.326,11.170,0.021,0,10.989,0.029,0,10.555,0.015,0,10.347,0.025,0,10.212,0.012,2,9.993,0.020,2,10.004,0.011,2,9.785,0.019,2,9.869,0.010,2,9.651,0.019,2,9.777,0.009,3,9.559,0.021,3,9.711,0.009,3,9.494,0.022,3,9.663,0.009,3,9.446,0.022,3,531006101351062642,0.478396,75.4,1,10.355,0.023,10.100,0.020,5.877,0.014,3.916,0.023,1320415920,0.142003,85.3,2,0.51,13.494,0.1180,12.693,0.1330,12.068,0.0910,0.6051534946708430,0.7902264807015930,-0.0965989497129315,102103023,9428215235411
52.5553026,-5.5433051,0.0315,0.0306,-0.0096,190.4383534,-46.5222851,48.6076553,-23.7634474,956.152,480.294,953.229,477.762,7380801156000022,73808a156-000022,156,73808a,22,10.432,0.016,66.5,139,10.267,0.017,62.6,77,103,1,0,0.00000,0.00000,0000,0000,3,AA,0,10,1.0,43.371,00,0000,0000,57611.61693150,0,,0,,23.268,4.184,0.000,54.150,5.485,0.000,1.355e+04,203.9,5634,90.01,7.50,7.50,10.254,0.009,2,0.260,10.048,0.046,0,0.326,11.123,0.012,0,11.009,0.026,0,10.514,0.009,2,10.374,0.046,0,10.180,0.008,2,10.026,0.066,0,9.975,0.008,3,9.820,0.063,1,9.839,0.007,3,9.688,0.057,1,9.742,0.007,3,9.600,0.054,3,9.671,0.007,3,9.538,0.051,3,9.620,0.007,3,9.495,0.050,3,531006101351062642,0.104238,127.4,1,10.355,0.023,10.100,0.020,5.877,0.014,3.916,0.023,1320415920,0.294421,-125.9,2,0.44,13.494,0.1180,12.693,0.1330,12.068,0.0910,0.6051520837133020,0.7902276697201400,-0.0965980620205454,102103023,9428215235417
52.5552113,-5.5432662,0.0330,0.0318,0.0039,190.4382323,-46.5223382,48.6075707,-23.7633859,367.558,73.296,366.559,73.340,845018177000026,08450r177-000026,177,08450r,26,10.323,0.017,64.2,116,10.247,0.018,61.7,60.3,84.5,1,0,0.00000,0.00000,0000,0000,3,AA,0,5,0.5,57.536,00,0000,0000,58706.10473672,0,,0,,23.468,4.097,0.000,61.932,4.596,0.000,1.496e+04,233.1,5738,93.04,7.50,7.50,10.229,0.009,2,0.260,10.012,0.014,2,0.326,11.094,0.012,2,10.960,0.020,0,10.489,0.009,2,10.338,0.014,2,10.159,0.009,2,10.000,0.013,2,9.961,0.009,2,9.798,0.014,2,9.830,0.008,2,9.669,0.017,2,9.740,0.009,2,9.583,0.021,2,9.676,0.009,2,9.521,0.022,2,9.629,0.009,3,9.477,0.022,3,531006101351062642,0.457604,116.4,1,10.355,0.023,10.100,0.020,5.877,0.014,3.916,0.023,1320415920,0.324772,164.2,2,0.70,13.494,0.1180,12.693,0.1330,12.068,0.0910,0.6051533828034340,0.7902267574872510,-0.0965973862624935,102103023,9428215234721
52.5551937,-5.5432892,0.0336,0.0333,0.0025,190.4382456,-46.5223657,48.6075456,-23.7634035,367.406,986.416,370.210,986.466,845018178000032,08450r178-000032,178,08450r,32,10.426,0.019,57.9,115,10.219,0.020,54.4,65.6,87.1,1,0,0.00000,0.00000,0000,0000,3,AA,0,5,0.5,57.004,00,0000,0000,58706.10486404,0,,0,,21.899,4.138,0.000,60.859,5.329,0.000,1.361e+04,235.1,5884,108.2,7.50,7.50,10.250,0.009,0,0.260,10.023,0.025,2,0.326,11.125,0.012,0,10.980,0.041,2,10.510,0.009,0,10.349,0.025,2,10.169,0.008,2,10.001,0.021,2,9.965,0.008,2,9.797,0.019,2,9.833,0.008,2,9.671,0.018,2,9.743,0.008,3,9.586,0.017,3,9.679,0.009,3,9.526,0.018,3,9.630,0.009,3,9.483,0.020,3,531006101351062642,0.488111,104.3,1,10.355,0.023,10.100,0.020,5.877,0.014,3.916,0.023,1320415920,0.275183,146.6,2,0.67,13.494,0.1180,12.693,0.1330,12.068,0.0910,0.6051536019674920,0.7902265408110450,-0.0965977858109615,102103023,9428215234721
52.5553232,-5.5433439,0.0371,0.0371,-0.0124,190.4384168,-46.5222900,48.6076657,-23.7634903,432.063,97.157,430.948,96.722,846418152000023,08464r152-000023,152,08464r,23,10.498,0.021,51.4,140,10.137,0.018,60.2,48.7,88.9,1,0,0.00000,0.00000,0000,0000,3,AA,0,0,0.0,21.636,00,0000,0000,58706.56264308,0,,0,,24.159,4.452,0.000,62.264,5.049,0.000,1.274e+04,247.7,6345,105.4,7.50,7.50,10.287,0.016,2,0.260,10.056,0.014,2,0.326,11.159,0.026,2,11.025,0.018,2,10.547,0.016,2,10.382,0.014,2,10.205,0.013,2,10.036,0.013,2,9.999,0.012,3,9.832,0.012,3,9.866,0.012,3,9.702,0.013,3,9.774,0.012,3,9.616,0.015,3,9.709,0.013,3,9.556,0.019,3,9.662,0.012,3,9.512,0.020,3,531006101351062642,0.076844,6.7,1,10.355,0.023,10.100,0.020,5.877,0.014,3.916,0.023,1320415920,0.314165,-96.0,2,0.29,13.494,0.1180,12.693,0.1330,12.068,0.0910,0.6051517598243720,0.7902278353593180,-0.0965987360413857,102103023,9428215235417
52.5552190,-5.5432846,0.0354,0.0302,-0.0100,190.4382607,-46.5223423,48.6075735,-23.7634057,545.682,606.279,545.861,605.469,845418177000029,08454r177-000029,177,08454r,29,10.362,0.016,66.8,116,10.074,0.020,54.2,44.8,79,1,0,0.00000,0.00000,0000,0000,3,AA,0,10,1.0,26.920,00,0000,0000,58706.23563988,0,,0,,22.126,3.617,0.000,62.511,6.222,0.000,1.444e+04,216.2,6727,124.1,7.50,7.50,10.250,0.012,0,0.260,10.108,0.019,2,0.326,11.124,0.017,0,11.087,0.025,2,10.510,0.012,0,10.434,0.019,2,10.174,0.010,2,10.070,0.018,2,9.973,0.009,2,9.858,0.018,2,9.842,0.009,2,9.729,0.020,2,9.752,0.008,2,9.646,0.024,2,9.688,0.008,3,9.589,0.037,3,9.643,0.008,3,9.548,0.057,3,531006101351062642,0.406183,109.7,1,10.355,0.023,10.100,0.020,5.877,0.014,3.916,0.023,1320415920,0.253662,166.1,2,0.63,13.494,0.1180,12.693,0.1330,12.068,0.0910,0.6051532577436770,0.7902268141849070,-0.0965977059012691,102103023,9428215234721
52.5552530,-5.5432840,0.0355,0.0286,-0.0036,190.4382877,-46.5223140,48.6076093,-23.7634140,93.822,859.806,97.710,860.991,845618153000030,08456r153-000030,153,08456r,30,10.280,0.016,66.0,126,10.147,0.017,63.0,46.2,82.6,1,0,0.00000,0.00000,0000,0000,3,AA,0,5,0.5,19.510,00,0001,0000,58706.30109142,0,,0,,21.053,3.520,0.000,62.121,4.684,0.000,1.557e+04,235.8,6292,99.84,7.50,7.50,10.247,0.009,2,0.260,9.985,0.015,0,0.326,11.109,0.012,2,10.942,0.022,0,10.506,0.009,2,10.311,0.015,0,10.177,0.008,2,9.963,0.013,0,9.977,0.008,2,9.758,0.013,0,9.849,0.008,2,9.629,0.013,2,9.760,0.007,2,9.542,0.013,2,9.698,0.008,2,9.482,0.013,2,9.652,0.008,3,9.440,0.014,3,531006101351062642,0.295412,118.1,1,10.355,0.023,10.100,0.020,5.877,0.014,3.916,0.023,1320415920,0.255760,-166.2,2,0.56,13.494,0.1180,12.693,0.1330,12.068,0.0910,0.6051527894285690,0.7902271740930650,-0.0965976954782657,102103023,9428215234721
52.5552248,-5.5432850,0.0360,0.0300,-0.0090,190.4382659,-46.5223377,48.6075795,-23.7634076,268.199,481.294,269.585,481.632,846018152000031,08460r152-000031,152,08460r,31,10.348,0.014,75.3,139,10.071,0.020,53.2,29.9,88.5,1,0,0.00000,0.00000,0000,0000,3,AA,0,5,0.5,6.186,00,0000,0001,58706.43186727,0,,0,,22.998,3.926,0.000,62.138,5.910,0.000,1.462e+04,194.1,6748,126.9,7.50,7.50,10.259,0.009,0,0.260,10.067,0.022,2,0.326,11.138,0.011,0,11.046,0.029,2,10.518,0.009,0,10.393,0.022,2,10.178,0.008,0,10.043,0.023,2,9.972,0.007,0,9.832,0.023,2,9.838,0.007,0,9.697,0.023,2,9.747,0.007,0,9.606,0.022,2,9.682,0.007,0,9.543,0.022,2,9.634,0.007,0,9.496,0.022,2,531006101351062642,0.386176,110.6,1,10.355,0.023,10.100,0.020,5.877,0.014,3.916,0.023,1320415920,0.248068,170.7,2,0.61,13.494,0.1180,12.693,0.1330,12.068,0.0910,0.6051531773397070,0.7902268749086040,-0.0965977128499380,102103023,9428215234721
52.5552879,-5.5432488,0.0359,0.0335,-0.0077,190.4382739,-46.5222655,48.6076561,-23.7633893,764.142,246.923,761.512,245.131,847218152000022,08472r152-000022,152,08472r,22,10.462,0.017,63.0,128,10.267,0.018,60.0,62.9,89.2,1,0,0.00000,0.00000,0000,0000,3,AA,0,0,0.0,98.759,00,0000,0000,58706.82432262,0,,0,,22.221,4.016,0.000,61.260,4.888,0.000,1.318e+04,209.1,5632,93.82,7.50,7.50,10.288,0.009,2,0.260,9.990,0.014,2,0.326,11.195,0.012,0,10.984,0.018,2,10.548,0.009,2,10.316,0.014,2,10.196,0.009,2,9.951,0.013,2,9.988,0.011,2,9.739,0.014,2,9.854,0.012,2,9.605,0.015,2,9.761,0.012,2,9.514,0.020,2,9.696,0.012,2,9.451,0.023,2,9.649,0.013,3,9.405,0.024,3,531006101351062642,0.298534,153.0,1,10.355,0.023,10.100,0.020,5.877,0.014,3.916,0.023,1320415920,0.418687,-153.6,2,0.65,13.494,0.1180,12.693,0.1330,12.068,0.0910,0.6051523441669580,0.7902275898200630,-0.0965970839953813,102103023,9428215234726
52.5552514,-5.5432024,0.0424,0.0315,0.0129,190.4381884,-46.5222693,48.6076312,-23.7633349,47.334,850.942,51.468,852.292,844218178000031,08442r178-000031,178,08442r,31,10.350,0.017,63.8,110,10.030,0.028,38.8,22.5,77.4,1,0,0.00000,0.00000,0000,0000,3,AA,0,10,1.0,104.341,00,0000,0000,58705.84318502,0,,0,,21.352,3.665,0.000,62.151,3.932,0.000,1.46e+04,228.7,7003,180.6,7.50,7.50,10.243,0.019,2,0.260,10.406,0.024,2,0.326,11.117,0.029,2,11.405,0.032,2,10.503,0.019,2,10.732,0.024,2,10.163,0.016,2,10.357,0.021,2,9.960,0.016,2,10.125,0.022,18,9.827,0.015,2,9.971,0.024,18,9.734,0.014,3,9.867,0.025,19,9.669,0.013,3,9.796,0.025,19,9.622,0.013,3,9.745,0.025,19,531006101351062642,0.508366,148.4,1,10.355,0.023,10.100,0.020,5.877,0.014,3.916,0.023,1320415920,0.544961,-174.2,2,0.84,13.494,0.1180,12.693,0.1330,12.068,0.0910,0.6051528951393170,0.7902272664181910,-0.0965962779497053,102103023,9428215234734
52.5552261,-5.5433965,0.0333,0.0324,-0.0105,190.4384008,-46.5223995,48.6075486,-23.7635155,861.180,750.566,860.052,748.446,846218177000022,08462r177-000022,177,08462r,22,10.321,0.017,63.5,108,10.166,0.019,57.7,59.9,82.4,1,0,0.00000,0.00000,0000,0000,3,AA,0,10,1.0,9.268,00,0000,0000,58706.49731881,0,,0,,25.389,5.195,0.000,62.080,5.901,0.000,1.499e+04,236.2,6180,107.2,7.50,7.50,10.233,0.010,0,0.260,9.981,0.019,2,0.326,11.090,0.014,0,10.926,0.022,2,10.493,0.010,0,10.307,0.019,2,10.170,0.009,2,9.969,0.018,2,9.974,0.008,2,9.766,0.018,2,9.846,0.008,2,9.637,0.021,2,9.759,0.008,3,9.548,0.022,3,9.698,0.008,3,9.485,0.023,3,9.651,0.008,3,9.440,0.023,3,531006101351062642,0.444917,53.3,1,10.355,0.023,10.100,0.020,5.877,0.014,3.916,0.023,1320415920,0.160567,12.8,2,0.36,13.494,0.1180,12.693,0.1330,12.068,0.0910,0.6051530451157530,0.7902267393902500,-0.0965996497912171,102103023,9428215235409
52.5552371,-5.5433052,0.0362,0.0317,-0.0082,190.4383002,-46.5223390,48.6075865,-23.7634303,591.058,623.207,591.035,622.228,846818152000029,08468r152-000029,152,08468r,29,10.421,0.016,66.6,139,10.114,0.021,51.0,49.2,92.6,1,0,0.00000,0.00000,0000,0000,3,AA,0,5,0.5,56.242,00,0000,0000,58706.69354682,0,,0,,21.480,3.891,0.000,63.111,7.297,0.000,1.368e+04,205.3,6484,127.2,7.50,7.50,10.247,0.013,2,0.260,10.067,0.026,2,0.326,11.105,0.019,2,11.028,0.037,2,10.506,0.013,2,10.393,0.026,2,10.174,0.011,2,10.039,0.024,2,9.972,0.010,2,9.832,0.026,2,9.842,0.009,2,9.706,0.030,2,9.753,0.009,2,9.625,0.032,2,9.690,0.010,3,9.568,0.034,3,9.643,0.011,3,9.528,0.036,3,531006101351062642,0.323659,101.2,1,10.355,0.023,10.100,0.020,5.877,0.014,3.916,0.023,1320415920,0.172125,-178.7,2,0.53,13.494,0.1180,12.693,0.1330,12.068,0.0910,0.6051529869912931,0.7902269777815590,-0.0965980637577126,102103023,9428215235410
52.5552411,-5.5433757,0.0357,0.0302,-0.0093,190.4383881,-46.5223754,48.6075704,-23.7634993,213.143,455.479,214.659,456.156,844618177000030,08446r177-000030,177,08446r,30,10.373,0.015,73.7,126,10.186,0.018,60.8,46.6,82.2,1,0,0.00000,0.00000,0000,0000,3,AA,0,10,1.0,98.630,00,0000,0000,58705.97396087,0,,0,,21.524,3.272,0.000,61.871,4.849,0.000,1.43e+04,193.9,6067,99.79,7.50,7.50,10.258,0.009,2,0.260,10.015,0.015,2,0.326,11.123,0.011,0,10.970,0.020,2,10.518,0.009,2,10.341,0.015,2,10.188,0.008,2,9.991,0.013,2,9.987,0.007,2,9.780,0.012,2,9.856,0.007,2,9.646,0.012,2,9.765,0.007,2,9.553,0.012,2,9.700,0.007,3,9.488,0.013,3,9.653,0.007,3,9.442,0.015,3,531006101351062642,0.358184,57.8,1,10.355,0.023,10.100,0.020,5.877,0.014,3.916,0.023,1320415920,0.083738,-12.6,2,0.34,13.494,0.1180,12.693,0.1330,12.068,0.0910,0.6051528595562859,0.7902269256610890,-0.0965992884604950,102103023,9428215235411
52.5551900,-5.5433080,0.0378,0.0344,-0.0105,190.4382651,-46.5223793,48.6075363,-23.7634206,932.015,763.330,930.527,760.897,847618153000024,08476r153-000024,153,08476r,24,10.383,0.019,58.5,106,10.243,0.020,53.7,56.1,76.4,1,0,0.00000,0.00000,0000,0000,3,AA,0,10,1.0,104.552,00,0000,0000,58706.95522579,0,,0,,20.903,3.168,0.000,62.087,4.530,0.000,1.416e+04,242.3,5757,107.2,7.50,7.50,10.237,0.009,2,0.260,9.980,0.016,2,0.326,11.086,0.012,2,10.921,0.021,2,10.497,0.009,2,10.306,0.016,2,10.178,0.008,2,9.971,0.017,2,9.984,0.008,2,9.775,0.019,2,9.856,0.008,2,9.648,0.020,2,9.766,0.008,3,9.558,0.022,3,9.701,0.008,3,9.495,0.024,3,9.655,0.008,3,9.450,0.027,3,531006101351062642,0.489107,96.2,1,10.355,0.023,10.100,0.020,5.877,0.014,3.916,0.023,1320415920,0.231109,134.5,2,0.63,13.494,0.1180,12.693,0.1330,12.068,0.0910,0.6051536337270820,0.7902264765673040,-0.0965981123983932,102103023,9428215235411
52.5553006,-5.5433033,0.0376,0.0372,-0.0083,190.4383497,-46.5222857,48.6076537,-23.7634452,719.975,224.674,717.517,223.048,845818177000023,08458r177-000023,177,08458r,23,10.408,0.019,55.8,97,10.328,0.018,58.8,68.4,79.7,1,0,0.00000,0.00000,0000,0000,3,AA,0,0,0.0,10.546,00,0000,0000,58706.36641569,0,,0,,23.455,4.810,0.000,62.493,5.063,0.000,1.385e+04,248.3,5322,90.54,7.50,7.50,10.254,0.025,2,0.260,10.032,0.028,2,0.326,11.143,0.041,0,11.001,0.043,0,10.513,0.025,2,10.358,0.028,2,10.169,0.019,2,10.009,0.022,2,9.963,0.016,2,9.801,0.020,2,9.831,0.015,2,9.671,0.019,2,9.743,0.015,2,9.584,0.019,2,9.681,0.015,3,9.523,0.020,3,9.635,0.015,3,9.482,0.023,3,531006101351062642,0.113870,127.8,1,10.355,0.023,10.100,0.020,5.877,0.014,3.916,0.023,1320415920,0.292561,-127.7,2,0.44,13.494,0.1180,12.693,0.1330,12.068,0.0910,0.6051521131425450,0.7902276510057320,-0.0965980307515363,102103023,9428215235417
52.5552118,-5.5432597,0.0347,0.0335,-0.0105,190.4382249,-46.5223342,48.6075731,-23.7633798,208.531,79.682,208.476,80.453,219918101000033,02199r101-000033,101,02199r,33,10.400,0.019,57.3,110,10.171,0.017,64.2,60.5,80.7,1,0,0.00000,0.00000,0000,0000,3,AA,0,10,1.0,46.369,00,0000,0000,58501.62967506,0,,0,,17.962,3.374,0.000,64.147,4.455,0.000,1.394e+04,243.4,6153,95.86,7.50,7.50,10.254,0.009,0,0.260,9.995,0.013,0,0.326,11.127,0.011,0,10.967,0.017,0,10.514,0.009,0,10.321,0.013,0,10.178,0.008,0,9.965,0.011,0,9.972,0.008,0,9.754,0.011,2,9.837,0.007,2,9.624,0.011,2,9.746,0.007,2,9.538,0.011,2,9.680,0.007,2,9.478,0.011,2,9.631,0.007,2,9.436,0.012,2,531006101351062642,0.466907,119.1,1,10.355,0.023,10.100,0.020,5.877,0.014,3.916,0.023,1320415920,0.346893,165.5,2,0.72,13.494,0.1180,12.693,0.1330,12.068,0.0910,0.6051533825702080,0.7902267714686920,-0.0965972733466193,102103023,9428215234721
52.5553127,-5.5432874,0.0324,0.0332,-0.0146,190.4383404,-46.5222668,48.6076710,-23.7634330,990.579,542.313,987.840,539.508,219318078000035,02193r078-000035,78,02193r,35,10.397,0.017,65.6,129,10.202,0.021,52.6,56.2,90.6,1,0,0.00000,0.00000,0000,0000,3,AA,0,5,0.5,108.443,00,0000,0101,58501.43344705,0,,0,,32.766,5.487,0.000,146.024,6.311,0.000,1.398e+04,213.1,5979,113.6,7.50,7.50,10.240,0.009,2,0.260,10.054,0.022,2,0.326,11.128,0.012,2,11.016,0.027,2,10.500,0.009,2,10.380,0.022,2,10.157,0.008,2,10.034,0.020,2,9.952,0.007,2,9.829,0.018,2,9.819,0.007,2,9.697,0.018,2,9.727,0.007,2,9.610,0.018,2,9.663,0.007,2,9.552,0.018,2,9.616,0.007,3,9.515,0.019,3,531006101351062642,0.135348,159.9,1,10.355,0.023,10.100,0.020,5.877,0.014,3.916,0.023,1320415920,0.362357,-130.7,2,0.50,13.494,0.1180,12.693,0.1330,12.068,0.0910,0.6051519625567330,0.7902278000875360,-0.0965977545419515,102103023,9428215234726
52.5551292,-5.5433702,0.0375,0.0333,-0.0081,190.4382903,-46.5224644,48.6074546,-23.7634646,205.927,994.755,209.802,995.383,219918102000024,02199r102-000024,102,02199r,24,10.455,0.023,47.9,110,10.175,0.017,63.1,53.3,74.5,1,0,0.00000,0.00000,0000,0000,3,AA,0,5,0.5,46.654,00,0000,0000,58501.62980237,0,,0,,25.771,5.322,0.000,92.265,5.139,0.000,1.325e+04,276.5,6131,97.16,7.50,7.50,10.273,0.022,2,0.260,10.021,0.013,0,0.326,11.142,0.036,2,10.973,0.017,0,10.532,0.022,2,10.347,0.013,0,10.192,0.017,2,10.004,0.011,0,9.984,0.015,2,9.800,0.011,0,9.851,0.014,3,9.671,0.011,3,9.760,0.013,3,9.584,0.012,3,9.695,0.013,3,9.525,0.013,3,9.649,0.013,3,9.482,0.014,3,531006101351062642,0.724559,76.3,1,10.355,0.023,10.100,0.020,5.877,0.014,3.916,0.023,1320415920,0.387659,80.8,2,0.71,13.494,0.1180,12.693,0.1330,12.068,0.0910,0.6051544085247140,0.7902257511439500,-0.0965991929163116,102103023,9428215235520
52.5554604,-5.5430474,0.0454,0.0485,-0.0117,190.4381726,-46.5220101,48.6078952,-23.7632404,728.201,79.211,725.063,77.565,218718101000049,02187r101-000049,101,02187r,49,10.988,0.021,50.6,122,10.783,0.028,38.7,38.9,76.1,1,0,0.00000,0.00000,0000,0000,3,AA,0,0,0.0,68.804,00,0000,0000,58501.23709174,0,,0,,31.921,4.479,0.000,166.759,7.388,0.000,8109,160.4,3502,90.55,7.50,7.50,10.675,0.010,2,0.260,10.523,0.042,2,0.326,11.656,0.014,2,11.582,0.046,2,10.934,0.010,2,10.849,0.042,2,10.488,0.009,2,10.393,0.039,2,10.188,0.009,2,10.085,0.033,2,9.983,0.009,3,9.878,0.029,3,9.844,0.009,3,9.739,0.027,3,9.749,0.010,3,9.647,0.028,3,9.684,0.010,3,9.588,0.041,3,531006101351062642,1.102358,-154.0,1,10.355,0.023,10.100,0.020,5.877,0.014,3.916,0.023,1320415920,1.362669,-143.8,1,1.45,13.494,0.1180,12.693,0.1330,12.068,0.0910,0.6051501714705571,0.7902296813207950,-0.0965935853397679,102103023,9428215234746
52.5552458,-5.5433890,0.0329,0.0334,-0.0041,190.4384079,-46.5223791,48.6075715,-23.7635134,631.812,220.754,629.855,219.630,220118077000030,02201r077-000030,77,02201r,30,10.369,0.017,65.5,130,10.231,0.019,58.7,74.6,99.2,1,0,0.00000,0.00000,0000,0000,3,AA,0,0,0.0,28.594,00,0000,0000,58501.69512683,0,,0,,17.046,3.625,0.000,52.832,5.917,0.000,1.434e+04,219.1,5823,99.24,7.50,7.50,10.257,0.016,0,0.260,10.074,0.014,2,0.326,11.148,0.020,0,11.039,0.018,2,10.516,0.016,0,10.400,0.014,2,10.169,0.013,2,10.042,0.012,2,9.963,0.011,2,9.830,0.013,2,9.831,0.011,2,9.701,0.014,2,9.743,0.010,2,9.616,0.017,2,9.680,0.010,3,9.556,0.020,3,9.634,0.010,3,9.513,0.022,3,531006101351062642,0.372737,50.2,1,10.355,0.023,10.100,0.020,5.877,0.014,3.916,0.023,1320415920,0.134273,-15.2,2,0.30,13.494,0.1180,12.693,0.1330,12.068,0.0910,0.6051527811001900,0.7902269574991480,-0.0965995195036986,102103023,9428215235409
52.5552402,-5.5434312,0.0343,0.0308,-0.0017,190.4384540,-46.5224075,48.6075534,-23.7635526,275.027,830.279,277.847,830.576,220918078000061,02209r078-000061,78,02209r,61,10.440,0.017,65.3,137,10.282,0.018,59.1,54.9,94.2,1,0,0.00000,0.00000,0000,0000,3,AA,0,0,0.0,1.904,00,0000,0000,58501.95693403,0,,0,,18.636,3.693,0.000,53.688,4.896,0.000,1.344e+04,205.9,5552,93.87,7.50,7.50,10.297,0.009,0,0.260,10.073,0.013,2,0.326,11.194,0.012,0,11.043,0.018,2,10.556,0.009,0,10.399,0.013,2,10.203,0.008,0,10.035,0.012,2,9.989,0.008,0,9.814,0.012,2,9.852,0.008,0,9.677,0.012,2,9.758,0.008,3,9.585,0.013,3,9.691,0.008,3,9.522,0.013,3,9.641,0.008,3,9.478,0.014,3,531006101351062642,0.496412,38.1,1,10.355,0.023,10.100,0.020,5.877,0.014,3.916,0.023,1320415920,0.281922,-3.1,2,0.29,13.494,0.1180,12.693,0.1330,12.068,0.0910,0.6051528150776460,0.7902268418647350,-0.0966002525881145,102103023,9428215235409
52.5552541,-5.5433138,0.0324,0.0320,-0.0116,190.4383244,-46.5223299,48.6076019,-23.7634431,901.593,674.917,900.008,672.495,218318102000032,02183r102-000032,102,02183r,32,10.300,0.017,62.3,131,10.211,0.020,54.4,47.3,82.7,1,0,0.00000,0.00000,0000,0000,3,AA,0,5,0.5,27.851,00,0101,0000,58501.10631550,0,,0,,25.880,4.032,0.000,141.823,6.764,0.000,1.53e+04,245.3,5928,109.1,7.50,7.50,10.312,0.009,2,0.260,10.005,0.025,2,0.326,11.209,0.013,2,10.960,0.032,2,10.572,0.009,2,10.331,0.025,2,10.223,0.008,2,9.997,0.021,2,10.013,0.008,2,9.802,0.020,2,9.878,0.008,2,9.674,0.021,2,9.784,0.008,2,9.585,0.022,2,9.717,0.008,3,9.520,0.024,3,9.668,0.008,3,9.473,0.025,3,531006101351062642,0.258548,97.1,1,10.355,0.023,10.100,0.020,5.877,0.014,3.916,0.023,1320415920,0.155310,-155.3,2,0.46,13.494,0.1180,12.693,0.1330,12.068,0.0910,0.6051527437107350,0.7902271458225210,-0.0965982131540882,102103023,9428215235410
52.5552514,-5.5433457,0.0337,0.0326,-0.0089,190.4383605,-46.5223501,48.6075899,-23.7634731,463.558,529.471,463.925,529.036,220518078000029,02205r078-000029,78,02205r,29,10.410,0.016,67.2,129,10.190,0.019,57.3,43.3,83.8,1,0,0.00000,0.00000,0000,0000,3,AA,0,10,1.0,11.743,00,0000,0000,58501.82603047,0,,0,,17.215,3.363,0.000,51.801,4.804,0.000,1.382e+04,205.5,6046,105.5,7.50,7.50,10.277,0.009,2,0.260,10.056,0.024,2,0.326,11.152,0.012,2,11.029,0.035,2,10.537,0.009,2,10.382,0.024,2,10.194,0.008,2,10.028,0.020,2,9.989,0.008,2,9.822,0.017,2,9.855,0.007,2,9.692,0.017,2,9.761,0.007,3,9.606,0.017,3,9.695,0.007,3,9.547,0.018,3,9.647,0.007,3,9.504,0.019,3,531006101351062642,0.278808,72.7,1,10.355,0.023,10.100,0.020,5.877,0.014,3.916,0.023,1320415920,0.061119,-115.5,2,0.38,13.494,0.1180,12.693,0.1330,12.068,0.0910,0.6051527482499560,0.7902270746055450,-0.0965987673103927,102103023,9428215235410
52.5552408,-5.5433290,0.0352,0.0319,-0.0090,190.4383318,-46.5223494,48.6075836,-23.7634542,90.321,216.537,91.548,217.823,221318077000029,02213r077-000029,77,02213r,29,10.397,0.017,63.0,120,10.178,0.016,66.3,55.9,82.1,1,0,0.00000,0.00000,0000,0000,3,AA,0,10,1.0,23.312,00,0000,0000,58502.08771035,0,,0,,18.584,4.030,0.000,53.580,4.639,0.000,1.398e+04,221.9,6111,92.19,7.50,7.50,10.273,0.011,2,0.260,10.042,0.012,2,0.326,11.138,0.014,2,11.006,0.015,0,10.533,0.011,2,10.368,0.012,2,10.198,0.010,2,10.022,0.010,2,9.996,0.009,2,9.817,0.010,2,9.862,0.008,2,9.687,0.010,2,9.769,0.008,2,9.599,0.011,2,9.702,0.008,3,9.537,0.012,3,9.653,0.008,3,9.490,0.013,3,531006101351062642,0.305055,85.7,1,10.355,0.023,10.100,0.020,5.877,0.014,3.916,0.023,1320415920,0.088095,-168.7,2,0.45,13.494,0.1180,12.693,0.1330,12.068,0.0910,0.6051529115643260,0.7902269850031610,-0.0965984772034909,102103023,9428215235410
52.5551887,-5.5433338,0.0394,0.0358,0.0098,190.4382951,-46.5223949,48.6075275,-23.7634452,816.678,844.290,816.471,842.163,219718078000029,02197r078-000029,78,02197r,29,10.405,0.020,55.5,113,10.264,0.023,47.3,47.5,75.6,1,0,0.00000,0.00000,0000,0000,3,AA,0,5,0.5,66.996,00,0000,0000,58501.56435060,0,,0,,23.164,4.474,0.000,95.376,6.307,0.000,1.388e+04,250.2,5648,119.3,7.50,7.50,10.295,0.009,0,0.260,10.031,0.038,2,0.326,11.186,0.012,0,10.990,0.049,0,10.554,0.009,0,10.357,0.038,2,10.205,0.008,0,10.019,0.036,2,9.996,0.008,2,9.821,0.033,2,9.862,0.007,3,9.696,0.030,3,9.771,0.007,3,9.611,0.030,3,9.707,0.008,3,9.551,0.029,3,9.659,0.008,3,9.506,0.029,3,531006101351062642,0.492517,85.3,1,10.355,0.023,10.100,0.020,5.877,0.014,3.916,0.023,1320415920,0.183036,112.2,2,0.58,13.494,0.1180,12.693,0.1330,12.068,0.0910,0.6051536252102560,0.7902264283022340,-0.0965985605875115,102103023,9428215235411
52.5553335,-5.5433181,0.0332,0.0292,-0.0091,190.4383942,-46.5222670,48.6076839,-23.7634681,25.817,384.116,28.179,385.648,220318101000022,02203r101-000022,101,02203r,22,10.345,0.015,72.4,114,10.192,0.016,67.5,54.8,79.9,1,0,0.00000,0.00000,0000,0000,3,AA,0,10,1.0,19.247,00,0000,0000,58501.76057866,0,,0,,18.719,3.873,0.000,52.123,4.347,0.000,1.466e+04,202.6,6035,89.34,7.50,7.50,10.258,0.009,0,0.260,10.014,0.013,2,0.326,11.135,0.012,0,10.975,0.016,2,10.517,0.009,0,10.340,0.013,2,10.177,0.008,0,9.992,0.014,2,9.970,0.008,0,9.786,0.013,2,9.833,0.009,2,9.655,0.013,2,9.740,0.009,2,9.567,0.014,2,9.674,0.009,3,9.505,0.015,3,9.624,0.009,3,9.460,0.015,3,531006101351062642,0.032486,-120.6,1,10.355,0.023,10.100,0.020,5.877,0.014,3.916,0.023,1320415920,0.371264,-109.8,2,0.39,13.494,0.1180,12.693,0.1330,12.068,0.0910,0.6051516442124190,0.7902279786814780,-0.0965982878522752,102103023,9428215235417
52.5553766,-5.5433263,0.0351,0.0329,0.0066,190.4384392,-46.5222362,48.6077268,-23.7634873,379.388,675.294,380.858,675.213,219519018000022,02195s018-000022,18,02195s,22,10.444,0.016,67.4,110,10.234,0.018,59.5,36.1,69,1,0,0.00000,0.00000,0000,0000,3,AA,0,10,1.0,87.896,00,0000,0000,58501.49889883,0,,0,,28.640,4.039,0.000,141.026,7.397,0.000,1.339e+04,198.9,5805,97.62,7.50,7.50,10.252,0.010,2,0.260,10.057,0.021,0,0.326,11.124,0.013,2,11.017,0.030,0,10.512,0.010,2,10.383,0.021,0,10.179,0.008,2,10.031,0.018,0,9.974,0.008,2,9.818,0.018,0,9.839,0.008,2,9.684,0.019,2,9.746,0.008,3,9.595,0.021,3,9.679,0.008,3,9.533,0.022,3,9.631,0.008,3,9.489,0.025,3,531006101351062642,0.182843,-85.9,1,10.355,0.023,10.100,0.020,5.877,0.014,3.916,0.023,1320415920,0.512880,-100.8,1,0.41,13.494,0.1180,12.693,0.1330,12.068,0.0910,0.6051510413681560,0.7902284229225220,-0.0965984302999791,102103023,9428215235419
52.5552642,-5.5433676,0.0395,0.0401,-0.0095,190.4383972,-46.5223519,48.6075970,-23.7634976,723.299,997.621,723.713,996.449,218718102000021,02187r102-000021,102,02187r,21,10.500,0.019,55.7,126,10.583,0.027,40.6,56.6,89.5,1,0,0.00000,0.00000,0000,0000,3,AA,0,0,0.0,69.233,00,0000,0000,58501.23721905,0,,0,,31.124,4.473,0.000,164.656,6.560,0.000,1.272e+04,228.3,4211,103.8,7.50,7.50,10.389,0.010,0,0.260,10.175,0.034,2,0.326,11.321,0.014,0,11.181,0.044,2,10.649,0.010,0,10.501,0.034,2,10.265,0.009,0,10.115,0.029,2,10.036,0.008,2,9.885,0.025,2,9.892,0.008,2,9.741,0.025,2,9.795,0.008,2,9.647,0.024,2,9.727,0.008,2,9.582,0.026,2,9.678,0.008,2,9.539,0.029,4,531006101351062642,0.273291,53.7,1,10.355,0.023,10.100,0.020,5.877,0.014,3.916,0.023,1320415920,0.113898,-62.5,2,0.29,13.494,0.1180,12.693,0.1330,12.068,0.0910,0.6051525492626429,0.7902271804835010,-0.0965991477499700,102103023,9428215235421
52.5552721,-5.5433203,0.0352,0.0320,-0.0043,190.4383468,-46.5223187,48.6076189,-23.7634541,549.214,385.204,548.453,384.411,219118101000029,02191r101-000029,101,02191r,29,10.429,0.016,67.0,133,10.292,0.018,59.4,52.2,86.3,1,0,0.00000,0.00000,0000,0000,3,AA,0,5,0.5,109.814,00,0001,0000,58501.36799523,0,,0,,32.322,4.920,0.000,160.440,9.045,0.000,1.358e+04,202.7,5505,92.64,7.50,7.50,10.296,0.009,2,0.260,10.067,0.017,0,0.326,11.178,0.012,2,11.038,0.020,0,10.556,0.009,2,10.393,0.017,0,10.209,0.008,2,10.033,0.016,0,9.999,0.008,2,9.819,0.017,2,9.864,0.007,2,9.684,0.017,2,9.772,0.007,2,9.594,0.018,2,9.706,0.007,3,9.532,0.020,3,9.657,0.008,3,9.488,0.022,3,531006101351062642,0.192252,92.6,1,10.355,0.023,10.100,0.020,5.877,0.014,3.916,0.023,1320415920,0.174900,-132.3,2,0.42,13.494,0.1180,12.693,0.1330,12.068,0.0910,0.6051524887906660,0.7902273272362500,-0.0965983260699521,102103023,9428215235421
52.5552255,-5.5432930,0.0347,0.0346,0.0020,190.4382761,-46.5223417,48.6075779,-23.7634155,547.514,179.854,545.908,179.069,5810918074000031,58109r074-000031,74,58109r,31,10.462,0.019,58.2,108,10.279,0.018,60.8,50,75.7,1,0,0.00000,0.00000,0000,0000,3,AA,0,10,1.0,65.915,00,0000,0000,60325.56798177,0,,0,,20.120,4.378,0.000,49.135,5.137,0.000,1.317e+04,226.2,5571,91.69,7.50,7.50,10.268,0.011,2,0.260,10.061,0.013,2,0.326,11.140,0.017,0,11.032,0.017,0,10.528,0.011,2,10.387,0.013,2,10.206,0.009,2,10.031,0.011,2,10.012,0.009,2,9.818,0.010,2,9.882,0.009,2,9.683,0.011,2,9.791,0.009,2,9.591,0.012,2,9.727,0.009,2,9.524,0.012,2,9.682,0.011,3,9.473,0.013,3,531006101351062642,0.374615,106.6,1,10.355,0.023,10.100,0.020,5.877,0.014,3.916,0.023,1320415920,0.219252,170.1,2,0.59,13.494,0.1180,12.693,0.1330,12.068,0.0910,0.6051531594848540,0.7902268715936070,-0.0965978518233155,102103023,9428215234721
52.5553050,-5.5433315,0.0340,0.0295,-0.0072,190.4383871,-46.5222980,48.6076502,-23.7634735,14.802,706.544,18.540,708.064,5812118075000026,58121r075-000026,75,58121r,26,10.374,0.016,69.4,125,10.249,0.018,61.8,54.8,87.3,1,0,0.00000,0.00000,0000,0000,3,AA,0,10,1.0,3.691,00,0000,0000,60325.95508959,0,,0,,18.270,2.937,0.000,46.906,3.926,0.000,1.429e+04,205.8,5724,92.67,7.50,7.50,10.292,0.009,0,0.260,10.073,0.023,0,0.326,11.174,0.012,0,11.037,0.019,0,10.552,0.009,0,10.399,0.023,0,10.209,0.008,2,10.047,0.030,0,10.003,0.008,2,9.837,0.031,0,9.869,0.008,2,9.704,0.029,2,9.777,0.008,2,9.615,0.027,2,9.711,0.008,2,9.552,0.026,2,9.663,0.008,2,9.506,0.026,2,531006101351062642,0.080654,66.9,1,10.355,0.023,10.100,0.020,5.877,0.014,3.916,0.023,1320415920,0.259071,-107.4,2,0.34,13.494,0.1180,12.693,0.1330,12.068,0.0910,0.6051520235508761,0.7902276597309530,-0.0965985206326684,102103023,9428215235417
52.5552487,-5.5432863,0.0310,0.0310,-0.0062,190.4382869,-46.5223188,48.6076042,-23.7634151,374.904,957.480,377.622,957.428,5811318075000032,58113r075-000032,75,58113r,32,10.287,0.019,58.2,114,10.280,0.018,60.7,50.8,78.5,1,0,0.00000,0.00000,0000,0000,3,AA,0,10,1.0,29.136,00,0000,0000,60325.69710252,0,,0,,20.234,3.595,0.000,48.588,4.661,0.000,1.547e+04,265.6,5565,91.7,7.50,7.50,10.307,0.009,2,0.260,10.041,0.022,2,0.326,11.195,0.012,2,11.005,0.028,0,10.567,0.009,2,10.367,0.022,2,10.223,0.008,2,10.020,0.020,4,10.013,0.008,2,9.814,0.019,4,9.877,0.008,2,9.684,0.018,4,9.783,0.008,2,9.596,0.018,4,9.715,0.008,3,9.534,0.018,5,9.665,0.008,3,9.487,0.018,5,531006101351062642,0.305441,115.4,1,10.355,0.023,10.100,0.020,5.877,0.014,3.916,0.023,1320415920,0.244394,-169.3,2,0.56,13.494,0.1180,12.693,0.1330,12.068,0.0910,0.6051528463768360,0.7902271255982090,-0.0965977354331120,102103023,9428215234721
52.5553933,-5.5432594,0.0352,0.0354,0.0045,190.4383725,-46.5221848,48.6077636,-23.7634272,630.199,229.534,628.297,228.397,5809518098000031,58095r098-000031,98,58095r,31,10.458,0.018,61.4,134,10.252,0.019,55.9,57.3,92.6,1,0,0.00000,0.00000,0000,0000,3,AA,0,10,1.0,31.344,00,0000,0001,60325.11644089,0,,0,,20.341,4.279,0.000,50.191,5.063,0.000,1.322e+04,215.5,5709,102.2,7.50,7.50,10.282,0.011,2,0.260,10.100,0.039,2,0.326,11.156,0.015,2,11.078,0.038,2,10.542,0.011,2,10.426,0.039,2,10.202,0.010,2,10.068,0.063,2,9.995,0.010,2,9.854,0.067,2,9.859,0.010,2,9.714,0.062,2,9.766,0.010,2,9.618,0.058,2,9.699,0.010,3,9.554,0.056,3,9.650,0.010,3,9.513,0.054,3,531006101351062642,0.332567,-133.3,1,10.355,0.023,10.100,0.020,5.877,0.014,3.916,0.023,1320415920,0.656676,-120.9,1,0.65,13.494,0.1180,12.693,0.1330,12.068,0.0910,0.6051508796159760,0.7902286888545890,-0.0965972681351174,102103023,9428215234724
52.5552969,-5.5432897,0.0340,0.0377,0.0119,190.4383303,-46.5222811,48.6076537,-23.7634311,460.030,84.913,458.601,84.460,5809918098000035,58099r098-000035,98,58099r,35,10.479,0.020,55.6,135,10.280,0.018,59.2,69.4,97.7,1,0,0.00000,0.00000,0000,0000,3,AA,0,10,1.0,72.185,00,0000,0000,60325.24543438,0,,0,,22.789,5.377,0.000,48.128,4.212,0.000,1.297e+04,233.4,5566,93.95,7.50,7.50,10.266,0.019,2,0.260,10.098,0.019,2,0.326,11.129,0.027,2,11.064,0.019,2,10.525,0.019,2,10.424,0.019,2,10.194,0.015,2,10.072,0.025,2,9.993,0.014,2,9.864,0.028,2,9.862,0.013,2,9.731,0.026,2,9.769,0.012,2,9.640,0.025,2,9.702,0.012,2,9.576,0.024,2,9.654,0.012,2,9.528,0.024,2,531006101351062642,0.157362,139.0,1,10.355,0.023,10.100,0.020,5.877,0.014,3.916,0.023,1320415920,0.315511,-136.2,2,0.49,13.494,0.1180,12.693,0.1330,12.068,0.0910,0.6051521781139120,0.7902276301309280,-0.0965977944967975,102103023,9428215234726
52.5553133,-5.5432668,0.0338,0.0308,0.0050,190.4383162,-46.5222547,48.6076776,-23.7634133,282.598,865.476,285.425,865.802,5810318099000025,58103r099-000025,99,58103r,25,10.456,0.017,64.1,122,10.239,0.017,62.6,58.9,85.2,1,0,0.00000,0.00000,0000,0000,3,AA,0,10,1.0,112.677,00,0000,0000,60325.37455523,0,,0,,21.465,4.216,0.000,47.965,4.705,0.000,1.325e+04,206.8,5777,92.22,7.50,7.50,10.272,0.009,2,0.260,10.034,0.014,2,0.326,11.144,0.012,2,11.002,0.017,0,10.532,0.009,2,10.360,0.014,2,10.198,0.008,2,10.013,0.016,2,9.997,0.008,2,9.810,0.017,2,9.863,0.007,2,9.682,0.018,2,9.769,0.007,2,9.597,0.018,2,9.702,0.007,3,9.538,0.019,3,9.653,0.008,3,9.498,0.020,3,531006101351062642,0.206087,167.5,1,10.355,0.023,10.100,0.020,5.877,0.014,3.916,0.023,1320415920,0.415952,-138.2,2,0.57,13.494,0.1180,12.693,0.1330,12.068,0.0910,0.6051519753974550,0.7902278339986150,-0.0965973966854972,102103023,9428215234726
52.5552522,-5.5432886,0.0309,0.0304,-0.0116,190.4382926,-46.5223172,48.6076072,-23.7634183,973.930,565.382,971.326,562.703,209518101000035,02095r101-000035,101,02095r,35,10.394,0.016,69.2,143,10.247,0.017,62.5,73.4,105,1,0,0.00000,0.00000,0000,0000,3,AA,0,10,1.0,66.934,01,0000,0000,58498.22783350,0,,0,,24.596,3.451,0.000,114.004,6.154,0.000,1.402e+04,202.5,5738,91.88,7.50,7.50,10.261,0.009,1,0.260,10.016,0.017,3,0.326,11.131,0.011,0,10.962,0.019,0,10.521,0.009,1,10.342,0.017,3,10.186,0.008,1,10.012,0.018,3,9.982,0.007,1,9.818,0.019,3,9.849,0.007,1,9.693,0.020,3,9.757,0.007,1,9.605,0.020,3,9.691,0.007,3,9.540,0.020,3,9.641,0.007,3,9.492,0.020,3,531006101351062642,0.290568,115.0,1,10.355,0.023,10.100,0.020,5.877,0.014,3.916,0.023,1320415920,0.238996,-165.9,2,0.55,13.494,0.1180,12.693,0.1330,12.068,0.0910,0.6051527957469910,0.7902271594862440,-0.0965977753879581,102103023,9428215234721
52.5552991,-5.5432924,0.0356,0.0327,0.0070,190.4383353,-46.5222808,48.6076553,-23.7634343,281.559,860.834,284.367,861.192,211118101000026,02111r101-000026,101,02111r,26,10.359,0.017,65.4,123,10.233,0.021,52.7,38.2,78.9,1,0,0.00000,0.00000,0000,0000,3,AA,0,10,1.0,22.570,01,0000,0000,58498.75132031,0,,0,,30.649,4.047,0.000,181.986,6.593,0.000,1.448e+04,221.5,5809,110.2,7.50,7.50,10.264,0.009,0,0.260,10.001,0.022,2,0.326,11.136,0.012,0,10.962,0.032,0,10.524,0.009,0,10.327,0.022,2,10.189,0.008,0,9.982,0.020,2,9.988,0.008,0,9.777,0.019,2,9.857,0.008,2,9.645,0.018,2,9.769,0.008,3,9.557,0.018,3,9.706,0.008,3,9.499,0.019,3,9.660,0.008,3,9.460,0.020,3,531006101351062642,0.144855,138.9,1,10.355,0.023,10.100,0.020,5.877,0.014,3.916,0.023,1320415920,0.314188,-134.0,2,0.48,13.494,0.1180,12.693,0.1330,12.068,0.0910,0.6051521450037139,0.7902276497530339,-0.0965978414003123,102103023,9428215234726
52.5552948,-5.5433520,0.0321,0.0328,-0.0111,190.4384034,-46.5223179,48.6076336,-23.7634906,894.566,673.768,892.969,671.423,210918077000032,02109r077-000032,77,02109r,32,10.364,0.017,65.5,123,10.128,0.022,48.5,37.6,80.6,1,0,0.00000,0.00000,0000,0000,3,AA,0,10,1.0,32.265,01,0000,0000,58498.68586851,0,,0,,29.375,3.709,0.000,165.963,8.978,0.000,1.442e+04,220,6401,131.9,7.50,7.50,10.265,0.009,0,0.260,10.123,0.030,2,0.326,11.142,0.012,0,11.109,0.041,2,10.525,0.009,0,10.449,0.030,2,10.188,0.009,2,10.087,0.025,2,9.986,0.008,2,9.879,0.024,2,9.855,0.008,2,9.751,0.025,2,9.766,0.008,2,9.663,0.024,2,9.702,0.008,3,9.598,0.024,3,9.656,0.008,3,9.549,0.026,3,531006101351062642,0.152921,46.4,1,10.355,0.023,10.100,0.020,5.877,0.014,3.916,0.023,1320415920,0.210721,-91.0,2,0.28,13.494,0.1180,12.693,0.1330,12.068,0.0910,0.6051521432163099,0.7902275245592080,-0.0965988767519164,102103023,9428215235421
52.5553409,-5.5432638,0.0398,0.0379,0.0050,190.4383351,-46.5222303,48.6077074,-23.7634177,726.771,60.401,723.631,58.788,211318076000031,02113r076-000031,76,02113r,31,10.228,0.020,53.7,93.9,10.194,0.021,51.3,33.2,61.2,1,0,0.00000,0.00000,0000,0000,3,AA,0,10,1.0,14.661,01,0000,0000,58498.81664476,0,,0,,31.656,5.038,0.000,184.703,7.425,0.000,1.634e+04,304.1,6022,117.3,7.50,7.50,10.260,0.011,2,0.260,10.029,0.021,2,0.326,11.135,0.014,2,10.977,0.027,2,10.520,0.011,2,10.355,0.021,2,10.185,0.009,2,10.014,0.018,2,9.982,0.010,3,9.806,0.018,3,9.848,0.010,3,9.673,0.018,3,9.757,0.010,3,9.583,0.018,3,9.693,0.010,3,9.521,0.019,3,9.648,0.010,3,9.476,0.020,3,531006101351062642,0.218923,-165.6,1,10.355,0.023,10.100,0.020,5.877,0.014,3.916,0.023,1320415920,0.494368,-130.5,2,0.58,13.494,0.1180,12.693,0.1330,12.068,0.0910,0.6051515978111770,0.7902281295224260,-0.0965973445704786,102103023,9428215234727
52.5552432,-5.5433880,0.0371,0.0333,0.0052,190.4384046,-46.5223806,48.6075690,-23.7635118,805.669,881.168,805.541,879.286,209918101000029,02099r101-000029,101,02099r,29,10.346,0.019,57.2,97,10.244,0.020,54.5,42.6,66.5,1,0,0.00000,0.00000,0000,0000,3,AA,0,10,1.0,108.591,01,0000,0000,58498.35873700,0,,0,,25.688,3.921,0.000,126.234,6.530,0.000,1.465e+04,256.3,5754,105.7,7.50,7.50,10.268,0.087,0,0.260,10.026,0.039,2,0.326,11.134,0.042,0,10.976,0.039,0,10.528,0.087,0,10.352,0.039,2,10.195,0.093,0,10.017,0.040,2,9.990,0.082,2,9.822,0.036,2,9.859,0.073,2,9.703,0.034,2,9.768,0.067,3,9.625,0.033,3,9.704,0.063,3,9.571,0.033,3,9.656,0.061,3,9.531,0.033,3,531006101351062642,0.377688,51.5,1,10.355,0.023,10.100,0.020,5.877,0.014,3.916,0.023,1320415920,0.128614,-11.6,2,0.30,13.494,0.1180,12.693,0.1330,12.068,0.0910,0.6051528179846200,0.7902269313767510,-0.0965995021320293,102103023,9428215235409
52.5552636,-5.5433348,0.0380,0.0384,-0.0027,190.4383573,-46.5223339,48.6076058,-23.7634658,624.726,259.327,623.012,258.174,210318100000031,02103r100-000031,100,02103r,31,10.383,0.019,58.6,116,10.288,0.020,53.2,45.5,77.4,1,0,0.00000,0.00000,0000,0000,3,AA,0,10,1.0,91.395,01,0000,0000,58498.48951325,0,,0,,29.284,5.095,0.000,145.782,7.585,0.000,1.416e+04,241.6,5525,103.9,7.50,7.50,10.262,0.014,2,0.260,10.079,0.030,2,0.326,11.127,0.020,2,11.024,0.036,2,10.521,0.014,2,10.405,0.030,2,10.194,0.012,2,10.066,0.026,2,9.997,0.011,2,9.857,0.025,2,9.866,0.010,2,9.720,0.026,2,9.775,0.010,2,9.627,0.027,2,9.709,0.010,2,9.560,0.027,2,9.660,0.010,2,9.514,0.027,2,531006101351062642,0.226738,78.9,1,10.355,0.023,10.100,0.020,5.877,0.014,3.916,0.023,1320415920,0.118630,-123.5,2,0.38,13.494,0.1180,12.693,0.1330,12.068,0.0910,0.6051525911599100,0.7902272180510560,-0.0965985779591823,102103023,9428215235410
52.5552244,-5.5433435,0.0383,0.0422,0.0051,190.4383358,-46.5223710,48.6075622,-23.7634639,723.783,976.596,724.570,975.042,211318077000023,02113r077-000023,77,02113r,23,10.372,0.021,52.8,115,10.345,0.022,49.5,35.5,73.4,1,0,0.00000,0.00000,0000,0000,3,AA,0,10,1.0,15.079,11,0000,0000,58498.81677212,0,,0,,30.689,3.554,0.000,191.032,8.678,0.000,1.43e+04,270.7,5239,105.8,7.50,7.50,10.288,0.010,2,0.260,10.013,0.070,2,0.326,11.150,0.014,2,10.960,0.056,2,10.548,0.010,2,10.339,0.070,2,10.213,0.009,3,10.002,0.079,3,10.010,0.009,3,9.801,0.071,3,9.879,0.008,3,9.668,0.065,3,9.791,0.008,3,9.578,0.060,3,9.729,0.008,3,9.514,0.058,3,9.685,0.009,3,9.465,0.058,3,531006101351062642,0.370618,78.3,1,10.355,0.023,10.100,0.020,5.877,0.014,3.916,0.023,1320415920,0.053826,129.4,2,0.45,13.494,0.1180,12.693,0.1330,12.068,0.0910,0.6051531228907600,0.7902267923787650,-0.0965987290927175,102103023,9428215235410
52.5552872,-5.5432997,0.0377,0.0335,-0.0097,190.4383344,-46.5222947,48.6076407,-23.7634382,454.597,560.223,455.142,559.817,210718101000028,02107r101-000028,101,02107r,28,10.422,0.016,69.5,127,10.308,0.020,54.8,41.9,82.5,1,0,0.00000,0.00000,0000,0000,3,AA,0,5,0.5,50.128,01,0000,0000,58498.62041681,0,,0,,31.425,4.893,0.000,162.188,6.767,0.000,1.367e+04,196.6,5424,98.99,7.50,7.50,10.273,0.009,2,0.260,10.064,0.024,2,0.326,11.141,0.012,2,11.030,0.031,2,10.532,0.009,2,10.390,0.024,2,10.197,0.008,2,10.032,0.023,2,9.993,0.008,3,9.823,0.025,3,9.859,0.007,3,9.696,0.026,3,9.768,0.007,3,9.613,0.026,3,9.703,0.007,3,9.559,0.028,3,9.655,0.007,3,9.522,0.029,3,531006101351062642,0.160893,121.0,1,10.355,0.023,10.100,0.020,5.877,0.014,3.916,0.023,1320415920,0.265471,-136.3,2,0.47,13.494,0.1180,12.693,0.1330,12.068,0.0910,0.6051523016465130,0.7902275142950590,-0.0965979682135177,102103023,9428215235417
52.5553052,-5.5432882,0.0381,0.0332,-0.0106,190.4383353,-46.5222734,48.6076629,-23.7634318,429.315,133.576,428.254,133.308,7887701081000031,78877a081-000031,81,78877a,31,10.279,0.017,62.6,103,10.107,0.020,55.0,46.8,72.4,1,0,0.00000,0.00000,0000,0000,3,AA,0,10,1.0,39.080,00,0000,0000,57777.62864185,0,,0,,17.126,3.945,0.000,43.827,4.857,0.000,1.56e+04,249,6527,118.6,7.50,7.50,10.178,0.015,2,0.260,9.992,0.013,2,0.326,11.024,0.019,2,10.935,0.017,2,10.438,0.015,2,10.318,0.013,2,10.118,0.013,2,9.977,0.011,2,9.923,0.012,2,9.770,0.011,2,9.795,0.012,2,9.633,0.010,2,9.706,0.012,3,9.542,0.011,3,9.642,0.013,3,9.479,0.014,3,9.596,0.013,3,9.435,0.017,3,531006101351062642,0.144296,149.4,1,10.355,0.023,10.100,0.020,5.877,0.014,3.916,0.023,1320415920,0.340443,-133.3,2,0.50,13.494,0.1180,12.693,0.1330,12.068,0.0910,0.6051520651772661,0.7902277198024880,-0.0965977684392893,102103023,9428215234726
52.5553488,-5.5432691,0.0330,0.0305,-0.0110,190.4383479,-46.5222268,48.6077141,-23.7634249,845.638,717.179,844.541,715.067,7885401105000044,78854a105-000044,105,78854a,44,10.311,0.017,63.8,102,10.167,0.019,58.1,53.8,74.4,1,0,0.00000,0.00000,0000,0000,3,AA,0,10,1.0,0.572,00,0000,0000,57776.90828725,0,,0,,20.570,5.043,0.000,43.964,5.165,0.000,1.515e+04,237.4,6176,106.3,7.50,7.50,10.175,0.009,2,0.260,9.954,0.025,2,0.326,11.028,0.012,0,10.876,0.031,2,10.435,0.009,2,10.280,0.025,2,10.114,0.008,2,9.961,0.022,2,9.921,0.007,3,9.766,0.020,3,9.795,0.007,3,9.638,0.019,3,9.709,0.007,3,9.550,0.019,3,9.646,0.007,3,9.490,0.020,3,9.599,0.007,3,9.448,0.020,3,531006101351062642,0.209963,-156.8,1,10.355,0.023,10.100,0.020,5.877,0.014,3.916,0.023,1320415920,0.504570,-126.8,2,0.57,13.494,0.1180,12.693,0.1330,12.068,0.0910,0.6051514834209840,0.7902282058670760,-0.0965974366403447,102103023,9428215234727
52.5552925,-5.5433221,0.0368,0.0309,-0.0135,190.4383656,-46.5223030,48.6076398,-23.7634612,69.829,751.946,73.449,753.221,7888501081000024,78885a081-000024,81,78885a,24,10.235,0.017,64.9,101,10.072,0.017,63.3,51,70.4,1,0,0.00000,0.00000,0000,0000,3,AA,0,10,1.0,0.540,00,0000,0000,57777.89070470,0,,0,,20.169,4.448,0.000,42.679,3.995,0.000,1.625e+04,250.4,6741,106.4,7.50,7.50,10.228,0.010,2,0.260,9.933,0.012,2,0.326,11.085,0.013,2,10.883,0.016,0,10.488,0.010,2,10.259,0.012,2,10.159,0.008,2,9.919,0.011,2,9.961,0.008,2,9.721,0.010,2,9.832,0.008,2,9.599,0.010,2,9.744,0.008,2,9.519,0.010,2,9.681,0.008,2,9.464,0.010,2,9.634,0.008,3,9.423,0.011,3,531006101351062642,0.118981,91.0,1,10.355,0.023,10.100,0.020,5.877,0.014,3.916,0.023,1320415920,0.230998,-118.8,2,0.38,13.494,0.1180,12.693,0.1330,12.068,0.0910,0.6051522055873260,0.7902275402896370,-0.0965983573389603,102103023,9428215235421
52.5552632,-5.5432593,0.0367,0.0343,-0.0064,190.4382663,-46.5222917,48.6076272,-23.7633929,944.262,116.247,939.967,113.679,7886501081000031,78865a081-000031,81,78865a,31,10.205,0.019,58.1,91.5,10.074,0.019,58.0,38.8,64,1,0,0.00000,0.00000,0000,0000,3,AA,0,10,1.0,76.363,00,0000,0000,57777.23567485,0,,0,,17.807,3.408,0.000,44.546,4.644,0.000,1.67e+04,287.5,6729,116,7.50,7.50,10.191,0.009,0,0.260,9.942,0.011,2,0.326,11.046,0.012,0,10.883,0.015,0,10.450,0.009,0,10.268,0.011,2,10.123,0.008,0,9.941,0.010,2,9.923,0.008,2,9.747,0.010,2,9.797,0.007,2,9.624,0.012,2,9.711,0.007,2,9.541,0.013,2,9.650,0.007,3,9.486,0.013,3,9.605,0.008,3,9.446,0.014,3,531006101351062642,0.319759,135.5,1,10.355,0.023,10.100,0.020,5.877,0.014,3.916,0.023,1320415920,0.351118,-163.9,2,0.63,13.494,0.1180,12.693,0.1330,12.068,0.0910,0.6051526740681510,0.7902273148864259,-0.0965972663979501,102103023,9428215234734
52.5552653,-5.5433017,0.0354,0.0381,-0.0084,190.4383190,-46.5223138,48.6076171,-23.7634343,667.274,100.814,664.669,99.445,7885801105000031,78858a105-000031,105,78858a,31,10.271,0.021,51.5,90.3,10.093,0.018,61.2,59.9,69.8,1,0,0.00000,0.00000,0000,0000,3,AA,0,10,1.0,17.387,00,0000,0000,57777.03919140,0,,0,,17.367,4.211,0.000,42.898,4.652,0.000,1.572e+04,305.3,6610,108.1,7.50,7.50,10.192,0.011,2,0.260,9.930,0.012,2,0.326,11.050,0.015,2,10.875,0.016,2,10.452,0.011,2,10.256,0.012,2,10.126,0.009,2,9.915,0.011,2,9.933,0.009,2,9.712,0.011,2,9.806,0.009,2,9.584,0.011,2,9.717,0.009,2,9.497,0.011,2,9.654,0.009,2,9.436,0.012,2,9.607,0.010,3,9.392,0.014,3,531006101351062642,0.229247,109.3,1,10.355,0.023,10.100,0.020,5.877,0.014,3.916,0.023,1320415920,0.212436,-150.4,2,0.49,13.494,0.1180,12.693,0.1330,12.068,0.0910,0.6051526016427400,0.7902272803122971,-0.0965980029568614,102103023,9428215235410
52.5552539,-5.5433000,0.0366,0.0329,-0.0116,190.4383076,-46.5223223,48.6076057,-23.7634297,768.679,436.468,766.835,434.674,7886901081000033,78869a081-000033,81,78869a,33,10.405,0.018,60.3,82.8,10.101,0.017,62.7,54.1,63,1,0,0.00000,0.00000,0000,0000,3,AA,0,10,1.0,115.142,00,0000,0000,57777.36670627,0,,0,,17.828,3.800,0.000,43.841,4.419,0.000,1.39e+04,230.5,6564,104.7,7.50,7.50,10.213,0.012,2,0.260,9.927,0.018,2,0.326,11.059,0.015,2,10.861,0.025,2,10.473,0.012,2,10.253,0.018,2,10.155,0.010,2,9.925,0.019,2,9.963,0.009,2,9.730,0.022,2,9.838,0.009,2,9.604,0.023,2,9.750,0.009,2,9.520,0.023,2,9.686,0.009,2,9.465,0.024,2,9.638,0.009,3,9.427,0.024,3,531006101351062642,0.269938,107.6,1,10.355,0.023,10.100,0.020,5.877,0.014,3.916,0.023,1320415920,0.201292,-161.4,2,0.51,13.494,0.1180,12.693,0.1330,12.068,0.0910,0.6051527606148910,0.7902271621820880,-0.0965979734250193,102103023,9428215235410
52.5552643,-5.5433057,0.0342,0.0323,-0.0112,190.4383229,-46.5223169,48.6076149,-23.7634379,161.323,128.868,161.759,129.800,7887001105000031,78870a105-000031,105,78870a,31,10.327,0.016,66.3,106,10.091,0.017,63.4,41.2,70.7,1,0,0.00000,0.00000,0000,0000,3,AA,0,10,1.0,100.822,00,0000,0000,57777.43215830,0,,0,,15.997,3.211,0.000,43.039,4.434,0.000,1.492e+04,225.1,6627,104.5,7.50,7.50,10.185,0.010,0,0.260,9.949,0.013,0,0.326,11.050,0.013,0,10.897,0.018,0,10.444,0.010,0,10.275,0.013,0,10.119,0.008,2,9.940,0.012,0,9.923,0.008,2,9.743,0.012,2,9.796,0.008,2,9.619,0.013,2,9.709,0.008,2,9.537,0.013,2,9.645,0.008,2,9.481,0.014,2,9.597,0.008,2,9.439,0.014,2,531006101351062642,0.228360,105.5,1,10.355,0.023,10.100,0.020,5.877,0.014,3.916,0.023,1320415920,0.198187,-149.2,2,0.48,13.494,0.1180,12.693,0.1330,12.068,0.0910,0.6051526113345950,0.7902272643962061,-0.0965980724435484,102103023,9428215235410
52.5552654,-5.5432977,0.0359,0.0298,-0.0075,190.4383142,-46.5223115,48.6076184,-23.7634305,253.969,449.070,255.255,449.572,7888101081000025,78881a081-000025,81,78881a,25,10.333,0.016,70.0,97.8,10.093,0.017,64.1,44.5,67.4,1,0,0.00000,0.00000,0000,0000,3,AA,0,10,1.0,16.246,00,0000,0000,57777.75967328,0,,0,,16.297,3.120,0.000,43.362,4.295,0.000,1.484e+04,212.1,6614,103.1,7.50,7.50,10.199,0.009,2,0.260,9.944,0.013,2,0.326,11.055,0.011,0,10.888,0.017,2,10.458,0.009,2,10.270,0.013,2,10.133,0.008,2,9.931,0.012,2,9.934,0.007,2,9.732,0.011,2,9.803,0.007,2,9.605,0.011,2,9.713,0.007,2,9.520,0.012,2,9.648,0.007,2,9.460,0.012,2,9.600,0.007,3,9.417,0.013,3,531006101351062642,0.234060,112.6,1,10.355,0.023,10.100,0.020,5.877,0.014,3.916,0.023,1320415920,0.225234,-152.1,2,0.50,13.494,0.1180,12.693,0.1330,12.068,0.0910,0.6051526043637420,0.7902272867226700,-0.0965979334701739,102103023,9428215235410
52.5553235,-5.5433285,0.0342,0.0324,-0.0067,190.4383986,-46.5222811,48.6076704,-23.7634755,499.195,416.625,498.886,416.043,7886301040000029,78863a040-000029,40,78863a,29,10.345,0.017,64.9,123,10.135,0.017,63.3,51.7,80.8,1,0,0.00000,0.00000,0000,0000,3,AA,0,10,1.0,54.862,00,0000,0000,57777.17022282,0,,0,,17.038,3.455,0.000,43.141,5.021,0.000,1.469e+04,226.3,6360,100.4,7.50,7.50,10.181,0.010,2,0.260,9.934,0.014,0,0.326,11.022,0.013,2,10.877,0.018,0,10.440,0.010,2,10.260,0.014,0,10.123,0.008,2,9.926,0.013,2,9.930,0.008,2,9.732,0.013,2,9.806,0.008,3,9.612,0.014,3,9.719,0.008,3,9.531,0.014,3,9.657,0.008,3,9.472,0.014,3,9.611,0.008,3,9.429,0.015,3,531006101351062642,0.022319,20.7,1,10.355,0.023,10.100,0.020,5.877,0.014,3.916,0.023,1320415920,0.325697,-105.7,2,0.35,13.494,0.1180,12.693,0.1330,12.068,0.0910,0.6051517714726360,0.7902278591416360,-0.0965984685176555,102103023,9428215235417
52.5552892,-5.5433648,0.0333,0.0305,-0.0048,190.4384142,-46.5223297,48.6076240,-23.7635015,324.011,729.188,326.059,729.326,7886601105000021,78866a105-000021,105,78866a,21,10.318,0.016,68.0,106,10.125,0.017,63.1,50.3,74.5,1,0,0.00000,0.00000,0000,0000,3,AA,0,10,1.0,96.922,00,0000,0000,57777.30125420,0,,0,,17.838,3.397,0.000,43.877,4.418,0.000,1.505e+04,221.3,6418,101.7,7.50,7.50,10.180,0.009,2,0.260,9.933,0.017,2,0.326,11.036,0.011,0,10.875,0.025,0,10.440,0.009,2,10.259,0.017,2,10.115,0.008,2,9.932,0.015,2,9.919,0.007,2,9.737,0.014,2,9.792,0.007,2,9.612,0.016,2,9.703,0.007,2,9.526,0.017,2,9.640,0.007,2,9.465,0.017,2,9.593,0.007,2,9.424,0.017,2,531006101351062642,0.200188,40.8,1,10.355,0.023,10.100,0.020,5.877,0.014,3.916,0.023,1320415920,0.195300,-77.4,2,0.24,13.494,0.1180,12.693,0.1330,12.068,0.0910,0.6051522073311110,0.7902274482790110,-0.0965990991092942,102103023,9428215235421
52.5552798,-5.5433071,0.0326,0.0326,-0.0030,190.4383373,-46.5223050,48.6076308,-23.7634434,593.354,743.310,593.861,742.314,7887301081000023,78873a081-000023,81,78873a,23,10.297,0.017,63.7,103,10.170,0.017,63.5,65.2,81,1,0,0.00000,0.00000,0000,0000,3,AA,0,10,1.0,80.104,00,0000,0000,57777.49773774,0,,0,,15.916,3.384,0.000,43.885,5.037,0.000,1.534e+04,240.8,6157,96.94,7.50,7.50,10.174,0.009,2,0.260,9.889,0.011,4,0.326,11.024,0.011,0,10.819,0.014,4,10.434,0.009,2,10.215,0.011,4,10.119,0.008,2,9.891,0.012,4,9.928,0.007,2,9.699,0.012,4,9.802,0.007,2,9.580,0.014,4,9.714,0.007,3,9.503,0.015,3,9.650,0.008,3,9.450,0.016,3,9.605,0.008,3,9.413,0.017,3,531006101351062642,0.173791,108.9,1,10.355,0.023,10.100,0.020,5.877,0.014,3.916,0.023,1320415920,0.227893,-136.5,2,0.45,13.494,0.1180,12.693,0.1330,12.068,0.0910,0.6051523961224510,0.7902274262317470,-0.0965980967638888,102103023,9428215235421
52.5553857,-5.5432697,0.0333,0.0326,-0.0114,190.4383787,-46.5221968,48.6077527,-23.7634351,872.662,733.193,871.419,730.980,4686918076000031,46869r076-000031,76,46869r,31,10.374,0.018,60.5,128,10.287,0.018,60.1,58.1,86.2,1,0,0.00000,0.00000,0000,0000,3,AA,0,10,1.0,62.684,00,0000,0000,59961.21196860,0,,0,,17.987,3.344,0.000,45.494,4.476,0.000,1.429e+04,236.3,5531,92.07,7.50,7.50,10.293,0.009,2,0.260,10.049,0.023,0,0.326,11.160,0.012,2,10.999,0.028,0,10.553,0.009,2,10.375,0.023,0,10.212,0.008,2,10.028,0.023,2,10.008,0.008,3,9.820,0.025,3,9.877,0.008,3,9.687,0.026,3,9.787,0.008,3,9.593,0.027,3,9.723,0.008,3,9.528,0.027,3,9.676,0.009,3,9.482,0.027,3,531006101351062642,0.287446,-131.6,1,10.355,0.023,10.100,0.020,5.877,0.014,3.916,0.023,1320415920,0.614535,-119.2,1,0.61,13.494,0.1180,12.693,0.1330,12.068,0.0910,0.6051509738779310,0.7902285947973759,-0.0965974470633483,102103023,9428215234724
52.5552692,-5.5433443,0.0355,0.0356,-0.0121,190.4383733,-46.5223346,48.6076089,-23.7634765,528.574,444.212,528.179,443.494,4687718076000032,46877r076-000032,76,46877r,32,10.462,0.018,61.3,120,10.306,0.019,57.9,66.8,89.2,1,0,0.00000,0.00000,0000,0000,3,AA,0,10,1.0,95.934,00,0000,0000,59961.47237507,0,,0,,17.408,3.256,0.000,45.378,5.029,0.000,1.317e+04,214.9,5434,93.89,7.50,7.50,10.282,0.017,2,0.260,10.069,0.016,2,0.326,11.157,0.028,0,11.026,0.021,2,10.542,0.017,2,10.395,0.016,2,10.208,0.014,2,10.044,0.014,2,10.005,0.012,2,9.830,0.015,2,9.872,0.011,2,9.695,0.015,2,9.782,0.011,2,9.605,0.015,2,9.718,0.010,2,9.542,0.016,2,9.672,0.010,3,9.495,0.017,3,531006101351062642,0.216869,69.0,1,10.355,0.023,10.100,0.020,5.877,0.014,3.916,0.023,1320415920,0.123015,-104.8,2,0.34,13.494,0.1180,12.693,0.1330,12.068,0.0910,0.6051525041862670,0.7902272644814470,-0.0965987429900540,102103023,9428215235421
52.5552987,-5.5432692,0.0354,0.0338,-0.0072,190.4383072,-46.5222681,48.6076616,-23.7634118,706.392,132.647,703.667,131.136,4687318075000032,46873r075-000032,75,46873r,32,10.407,0.018,60.7,120,10.303,0.018,59.9,47.4,83,1,0,0.00000,0.00000,0000,0000,3,AA,0,10,1.0,103.910,00,0000,0001,59961.34210821,0,,0,,17.784,3.533,0.000,45.113,4.399,0.000,1.386e+04,228.2,5446,90.99,7.50,7.50,10.250,0.011,2,0.260,10.074,0.015,2,0.326,11.125,0.013,2,11.022,0.020,2,10.510,0.011,2,10.400,0.015,2,10.179,0.010,2,10.059,0.013,2,9.976,0.010,2,9.851,0.013,2,9.842,0.010,2,9.717,0.015,2,9.752,0.010,3,9.625,0.016,3,9.688,0.010,3,9.560,0.018,3,9.643,0.010,3,9.515,0.019,3,531006101351062642,0.215533,153.3,1,10.355,0.023,10.100,0.020,5.877,0.014,3.916,0.023,1320415920,0.376145,-143.3,2,0.57,13.494,0.1180,12.693,0.1330,12.068,0.0910,0.6051521743016580,0.7902276765824380,-0.0965974383775119,102103023,9428215234726
52.5552711,-5.5432510,0.0378,0.0333,-0.0117,190.4382628,-46.5222805,48.6076379,-23.7633870,781.785,448.431,779.867,446.581,4685918100000034,46859r100-000034,100,46859r,34,10.425,0.016,66.8,115,10.275,0.023,47.9,51.4,80.1,1,0,0.00000,0.00000,0000,0000,3,AA,0,10,1.0,3.416,00,0000,0000,59960.88636451,0,,0,,20.122,4.395,0.000,46.471,4.751,0.000,1.363e+04,204.1,5591,116.8,7.50,7.50,10.288,0.009,0,0.260,10.067,0.031,2,0.326,11.161,0.012,0,11.033,0.050,2,10.548,0.009,0,10.393,0.031,2,10.209,0.008,0,10.044,0.025,2,10.005,0.008,2,9.840,0.022,2,9.874,0.008,2,9.711,0.022,2,9.784,0.008,2,9.628,0.024,2,9.719,0.008,2,9.570,0.027,2,9.673,0.008,2,9.528,0.029,2,531006101351062642,0.323885,142.8,1,10.355,0.023,10.100,0.020,5.877,0.014,3.916,0.023,1320415920,0.388141,-161.1,2,0.65,13.494,0.1180,12.693,0.1330,12.068,0.0910,0.6051525736186680,0.7902274094353200,-0.0965971222130627,102103023,9428215234734
52.5553931,-5.5432109,0.0374,0.0335,0.0073,190.4383141,-46.5221576,48.6077774,-23.7633804,436.890,151.413,435.839,151.086,4686718100000032,46867r100-000032,100,46867r,32,10.452,0.018,60.2,113,10.292,0.018,61.1,52.7,76.7,1,0,0.00000,0.00000,0000,0000,3,AA,0,10,1.0,41.413,00,0000,0000,59961.14677155,0,,0,,20.478,4.927,0.000,45.370,4.758,0.000,1.329e+04,220.6,5505,90.12,7.50,7.50,10.242,0.031,2,0.260,10.056,0.027,2,0.326,11.098,0.052,0,11.018,0.041,0,10.502,0.031,2,10.382,0.027,2,10.183,0.024,2,10.039,0.021,2,9.990,0.020,2,9.835,0.018,2,9.861,0.018,2,9.702,0.017,2,9.770,0.018,3,9.610,0.016,3,9.704,0.017,3,9.547,0.016,3,9.656,0.017,3,9.502,0.017,3,531006101351062642,0.469377,-149.0,1,10.355,0.023,10.100,0.020,5.877,0.014,3.916,0.023,1320415920,0.760636,-132.3,1,0.81,13.494,0.1180,12.693,0.1330,12.068,0.0910,0.6051509320887090,0.7902287516610260,-0.0965964256089395,102103023,9428215234740
52.5551593,-5.5433109,0.0350,0.0301,-0.0041,190.4382436,-46.5224062,48.6075033,-23.7634153,89.374,769.075,92.935,770.240,4687518100000026,46875r100-000026,100,46875r,26,10.368,0.016,67.9,127,10.241,0.017,64.0,57.9,89.7,1,0,0.00000,0.00000,0000,0000,3,AA,0,10,1.0,116.367,00,0000,0000,59961.40730534,0,,0,,17.746,3.314,0.000,45.975,4.839,0.000,1.436e+04,211.5,5767,90.16,7.50,7.50,10.278,0.010,2,0.260,10.052,0.012,0,0.326,11.146,0.012,2,11.025,0.016,0,10.538,0.010,2,10.378,0.012,0,10.204,0.009,2,10.019,0.011,2,10.002,0.009,2,9.806,0.011,2,9.870,0.009,2,9.672,0.013,2,9.779,0.009,2,9.584,0.015,2,9.714,0.009,2,9.521,0.016,2,9.667,0.009,3,9.474,0.017,3,531006101351062642,0.597750,94.1,1,10.355,0.023,10.100,0.020,5.877,0.014,3.916,0.023,1320415920,0.313849,118.9,2,0.71,13.494,0.1180,12.693,0.1330,12.068,0.0910,0.6051540541703840,0.7902261484343590,-0.0965981627762409,102103023,9428215235408
52.5552700,-5.5433100,0.0330,0.0293,-0.0042,190.4383328,-46.5223147,48.6076197,-23.7634436,355.232,755.667,357.170,755.687,4688118076000026,46881r076-000026,76,46881r,26,10.392,0.015,70.4,132,10.257,0.017,63.9,58.3,91.5,1,0,0.00000,0.00000,0000,0000,3,AA,0,10,1.0,54.627,00,0000,0000,59961.60264199,0,,0,,17.094,3.324,0.000,45.707,4.681,0.000,1.404e+04,199.6,5686,88.93,7.50,7.50,10.269,0.009,0,0.260,10.032,0.012,2,0.326,11.148,0.012,0,10.999,0.016,0,10.529,0.009,0,10.358,0.012,2,10.189,0.008,2,10.010,0.012,2,9.985,0.009,2,9.811,0.015,2,9.850,0.010,2,9.684,0.019,2,9.757,0.010,3,9.595,0.020,3,9.692,0.010,3,9.528,0.020,3,9.644,0.009,3,9.478,0.020,3,531006101351062642,0.204752,102.9,1,10.355,0.023,10.100,0.020,5.877,0.014,3.916,0.023,1320415920,0.196990,-141.8,2,0.45,13.494,0.1180,12.693,0.1330,12.068,0.0910,0.6051525283120760,0.7902273188433090,-0.0965981471417365,102103023,9428215235410
52.5552604,-5.5433423,0.0334,0.0322,-0.0062,190.4383637,-46.5223407,48.6076003,-23.7634722,183.565,156.734,184.013,157.528,4688518075000034,46885r075-000034,75,46885r,34,10.365,0.016,68.0,130,10.266,0.018,61.4,48.3,84.9,1,0,0.00000,0.00000,0000,0000,3,AA,0,10,1.0,23.920,00,0000,0000,59961.73278149,0,,0,,17.752,3.450,0.000,45.412,4.769,0.000,1.44e+04,211.8,5635,91.73,7.50,7.50,10.273,0.011,0,0.260,10.060,0.013,2,0.326,11.155,0.014,0,11.021,0.019,2,10.533,0.011,0,10.386,0.013,2,10.190,0.010,2,10.035,0.012,2,9.986,0.009,2,9.830,0.011,2,9.853,0.008,2,9.702,0.012,2,9.763,0.008,2,9.616,0.013,2,9.698,0.008,3,9.559,0.016,3,9.651,0.008,3,9.518,0.016,3,531006101351062642,0.244388,73.2,1,10.355,0.023,10.100,0.020,5.877,0.014,3.916,0.023,1320415920,0.095539,-113.8,2,0.37,13.494,0.1180,12.693,0.1330,12.068,0.0910,0.6051526276065760,0.7902271742137970,-0.0965987082467128,102103023,9428215235410
52.5551906,-5.5433241,0.0402,0.0351,-0.0059,190.4382850,-46.5223879,48.6075323,-23.7634363,963.168,144.169,958.820,141.557,4685518100000029,46855r100-000029,100,46855r,29,10.392,0.020,55.5,96.2,10.184,0.019,58.1,59.3,72.9,1,0,0.00000,0.00000,0000,0000,3,AA,0,10,1.0,20.801,00,0000,0000,59960.75609759,0,,0,,18.897,3.495,0.000,46.214,4.583,0.000,1.405e+04,253,6079,104.6,7.50,7.50,10.304,0.009,2,0.260,10.041,0.014,2,0.326,11.167,0.013,2,11.007,0.018,2,10.564,0.009,2,10.367,0.014,2,10.225,0.008,2,10.012,0.015,2,10.019,0.008,2,9.801,0.017,2,9.886,0.008,2,9.666,0.017,2,9.795,0.008,2,9.574,0.019,2,9.730,0.008,3,9.510,0.020,3,9.682,0.009,3,9.466,0.022,3,531006101351062642,0.484112,89.4,1,10.355,0.023,10.100,0.020,5.877,0.014,3.916,0.023,1320415920,0.193100,122.6,2,0.59,13.494,0.1180,12.693,0.1330,12.068,0.0910,0.6051536089484310,0.7902264613538340,-0.0965983920823026,102103023,9428215235411
52.5552585,-5.5432950,0.0383,0.0340,-0.0061,190.4383054,-46.5223157,48.6076119,-23.7634261,889.054,879.835,888.368,877.626,8492801156000031,84928a156-000031,156,84928a,31,10.339,0.019,56.2,95.3,10.082,0.021,51.0,52.2,71.6,1,0,0.00000,0.00000,0000,0000,3,AA,0,10,1.0,77.773,00,0000,0000,57975.73974551,0,,0,,22.608,3.457,0.000,61.693,5.613,0.000,1.475e+04,262.3,6679,130.9,7.50,7.50,10.279,0.009,0,0.260,9.999,0.029,2,0.326,11.144,0.012,0,10.941,0.043,2,10.539,0.009,0,10.325,0.029,2,10.211,0.009,2,9.989,0.026,2,10.018,0.009,2,9.795,0.025,2,9.892,0.008,2,9.673,0.026,2,9.806,0.008,2,9.590,0.027,2,9.746,0.008,2,9.530,0.027,2,9.703,0.009,2,9.488,0.027,2,531006101351062642,0.260621,112.5,1,10.355,0.023,10.100,0.020,5.877,0.014,3.916,0.023,1320415920,0.223824,-158.9,2,0.52,13.494,0.1180,12.693,0.1330,12.068,0.0910,0.6051527022966470,0.7902272174595870,-0.0965978865666596,102103023,9428215235410
52.5552480,-5.5433276,0.0346,0.0325,-0.0113,190.4383360,-46.5223427,48.6075915,-23.7634548,548.011,460.695,547.587,459.879,8506401153000026,85064a153-000026,153,85064a,26,10.364,0.016,69.4,121,10.167,0.019,56.7,49.2,84.6,1,0,0.00000,0.00000,0000,0000,3,AA,0,10,1.0,29.714,01,0000,0001,57980.19160118,0,,0,,26.662,4.340,0.000,106.937,7.047,0.000,1.441e+04,207.6,6173,108.8,7.50,7.50,10.234,0.010,2,0.260,10.033,0.015,2,0.326,11.089,0.012,2,10.983,0.020,2,10.493,0.010,2,10.359,0.015,2,10.166,0.009,2,10.017,0.014,2,9.969,0.008,2,9.817,0.014,2,9.840,0.008,2,9.692,0.015,2,9.752,0.008,2,9.608,0.017,2,9.689,0.008,3,9.550,0.019,3,9.641,0.008,3,9.505,0.021,3,531006101351062642,0.278970,86.4,1,10.355,0.023,10.100,0.020,5.877,0.014,3.916,0.023,1320415920,0.101045,-154.8,2,0.44,13.494,0.1180,12.693,0.1330,12.068,0.0910,0.6051528136965511,0.7902270629228850,-0.0965984528831515,102103023,9428215235410
52.5553057,-5.5433881,0.0352,0.0325,-0.0124,190.4384556,-46.5223293,48.6076346,-23.7635283,567.943,417.604,567.212,416.712,8492001155000028,84920a155-000028,155,84920a,28,10.396,0.016,69.8,125,10.170,0.020,55.6,37.8,81.6,1,0,0.00000,0.00000,0000,0000,3,AA,0,10,1.0,9.026,00,0000,0000,57975.47781508,0,,0,,23.447,4.310,0.000,61.017,5.643,0.000,1.399e+04,200.5,6159,110.8,7.50,7.50,10.225,0.009,2,0.260,10.010,0.022,2,0.326,11.102,0.012,0,10.957,0.023,2,10.485,0.009,2,10.336,0.022,2,10.152,0.008,3,10.004,0.022,3,9.955,0.008,3,9.809,0.021,3,9.825,0.007,3,9.682,0.020,3,9.735,0.007,3,9.598,0.019,3,9.670,0.007,3,9.541,0.020,3,9.622,0.007,3,9.504,0.022,3,531006101351062642,0.246105,16.9,1,10.355,0.023,10.100,0.020,5.877,0.014,3.916,0.023,1320415920,0.279893,-63.2,2,0.14,13.494,0.1180,12.693,0.1330,12.068,0.0910,0.6051519558778919,0.7902275913617470,-0.0965995038691962,102103023,9428215235423
52.5552713,-5.5433245,0.0354,0.0331,-0.0079,190.4383512,-46.5223218,48.6076168,-23.7634579,734.145,237.206,731.676,235.548,8492401155000027,84924a155-000027,155,84924a,27,10.291,0.017,63.8,101,10.254,0.019,56.4,55.6,74.8,1,0,0.00000,0.00000,0000,0000,3,AA,0,5,0.5,36.755,00,0000,0000,57975.60871494,0,,0,,22.481,4.503,0.000,62.259,5.735,0.000,1.542e+04,241.8,5696,100.9,7.50,7.50,10.336,0.010,2,0.260,9.998,0.015,2,0.326,11.238,0.013,2,10.967,0.021,2,10.596,0.010,2,10.324,0.015,2,10.247,0.009,2,9.964,0.014,2,10.039,0.009,2,9.753,0.015,2,9.903,0.009,2,9.624,0.016,2,9.810,0.009,3,9.538,0.017,3,9.745,0.009,3,9.479,0.018,3,9.698,0.009,3,9.440,0.019,3,531006101351062642,0.195032,88.1,1,10.355,0.023,10.100,0.020,5.877,0.014,3.916,0.023,1320415920,0.162866,-129.0,2,0.40,13.494,0.1180,12.693,0.1330,12.068,0.0910,0.6051524955190840,0.7902273131648120,-0.0965983990309711,102103023,9428215235421
52.5553185,-5.5433201,0.0348,0.0347,-0.0129,190.4383844,-46.5222805,48.6076676,-23.7634661,253.807,56.762,253.426,57.288,2448118076000036,24481r076-000036,76,24481r,36,10.363,0.019,58.3,130,10.210,0.017,63.6,60.7,88.1,1,0,0.00000,0.00000,0000,0000,3,AA,0,10,1.0,92.942,00,0000,0000,59230.31370797,0,,0,,18.921,4.551,0.000,43.862,4.866,0.000,1.443e+04,247.7,5937,93.35,7.50,7.50,10.269,0.011,2,0.260,10.064,0.013,0,0.326,11.144,0.015,2,11.030,0.016,0,10.529,0.011,2,10.390,0.013,0,10.189,0.009,2,10.038,0.013,0,9.985,0.009,2,9.829,0.012,2,9.851,0.008,2,9.697,0.012,2,9.759,0.008,3,9.611,0.012,3,9.694,0.008,3,9.550,0.013,3,9.646,0.008,3,9.508,0.014,3,531006101351062642,0.027444,109.9,1,10.355,0.023,10.100,0.020,5.877,0.014,3.916,0.023,1320415920,0.318456,-111.8,2,0.38,13.494,0.1180,12.693,0.1330,12.068,0.0910,0.6051518490434910,0.7902278175760190,-0.0965983225956178,102103023,9428215235417
52.5553608,-5.5433076,0.0338,0.0317,-0.0027,190.4384039,-46.5222386,48.6077156,-23.7634651,598.068,787.142,598.701,786.134,2447318077000024,24473r077-000024,77,24473r,24,10.492,0.017,65.6,135,10.303,0.019,56.3,50.8,89.1,1,0,0.00000,0.00000,0000,0000,3,AA,0,10,1.0,16.748,00,0000,0000,59230.05228317,0,,0,,17.699,4.228,0.000,44.713,5.051,0.000,1.281e+04,195.2,5446,96.77,7.50,7.50,10.266,0.009,2,0.260,10.071,0.025,2,0.326,11.132,0.012,2,11.048,0.038,2,10.526,0.009,2,10.397,0.025,2,10.197,0.009,2,10.048,0.023,2,9.996,0.009,3,9.843,0.023,3,9.866,0.008,3,9.712,0.023,3,9.776,0.008,3,9.624,0.023,3,9.713,0.008,3,9.567,0.024,3,9.667,0.009,3,9.527,0.027,3,531006101351062642,0.137014,-113.4,1,10.355,0.023,10.100,0.020,5.877,0.014,3.916,0.023,1320415920,0.476111,-110.1,2,0.44,13.494,0.1180,12.693,0.1330,12.068,0.0910,0.6051512784516160,0.7902282810757270,-0.0965981054497246,102103023,9428215235419
52.5552810,-5.5433399,0.0365,0.0358,-0.0028,190.4383776,-46.5223225,48.6076226,-23.7634753,691.199,51.025,688.201,49.564,2445918100000033,24459r100-000033,100,24459r,33,10.298,0.019,56.8,86.6,10.136,0.019,56.4,57.8,69.2,1,0,0.00000,0.00000,0000,0000,3,AA,0,10,1.0,60.265,00,0000,0000,59229.59450302,0,,0,,16.658,4.364,0.000,44.341,4.304,0.000,1.531e+04,269.8,6353,112.6,7.50,7.50,10.246,0.009,0,0.260,10.071,0.022,2,0.326,11.127,0.012,0,11.032,0.021,2,10.506,0.009,0,10.397,0.022,2,10.169,0.008,2,10.044,0.022,2,9.967,0.008,3,9.833,0.021,3,9.834,0.007,3,9.701,0.019,3,9.743,0.007,3,9.613,0.019,3,9.679,0.008,3,9.551,0.019,3,9.632,0.008,3,9.508,0.019,3,531006101351062642,0.171720,68.9,1,10.355,0.023,10.100,0.020,5.877,0.014,3.916,0.023,1320415920,0.167998,-106.3,2,0.34,13.494,0.1180,12.693,0.1330,12.068,0.0910,0.6051523459501200,0.7902273950015400,-0.0965986665547032,102103023,9428215235421
52.5553266,-5.5433883,0.0357,0.0322,-0.0085,190.4384729,-46.5223122,48.6076564,-23.7635340,159.364,316.167,160.652,317.067,2447118100000037,24471r100-000037,100,24471r,37,10.407,0.015,70.7,142,10.279,0.019,56.8,43.8,91.9,1,0,0.00000,0.00000,0000,0000,3,AA,0,10,1.0,5.420,00,0000,0000,59229.98683144,0,,0,,16.340,3.498,0.000,44.042,4.196,0.000,1.386e+04,196,5570,98.05,7.50,7.50,10.292,0.009,0,0.260,10.098,0.020,2,0.326,11.174,0.012,0,11.069,0.026,2,10.552,0.009,0,10.424,0.020,2,10.209,0.008,0,10.066,0.017,2,10.001,0.007,0,9.849,0.016,2,9.866,0.007,2,9.710,0.015,2,9.772,0.007,2,9.617,0.015,2,9.706,0.007,3,9.555,0.016,3,9.658,0.007,3,9.511,0.017,3,531006101351062642,0.236182,-0.8,1,10.355,0.023,10.100,0.020,5.877,0.014,3.916,0.023,1320415920,0.348622,-68.6,2,0.13,13.494,0.1180,12.693,0.1330,12.068,0.0910,0.6051516674185060,0.7902278118375670,-0.0965995073435301,102103023,9428215235423
52.5553449,-5.5433292,0.0349,0.0315,-0.0083,190.4384169,-46.5222639,48.6076927,-23.7634818,560.195,371.688,559.301,370.810,5821918100000030,58219r100-000030,100,58219r,30,10.416,0.016,67.8,127,10.234,0.019,56.4,50.6,85.5,1,0,0.00000,0.00000,0000,0000,3,AA,0,10,1.0,30.769,00,0000,0000,60329.11485809,0,,0,,32.150,4.856,0.000,128.967,6.488,0.000,1.374e+04,202.5,5807,103,7.50,7.50,10.284,0.009,0,0.260,10.111,0.018,2,0.326,11.166,0.012,0,11.096,0.021,2,10.543,0.009,0,10.437,0.018,2,10.202,0.008,1,10.070,0.020,3,9.998,0.008,3,9.849,0.021,3,9.865,0.008,3,9.707,0.023,3,9.773,0.007,3,9.611,0.024,3,9.708,0.008,3,9.545,0.025,3,9.660,0.008,3,9.498,0.026,3,531006101351062642,0.072667,-71.2,1,10.355,0.023,10.100,0.020,5.877,0.014,3.916,0.023,1320415920,0.399502,-102.4,2,0.35,13.494,0.1180,12.693,0.1330,12.068,0.0910,0.6051514756045860,0.7902280842290590,-0.0965984806778251,102103023,9428215235417
52.5553049,-5.5432551,0.0343,0.0324,0.0021,190.4382953,-46.5222550,48.6076721,-23.7633998,198.213,837.015,201.432,837.693,5811718075000021,58117r075-000021,75,58117r,21,10.414,0.017,65.2,145,10.307,0.018,60.1,76.1,104,1,0,0.00000,0.00000,0000,0000,3,AA,0,10,1.0,13.669,00,0001,0000,60325.82609602,0,,0,,21.701,3.841,0.000,49.217,4.201,0.000,1.376e+04,211,5426,90.24,7.50,7.50,10.311,0.009,2,0.260,10.065,0.013,2,0.326,11.184,0.012,2,11.031,0.017,2,10.571,0.009,2,10.391,0.013,2,10.226,0.008,2,10.038,0.012,2,10.017,0.008,2,9.829,0.014,2,9.881,0.007,2,9.696,0.015,2,9.788,0.007,2,9.608,0.020,2,9.721,0.007,2,9.548,0.024,2,9.672,0.007,3,9.503,0.026,3,531006101351062642,0.254517,163.0,1,10.355,0.023,10.100,0.020,5.877,0.014,3.916,0.023,1320415920,0.430307,-145.0,2,0.61,13.494,0.1180,12.693,0.1330,12.068,0.0910,0.6051521032439170,0.7902277609395740,-0.0965971934369230,102103023,9428215234726
52.5553642,-5.5432271,0.0373,0.0362,-0.0133,190.4383100,-46.5221905,48.6077424,-23.7633884,896.833,447.940,894.177,445.610,5810118074000032,58101r074-000032,74,58101r,32,10.314,0.019,55.9,98.4,10.273,0.020,53.1,66,77.6,1,0,0.00000,0.00000,0000,0000,3,AA,0,10,1.0,92.982,00,0000,0000,60325.30999480,0,,0,,19.221,3.485,0.000,47.364,3.862,0.000,1.509e+04,270.2,5602,105.4,7.50,7.50,10.243,0.014,2,0.260,10.103,0.026,2,0.326,11.104,0.022,2,11.059,0.036,2,10.503,0.014,2,10.429,0.026,2,10.169,0.012,2,10.071,0.023,2,9.969,0.010,2,9.854,0.020,2,9.839,0.010,2,9.716,0.019,2,9.748,0.010,2,9.623,0.019,2,9.684,0.009,2,9.556,0.020,2,9.636,0.009,3,9.512,0.021,3,531006101351062642,0.370779,-158.2,1,10.355,0.023,10.100,0.020,5.877,0.014,3.916,0.023,1320415920,0.645321,-134.6,1,0.73,13.494,0.1180,12.693,0.1330,12.068,0.0910,0.6051513140745670,0.7902284247385520,-0.0965967070300623,102103023,9428215234727
52.5552756,-5.5432293,0.0303,0.0331,-0.0123,190.4382404,-46.5222646,48.6076488,-23.7633672,988.754,528.927,985.907,526.166,5808718099000037,58087r099-000037,99,58087r,37,10.396,0.016,67.1,136,10.292,0.019,57.7,81.4,105,1,0,0.00000,0.00000,0000,0000,3,AA,0,10,1.0,7.771,00,0000,0001,60324.85845382,0,,0,,20.151,3.332,0.000,49.515,4.762,0.000,1.399e+04,208.6,5505,95.48,7.50,7.50,10.284,0.009,0,0.260,10.097,0.016,2,0.326,11.158,0.012,0,11.047,0.020,2,10.543,0.009,0,10.423,0.016,2,10.204,0.008,0,10.079,0.014,2,10.000,0.007,2,9.876,0.014,2,9.869,0.007,2,9.748,0.016,2,9.778,0.007,2,9.661,0.018,2,9.714,0.007,2,9.600,0.018,2,9.668,0.007,2,9.555,0.018,2,531006101351062642,0.381161,151.9,1,10.355,0.023,10.100,0.020,5.877,0.014,3.916,0.023,1320415920,0.467380,-162.3,2,0.72,13.494,0.1180,12.693,0.1330,12.068,0.0910,0.6051525337977420,0.7902274860100190,-0.0965967452477450,102103023,9428215234734
52.5554393,-5.5432502,0.0395,0.0340,-0.0005,190.4383989,-46.5221417,48.6078145,-23.7634304,719.614,308.767,717.480,307.234,5810518074000031,58105r074-000031,74,58105r,31,10.425,0.018,58.9,103,10.342,0.019,56.1,54.5,73.4,1,0,0.00000,0.00000,0000,0000,3,AA,0,10,1.0,107.034,00,0001,0000,60325.43898829,0,,0,,19.857,3.640,0.000,48.075,5.730,0.000,1.363e+04,231.4,5255,93.6,7.50,7.50,10.348,0.013,2,0.260,10.104,0.026,2,0.326,11.238,0.016,2,11.057,0.034,2,10.608,0.013,2,10.430,0.026,2,10.253,0.012,2,10.087,0.025,2,10.039,0.011,2,9.881,0.024,2,9.903,0.011,3,9.748,0.023,3,9.810,0.011,3,9.659,0.022,3,9.743,0.011,3,9.600,0.023,3,9.694,0.011,3,9.563,0.024,3,531006101351062642,0.483538,-122.7,1,10.355,0.023,10.100,0.020,5.877,0.014,3.916,0.023,1320415920,0.817074,-116.9,1,0.76,13.494,0.1180,12.693,0.1330,12.068,0.0910,0.6051502546098950,0.7902291870151460,-0.0965971083157240,102103023,9428215234740
52.5552163,-5.5433942,0.0331,0.0330,-0.0060,190.4383901,-46.5224063,48.6075390,-23.7635107,377.227,42.725,376.078,42.638,5811318074000031,58113r074-000031,74,58113r,31,10.425,0.017,63.1,123,10.290,0.017,63.3,65.2,88.9,1,0,0.00000,0.00000,0000,0000,3,AA,0,10,1.0,28.780,00,0000,0000,60325.69697521,0,,0,,22.012,4.630,0.000,48.162,4.150,0.000,1.363e+04,216,5513,87.12,7.50,7.50,10.292,0.009,0,0.260,10.078,0.013,2,0.326,11.168,0.012,0,11.052,0.018,2,10.552,0.009,0,10.404,0.013,2,10.216,0.008,2,10.044,0.013,2,10.013,0.008,2,9.829,0.013,2,9.879,0.008,3,9.692,0.014,3,9.788,0.008,3,9.601,0.014,3,9.723,0.008,3,9.539,0.016,3,9.674,0.008,3,9.495,0.018,3,531006101351062642,0.468953,56.7,1,10.355,0.023,10.100,0.020,5.877,0.014,3.916,0.023,1320415920,0.164261,25.5,2,0.39,13.494,0.1180,12.693,0.1330,12.068,0.0910,0.6051531826355800,0.7902266389621950,-0.0965996098363782,102103023,9428215235409
52.5552473,-5.5432969,0.0317,0.0325,-0.0080,190.4382985,-46.5223259,48.6075996,-23.7634250,458.690,999.603,461.071,999.198,5809918099000027,58099r099-000027,99,58099r,27,10.424,0.018,62.0,116,10.280,0.018,59.0,58.9,83.5,1,0,0.00000,0.00000,0000,0000,3,AA,0,10,1.0,72.618,00,0000,0000,60325.24556174,0,,0,,20.825,3.998,0.000,47.722,4.444,0.000,1.364e+04,219.9,5562,94.35,7.50,7.50,10.288,0.009,0,0.260,10.062,0.025,0,0.326,11.159,0.012,0,11.027,0.033,0,10.547,0.009,0,10.388,0.025,0,10.210,0.008,0,10.033,0.020,2,10.008,0.008,2,9.821,0.018,2,9.877,0.007,2,9.687,0.017,2,9.788,0.007,2,9.599,0.017,2,9.725,0.007,2,9.538,0.017,2,9.680,0.008,2,9.495,0.017,2,531006101351062642,0.295876,108.3,1,10.355,0.023,10.100,0.020,5.877,0.014,3.916,0.023,1320415920,0.205979,-168.7,2,0.53,13.494,0.1180,12.693,0.1330,12.068,0.0910,0.6051528548201840,0.7902270966229780,-0.0965979195728364,102103023,9428215235410
52.5551913,-5.5433533,0.0354,0.0296,-0.0077,190.4383206,-46.5224038,48.6075246,-23.7634646,106.194,735.320,109.533,736.409,5810718099000023,58107r099-000023,99,58107r,23,10.362,0.015,70.1,129,10.277,0.018,61.3,61.5,91.7,1,0,0.00000,0.00000,0000,0000,3,AA,0,5,0.5,86.730,00,0000,0000,60325.50354867,0,,0,,21.331,4.225,0.000,48.977,4.838,0.000,1.443e+04,205.9,5577,90.99,7.50,7.50,10.287,0.009,0,0.260,10.091,0.013,2,0.326,11.174,0.012,0,11.067,0.017,2,10.546,0.009,0,10.417,0.013,2,10.200,0.008,2,10.054,0.011,2,9.993,0.008,2,9.837,0.011,2,9.858,0.008,2,9.701,0.011,2,9.765,0.008,2,9.610,0.011,2,9.699,0.008,2,9.545,0.011,2,9.651,0.008,3,9.496,0.012,3,531006101351062642,0.494016,77.1,1,10.355,0.023,10.100,0.020,5.877,0.014,3.916,0.023,1320415920,0.160171,89.6,2,0.53,13.494,0.1180,12.693,0.1330,12.068,0.0910,0.6051535693622070,0.7902264296614170,-0.0965988993350878,102103023,9428215235411
52.5553068,-5.5433262,0.0322,0.0301,-0.0121,190.4383822,-46.5222935,48.6076536,-23.7634689,805.448,363.291,803.016,361.352,5809118099000033,58091r099-000033,99,58091r,33,10.476,0.016,69.6,141,10.123,0.020,54.2,44.5,91.8,1,0,0.00000,0.00000,0000,0000,3,AA,0,10,1.0,4.678,00,0000,0000,60324.98744741,0,,0,,21.824,4.889,0.000,47.585,5.024,0.000,1.3e+04,186.7,6430,118.7,7.50,7.50,10.282,0.009,2,0.260,10.079,0.028,2,0.326,11.167,0.013,0,11.078,0.026,2,10.542,0.009,2,10.405,0.028,2,10.200,0.009,2,10.048,0.031,2,9.996,0.008,3,9.839,0.028,3,9.865,0.008,3,9.707,0.026,3,9.774,0.008,3,9.616,0.025,3,9.710,0.008,3,9.552,0.026,3,9.663,0.009,3,9.506,0.027,3,531006101351062642,0.068884,79.5,1,10.355,0.023,10.100,0.020,5.877,0.014,3.916,0.023,1320415920,0.271415,-110.8,2,0.36,13.494,0.1180,12.693,0.1330,12.068,0.0910,0.6051520041579420,0.7902276858366970,-0.0965984285628120,102103023,9428215235417
52.5551490,-5.5432621,0.0378,0.0328,-0.0045,190.4381766,-46.5223872,48.6075066,-23.7633656,164.892,169.797,165.540,170.643,1958218177000029,19582r177-000029,177,19582r,29,10.410,0.017,63.2,110,10.265,0.019,58.2,34.1,66.5,1,0,0.00000,0.00000,0000,0000,3,AA,0,10,1.0,45.695,00,0000,0000,59070.14748659,0,,0,,27.799,3.364,0.000,116.683,6.061,0.000,1.382e+04,218.7,5644,96.9,7.50,7.50,10.267,0.018,2,0.260,10.057,0.018,0,0.326,11.131,0.028,0,11.016,0.023,0,10.526,0.018,2,10.383,0.018,0,10.198,0.014,2,10.032,0.016,0,9.998,0.012,2,9.827,0.016,2,9.866,0.011,2,9.703,0.019,2,9.774,0.011,2,9.622,0.020,2,9.709,0.011,2,9.566,0.020,2,9.662,0.011,3,9.527,0.021,3,531006101351062642,0.669676,109.0,1,10.355,0.023,10.100,0.020,5.877,0.014,3.916,0.023,1320415920,0.451957,136.4,2,0.85,13.494,0.1180,12.693,0.1330,12.068,0.0910,0.6051542462510360,0.7902261049672230,-0.0965973150386345,102103023,9428215234720
52.5551089,-5.5433900,0.0424,0.0388,-0.0082,190.4382975,-46.5224922,48.6074276,-23.7634784,870.689,92.703,866.739,90.401,1961218152000064,19612r152-000064,152,19612r,64,10.323,0.020,53.3,83.7,10.193,0.023,48.0,32,55.7,1,0,0.00000,0.00000,0000,0000,3,AA,0,10,1.0,51.295,00,0000,0000,59071.12836862,0,,0,,61.571,5.791,0.000,285.707,10.329,0.000,1.497e+04,280.7,6030,125.7,7.50,7.50,10.278,0.009,2,0.260,10.081,0.017,2,0.326,11.166,0.013,2,11.072,0.023,2,10.537,0.009,2,10.407,0.017,2,10.192,0.009,2,10.039,0.018,2,9.981,0.008,2,9.826,0.022,2,9.845,0.009,2,9.698,0.026,2,9.753,0.009,2,9.611,0.028,2,9.687,0.009,2,9.546,0.029,2,9.638,0.010,3,9.496,0.031,3,531006101351062642,0.813735,72.7,1,10.355,0.023,10.100,0.020,5.877,0.014,3.916,0.023,1320415920,0.474499,73.7,2,0.78,13.494,0.1180,12.693,0.1330,12.068,0.0910,0.6051546682067120,0.7902255102330530,-0.0965995368753678,102103023,9428215235523
52.5552300,-5.5432500,0.0358,0.0341,-0.0040,190.4382281,-46.5223137,48.6075950,-23.7633752,779.019,737.764,778.325,736.008,1959818177000031,19598r177-000031,177,19598r,31,10.439,0.018,61.2,127,10.338,0.019,56.9,57.9,88.8,1,0,0.00000,0.00000,0000,0000,3,AA,0,5,0.5,48.161,00,0000,0000,59070.67071701,0,,0,,28.241,5.053,0.000,98.851,6.881,0.000,1.345e+04,219.8,5275,92.73,7.50,7.50,10.284,0.009,2,0.260,10.042,0.030,2,0.326,11.147,0.012,0,10.981,0.032,2,10.544,0.009,2,10.368,0.030,2,10.212,0.008,2,10.033,0.050,2,10.013,0.008,3,9.833,0.089,3,9.882,0.008,3,9.706,0.098,3,9.791,0.008,3,9.621,0.094,3,9.726,0.008,3,9.564,0.090,3,9.678,0.008,3,9.524,0.088,3,531006101351062642,0.431374,127.4,1,10.355,0.023,10.100,0.020,5.877,0.014,3.916,0.023,1320415920,0.371423,176.7,2,0.71,13.494,0.1180,12.693,0.1330,12.068,0.0910,0.6051531414976390,0.7902269766793590,-0.0965971048413894,102103023,9428215234721
52.5552461,-5.5432899,0.0382,0.0379,0.0033,190.4382891,-46.5223230,48.6076004,-23.7634179,711.780,114.458,708.931,112.870,1960818152000028,19608r152-000028,152,19608r,28,10.397,0.020,55.1,93,10.210,0.019,56.1,46.4,66.9,1,0,0.00000,0.00000,0000,0000,3,AA,0,5,0.5,92.241,00,0000,0000,59070.99759280,0,,0,,32.349,5.874,0.000,113.687,6.758,0.000,1.398e+04,253.5,5937,105.9,7.50,7.50,10.262,0.030,2,0.260,10.072,0.019,2,0.326,11.166,0.028,0,11.051,0.023,0,10.522,0.030,2,10.398,0.019,2,10.175,0.027,2,10.041,0.020,2,9.971,0.024,2,9.829,0.020,2,9.837,0.025,2,9.695,0.021,2,9.746,0.027,3,9.607,0.025,3,9.680,0.028,3,9.549,0.028,3,9.630,0.028,3,9.508,0.030,3,531006101351062642,0.308696,112.5,1,10.355,0.023,10.100,0.020,5.877,0.014,3.916,0.023,1320415920,0.230025,-170.9,2,0.56,13.494,0.1180,12.693,0.1330,12.068,0.0910,0.6051528785460230,0.7902270933184909,-0.0965977979711320,102103023,9428215234721
52.5552699,-5.5432529,0.0402,0.0395,-0.0119,190.4382641,-46.5222826,48.6076361,-23.7633885,869.148,1006.560,869.081,1004.623,1961218153000029,19612r153-000029,153,19612r,29,10.306,0.020,53.6,88.3,10.296,0.026,42.4,39.8,63.3,1,0,0.00000,0.00000,0000,0000,3,AA,0,5,0.5,50.736,00,0000,0000,59071.12849598,0,,0,,56.823,5.086,0.000,271.191,14.483,6.951,1.52e+04,283.5,5481,129.2,7.50,7.50,10.299,0.009,2,0.260,10.201,0.105,2,0.326,11.176,0.012,0,11.157,0.112,2,10.559,0.009,2,10.527,0.105,2,10.224,0.008,2,10.177,0.087,2,10.021,0.008,2,9.961,0.076,2,9.888,0.008,2,9.825,0.071,2,9.796,0.008,2,9.742,0.071,2,9.732,0.008,3,9.693,0.073,3,9.686,0.008,3,9.667,0.079,3,531006101351062642,0.321120,141.5,1,10.355,0.023,10.100,0.020,5.877,0.014,3.916,0.023,1320415920,0.380282,-161.4,2,0.64,13.494,0.1180,12.693,0.1330,12.068,0.0910,0.6051525882215700,0.7902273942178190,-0.0965971552192419,102103023,9428215234734
52.5552896,-5.5431943,0.0344,0.0335,-0.0084,190.4382098,-46.5222333,48.6076736,-23.7633371,965.823,684.918,963.643,682.473,1960218177000017,19602r177-000017,177,19602r,17,10.418,0.017,64.3,143,10.355,0.020,53.1,62.7,102,1,0,0.00000,0.00000,0000,0000,3,AA,0,0,0.0,90.573,00,0000,0000,59070.80149279,0,,0,,28.197,4.700,0.000,99.930,6.099,0.000,1.371e+04,213.3,5193,97.76,7.50,7.50,10.298,0.009,0,0.260,10.047,0.021,2,0.326,11.186,0.012,0,11.024,0.024,2,10.558,0.009,0,10.373,0.021,2,10.215,0.008,0,10.018,0.020,2,10.008,0.008,0,9.809,0.020,2,9.873,0.008,0,9.678,0.020,2,9.779,0.007,0,9.591,0.024,2,9.713,0.007,1,9.531,0.028,3,9.666,0.007,1,9.488,0.030,3,531006101351062642,0.479998,164.4,1,10.355,0.023,10.100,0.020,5.877,0.014,3.916,0.023,1320415920,0.602738,-161.4,2,0.84,13.494,0.1180,12.693,0.1330,12.068,0.0910,0.6051523765849660,0.7902276807250200,-0.0965961372391390,102103023,9428215234735
52.5553291,-5.5430773,0.0421,0.0399,-0.0068,190.4381015,-46.5221349,48.6077488,-23.7632347,531.924,181.927,530.675,180.909,1960418152000026,19604r152-000026,152,19604r,26,10.628,0.021,52.0,157,10.448,0.020,54.4,61.9,105,1,0,0.00000,0.00000,0000,0000,3,AA,0,0,0.0,110.917,00,0000,0000,59070.86681699,0,,0,,28.283,4.985,0.000,104.300,5.984,0.000,1.13e+04,217.2,4767,87.59,7.50,7.50,10.360,0.023,2,0.260,10.132,0.018,2,0.326,11.290,0.037,2,11.135,0.024,0,10.619,0.023,2,10.458,0.018,2,10.245,0.020,3,10.087,0.019,3,10.018,0.020,3,9.864,0.028,3,9.872,0.018,3,9.724,0.039,3,9.772,0.018,3,9.633,0.042,3,9.702,0.018,3,9.572,0.041,3,9.652,0.017,3,9.529,0.041,3,531006101351062642,0.883524,-179.2,1,10.355,0.023,10.100,0.020,5.877,0.014,3.916,0.023,1320415920,1.047082,-161.4,1,1.25,13.494,0.1180,12.693,0.1330,12.068,0.0910,0.6051519517252720,0.7902282545252780,-0.0965941047529657,102103023,9428215234750
52.5552177,-5.5433172,0.0367,0.0327,-0.0058,190.4382988,-46.5223617,48.6075627,-23.7634368,629.155,843.438,629.807,842.355,1959418160000029,19594r160-000029,160,19594r,29,10.400,0.017,62.1,119,10.272,0.021,52.9,45.7,80.9,1,0,0.00000,0.00000,0000,0000,3,AA,0,10,1.0,15.503,00,0000,0000,59070.53994130,0,,0,,26.413,4.234,0.000,99.521,6.580,0.000,1.395e+04,224.5,5607,106,7.50,7.50,10.259,0.011,0,0.260,10.093,0.028,2,0.326,11.131,0.014,0,11.037,0.026,2,10.519,0.011,0,10.419,0.028,2,10.181,0.010,0,10.082,0.028,2,9.978,0.010,2,9.883,0.026,2,9.845,0.010,2,9.756,0.026,2,9.753,0.010,3,9.669,0.027,3,9.687,0.010,3,9.605,0.029,3,9.637,0.010,3,9.557,0.031,3,531006101351062642,0.387488,92.9,1,10.355,0.023,10.100,0.020,5.877,0.014,3.916,0.023,1320415920,0.144602,153.0,2,0.54,13.494,0.1180,12.693,0.1330,12.068,0.0910,0.6051532422566060,0.7902267568178500,-0.0965982722177710,102103023,9428215235410
52.5552599,-5.5432982,0.0353,0.0311,-0.0100,190.4383104,-46.5223163,48.6076125,-23.7634295,180.921,328.343,182.171,329.070,1959618152000028,19596r152-000028,152,19596r,28,10.393,0.015,72.2,136,10.266,0.019,58.1,40.2,87.1,1,0,0.00000,0.00000,0000,0000,3,AA,0,5,0.5,30.040,00,0000,0000,59070.60526545,0,,0,,25.729,3.846,0.000,100.250,5.390,0.000,1.403e+04,194.4,5636,96.98,7.50,7.50,10.283,0.009,0,0.260,10.069,0.031,2,0.326,11.173,0.012,0,11.032,0.044,0,10.543,0.009,0,10.395,0.031,2,10.194,0.008,0,10.045,0.025,2,9.984,0.008,3,9.836,0.023,3,9.850,0.007,3,9.702,0.023,3,9.760,0.007,3,9.613,0.024,3,9.696,0.007,3,9.552,0.026,3,9.648,0.007,3,9.509,0.030,3,531006101351062642,0.251730,110.5,1,10.355,0.023,10.100,0.020,5.877,0.014,3.916,0.023,1320415920,0.215066,-156.5,2,0.51,13.494,0.1180,12.693,0.1330,12.068,0.0910,0.6051526797075870,0.7902272279629140,-0.0965979421560099,102103023,9428215235410
52.5552156,-5.5433207,0.0373,0.0333,-0.0022,190.4383013,-46.5223654,48.6075595,-23.7634396,351.059,260.851,350.949,260.942,1960018152000030,19600r152-000030,152,19600r,30,10.390,0.016,68.6,121,10.227,0.021,52.5,37.1,77.3,1,0,0.00000,0.00000,0000,0000,3,AA,0,10,1.0,69.165,00,0000,0001,59070.73604122,0,,0,,23.817,3.343,0.000,102.195,5.957,0.000,1.407e+04,205.1,5840,111.3,7.50,7.50,10.273,0.009,0,0.260,10.073,0.027,2,0.326,11.150,0.012,0,11.037,0.043,2,10.532,0.009,0,10.399,0.027,2,10.196,0.008,0,10.050,0.022,2,9.993,0.008,1,9.841,0.020,3,9.861,0.007,3,9.708,0.020,3,9.769,0.007,3,9.623,0.020,3,9.704,0.007,3,9.566,0.021,3,9.656,0.007,3,9.527,0.025,3,531006101351062642,0.394572,91.0,1,10.355,0.023,10.100,0.020,5.877,0.014,3.916,0.023,1320415920,0.137347,147.8,2,0.54,13.494,0.1180,12.693,0.1330,12.068,0.0910,0.6051532676322300,0.7902267299529030,-0.0965983330186206,102103023,9428215235410
52.5551982,-5.5433447,0.0379,0.0375,-0.0080,190.4383159,-46.5223932,48.6075343,-23.7634582,316.578,87.039,316.009,87.194,1958618177000029,19586r177-000029,177,19586r,29,10.369,0.018,60.9,128,10.238,0.026,41.4,39.4,91.6,1,0,0.00000,0.00000,0000,0000,3,AA,0,5,0.5,23.100,00,0000,0000,59070.27826240,0,,0,,28.042,4.231,0.000,114.004,5.836,0.000,1.435e+04,235.8,5785,139.7,7.50,7.50,10.300,0.010,0,0.260,10.169,0.019,2,0.326,11.174,0.013,0,11.125,0.029,2,10.559,0.010,0,10.495,0.019,2,10.220,0.009,2,10.134,0.016,2,10.018,0.009,2,9.916,0.016,2,9.886,0.011,3,9.778,0.017,3,9.795,0.016,3,9.684,0.018,3,9.730,0.017,3,9.617,0.020,3,9.683,0.017,3,9.571,0.022,3,531006101351062642,0.463668,80.2,1,10.355,0.023,10.100,0.020,5.877,0.014,3.916,0.023,1320415920,0.138700,102.4,2,0.52,13.494,0.1180,12.693,0.1330,12.068,0.0910,0.6051534830125780,0.7902265140502580,-0.0965987499387222,102103023,9428215235411
52.5551989,-5.5433455,0.0326,0.0345,0.0049,190.4383174,-46.5223931,48.6075348,-23.7634591,315.778,1000.771,318.969,1000.964,1958618178000034,19586r178-000034,178,19586r,34,10.341,0.019,57.2,115,10.273,0.020,53.5,52.1,77.7,1,0,0.00000,0.00000,0000,0000,3,AA,0,5,0.5,22.332,00,0000,0000,59070.27838971,0,,0,,32.009,5.666,0.000,115.144,5.903,0.000,1.472e+04,257.5,5602,104.7,7.50,7.50,10.269,0.010,2,0.260,10.079,0.014,0,0.326,11.154,0.014,2,11.041,0.019,0,10.528,0.010,2,10.405,0.014,0,10.189,0.009,2,10.062,0.013,2,9.997,0.009,2,9.862,0.014,2,9.871,0.010,2,9.735,0.016,2,9.781,0.011,2,9.647,0.017,2,9.716,0.012,3,9.585,0.017,3,9.669,0.012,3,9.539,0.018,3,531006101351062642,0.461700,79.8,1,10.355,0.023,10.100,0.020,5.877,0.014,3.916,0.023,1320415920,0.135650,101.5,2,0.52,13.494,0.1180,12.693,0.1330,12.068,0.0910,0.6051534725380900,0.7902265203727580,-0.0965987638360586,102103023,9428215235411
52.5553367,-5.5433340,0.0339,0.0344,-0.0129,190.4384159,-46.5222733,48.6076827,-23.7634843,489.822,929.287,491.747,928.750,1959018178000036,19590r178-000036,178,19590r,36,10.437,0.017,62.7,125,10.326,0.021,52.3,63.2,92.5,1,0,0.00000,0.00000,0000,0000,3,AA,0,10,1.0,5.358,00,0000,0000,59070.40916549,0,,0,,26.291,4.049,0.000,102.655,7.083,0.000,1.348e+04,214.9,5333,101.9,7.50,7.50,10.252,0.009,2,0.260,10.049,0.017,2,0.326,11.125,0.012,0,10.997,0.022,0,10.512,0.009,2,10.375,0.017,2,10.183,0.008,2,10.036,0.016,2,9.984,0.008,2,9.834,0.016,2,9.852,0.008,3,9.706,0.018,3,9.761,0.009,3,9.621,0.020,3,9.696,0.010,3,9.560,0.021,3,9.649,0.011,3,9.516,0.022,3,531006101351062642,0.056643,-44.1,1,10.355,0.023,10.100,0.020,5.877,0.014,3.916,0.023,1320415920,0.367251,-100.7,2,0.33,13.494,0.1180,12.693,0.1330,12.068,0.0910,0.6051515837793801,0.7902279911965260,-0.0965985640618456,102103023,9428215235417
52.5553100,-5.5433100,0.0357,0.0300,-0.0091,190.4383654,-46.5222818,48.6076616,-23.7634541,38.463,421.533,40.999,422.833,1959218152000033,19592r152-000033,152,19592r,33,10.386,0.015,70.2,114,10.221,0.017,64.2,56.7,82.2,1,0,0.00000,0.00000,0000,0000,3,AA,0,0,0.0,6.642,00,0000,0000,59070.47448973,0,,0,,26.423,4.556,0.000,98.994,5.117,0.000,1.413e+04,201.3,5872,91.45,7.50,7.50,10.295,0.012,0,0.260,10.069,0.014,0,0.326,11.183,0.016,0,11.040,0.017,0,10.555,0.012,0,10.395,0.014,0,10.209,0.010,0,10.040,0.017,0,10.001,0.009,0,9.833,0.019,2,9.864,0.008,0,9.700,0.020,2,9.771,0.008,2,9.612,0.021,2,9.706,0.008,2,9.552,0.021,2,9.658,0.008,2,9.507,0.021,2,531006101351062642,0.072492,129.1,1,10.355,0.023,10.100,0.020,5.877,0.014,3.916,0.023,1320415920,0.307034,-120.3,2,0.42,13.494,0.1180,12.693,0.1330,12.068,0.0910,0.6051519766291870,0.7902277413192810,-0.0965981471417365,102103023,9428215235417
52.5551018,-5.5434114,0.0402,0.0454,-0.0064,190.4383174,-46.5225101,48.6074140,-23.7634971,493.765,15.048,491.802,14.406,1959018176000026,19590r176-000026,176,19590r,26,10.498,0.025,44.1,103,10.333,0.020,55.3,47.6,67.4,1,0,0.00000,0.00000,0000,0000,3,AA,0,5,0.5,6.111,00,0000,0000,59070.40903816,0,,0,,27.295,5.246,0.000,99.018,5.010,0.000,1.274e+04,288.9,5301,95.94,7.50,7.50,10.357,0.039,2,0.260,10.043,0.020,2,0.326,11.240,0.054,2,10.995,0.029,2,10.617,0.039,2,10.369,0.020,2,10.267,0.034,2,10.024,0.017,2,10.051,0.029,2,9.815,0.015,2,9.912,0.029,2,9.680,0.015,2,9.820,0.031,2,9.586,0.016,2,9.756,0.030,2,9.518,0.016,2,9.711,0.029,2,9.470,0.017,2,531006101351062642,0.863483,68.3,1,10.355,0.023,10.100,0.020,5.877,0.014,3.916,0.023,1320415920,0.524812,66.4,2,0.78,13.494,0.1180,12.693,0.1330,12.068,0.0910,0.6051547441935710,0.7902254065979319,-0.0965999086290823,102103023,9428215235523
52.5551840,-5.5432737,0.0325,0.0305,-0.0114,190.4382191,-46.5223649,48.6075399,-23.7633860,947.655,306.553,944.106,304.011,5158801165000030,51588a165-000030,165,51588a,30,10.362,0.016,69.6,143,10.159,0.019,56.6,74.1,106,1,0,0.00000,0.00000,0000,0000,3,AA,0,10,1.0,42.112,00,0000,0000,56882.58291902,0,,0,,20.234,3.588,0.000,56.046,4.457,0.000,1.442e+04,207.2,6210,109.8,7.50,7.50,10.255,0.009,2,0.257,10.098,0.013,2,0.322,11.119,0.011,0,11.062,0.017,2,10.512,0.009,2,10.420,0.013,2,10.183,0.008,2,10.067,0.013,2,9.982,0.008,3,9.854,0.015,3,9.849,0.007,3,9.717,0.016,3,9.756,0.007,3,9.625,0.017,3,9.691,0.007,3,9.560,0.017,3,9.642,0.007,3,9.512,0.018,3,531006101351062642,0.537505,109.2,1,10.355,0.023,10.100,0.020,5.877,0.014,3.916,0.023,1320415920,0.340904,146.9,2,0.73,13.494,0.1180,12.693,0.1330,12.068,0.0910,0.6051537516387040,0.7902264591077460,-0.0965975165500391,102103023,9428215234723
52.5552688,-5.5432729,0.0340,0.0301,-0.0106,190.4382872,-46.5222947,48.6076291,-23.7634075,771.674,451.900,769.845,450.100,5158401165000022,51584a165-000022,165,51584a,22,10.433,0.016,69.0,146,10.277,0.017,62.6,61.2,98.3,1,0,0.00000,0.00000,0000,0000,3,AA,0,0,0.0,10.147,00,0000,0000,56882.45137910,0,,0,,20.260,4.027,0.000,56.255,5.717,0.000,1.351e+04,195.8,5573,88.96,7.50,7.50,10.269,0.010,2,0.257,10.048,0.016,2,0.322,11.157,0.012,0,11.018,0.020,0,10.526,0.010,2,10.370,0.016,2,10.190,0.009,2,10.018,0.014,2,9.990,0.008,2,9.811,0.014,2,9.858,0.008,2,9.678,0.016,2,9.767,0.008,3,9.585,0.018,3,9.703,0.008,3,9.519,0.019,3,9.656,0.009,3,9.471,0.020,3,531006101351062642,0.271494,131.3,1,10.355,0.023,10.100,0.020,5.877,0.014,3.916,0.023,1320415920,0.311391,-157.8,2,0.58,13.494,0.1180,12.693,0.1330,12.068,0.0910,0.6051525828919390,0.7902273558289900,-0.0965975026527010,102103023,9428215234734
52.5551966,-5.5433484,0.0358,0.0298,-0.0085,190.4383190,-46.5223966,48.6075316,-23.7634613,190.932,774.333,193.955,775.043,5170502186000031,51705b186-000031,186,51705b,31,10.419,0.016,68.7,124,10.249,0.018,61.6,52,83.3,1,0,0.00000,0.00000,0000,0000,3,AA,0,10,1.0,13.258,01,0000,0000,56886.46404915,0,,0,,21.478,3.269,0.000,86.970,5.445,0.000,1.369e+04,199.3,5716,92.76,7.50,7.50,10.300,0.009,2,0.257,10.058,0.014,0,0.322,11.169,0.013,2,11.021,0.019,0,10.557,0.009,2,10.380,0.014,0,10.221,0.008,2,10.027,0.013,2,10.015,0.008,2,9.823,0.012,2,9.881,0.007,3,9.697,0.013,3,9.789,0.007,3,9.612,0.013,3,9.723,0.008,3,9.553,0.015,3,9.674,0.008,3,9.511,0.016,3,531006101351062642,0.471748,78.7,1,10.355,0.023,10.100,0.020,5.877,0.014,3.916,0.023,1320415920,0.142145,96.7,2,0.53,13.494,0.1180,12.693,0.1330,12.068,0.0910,0.6051535012871330,0.7902264921985290,-0.0965988142139030,102103023,9428215235411
52.5552147,-5.5433276,0.0366,0.0307,-0.0134,190.4383088,-46.5223700,48.6075566,-23.7634460,918.896,351.028,915.705,348.571,5328418150000020,53284r150-000020,150,53284r,20,10.426,0.017,63.7,132,10.266,0.017,62.5,64.2,90.6,1,0,0.00000,0.00000,0000,0000,3,AA,0,10,1.0,21.120,00,0000,0000,60169.56432953,0,,0,,28.534,4.688,0.000,64.242,5.333,0.000,1.362e+04,213.9,5637,90.24,7.50,7.50,10.251,0.011,2,0.260,10.079,0.014,2,0.326,11.123,0.013,2,11.046,0.018,2,10.511,0.011,2,10.405,0.014,2,10.176,0.010,3,10.048,0.014,3,9.978,0.009,3,9.838,0.020,3,9.850,0.009,3,9.707,0.027,3,9.760,0.009,3,9.619,0.031,3,9.696,0.009,3,9.557,0.034,3,9.649,0.009,3,9.510,0.035,3,531006101351062642,0.398122,87.5,1,10.355,0.023,10.100,0.020,5.877,0.014,3.916,0.023,1320415920,0.119106,140.1,2,0.52,13.494,0.1180,12.693,0.1330,12.068,0.0910,0.6051532729721830,0.7902267112111790,-0.0965984528831515,102103023,9428215235410
52.5552568,-5.5432852,0.0345,0.0314,-0.0100,190.4382922,-46.5223115,48.6076130,-23.7634162,702.777,494.702,701.531,493.204,5156902190000030,51569b190-000030,190,51569b,30,10.445,0.016,68.2,122,10.267,0.019,58.3,59.7,84.4,1,0,0.00000,0.00000,0000,0000,3,AA,0,10,1.0,69.734,00,0000,0000,56881.99092497,0,,0,,22.683,4.729,0.000,56.865,5.354,0.000,1.336e+04,195.9,5622,96.43,7.50,7.50,10.220,0.009,2,0.257,10.018,0.019,2,0.322,11.099,0.011,0,10.969,0.028,2,10.477,0.009,2,10.340,0.019,2,10.145,0.008,2,10.000,0.018,2,9.948,0.008,2,9.800,0.019,2,9.819,0.008,2,9.676,0.021,2,9.729,0.009,2,9.594,0.022,2,9.664,0.009,3,9.536,0.024,3,9.616,0.009,3,9.495,0.027,3,531006101351062642,0.281380,118.7,1,10.355,0.023,10.100,0.020,5.877,0.014,3.916,0.023,1320415920,0.255205,-163.0,2,0.55,13.494,0.1180,12.693,0.1330,12.068,0.0910,0.6051527357886570,0.7902272126220660,-0.0965977163242725,102103023,9428215234721
52.5552263,-5.5432911,0.0337,0.0326,0.0077,190.4382744,-46.5223399,48.6075793,-23.7634139,188.572,948.283,192.344,948.996,5155702191000033,51557b191-000033,191,51557b,33,10.302,0.019,55.9,116,10.270,0.018,60.8,68.3,87.4,1,0,0.00000,0.00000,0000,0000,3,AA,0,10,1.0,45.975,00,0000,0000,56881.59630501,0,,0,,22.999,4.858,0.000,55.114,3.946,0.000,1.524e+04,272.6,5605,92.23,7.50,7.50,10.262,0.013,2,0.257,10.013,0.016,2,0.322,11.163,0.019,2,10.973,0.019,2,10.519,0.013,2,10.335,0.016,2,10.174,0.011,2,9.984,0.016,2,9.973,0.010,2,9.775,0.016,2,9.840,0.010,2,9.642,0.017,2,9.747,0.010,2,9.549,0.017,2,9.681,0.010,3,9.483,0.018,3,9.635,0.010,3,9.437,0.018,3,531006101351062642,0.373893,107.7,1,10.355,0.023,10.100,0.020,5.877,0.014,3.916,0.023,1320415920,0.225534,171.1,2,0.59,13.494,0.1180,12.693,0.1330,12.068,0.0910,0.6051531503988040,0.7902268825863710,-0.0965978188171385,102103023,9428215234721
52.5554213,-5.5432764,0.0360,0.0320,0.0064,190.4384157,-46.5221713,48.6077881,-23.7634510,537.199,654.338,537.672,653.568,5156502190000030,51565b190-000030,190,51565b,30,10.294,0.017,65.3,128,10.289,0.020,53.9,53.9,90.2,1,0,0.00000,0.00000,0000,0000,3,AA,0,10,1.0,111.425,00,0000,0000,56881.85938495,0,,0,,20.217,4.050,0.000,55.746,5.041,0.000,1.536e+04,235.3,5511,102.3,7.50,7.50,10.295,0.009,2,0.257,10.136,0.019,2,0.322,11.175,0.012,2,11.093,0.023,2,10.552,0.009,2,10.458,0.019,2,10.209,0.008,2,10.093,0.017,2,10.000,0.009,2,9.871,0.017,2,9.866,0.009,2,9.731,0.019,2,9.774,0.011,2,9.642,0.021,2,9.709,0.013,3,9.583,0.022,3,9.662,0.013,3,9.539,0.024,3,531006101351062642,0.380950,-115.9,1,10.355,0.023,10.100,0.020,5.877,0.014,3.916,0.023,1320415920,0.718949,-112.6,1,0.64,13.494,0.1180,12.693,0.1330,12.068,0.0910,0.6051504760115880,0.7902289618318130,-0.0965975634535551,102103023,9428215234724
52.5551478,-5.5433393,0.0319,0.0288,-0.0089,190.4382683,-46.5224316,48.6074830,-23.7634397,869.036,346.324,866.171,344.100,5157302190000023,51573b190-000023,190,51573b,23,10.368,0.015,72.1,139,10.188,0.018,59.3,52.5,94.3,1,0,0.00000,0.00000,0000,0000,3,AA,0,10,1.0,31.638,00,0000,0000,56882.12246490,0,,0,,23.114,4.822,0.000,55.992,5.644,0.000,1.435e+04,198.9,6049,102,7.50,7.50,10.270,0.009,2,0.257,10.041,0.023,2,0.322,11.136,0.011,2,11.000,0.024,2,10.527,0.009,2,10.363,0.023,2,10.190,0.008,2,10.020,0.030,2,9.985,0.008,2,9.823,0.040,2,9.851,0.008,2,9.700,0.040,2,9.758,0.008,2,9.619,0.039,2,9.692,0.008,3,9.562,0.038,3,9.644,0.008,3,9.517,0.041,3,531006101351062642,0.640240,84.6,1,10.355,0.023,10.100,0.020,5.877,0.014,3.916,0.023,1320415920,0.319860,98.9,2,0.69,13.494,0.1180,12.693,0.1330,12.068,0.0910,0.6051541836672300,0.7902259889573350,-0.0965986561317008,102103023,9428215235408
52.5551194,-5.5433131,0.0349,0.0300,-0.0091,190.4382137,-46.5224402,48.6074608,-23.7634070,435.771,731.478,437.173,731.152,5157601166000029,51576a166-000029,166,51576a,29,10.348,0.015,71.7,135,10.179,0.021,51.9,51.2,91.8,1,0,0.00000,0.00000,0000,0000,3,AA,0,10,1.0,21.855,00,0000,0000,56882.18829853,0,,0,,21.831,4.372,0.000,55.519,4.131,0.000,1.461e+04,203.7,6097,117.4,7.50,7.50,10.252,0.008,2,0.257,10.095,0.027,2,0.322,11.125,0.011,0,11.057,0.039,2,10.509,0.008,2,10.417,0.027,2,10.175,0.008,2,10.055,0.023,2,9.976,0.007,2,9.839,0.023,2,9.848,0.007,2,9.702,0.028,18,9.760,0.008,3,9.614,0.028,19,9.697,0.009,3,9.557,0.028,19,9.650,0.010,3,9.519,0.028,19,531006101351062642,0.740014,92.7,1,10.355,0.023,10.100,0.020,5.877,0.014,3.916,0.023,1320415920,0.441799,109.0,2,0.83,13.494,0.1180,12.693,0.1330,12.068,0.0910,0.6051546022178300,0.7902257240683310,-0.0965982009939182,102103023,9428215235408
52.5551980,-5.5434017,0.0333,0.0336,0.0060,190.4383842,-46.5224255,48.6075177,-23.7635131,362.888,801.510,365.023,801.517,5156102191000029,51561b191-000029,191,51561b,29,10.413,0.017,63.0,132,10.171,0.019,58.6,47.5,85.6,1,0,0.00000,0.00000,0000,0000,3,AA,0,10,1.0,88.735,00,0000,0000,56881.72784498,0,,0,,21.579,3.741,0.000,55.234,5.233,0.000,1.376e+04,218.6,6140,104.8,7.50,7.50,10.278,0.009,2,0.257,10.022,0.016,2,0.322,11.141,0.013,2,10.974,0.022,2,10.535,0.009,2,10.344,0.016,2,10.202,0.008,2,9.994,0.014,2,10.001,0.008,2,9.784,0.013,2,9.870,0.008,2,9.651,0.012,2,9.781,0.008,2,9.564,0.013,2,9.717,0.008,3,9.506,0.014,3,9.669,0.009,3,9.463,0.015,3,531006101351062642,0.538752,58.1,1,10.355,0.023,10.100,0.020,5.877,0.014,3.916,0.023,1320415920,0.221984,37.8,2,0.45,13.494,0.1180,12.693,0.1330,12.068,0.0910,0.6051534273421471,0.7902264356398420,-0.0965997401238956,102103023,9428215235409
52.5552255,-5.5432946,0.0339,0.0294,-0.0122,190.4382780,-46.5223426,48.6075774,-23.7634170,22.841,182.962,24.269,184.511,5155302190000033,51553b190-000033,190,51553b,33,10.381,0.015,71.8,141,10.226,0.017,63.5,45.5,88.9,1,0,0.00000,0.00000,0000,0000,3,AA,0,10,1.0,12.923,00,0000,0000,56881.46463772,0,,0,,20.259,3.600,0.000,55.111,4.062,0.000,1.417e+04,197.4,5840,92.03,7.50,7.50,10.289,0.008,0,0.257,10.055,0.015,2,0.322,11.167,0.011,0,11.018,0.018,2,10.546,0.008,0,10.377,0.015,2,10.203,0.008,0,10.025,0.016,2,9.997,0.007,0,9.814,0.015,2,9.862,0.007,0,9.679,0.015,2,9.770,0.007,2,9.588,0.014,2,9.704,0.007,3,9.523,0.015,3,9.655,0.007,3,9.477,0.015,3,531006101351062642,0.373012,105.7,1,10.355,0.023,10.100,0.020,5.877,0.014,3.916,0.023,1320415920,0.213580,169.9,2,0.58,13.494,0.1180,12.693,0.1330,12.068,0.0910,0.6051531578447710,0.7902268694519380,-0.0965978796179908,102103023,9428215235410
52.5552025,-5.5433337,0.0356,0.0328,-0.0084,190.4383062,-46.5223835,48.6075420,-23.7634487,190.863,34.159,190.759,34.918,5155702190000024,51557b190-000024,190,51557b,24,10.334,0.018,59.2,114,10.214,0.018,61.4,57.1,81.1,1,0,0.00000,0.00000,0000,0000,3,AA,0,10,1.0,46.212,00,0000,0000,56881.59617770,0,,0,,20.251,3.103,0.000,55.785,4.512,0.000,1.48e+04,250.1,5902,96.07,7.50,7.50,10.277,0.009,2,0.257,10.029,0.013,2,0.322,11.136,0.011,2,10.984,0.017,2,10.534,0.009,2,10.351,0.013,2,10.206,0.008,2,10.007,0.012,2,10.005,0.008,2,9.805,0.016,2,9.870,0.009,3,9.678,0.022,3,9.776,0.009,3,9.593,0.023,3,9.709,0.009,3,9.534,0.023,3,9.660,0.009,3,9.491,0.023,3,531006101351062642,0.443218,84.9,1,10.355,0.023,10.100,0.020,5.877,0.014,3.916,0.023,1320415920,0.138694,120.1,2,0.54,13.494,0.1180,12.693,0.1330,12.068,0.0910,0.6051534349824130,0.7902265741906070,-0.0965985588503444,102103023,9428215235411
52.5553063,-5.5433260,0.0325,0.0292,-0.0062,190.4383816,-46.5222938,48.6076531,-23.7634686,603.917,590.367,603.723,589.319,5158001165000029,51580a165-000029,165,51580a,29,10.411,0.015,73.4,141,10.286,0.020,55.4,56.6,96.8,1,0,0.00000,0.00000,0000,0000,3,AA,0,10,1.0,4.298,00,0000,0001,56882.31983855,0,,0,,21.019,3.792,0.000,56.764,5.498,0.000,1.378e+04,187.8,5525,99.7,7.50,7.50,10.256,0.013,2,0.257,10.087,0.049,2,0.322,11.126,0.013,0,11.019,0.055,2,10.513,0.013,2,10.409,0.049,2,10.185,0.014,2,10.072,0.039,2,9.986,0.014,2,9.867,0.033,2,9.852,0.013,2,9.734,0.031,2,9.758,0.012,3,9.646,0.031,3,9.693,0.012,3,9.586,0.031,3,9.644,0.012,3,9.542,0.031,3,531006101351062642,0.070521,80.3,1,10.355,0.023,10.100,0.020,5.877,0.014,3.916,0.023,1320415920,0.269999,-111.1,2,0.36,13.494,0.1180,12.693,0.1330,12.068,0.0910,0.6051520112589910,0.7902276808234600,-0.0965984250884778,102103023,9428215235417
52.5553260,-5.5433172,0.0348,0.0322,-0.0065,190.4383870,-46.5222727,48.6076763,-23.7634653,258.299,883.521,261.389,883.958,5157201166000032,51572a166-000032,166,51572a,32,10.431,0.017,63.6,122,10.218,0.018,61.6,51.1,82.3,1,0,0.00000,0.00000,0000,0000,3,AA,0,10,1.0,49.069,00,0000,0000,56882.05675866,0,,0,,21.556,3.729,0.000,56.453,4.609,0.000,1.353e+04,212.7,5884,95.45,7.50,7.50,10.269,0.009,2,0.257,10.020,0.020,2,0.322,11.131,0.011,2,10.984,0.029,0,10.526,0.009,2,10.342,0.020,2,10.195,0.008,2,9.991,0.018,2,9.996,0.007,2,9.790,0.018,2,9.866,0.007,3,9.663,0.017,3,9.774,0.007,3,9.577,0.018,3,9.708,0.007,3,9.516,0.018,3,9.660,0.007,3,9.474,0.019,3,531006101351062642,0.019829,-176.9,1,10.355,0.023,10.100,0.020,5.877,0.014,3.916,0.023,1320415920,0.347284,-111.8,2,0.39,13.494,0.1180,12.693,0.1330,12.068,0.0910,0.6051517485755630,0.7902279006720020,-0.0965982722177710,102103023,9428215235417
52.5552996,-5.5433459,0.0365,0.0322,-0.0112,190.4384000,-46.5223105,48.6076404,-23.7634860,99.531,110.384,100.340,111.432,5156801165000031,51568a165-000031,165,51568a,31,10.470,0.018,59.9,128,10.231,0.017,64.5,65.3,89.5,1,0,0.00000,0.00000,0000,0000,3,AA,0,5,0.5,90.968,00,0000,0000,56881.92509132,0,,0,,21.877,3.817,0.000,56.629,4.797,0.000,1.306e+04,218.3,5813,90.06,7.50,7.50,10.296,0.012,2,0.257,10.059,0.011,0,0.322,11.180,0.015,2,11.025,0.015,0,10.553,0.012,2,10.381,0.011,0,10.208,0.010,2,10.025,0.010,0,10.001,0.009,3,9.816,0.010,3,9.865,0.009,3,9.684,0.011,3,9.771,0.008,3,9.596,0.011,3,9.703,0.008,3,9.535,0.012,3,9.655,0.009,3,9.489,0.012,3,531006101351062642,0.125386,48.2,1,10.355,0.023,10.100,0.020,5.877,0.014,3.916,0.023,1320415920,0.229318,-96.4,2,0.30,13.494,0.1180,12.693,0.1330,12.068,0.0910,0.6051520832672310,0.7902275834215160,-0.0965987707847268,102103023,9428215235421
52.5552552,-5.5433198,0.0315,0.0304,-0.0054,190.4383325,-46.5223323,48.6076013,-23.7634491,515.436,454.568,515.198,453.908,5681401112000029,56814a112-000029,112,56814a,29,10.426,0.015,72.3,125,10.244,0.017,63.8,66.1,89.9,1,0,0.00000,0.00000,0000,0000,3,AA,0,10,1.0,102.400,00,0000,0000,57054.39260488,0,,0,,24.884,4.085,0.000,55.742,5.871,0.000,1.356e+04,187.6,5782,90.7,7.50,7.50,10.248,0.008,2,0.257,10.036,0.018,2,0.322,11.118,0.010,0,10.988,0.019,0,10.505,0.008,2,10.358,0.018,2,10.174,0.008,2,10.018,0.017,2,9.973,0.008,2,9.814,0.016,2,9.842,0.008,2,9.682,0.016,2,9.751,0.008,2,9.595,0.019,2,9.687,0.008,3,9.535,0.022,3,9.639,0.008,3,9.492,0.023,3,531006101351062642,0.252829,92.4,1,10.355,0.023,10.100,0.020,5.877,0.014,3.916,0.023,1320415920,0.137906,-150.1,2,0.44,13.494,0.1180,12.693,0.1330,12.068,0.0910,0.6051527223891280,0.7902271494093230,-0.0965983173841164,102103023,9428215235410
52.5553456,-5.5432996,0.0349,0.0316,-0.0068,190.4383819,-46.5222466,48.6077020,-23.7634534,716.159,282.504,713.993,280.941,5681001111000031,56810a111-000031,111,56810a,31,10.354,0.016,67.6,130,10.212,0.019,55.7,45.8,84.5,1,0,0.00000,0.00000,0000,0000,3,AA,0,10,1.0,93.946,00,0000,0000,57054.26119184,0,,0,,23.858,4.530,0.000,55.904,5.311,0.000,1.45e+04,214.5,5959,106.9,7.50,7.50,10.254,0.008,2,0.257,10.033,0.030,2,0.322,11.129,0.010,0,10.984,0.046,0,10.511,0.008,2,10.355,0.030,2,10.176,0.008,2,10.011,0.023,2,9.974,0.007,2,9.803,0.020,2,9.842,0.007,2,9.670,0.019,2,9.752,0.007,2,9.581,0.018,2,9.687,0.008,3,9.518,0.019,3,9.641,0.009,3,9.474,0.020,3,531006101351062642,0.109544,-139.4,1,10.355,0.023,10.100,0.020,5.877,0.014,3.916,0.023,1320415920,0.437243,-116.1,2,0.46,13.494,0.1180,12.693,0.1330,12.068,0.0910,0.6051514962917010,0.7902281312434720,-0.0965979664763505,102103023,9428215235417
52.5553530,-5.5433767,0.0384,0.0352,-0.0083,190.4384805,-46.5222840,48.6076875,-23.7635297,918.924,115.415,914.746,113.014,5680601111000028,56806a111-000028,111,56806a,28,10.206,0.019,57.9,101,10.218,0.019,56.3,42.9,70.7,1,0,0.00000,0.00000,0000,0000,3,AA,0,10,1.0,51.710,00,0000,0000,57054.12977884,0,,0,,22.335,3.845,0.000,55.224,4.633,0.000,1.66e+04,286.6,5923,105.3,7.50,7.50,10.192,0.009,2,0.257,10.025,0.013,2,0.322,11.056,0.013,0,10.989,0.018,2,10.449,0.009,2,10.347,0.013,2,10.122,0.008,2,9.994,0.011,2,9.924,0.008,2,9.784,0.011,2,9.794,0.008,2,9.647,0.011,2,9.704,0.008,2,9.554,0.011,2,9.641,0.008,2,9.489,0.014,2,9.595,0.008,3,9.446,0.018,3,531006101351062642,0.217624,-26.7,1,10.355,0.023,10.100,0.020,5.877,0.014,3.916,0.023,1320415920,0.427824,-78.5,2,0.21,13.494,0.1180,12.693,0.1330,12.068,0.0910,0.6051513151983640,0.7902281061987320,-0.0965993058321646,102103023,9428215235419
52.5551476,-5.5432473,0.0330,0.0300,-0.0091,190.4381577,-46.5223800,48.6075094,-23.7633509,128.736,177.796,129.609,178.873,1334518018000035,13345r018-000035,18,13345r,35,10.300,0.017,64.9,103,10.168,0.016,66.3,48.5,71,1,0,0.00000,0.00000,0000,0000,3,AA,0,10,1.0,54.040,00,0000,0000,58866.19688032,0,,0,,15.318,3.274,0.000,44.267,4.040,0.000,1.529e+04,235.5,6169,93,7.50,7.50,10.295,0.010,2,0.260,10.007,0.013,0,0.326,11.185,0.012,2,10.963,0.016,0,10.555,0.010,2,10.333,0.013,0,10.212,0.009,2,9.984,0.013,0,10.003,0.008,2,9.775,0.015,2,9.869,0.008,2,9.645,0.015,2,9.779,0.008,2,9.558,0.017,2,9.716,0.008,3,9.496,0.018,3,9.670,0.008,3,9.452,0.020,3,531006101351062642,0.693491,113.0,1,10.355,0.023,10.100,0.020,5.877,0.014,3.916,0.023,1320415920,0.495103,140.2,2,0.89,13.494,0.1180,12.693,0.1330,12.068,0.0910,0.6051542807305930,0.7902261099907960,-0.0965970579378712,102103023,9428215234720
52.5552309,-5.5432999,0.0344,0.0309,-0.0090,190.4382888,-46.5223411,48.6075816,-23.7634236,453.908,264.108,453.277,263.616,4223018172000025,42230r172-000025,172,42230r,25,10.410,0.015,71.6,135,10.060,0.021,52.4,31.8,85.6,1,0,0.00000,0.00000,0000,0000,3,AA,0,5,0.5,71.107,00,0000,0000,59810.05085436,0,,0,,26.808,3.995,0.000,84.930,5.701,0.000,1.382e+04,192.9,6814,130.1,7.50,7.50,10.275,0.009,0,0.260,10.171,0.021,2,0.326,11.160,0.013,0,11.178,0.026,2,10.534,0.009,0,10.497,0.021,2,10.187,0.008,2,10.115,0.019,2,9.979,0.008,2,9.889,0.019,2,9.844,0.008,2,9.749,0.021,2,9.753,0.007,2,9.655,0.022,2,9.690,0.008,3,9.592,0.023,3,9.644,0.008,3,9.547,0.025,3,531006101351062642,0.349460,103.6,1,10.355,0.023,10.100,0.020,5.877,0.014,3.916,0.023,1320415920,0.192031,174.5,2,0.56,13.494,0.1180,12.693,0.1330,12.068,0.0910,0.6051530779348619,0.7902269193919910,-0.0965979716878521,102103023,9428215235410
52.5552154,-5.5432645,0.0337,0.0312,-0.0082,190.4382336,-46.5223339,48.6075755,-23.7633853,542.549,259.776,541.291,259.023,5326218174000030,53262r174-000030,174,53262r,30,10.313,0.017,64.3,117,10.324,0.018,59.9,43.3,75.4,1,0,0.00000,0.00000,0000,0000,3,AA,0,5,0.5,107.981,00,0000,0000,60168.85136473,0,,0,,28.852,5.585,0.000,64.592,5.410,0.000,1.51e+04,234.9,5342,89.25,7.50,7.50,10.292,0.010,2,0.260,10.085,0.042,2,0.326,11.187,0.013,2,11.052,0.057,0,10.551,0.010,2,10.411,0.042,2,10.215,0.009,2,10.054,0.033,2,10.010,0.009,2,9.837,0.029,2,9.873,0.009,2,9.699,0.027,2,9.777,0.010,3,9.609,0.026,3,9.706,0.011,3,9.546,0.026,3,9.655,0.011,3,9.503,0.027,3,531006101351062642,0.447325,117.9,1,10.355,0.023,10.100,0.020,5.877,0.014,3.916,0.023,1320415920,0.327039,167.0,2,0.69,13.494,0.1180,12.693,0.1330,12.068,0.0910,0.6051533279985720,0.7902268030666290,-0.0965973567306496,102103023,9428215234721
52.5552013,-5.5432906,0.0362,0.0337,-0.0158,190.4382535,-46.5223602,48.6075532,-23.7634068,95.807,165.272,96.817,166.388,5326418150000029,53264r150-000029,150,53264r,29,10.366,0.016,68.4,133,10.208,0.019,56.4,50.3,89.5,1,0,0.00000,0.00000,0000,0000,3,AA,0,5,0.5,113.105,00,0000,0000,60168.91617969,0,,0,,25.671,3.607,0.000,64.527,4.673,0.000,1.439e+04,210.3,5946,105.3,7.50,7.50,10.286,0.010,0,0.260,10.072,0.022,2,0.326,11.173,0.015,0,11.049,0.031,2,10.545,0.010,0,10.398,0.022,2,10.205,0.009,2,10.036,0.019,2,10.000,0.008,2,9.821,0.018,2,9.866,0.008,2,9.687,0.018,2,9.775,0.010,2,9.600,0.017,2,9.712,0.014,2,9.539,0.017,2,9.668,0.016,2,9.496,0.018,2,531006101351062642,0.460482,104.5,1,10.355,0.023,10.100,0.020,5.877,0.014,3.916,0.023,1320415920,0.256754,151.0,2,0.64,13.494,0.1180,12.693,0.1330,12.068,0.0910,0.6051534957127960,0.7902266192076930,-0.0965978101313025,102103023,9428215234721
52.5551046,-5.5433213,0.0357,0.0333,-0.0101,190.4382115,-46.5224570,48.6074429,-23.7634110,877.556,337.887,874.563,335.642,5327018175000022,53270r175-000022,175,53270r,22,10.377,0.018,61.3,103,10.263,0.017,62.5,62.3,78.2,1,0,0.00000,0.00000,0000,0000,3,AA,0,10,1.0,51.459,00,0000,0000,60169.11062505,0,,0,,25.843,4.187,0.000,65.260,5.660,0.000,1.424e+04,232.3,5652,90.45,7.50,7.50,10.272,0.009,2,0.260,10.027,0.032,2,0.326,11.153,0.012,0,10.997,0.033,0,10.532,0.009,2,10.353,0.032,2,10.190,0.008,2,9.994,0.030,2,9.987,0.008,3,9.786,0.027,3,9.858,0.007,3,9.659,0.026,3,9.769,0.008,3,9.578,0.025,3,9.707,0.008,3,9.521,0.025,3,9.661,0.009,3,9.476,0.025,3,531006101351062642,0.792254,90.4,1,10.355,0.023,10.100,0.020,5.877,0.014,3.916,0.023,1320415920,0.484461,103.6,2,0.86,13.494,0.1180,12.693,0.1330,12.068,0.0910,0.6051547979345270,0.7902255567755050,-0.0965983434416233,102103023,9428215235520
52.5551506,-5.5432153,0.0400,0.0442,-0.0202,190.4381217,-46.5223595,48.6075218,-23.7633208,431.307,127.495,430.133,127.268,5327218156000023,53272r156-000023,156,53272r,23,10.429,0.022,50.3,99.1,10.303,0.020,54.7,56.3,72.3,1,0,0.00000,0.00000,0000,0000,3,AA,0,5,0.5,35.802,00,0000,0000,60169.17493064,0,,0,,28.268,4.375,0.000,66.447,4.622,0.000,1.358e+04,270.1,5446,99.57,7.50,7.50,10.278,0.253,2,0.260,10.086,0.024,0,0.326,11.120,0.245,2,11.057,0.035,0,10.538,0.253,2,10.412,0.024,0,10.217,0.204,2,10.052,0.021,2,10.021,0.170,2,9.839,0.020,2,9.889,0.151,2,9.706,0.021,2,9.798,0.139,3,9.619,0.021,3,9.734,0.131,3,9.559,0.021,3,9.687,0.125,3,9.517,0.021,3,531006101351062642,0.736978,121.6,1,10.355,0.023,10.100,0.020,5.877,0.014,3.916,0.023,1320415920,0.582560,148.3,2,0.97,13.494,0.1180,12.693,0.1330,12.068,0.0910,0.6051542721558050,0.7902261845094620,-0.0965965020443069,102103023,9428215234723
52.5552755,-5.5432661,0.0395,0.0373,-0.0138,190.4382845,-46.5222854,48.6076381,-23.7634027,607.530,284.779,605.984,283.719,5327618150000028,53276r150-000028,150,53276r,28,10.382,0.022,49.0,104,10.165,0.019,57.5,47.4,68.9,1,0,0.00000,0.00000,0000,0000,3,AA,0,5,0.5,15.731,00,0000,0001,60169.30506979,0,,0,,29.750,5.915,0.000,64.584,6.183,0.000,1.418e+04,289.5,6188,107.5,7.50,7.50,10.381,0.015,2,0.260,10.097,0.020,2,0.326,11.265,0.023,2,11.072,0.026,2,10.641,0.015,2,10.423,0.020,2,10.294,0.013,2,10.059,0.018,2,10.079,0.013,2,9.842,0.017,2,9.941,0.013,3,9.707,0.017,3,9.848,0.013,3,9.620,0.018,3,9.783,0.013,3,9.562,0.019,3,9.735,0.018,3,9.519,0.021,3,531006101351062642,0.271796,138.6,1,10.355,0.023,10.100,0.020,5.877,0.014,3.916,0.023,1320415920,0.343367,-155.7,2,0.59,13.494,0.1180,12.693,0.1330,12.068,0.0910,0.6051524974553870,0.7902274356958090,-0.0965973845253262,102103023,9428215234734
52.5550915,-5.5432503,0.0412,0.0372,-0.0061,190.4381156,-46.5224278,48.6074497,-23.7633391,751.331,317.422,749.141,315.584,5328018150000026,53280r150-000026,150,53280r,26,10.404,0.020,53.8,142,10.465,0.021,50.9,78.4,101,1,0,0.00000,0.00000,0000,0000,3,AA,0,0,0.0,3.241,00,0000,0001,60169.43469972,0,,0,,24.310,4.341,0.000,64.378,5.868,0.000,1.39e+04,258.4,4692,92.1,7.50,7.50,10.412,0.011,2,0.260,10.209,0.021,2,0.326,11.347,0.016,2,11.217,0.023,2,10.672,0.011,2,10.535,0.021,2,10.292,0.010,3,10.147,0.027,3,10.058,0.009,3,9.913,0.032,3,9.909,0.010,3,9.765,0.033,3,9.810,0.010,3,9.666,0.033,3,9.741,0.010,3,9.595,0.033,3,9.689,0.011,3,9.542,0.034,3,531006101351062642,0.878722,107.3,1,10.355,0.023,10.100,0.020,5.877,0.014,3.916,0.023,1320415920,0.636220,125.5,2,1.03,13.494,0.1180,12.693,0.1330,12.068,0.0910,0.6051550513890240,0.7902255134502910,-0.0965971100528914,102103023,9428215234752
52.5551634,-5.5433116,0.0362,0.0328,-0.0114,190.4382478,-46.5224032,48.6075074,-23.7634171,210.024,204.699,210.539,205.366,5325418174000029,53254r174-000029,174,53254r,29,10.457,0.017,65.6,120,10.257,0.018,60.9,51.7,81.6,1,0,0.00000,0.00000,0000,0000,3,AA,0,10,1.0,27.486,00,0000,0000,60168.59210505,0,,0,,25.820,3.910,0.000,64.453,4.805,0.000,1.323e+04,201.6,5685,93.34,7.50,7.50,10.294,0.009,0,0.260,10.057,0.019,2,0.326,11.174,0.012,0,11.020,0.020,0,10.553,0.009,0,10.383,0.019,2,10.211,0.008,0,10.037,0.019,2,10.003,0.008,0,9.834,0.019,2,9.867,0.008,0,9.702,0.018,2,9.773,0.008,0,9.609,0.019,2,9.706,0.008,2,9.541,0.020,2,9.657,0.008,2,9.490,0.023,2,531006101351062642,0.582919,93.9,1,10.355,0.023,10.100,0.020,5.877,0.014,3.916,0.023,1320415920,0.299808,119.8,2,0.69,13.494,0.1180,12.693,0.1330,12.068,0.0910,0.6051539969054460,0.7902261908012910,-0.0965981749364109,102103023,9428215235408
52.5551540,-5.5433085,0.0350,0.0325,-0.0070,190.4382364,-46.5224092,48.6074984,-23.7634116,269.419,203.357,269.668,203.664,5326818150000030,53268r150-000030,150,53268r,30,10.412,0.016,69.4,132,10.310,0.019,56.0,54.6,92.3,1,0,0.00000,0.00000,0000,0000,3,AA,0,5,0.5,71.920,00,0000,0000,60169.04580957,0,,0,,28.503,4.678,0.000,64.853,5.343,0.000,1.379e+04,198.7,5413,96.59,7.50,7.50,10.281,0.010,0,0.260,10.127,0.018,2,0.326,11.166,0.013,0,11.105,0.025,2,10.540,0.010,0,10.453,0.018,2,10.197,0.009,2,10.086,0.018,2,9.990,0.008,2,9.863,0.021,2,9.854,0.008,3,9.718,0.022,3,9.761,0.008,3,9.622,0.025,3,9.695,0.008,3,9.556,0.027,3,9.645,0.008,3,9.509,0.028,3,531006101351062642,0.617349,94.7,1,10.355,0.023,10.100,0.020,5.877,0.014,3.916,0.023,1320415920,0.334655,118.6,2,0.73,13.494,0.1180,12.693,0.1330,12.068,0.0910,0.6051541297283730,0.7902260956686330,-0.0965981210842291,102103023,9428215235408
52.5552104,-5.5432946,0.0345,0.0301,-0.0121,190.4382657,-46.5223550,48.6075616,-23.7634131,39.606,178.235,40.970,179.634,5325018174000037,53250r174-000037,174,53250r,37,10.404,0.016,69.1,121,10.209,0.017,63.0,48.7,81.4,1,0,0.00000,0.00000,0000,0000,3,AA,0,10,1.0,3.983,00,0000,0000,60168.46247521,0,,0,,28.261,4.517,0.000,65.741,4.523,0.000,1.389e+04,200.8,5943,94.3,7.50,7.50,10.274,0.009,2,0.260,10.059,0.015,0,0.326,11.154,0.012,0,11.026,0.017,0,10.534,0.009,2,10.385,0.015,0,10.196,0.008,2,10.037,0.018,2,9.991,0.007,2,9.834,0.020,2,9.855,0.007,2,9.704,0.020,2,9.762,0.008,2,9.616,0.020,2,9.694,0.009,2,9.552,0.020,2,9.644,0.009,2,9.507,0.020,2,531006101351062642,0.425343,103.8,1,10.355,0.023,10.100,0.020,5.877,0.014,3.916,0.023,1320415920,0.229380,156.4,2,0.62,13.494,0.1180,12.693,0.1330,12.068,0.0910,0.6051533661048670,0.7902267099669920,-0.0965978796179908,102103023,9428215235410
52.5551972,-5.5433411,0.0410,0.0361,-0.0154,190.4383108,-46.5223920,48.6075343,-23.7634544,714.174,300.175,712.054,298.630,5326618174000026,53266r174-000026,174,53266r,26,10.320,0.019,57.1,92.8,10.307,0.020,54.7,53.8,69.8,1,0,0.00000,0.00000,0000,0000,3,AA,0,10,1.0,92.683,00,0000,0000,60168.98099463,0,,0,,28.331,5.386,0.000,65.757,5.982,0.000,1.5e+04,263,5427,99.25,7.50,7.50,10.293,0.017,2,0.260,10.116,0.016,2,0.326,11.181,0.023,2,11.079,0.021,2,10.552,0.017,2,10.442,0.016,2,10.209,0.018,2,10.085,0.015,2,10.008,0.018,3,9.873,0.016,3,9.875,0.017,3,9.742,0.016,3,9.784,0.016,3,9.653,0.017,3,9.719,0.015,3,9.590,0.019,3,9.670,0.015,3,9.545,0.021,3,531006101351062642,0.465177,81.8,1,10.355,0.023,10.100,0.020,5.877,0.014,3.916,0.023,1320415920,0.145478,107.1,2,0.53,13.494,0.1180,12.693,0.1330,12.068,0.0910,0.6051535004948549,0.7902265083071330,-0.0965986874007080,102103023,9428215235411
52.5553006,-5.5433549,0.0353,0.0321,0.0059,190.4384116,-46.5223148,48.6076388,-23.7634949,376.177,225.340,375.813,225.301,5325818174000026,53258r174-000026,174,53258r,26,10.430,0.017,65.1,114,10.274,0.018,60.5,58.4,83.1,1,0,0.00000,0.00000,0000,0000,3,AA,0,10,1.0,66.882,00,0000,0000,60168.72173490,0,,0,,26.663,4.344,0.000,64.761,6.205,0.000,1.357e+04,208.4,5596,92.46,7.50,7.50,10.276,0.009,0,0.260,10.078,0.025,2,0.326,11.149,0.013,0,11.035,0.021,2,10.536,0.009,0,10.404,0.025,2,10.201,0.008,1,10.055,0.026,3,9.998,0.008,1,9.850,0.024,3,9.862,0.008,1,9.719,0.022,3,9.769,0.008,3,9.632,0.021,3,9.703,0.008,3,9.572,0.022,3,9.654,0.008,3,9.528,0.023,3,531006101351062642,0.146718,37.8,1,10.355,0.023,10.100,0.020,5.877,0.014,3.916,0.023,1320415920,0.231573,-88.3,2,0.26,13.494,0.1180,12.693,0.1330,12.068,0.0910,0.6051520602496110,0.7902275819363880,-0.0965989271297602,102103023,9428215235421
52.5551828,-5.5433403,0.0327,0.0316,-0.0082,190.4382981,-46.5224034,48.6075195,-23.7634499,599.535,746.210,600.001,745.152,4686318100000026,46863r100-000026,100,46863r,26,10.407,0.017,65.4,124,10.384,0.018,62.0,67.5,94,1,0,0.00000,0.00000,0000,0000,3,AA,0,10,1.0,9.922,00,0000,0000,59961.01663139,0,,0,,17.596,3.660,0.000,44.650,5.153,0.000,1.385e+04,211.9,5056,81.56,7.50,7.50,10.266,0.010,0,0.260,10.019,0.016,2,0.326,11.141,0.013,0,10.972,0.019,2,10.526,0.010,0,10.345,0.016,2,10.191,0.009,2,10.007,0.018,2,9.991,0.009,2,9.808,0.019,2,9.861,0.009,2,9.684,0.019,2,9.772,0.009,2,9.601,0.019,2,9.709,0.010,3,9.544,0.019,5,9.662,0.010,3,9.502,0.020,3,531006101351062642,0.515939,82.9,1,10.355,0.023,10.100,0.020,5.877,0.014,3.916,0.023,1320415920,0.196030,103.5,2,0.58,13.494,0.1180,12.693,0.1330,12.068,0.0910,0.6051536999204690,0.7902263572862880,-0.0965986735033715,102103023,9428215235411
52.5553003,-5.5433100,0.0353,0.0312,-0.0104,190.4383575,-46.5222897,48.6076514,-23.7634516,260.900,461.342,262.154,461.828,4687118100000028,46871r100-000028,100,46871r,28,10.379,0.015,72.9,120,10.220,0.020,54.6,45.5,82.5,1,0,0.00000,0.00000,0000,0000,3,AA,0,10,1.0,83.855,00,0000,0000,59961.27703843,0,,0,,17.864,3.643,0.000,45.672,4.873,0.000,1.422e+04,195.1,5883,107.7,7.50,7.50,10.275,0.009,0,0.260,10.052,0.021,2,0.326,11.155,0.012,0,11.012,0.028,0,10.535,0.009,0,10.378,0.021,2,10.196,0.008,0,10.034,0.019,2,9.992,0.007,2,9.827,0.019,2,9.859,0.007,2,9.693,0.020,2,9.767,0.007,2,9.603,0.021,2,9.702,0.007,2,9.543,0.024,2,9.655,0.007,3,9.502,0.025,3,531006101351062642,0.101851,116.7,1,10.355,0.023,10.100,0.020,5.877,0.014,3.916,0.023,1320415920,0.277572,-123.9,2,0.42,13.494,0.1180,12.693,0.1330,12.068,0.0910,0.6051521104123150,0.7902276388688930,-0.0965981471417365,102103023,9428215235417
52.5551922,-5.5432964,0.0367,0.0373,0.0126,190.4382530,-46.5223710,48.6075420,-23.7634100,651.542,25.709,648.798,24.279,4197818176000028,41978r176-000028,176,41978r,28,10.534,0.019,56.1,138,10.393,0.018,61.0,73.2,99.4,1,0,0.00000,0.00000,0000,0000,3,AA,0,0,0.0,102.592,00,0000,0000,59801.83247985,0,,0,,26.526,5.266,0.000,63.719,5.728,0.000,1.232e+04,219.7,5013,82.24,7.50,7.50,10.320,0.012,2,0.260,9.274,,32,0.326,11.238,0.015,2,10.000,,32,10.579,0.012,2,9.600,,32,10.211,0.010,2,10.024,0.427,2,9.992,0.011,2,9.800,0.348,2,9.852,0.012,2,9.661,0.306,2,9.759,0.013,2,9.571,0.282,2,9.694,0.013,3,9.507,0.266,3,9.648,0.014,3,9.459,0.255,3,531006101351062642,0.487632,101.2,1,10.355,0.023,10.100,0.020,5.877,0.014,3.916,0.023,1320415920,0.257195,142.4,2,0.66,13.494,0.1180,12.693,0.1330,12.068,0.0910,0.6051536152751950,0.7902265153306540,-0.0965979108870004,102103023,9428215235410
52.5552802,-5.5433310,0.0359,0.0322,-0.0091,190.4383663,-46.5223181,48.6076243,-23.7634665,155.266,260.789,156.435,261.607,4196618176000029,41966r176-000029,176,41966r,29,10.417,0.015,71.4,136,10.257,0.019,58.0,56.8,92.4,1,0,0.00000,0.00000,0000,0000,3,AA,0,5,0.5,6.290,00,0000,0000,59801.44117102,0,,0,,23.026,3.711,0.000,63.766,6.068,0.000,1.372e+04,192.4,5685,98.06,7.50,7.50,10.274,0.009,0,0.260,10.081,0.015,2,0.326,11.162,0.012,0,11.045,0.021,2,10.533,0.009,0,10.407,0.015,2,10.189,0.008,0,10.051,0.014,2,9.982,0.007,0,9.839,0.014,2,9.847,0.007,0,9.705,0.015,2,9.755,0.007,2,9.617,0.017,2,9.689,0.007,2,9.557,0.021,2,9.642,0.007,3,9.517,0.023,3,531006101351062642,0.165749,79.6,1,10.355,0.023,10.100,0.020,5.877,0.014,3.916,0.023,1320415920,0.177075,-116.6,2,0.37,13.494,0.1180,12.693,0.1330,12.068,0.0910,0.6051523661067960,0.7902273984651530,-0.0965985119468329,102103023,9428215235421
52.5552830,-5.5433828,0.0334,0.0343,-0.0045,190.4384308,-46.5223450,48.6076123,-23.7635172,493.310,405.428,492.967,404.856,4197418176000029,41974r176-000029,176,41974r,29,10.360,0.016,69.5,145,10.278,0.019,56.8,54.7,96,1,0,0.00000,0.00000,0000,0000,3,AA,0,5,0.5,60.441,00,0000,0000,59801.70208600,0,,0,,24.611,4.214,0.000,63.113,7.337,0.000,1.447e+04,208.1,5573,98.03,7.50,7.50,10.257,0.009,2,0.260,10.026,0.017,2,0.326,11.130,0.012,2,10.983,0.025,0,10.517,0.009,2,10.352,0.017,2,10.177,0.008,2,10.015,0.015,2,9.971,0.008,2,9.818,0.014,2,9.839,0.007,2,9.693,0.015,2,9.747,0.007,2,9.609,0.015,2,9.682,0.007,3,9.548,0.017,3,9.634,0.008,3,9.504,0.018,3,531006101351062642,0.264992,35.3,1,10.355,0.023,10.100,0.020,5.877,0.014,3.916,0.023,1320415920,0.199676,-57.5,2,0.20,13.494,0.1180,12.693,0.1330,12.068,0.0910,0.6051522743907670,0.7902273587010910,-0.0965994117993487,102103023,9428215235421
52.5552751,-5.5433036,0.0350,0.0322,-0.0062,190.4383292,-46.5223069,48.6076269,-23.7634388,231.188,756.689,233.849,757.259,4198018152000030,41980r152-000030,152,41980r,30,10.420,0.015,70.5,120,10.188,0.020,53.7,43.2,81.5,1,0,0.00000,0.00000,0000,0000,3,AA,0,10,1.0,120.840,00,0000,0000,59801.89780414,0,,0,,24.243,3.872,0.000,62.890,5.527,0.000,1.369e+04,194.2,6055,112.8,7.50,7.50,10.269,0.009,0,0.260,10.095,0.027,2,0.326,11.140,0.012,0,11.074,0.034,2,10.529,0.009,0,10.421,0.027,2,10.194,0.008,0,10.063,0.026,2,9.992,0.008,0,9.852,0.024,2,9.859,0.008,0,9.718,0.025,2,9.767,0.008,1,9.630,0.032,3,9.701,0.008,3,9.570,0.035,3,9.651,0.008,3,9.524,0.035,3,531006101351062642,0.193909,110.8,1,10.355,0.023,10.100,0.020,5.877,0.014,3.916,0.023,1320415920,0.226397,-141.8,2,0.47,13.494,0.1180,12.693,0.1330,12.068,0.0910,0.6051524645328660,0.7902273812757200,-0.0965980359630378,102103023,9428215235421
52.5552745,-5.5433626,0.0336,0.0338,-0.0083,190.4383996,-46.5223406,48.6076092,-23.7634955,563.763,907.831,565.190,906.967,4198818156000033,41988r156-000033,156,41988r,33,10.373,0.019,57.9,109,10.244,0.019,58.0,59,77.1,1,0,0.00000,0.00000,0000,0000,3,AA,0,5,0.5,40.223,00,0000,0000,59802.15871983,0,,0,,22.453,3.530,0.000,62.734,5.298,0.000,1.43e+04,246.9,5753,99.26,7.50,7.50,10.281,0.012,2,0.260,10.043,0.020,0,0.326,11.154,0.018,2,10.999,0.027,0,10.541,0.012,2,10.369,0.020,0,10.203,0.010,2,10.017,0.018,0,9.997,0.009,2,9.809,0.017,2,9.863,0.009,2,9.681,0.016,2,9.769,0.009,2,9.598,0.016,2,9.701,0.009,2,9.541,0.019,2,9.651,0.009,3,9.502,0.021,3,531006101351062642,0.233001,51.9,1,10.355,0.023,10.100,0.020,5.877,0.014,3.916,0.023,1320415920,0.142215,-75.9,2,0.28,13.494,0.1180,12.693,0.1330,12.068,0.0910,0.6051524123296720,0.7902272959639119,-0.0965990608916203,102103023,9428215235421
52.5550915,-5.5433081,0.0368,0.0328,-0.0132,190.4381850,-46.5224604,48.6074330,-23.7633948,823.527,557.604,821.770,555.599,4198218177000020,41982r177-000020,177,41982r,20,10.440,0.017,64.4,132,10.303,0.020,53.0,73,98.9,1,0,0.00000,0.00000,0000,0000,3,AA,0,0,0.0,100.576,00,0000,0001,59801.96300102,0,,0,,25.749,5.242,0.000,63.557,6.310,0.000,1.344e+04,208.7,5446,102.8,7.50,7.50,10.321,0.009,0,0.260,10.087,0.021,2,0.326,11.218,0.012,0,11.060,0.023,2,10.581,0.009,0,10.413,0.021,2,10.225,0.008,0,10.059,0.020,2,10.009,0.009,2,9.849,0.019,2,9.868,0.011,2,9.712,0.021,2,9.771,0.016,3,9.618,0.021,3,9.704,0.017,3,9.551,0.022,3,9.655,0.018,3,9.500,0.029,3,531006101351062642,0.840821,93.6,1,10.355,0.023,10.100,0.020,5.877,0.014,3.916,0.023,1320415920,0.542412,107.3,2,0.92,13.494,0.1180,12.693,0.1330,12.068,0.0910,0.6051549921409860,0.7902254360828280,-0.0965981141355604,102103023,9428215235488
52.5552817,-5.5432892,0.0334,0.0329,-0.0019,190.4383173,-46.5222933,48.6076379,-23.7634266,342.906,21.192,341.878,21.264,3571318077000034,35713r077-000034,77,35713r,34,10.398,0.018,59.5,117,10.260,0.017,64.1,55.7,82.2,1,0,0.00000,0.00000,0000,0000,3,AA,0,10,1.0,105.458,00,0000,0000,59597.35599988,0,,0,,16.141,3.885,0.000,44.990,3.894,0.000,1.397e+04,234.7,5668,88.4,7.50,7.50,10.249,0.010,0,0.260,10.054,0.022,2,0.326,11.125,0.015,0,11.029,0.025,0,10.508,0.010,0,10.380,0.022,2,10.171,0.009,2,10.029,0.020,2,9.968,0.008,2,9.827,0.019,2,9.836,0.008,2,9.700,0.019,2,9.744,0.008,2,9.615,0.019,2,9.679,0.008,2,9.556,0.019,2,9.630,0.008,3,9.514,0.019,3,531006101351062642,0.198496,127.4,1,10.355,0.023,10.100,0.020,5.877,0.014,3.916,0.023,1320415920,0.282077,-144.5,2,0.51,13.494,0.1180,12.693,0.1330,12.068,0.0910,0.6051523882659410,0.7902274702593221,-0.0965977858109615,102103023,9428215234726
52.5552053,-5.5433184,0.0338,0.0349,0.0046,190.4382901,-46.5223726,48.6075494,-23.7634347,516.184,73.740,514.353,73.057,3570918077000037,35709r077-000037,77,35709r,37,10.455,0.018,59.6,109,10.281,0.018,61.4,53.3,75.6,1,0,0.00000,0.00000,0000,0000,3,AA,0,10,1.0,64.270,00,0000,0000,59597.22535100,0,,0,,18.368,4.281,0.000,45.452,4.273,0.000,1.326e+04,222.5,5558,90.59,7.50,7.50,10.260,0.010,2,0.260,10.056,0.018,2,0.326,11.132,0.013,0,11.021,0.024,0,10.519,0.010,2,10.382,0.018,2,10.188,0.009,2,10.032,0.015,2,9.986,0.008,2,9.822,0.013,2,9.856,0.008,2,9.689,0.013,2,9.768,0.008,2,9.600,0.013,2,9.705,0.008,2,9.542,0.015,2,9.659,0.008,3,9.504,0.016,3,531006101351062642,0.431691,92.1,1,10.355,0.023,10.100,0.020,5.877,0.014,3.916,0.023,1320415920,0.166180,138.6,2,0.56,13.494,0.1180,12.693,0.1330,12.068,0.0910,0.6051534120480530,0.7902266242438080,-0.0965982930637766,102103023,9428215235411
52.5552920,-5.5433135,0.0337,0.0363,-0.0115,190.4383549,-46.5222985,48.6076417,-23.7634527,606.500,264.709,604.885,263.642,3569518101000032,35695r101-000032,101,35695r,32,10.353,0.018,59.0,112,10.252,0.019,56.6,45.6,74.9,1,0,0.00000,0.00000,0000,0000,3,AA,0,10,1.0,18.843,00,0000,0000,59596.76807990,0,,0,,16.410,4.195,0.000,45.955,5.140,0.000,1.456e+04,246.7,5711,100.9,7.50,7.50,10.292,0.012,2,0.260,10.029,0.025,2,0.326,11.168,0.016,2,10.981,0.041,2,10.552,0.012,2,10.355,0.025,2,10.208,0.010,2,10.011,0.020,2,10.002,0.010,2,9.806,0.018,2,9.868,0.009,2,9.674,0.019,2,9.776,0.009,2,9.584,0.020,2,9.712,0.009,2,9.522,0.021,2,9.666,0.009,3,9.476,0.022,3,531006101351062642,0.125212,105.3,1,10.355,0.023,10.100,0.020,5.877,0.014,3.916,0.023,1320415920,0.245935,-125.3,2,0.42,13.494,0.1180,12.693,0.1330,12.068,0.0910,0.6051522212988349,0.7902275465202200,-0.0965982079425868,102103023,9428215235417
52.5553536,-5.5433158,0.0364,0.0341,-0.0080,190.4384079,-46.5222492,48.6077057,-23.7634712,863.067,182.593,859.486,180.418,3570118077000059,35701r077-000059,77,35701r,59,10.325,0.017,62.1,120,10.317,0.018,58.8,54.2,83.8,1,0,0.00000,0.00000,0000,0000,3,AA,0,10,1.0,1.514,00,0000,0000,59596.96405324,0,,0,,17.625,3.878,0.000,46.031,5.355,0.000,1.494e+04,240.4,5376,91.38,7.50,7.50,10.266,0.010,0,0.260,10.065,0.013,2,0.326,11.157,0.013,0,11.040,0.018,0,10.526,0.010,0,10.391,0.013,2,10.176,0.009,2,10.033,0.013,2,9.966,0.008,2,9.823,0.014,2,9.832,0.008,2,9.691,0.016,2,9.738,0.008,2,9.603,0.017,2,9.670,0.008,2,9.542,0.017,2,9.622,0.008,3,9.498,0.018,3,531006101351062642,0.103010,-104.0,1,10.355,0.023,10.100,0.020,5.877,0.014,3.916,0.023,1320415920,0.442149,-107.6,2,0.41,13.494,0.1180,12.693,0.1330,12.068,0.0910,0.6051513693491960,0.7902281940540590,-0.0965982478974311,102103023,9428215235417
52.5553607,-5.5433135,0.0339,0.0309,-0.0060,190.4384109,-46.5222420,48.6077138,-23.7634708,340.553,935.674,343.343,935.729,3571318078000024,35713r078-000024,78,35713r,24,10.454,0.018,60.7,125,10.257,0.018,60.5,75.8,94.7,1,0,0.00000,0.00000,0000,0000,3,AA,0,10,1.0,105.817,00,0000,0001,59597.35612720,0,,0,,18.281,4.266,0.000,44.794,5.061,0.000,1.327e+04,218.5,5683,93.88,7.50,7.50,10.252,0.009,2,0.260,10.092,0.014,2,0.326,11.126,0.012,0,11.073,0.017,2,10.511,0.009,2,10.418,0.014,2,10.182,0.008,3,10.053,0.014,3,9.985,0.008,3,9.834,0.014,3,9.855,0.008,3,9.694,0.013,3,9.766,0.008,3,9.601,0.014,3,9.703,0.009,3,9.538,0.014,3,9.658,0.009,3,9.495,0.015,3,531006101351062642,0.129710,-104.8,1,10.355,0.023,10.100,0.020,5.877,0.014,3.916,0.023,1320415920,0.468902,-107.7,2,0.42,13.494,0.1180,12.693,0.1330,12.068,0.0910,0.6051512737830170,0.7902282721220950,-0.0965982079425868,102103023,9428215235419
52.5553018,-5.5433160,0.0356,0.0298,-0.0103,190.4383659,-46.5222919,48.6076513,-23.7634577,222.235,434.722,223.672,435.328,9612801151000031,96128a151-000031,151,96128a,31,10.418,0.015,72.4,126,10.189,0.017,63.8,45.6,79.8,1,0,0.00000,0.00000,0000,0000,3,AA,0,10,1.0,19.610,00,0000,0000,58342.27031198,0,,0,,21.004,3.277,0.000,57.301,4.395,0.000,1.371e+04,189.3,6050,94.8,7.50,7.50,10.276,0.009,0,0.260,10.023,0.014,0,0.326,11.159,0.012,0,10.994,0.018,0,10.536,0.009,0,10.349,0.014,0,10.195,0.008,0,9.997,0.013,2,9.989,0.008,2,9.790,0.013,2,9.854,0.007,2,9.659,0.013,2,9.761,0.007,2,9.568,0.015,2,9.695,0.007,3,9.505,0.018,3,9.646,0.007,3,9.460,0.021,3,531006101351062642,0.088970,105.7,1,10.355,0.023,10.100,0.020,5.877,0.014,3.916,0.023,1320415920,0.270797,-119.5,2,0.40,13.494,0.1180,12.693,0.1330,12.068,0.0910,0.6051520835738800,0.7902276466804420,-0.0965982513717653,102103023,9428215235417
52.5552918,-5.5434006,0.0350,0.0343,-0.0109,190.4384593,-46.5223478,48.6076164,-23.7635367,577.529,859.950,578.617,859.011,9613601152000032,96136a152-000032,152,96136a,32,10.309,0.019,57.3,136,10.278,0.019,55.9,55,90.7,1,0,0.00000,0.00000,0000,0000,3,AA,0,5,0.5,14.245,00,0000,0000,58342.53211852,0,,0,,22.562,3.942,0.000,57.104,4.470,0.000,1.516e+04,264.6,5574,99.75,7.50,7.50,10.259,0.011,3,0.260,10.014,0.024,3,0.326,11.109,0.015,2,10.973,0.034,2,10.519,0.011,3,10.340,0.024,3,10.194,0.009,3,9.995,0.020,3,9.994,0.008,3,9.791,0.018,5,9.862,0.008,3,9.661,0.018,5,9.769,0.008,3,9.576,0.020,5,9.704,0.008,3,9.518,0.024,5,9.656,0.009,3,9.477,0.027,5,531006101351062642,0.305616,23.4,1,10.355,0.023,10.100,0.020,5.877,0.014,3.916,0.023,1320415920,0.263326,-49.4,2,0.14,13.494,0.1180,12.693,0.1330,12.068,0.0910,0.6051521347743291,0.7902274278192860,-0.0965997210150598,102103023,9428215235423
52.5551332,-5.5433653,0.0362,0.0330,0.0051,190.4382877,-46.5224583,48.6074602,-23.7634609,398.720,650.281,399.959,650.086,9613201152000031,96132a152-000031,152,96132a,31,10.464,0.016,68.0,114,10.275,0.019,57.5,58.4,84.7,1,0,0.00000,0.00000,0000,0000,3,AA,0,0,0.0,2.962,00,0000,0000,58342.40121521,0,,0,,20.402,3.402,0.000,57.416,4.380,0.000,1.314e+04,193.2,5592,97.23,7.50,7.50,10.301,0.009,0,0.260,10.060,0.017,2,0.326,11.181,0.011,0,11.025,0.019,2,10.561,0.009,0,10.386,0.017,2,10.220,0.008,0,10.034,0.018,2,10.016,0.007,0,9.829,0.018,2,9.883,0.007,0,9.699,0.018,2,9.793,0.007,3,9.610,0.018,3,9.730,0.008,3,9.549,0.019,3,9.684,0.008,3,9.507,0.020,3,531006101351062642,0.706602,77.5,1,10.355,0.023,10.100,0.020,5.877,0.014,3.916,0.023,1320415920,0.371001,83.1,2,0.70,13.494,0.1180,12.693,0.1330,12.068,0.0910,0.6051543583793810,0.7902257999506370,-0.0965991077951292,102103023,9428215235520
52.5552360,-5.5432485,0.0371,0.0316,-0.0050,190.4382312,-46.5223080,48.6076018,-23.7633753,304.880,386.266,305.582,386.502,1967818176000029,19678r176-000029,176,19678r,29,10.377,0.015,70.1,117,10.231,0.019,55.9,52.9,83.4,1,0,0.00000,0.00000,0000,0000,3,AA,0,5,0.5,19.452,01,0000,0000,59073.28686987,0,,0,,28.086,4.640,0.000,88.152,6.338,0.000,1.424e+04,203.2,5819,104.1,7.50,7.50,10.279,0.009,0,0.260,10.028,0.060,2,0.326,11.157,0.012,0,10.992,0.103,2,10.539,0.009,0,10.354,0.060,2,10.200,0.008,0,10.005,0.045,2,9.994,0.007,0,9.801,0.039,2,9.860,0.007,0,9.674,0.037,2,9.768,0.007,2,9.590,0.037,2,9.702,0.007,2,9.530,0.043,2,9.654,0.007,3,9.485,0.056,3,531006101351062642,0.417920,129.7,1,10.355,0.023,10.100,0.020,5.877,0.014,3.916,0.023,1320415920,0.376200,180.0,2,0.70,13.494,0.1180,12.693,0.1330,12.068,0.0910,0.6051530602828260,0.7902270420586420,-0.0965970787838793,102103023,9428215234721
52.5551135,-5.5433452,0.0376,0.0311,-0.0048,190.4382475,-46.5224632,48.6074454,-23.7634364,130.405,455.599,132.388,456.632,1967418176000032,19674r176-000032,176,19674r,32,10.402,0.015,71.8,117,10.249,0.019,56.5,42.7,76.2,1,0,0.00000,0.00000,0000,0000,3,AA,0,10,1.0,41.300,01,0000,0000,59073.15609414,0,,0,,23.823,3.695,0.000,92.128,5.430,0.000,1.392e+04,193.9,5724,101.3,7.50,7.50,10.279,0.009,2,0.260,10.080,0.030,2,0.326,11.153,0.012,0,11.044,0.050,2,10.539,0.009,2,10.406,0.030,2,10.207,0.008,2,10.057,0.023,2,10.008,0.008,2,9.851,0.022,2,9.877,0.008,2,9.721,0.023,2,9.786,0.008,2,9.634,0.025,2,9.721,0.008,2,9.573,0.026,2,9.675,0.008,3,9.528,0.028,3,531006101351062642,0.764650,83.9,1,10.355,0.023,10.100,0.020,5.877,0.014,3.916,0.023,1320415920,0.439835,93.7,2,0.79,13.494,0.1180,12.693,0.1330,12.068,0.0910,0.6051546506864010,0.7902256187854290,-0.0965987586245575,102103023,9428215235520
52.5552374,-5.5432654,0.0368,0.0306,-0.0114,190.4382526,-46.5223163,48.6075984,-23.7633920,25.018,621.114,28.344,622.519,1968418152000047,19684r152-000047,152,19684r,47,10.318,0.016,68.4,120,10.230,0.019,56.5,54.1,80.8,1,0,0.00000,0.00000,0000,0000,3,AA,0,0,0.0,4.650,00,0000,0000,59073.48309720,0,,0,,22.464,3.739,0.000,77.226,6.552,0.000,1.504e+04,219.9,5828,103.2,7.50,7.50,10.334,0.009,2,0.260,10.035,0.026,2,0.326,11.250,0.012,2,11.007,0.042,2,10.593,0.009,2,10.361,0.026,2,10.230,0.008,2,10.009,0.020,2,10.012,0.008,2,9.801,0.018,2,9.873,0.007,2,9.669,0.018,2,9.778,0.008,2,9.582,0.017,2,9.711,0.008,2,9.523,0.017,2,9.662,0.008,2,9.480,0.017,2,531006101351062642,0.377699,123.1,1,10.355,0.023,10.100,0.020,5.877,0.014,3.916,0.023,1320415920,0.315400,-179.1,2,0.65,13.494,0.1180,12.693,0.1330,12.068,0.0910,0.6051530236506750,0.7902270342240850,-0.0965973723651552,102103023,9428215234721
52.5552193,-5.5432773,0.0356,0.0315,-0.0108,190.4382522,-46.5223379,48.6075759,-23.7633987,170.269,533.737,172.364,534.580,1968818151000034,19688r151-000034,151,19688r,34,10.408,0.015,71.8,124,10.160,0.018,59.4,48.3,82.9,1,0,0.00000,0.00000,0000,0000,3,AA,0,10,1.0,30.413,00,0000,0000,59073.61387297,0,,0,,23.609,3.451,0.000,77.555,5.267,0.000,1.384e+04,192.6,6217,104.7,7.50,7.50,10.271,0.009,0,0.260,10.098,0.022,2,0.326,11.159,0.012,0,11.075,0.022,2,10.531,0.009,0,10.424,0.022,2,10.187,0.008,0,10.064,0.029,2,9.979,0.008,2,9.851,0.042,2,9.843,0.007,2,9.714,0.052,2,9.751,0.007,3,9.620,0.051,3,9.686,0.007,3,9.552,0.048,3,9.638,0.008,3,9.500,0.047,3,531006101351062642,0.414805,113.2,1,10.355,0.023,10.100,0.020,5.877,0.014,3.916,0.023,1320415920,0.279012,167.6,2,0.65,13.494,0.1180,12.693,0.1330,12.068,0.0910,0.6051532610889230,0.7902268271248249,-0.0965975790880604,102103023,9428215234721
52.5551703,-5.5432002,0.0378,0.0355,-0.0132,190.4381197,-46.5223348,48.6075468,-23.7633115,939.400,972.847,938.909,970.456,1969418177000037,19694r177-000037,177,19694r,37,10.139,0.022,50.1,89.9,10.120,0.019,56.7,47.7,64.7,1,0,0.00000,0.00000,0000,0000,3,AA,0,10,1.0,92.182,00,0000,0000,59073.81010025,0,,0,,24.526,3.965,0.000,74.484,4.337,0.000,1.773e+04,353.7,6449,113.8,7.50,7.50,10.309,0.010,2,0.260,10.057,0.013,2,0.326,11.177,0.013,2,11.022,0.017,2,10.569,0.010,2,10.383,0.013,2,10.228,0.010,2,10.035,0.012,2,10.021,0.009,2,9.830,0.013,2,9.886,0.009,2,9.702,0.013,2,9.793,0.009,2,9.616,0.013,2,9.728,0.009,2,9.556,0.014,2,9.681,0.009,3,9.512,0.016,3,531006101351062642,0.710305,128.4,1,10.355,0.023,10.100,0.020,5.877,0.014,3.916,0.023,1320415920,0.598337,156.8,2,0.97,13.494,0.1180,12.693,0.1330,12.068,0.0910,0.6051540159304760,0.7902264127912020,-0.0965962397320208,102103023,9428215234722
52.5552926,-5.5432151,0.0342,0.0342,-0.0101,190.4382372,-46.5222426,48.6076708,-23.7633580,522.725,398.183,522.182,397.435,1969618151000028,19696r151-000028,151,19696r,28,10.355,0.017,64.2,124,10.318,0.020,55.4,56.1,85.5,1,0,0.00000,0.00000,0000,0000,3,AA,0,0,0.0,112.299,00,0000,0000,59073.87542447,0,,0,,22.939,3.938,0.000,72.862,6.074,0.000,1.453e+04,226.3,5374,97.04,7.50,7.50,10.308,0.009,2,0.260,10.066,0.020,2,0.326,11.201,0.012,2,11.049,0.024,2,10.567,0.009,2,10.392,0.020,2,10.220,0.008,2,10.029,0.022,2,10.012,0.008,2,9.812,0.026,2,9.875,0.008,3,9.667,0.030,3,9.780,0.008,3,9.567,0.035,3,9.713,0.008,3,9.497,0.040,3,9.664,0.008,3,9.451,0.044,3,531006101351062642,0.405110,163.0,1,10.355,0.023,10.100,0.020,5.877,0.014,3.916,0.023,1320415920,0.536268,-157.8,2,0.76,13.494,0.1180,12.693,0.1330,12.068,0.0910,0.6051523138880310,0.7902276845694430,-0.0965964985699721,102103023,9428215234726
52.5553429,-5.5432171,0.0392,0.0400,-0.0070,190.4382806,-46.5222024,48.6077230,-23.7633732,847.598,126.493,843.944,124.314,1970418141000025,19704r141-000025,141,19704r,25,10.407,0.018,59.9,140,10.311,0.022,50.5,72.9,102,1,0,0.00000,0.00000,0000,0000,3,AA,0,0,0.0,48.966,00,0000,0000,59074.13646669,0,,0,,24.731,4.341,0.000,71.971,5.324,0.000,1.385e+04,231.1,5406,107.1,7.50,7.50,10.311,0.010,2,0.260,10.143,0.019,2,0.326,11.224,0.015,2,11.126,0.023,2,10.571,0.010,2,10.469,0.019,2,10.209,0.009,2,10.094,0.019,2,9.991,0.008,3,9.871,0.018,3,9.848,0.008,3,9.729,0.020,3,9.751,0.008,3,9.637,0.022,3,9.683,0.008,3,9.573,0.024,3,9.632,0.008,3,9.524,0.026,3,531006101351062642,0.385123,-170.8,1,10.355,0.023,10.100,0.020,5.877,0.014,3.916,0.023,1320415920,0.621350,-141.9,1,0.75,13.494,0.1180,12.693,0.1330,12.068,0.0910,0.6051516180963580,0.7902282131556730,-0.0965965333133207,102103023,9428215234727
52.5551653,-5.5433089,0.0412,0.0397,-0.0081,190.4382461,-46.5224001,48.6075102,-23.7634150,798.809,165.944,795.676,163.918,1969018176000022,19690r176-000022,176,19690r,22,10.486,0.020,54.5,146,10.421,0.019,58.5,49.5,91.2,1,0,0.00000,0.00000,0000,0000,3,AA,0,0,0.0,49.970,00,0000,0000,59073.67919713,0,,0,,23.732,4.328,0.000,79.443,6.248,0.000,1.288e+04,236.5,4885,83.48,7.50,7.50,10.336,0.012,2,0.260,10.106,0.018,2,0.326,11.233,0.016,2,11.092,0.020,0,10.596,0.012,2,10.432,0.018,2,10.243,0.010,2,10.071,0.019,2,10.028,0.012,2,9.860,0.018,2,9.886,0.017,2,9.726,0.017,2,9.788,0.019,3,9.637,0.020,3,9.718,0.019,3,9.575,0.026,3,9.666,0.020,3,9.533,0.030,3,531006101351062642,0.576883,94.9,1,10.355,0.023,10.100,0.020,5.877,0.014,3.916,0.023,1320415920,0.298966,122.1,2,0.70,13.494,0.1180,12.693,0.1330,12.068,0.0910,0.6051539734682050,0.7902262144830320,-0.0965981280328977,102103023,9428215235408
52.5551168,-5.5433095,0.0347,0.0310,-0.0078,190.4382073,-46.5224403,48.6074591,-23.7634028,323.563,449.588,324.431,449.720,1969218151000031,19692r151-000031,151,19692r,31,10.423,0.015,71.0,115,10.241,0.017,64.3,57.2,82,1,0,0.00000,0.00000,0000,0000,3,AA,0,5,0.5,71.202,00,0000,0000,59073.74464869,0,,0,,23.717,3.417,0.000,75.632,5.124,0.000,1.366e+04,192.3,5770,89.73,7.50,7.50,10.316,0.009,0,0.260,10.044,0.013,0,0.326,11.193,0.012,0,11.019,0.017,0,10.575,0.009,0,10.370,0.013,0,10.236,0.008,1,10.016,0.012,3,10.032,0.008,1,9.812,0.013,3,9.899,0.008,1,9.686,0.016,3,9.808,0.008,3,9.605,0.020,3,9.743,0.008,19,9.550,0.023,3,9.696,0.008,19,9.510,0.024,3,531006101351062642,0.750030,93.6,1,10.355,0.023,10.100,0.020,5.877,0.014,3.916,0.023,1320415920,0.454917,110.1,2,0.84,13.494,0.1180,12.693,0.1330,12.068,0.0910,0.6051546417673440,0.7902257014260500,-0.0965981384559007,102103023,9428215235408
52.5552171,-5.5433333,0.0358,0.0332,-0.0092,190.4383176,-46.5223713,48.6075575,-23.7634521,429.676,285.931,429.294,285.535,1968218176000026,19682r176-000026,176,19682r,26,10.459,0.016,67.0,132,10.226,0.019,57.7,51.1,88.3,1,0,0.00000,0.00000,0000,0000,3,AA,0,0,0.0,3.513,01,0000,0000,59073.41764568,0,,0,,23.748,3.714,0.000,83.703,5.499,0.000,1.32e+04,197,5846,101.4,7.50,7.50,10.300,0.009,0,0.260,10.062,0.017,2,0.326,11.194,0.012,0,11.033,0.020,2,10.560,0.009,0,10.388,0.017,2,10.210,0.008,0,10.031,0.016,2,10.000,0.008,2,9.822,0.016,2,9.863,0.008,3,9.693,0.016,3,9.768,0.008,3,9.605,0.018,3,9.702,0.008,3,9.543,0.020,3,9.654,0.008,3,9.500,0.021,3,531006101351062642,0.390998,84.4,1,10.355,0.023,10.100,0.020,5.877,0.014,3.916,0.023,1320415920,0.098061,136.3,2,0.50,13.494,0.1180,12.693,0.1330,12.068,0.0910,0.6051532340284060,0.7902267289300330,-0.0965985519016760,102103023,9428215235410
52.5551936,-5.5433250,0.0344,0.0330,-0.0065,190.4382885,-46.5223859,48.6075352,-23.7634380,674.033,305.322,672.191,303.996,1970018151000275,19700r151-000275,151,19700r,275,10.398,0.017,65.2,105,10.231,0.018,59.8,55.8,76,1,0,0.00000,0.00000,0000,0000,3,AA,0,10,1.0,87.919,00,0000,0000,59074.00620028,0,,0,,25.843,5.080,0.000,72.933,7.073,0.000,1.397e+04,214.2,5822,97.42,7.50,7.50,10.253,0.013,0,0.260,10.026,0.018,0,0.326,11.130,0.016,0,10.993,0.021,0,10.512,0.013,0,10.352,0.018,0,10.175,0.014,0,10.002,0.019,0,9.969,0.015,2,9.798,0.019,2,9.837,0.016,2,9.674,0.020,2,9.749,0.016,2,9.593,0.025,2,9.687,0.016,2,9.538,0.033,2,9.642,0.016,3,9.498,0.035,3,531006101351062642,0.473408,89.0,1,10.355,0.023,10.100,0.020,5.877,0.014,3.916,0.023,1320415920,0.182324,123.6,2,0.58,13.494,0.1180,12.693,0.1330,12.068,0.0910,0.6051535666497170,0.7902264918349070,-0.0965984077168067,102103023,9428215235411
52.5553339,-5.5433562,0.0372,0.0359,-0.0069,190.4384403,-46.5222881,48.6076734,-23.7635049,630.282,923.807,631.454,922.652,1968618151000031,19686r151-000031,151,19686r,31,10.464,0.021,51.9,97.6,10.316,0.019,56.8,72.4,81.3,1,0,0.00000,0.00000,0000,0000,3,AA,0,0,0.0,17.318,00,0000,0000,59073.54803941,0,,0,,26.081,4.566,0.000,78.828,5.925,0.000,1.315e+04,253.3,5383,94.74,7.50,7.50,10.298,0.010,0,0.260,10.078,0.014,2,0.326,11.185,0.012,0,11.048,0.018,0,10.557,0.010,0,10.404,0.014,2,10.212,0.009,0,10.051,0.013,2,10.004,0.008,0,9.842,0.016,2,9.866,0.009,1,9.710,0.027,3,9.771,0.011,3,9.619,0.045,3,9.705,0.011,3,9.553,0.052,3,9.658,0.011,3,9.507,0.053,3,531006101351062642,0.124128,-13.7,1,10.355,0.023,10.100,0.020,5.877,0.014,3.916,0.023,1320415920,0.350981,-88.1,2,0.25,13.494,0.1180,12.693,0.1330,12.068,0.0910,0.6051515996408940,0.7902279319072610,-0.0965989497129315,102103023,9428215235417
52.5550836,-5.5432954,0.0404,0.0392,-0.0061,190.4381633,-46.5224597,48.6074284,-23.7633805,942.145,57.141,937.543,54.571,1969418176000028,19694r176-000028,176,19694r,28,10.438,0.020,55.0,93.8,10.270,0.020,55.2,53.9,68.8,1,0,0.00000,0.00000,0000,0000,3,AA,0,5,0.5,92.436,00,0000,0000,59073.80997294,0,,0,,24.174,4.245,0.000,75.577,5.160,0.000,1.346e+04,244.6,5617,101.8,7.50,7.50,10.345,0.010,2,0.260,10.085,0.020,0,0.326,11.248,0.013,2,11.074,0.018,0,10.605,0.010,2,10.411,0.020,0,10.246,0.010,2,10.039,0.026,0,10.029,0.013,2,9.819,0.031,2,9.888,0.013,2,9.683,0.033,2,9.793,0.012,2,9.595,0.032,2,9.726,0.012,3,9.533,0.030,3,9.679,0.013,3,9.490,0.030,3,531006101351062642,0.873034,96.5,1,10.355,0.023,10.100,0.020,5.877,0.014,3.916,0.023,1320415920,0.584119,110.8,2,0.97,13.494,0.1180,12.693,0.1330,12.068,0.0910,0.6051551141162850,0.7902253696429310,-0.0965978935153284,102103023,9428215235488
52.5551481,-5.5432790,0.0374,0.0336,0.0082,190.4381962,-46.5223974,48.6075008,-23.7633816,770.140,730.446,769.377,728.758,3083018176000023,30830r176-000023,176,30830r,23,10.360,0.018,60.4,128,10.454,0.019,57.5,54.6,88.7,1,0,0.00000,0.00000,0000,0000,3,AA,0,0,0.0,97.269,00,0000,0000,59437.82439591,0,,0,,24.570,4.762,0.000,63.971,5.721,0.000,1.447e+04,239.8,4739,82.48,7.50,7.50,10.321,0.009,2,0.260,10.063,0.030,2,0.326,11.210,0.013,2,11.033,0.037,2,10.580,0.009,2,10.389,0.030,2,10.230,0.008,2,10.042,0.031,2,10.020,0.008,2,9.837,0.031,2,9.885,0.008,3,9.705,0.033,3,9.793,0.008,3,9.618,0.033,3,9.728,0.008,3,9.558,0.033,3,9.681,0.009,3,9.513,0.035,3,531006101351062642,0.655528,103.9,1,10.355,0.023,10.100,0.020,5.877,0.014,3.916,0.023,1320415920,0.412515,130.2,2,0.81,13.494,0.1180,12.693,0.1330,12.068,0.0910,0.6051542413405390,0.7902260728402170,-0.0965976086199037,102103023,9428215234720
52.5552960,-5.5433389,0.0362,0.0298,-0.0103,190.4383886,-46.5223096,48.6076386,-23.7634783,108.900,665.493,111.889,666.579,3081418176000035,30814r176-000035,176,30814r,35,10.403,0.015,70.1,117,10.269,0.017,63.2,47.1,78.2,1,0,0.00000,0.00000,0000,0000,3,AA,0,10,1.0,17.319,00,0000,0000,59437.30154740,0,,0,,21.403,3.187,0.000,62.433,5.007,0.000,1.391e+04,198.5,5619,88.94,7.50,7.50,10.305,0.009,0,0.260,10.101,0.023,0,0.326,11.188,0.012,0,11.073,0.035,0,10.564,0.009,0,10.427,0.023,0,10.218,0.008,0,10.068,0.018,0,10.007,0.007,0,9.855,0.016,0,9.870,0.007,2,9.719,0.015,2,9.774,0.007,2,9.631,0.015,2,9.706,0.007,3,9.572,0.016,3,9.655,0.007,3,9.529,0.016,3,531006101351062642,0.121353,61.3,1,10.355,0.023,10.100,0.020,5.877,0.014,3.916,0.023,1320415920,0.220901,-103.3,2,0.32,13.494,0.1180,12.693,0.1330,12.068,0.0910,0.6051521400941090,0.7902275547685820,-0.0965986491830325,102103023,9428215235421
52.5551439,-5.5432414,0.0390,0.0351,-0.0088,190.4381476,-46.5223797,48.6075072,-23.7633443,872.294,903.294,871.762,901.220,3084418152000032,30844r152-000032,152,30844r,32,10.409,0.019,56.2,96.1,10.218,0.022,49.3,45.5,68.5,1,0,0.00000,0.00000,0000,0000,3,AA,0,5,0.5,19.294,00,0000,0000,59438.28192027,0,,0,,22.891,4.195,0.000,63.569,6.132,0.000,1.383e+04,245.9,5891,119.6,7.50,7.50,10.298,0.009,2,0.260,10.128,0.018,2,0.326,11.170,0.012,0,11.091,0.025,2,10.557,0.009,2,10.454,0.018,2,10.221,0.009,2,10.098,0.018,2,10.018,0.009,2,9.884,0.019,2,9.886,0.009,2,9.750,0.022,2,9.796,0.008,3,9.666,0.026,3,9.732,0.008,3,9.611,0.027,3,9.686,0.008,3,9.573,0.027,3,531006101351062642,0.714149,114.2,1,10.355,0.023,10.100,0.020,5.877,0.014,3.916,0.023,1320415920,0.519921,140.6,2,0.91,13.494,0.1180,12.693,0.1330,12.068,0.0910,0.6051543378089330,0.7902260788089630,-0.0965969554449976,102103023,9428215234720
52.5552236,-5.5432803,0.0361,0.0354,-0.0131,190.4382593,-46.5223361,48.6075796,-23.7634027,614.480,257.207,612.793,256.093,3082618176000029,30826r176-000029,176,30826r,29,10.418,0.017,64.5,130,10.314,0.021,51.2,57.6,91.6,1,0,0.00000,0.00000,0000,0000,3,AA,0,10,1.0,55.215,00,0000,0000,59437.69362012,0,,0,,22.113,4.056,0.000,64.250,5.911,0.000,1.372e+04,212.6,5391,105.2,7.50,7.50,10.274,0.015,2,0.260,10.128,0.075,2,0.326,11.156,0.020,0,11.111,0.094,2,10.534,0.015,2,10.454,0.075,2,10.195,0.012,2,10.096,0.105,2,9.990,0.011,3,9.886,0.115,3,9.857,0.011,3,9.756,0.108,3,9.766,0.012,3,9.670,0.101,3,9.700,0.013,3,9.609,0.098,3,9.651,0.013,3,9.566,0.095,3,531006101351062642,0.396407,112.6,1,10.355,0.023,10.100,0.020,5.877,0.014,3.916,0.023,1320415920,0.265465,170.4,2,0.62,13.494,0.1180,12.693,0.1330,12.068,0.0910,0.6051531987079150,0.7902268685254460,-0.0965976312030779,102103023,9428215234721
52.5552167,-5.5432879,0.0367,0.0339,-0.0031,190.4382628,-46.5223460,48.6075701,-23.7634082,378.292,418.293,378.707,418.194,3083218151000028,30832r151-000028,151,30832r,28,10.458,0.016,68.8,95.3,10.316,0.019,57.4,54,72.6,1,0,0.00000,0.00000,0000,0000,3,AA,0,5,0.5,116.863,00,0000,0001,59437.88972019,0,,0,,21.816,3.497,0.000,64.077,7.372,0.000,1.322e+04,192.1,5385,93.88,7.50,7.50,10.313,0.010,0,0.260,10.122,0.016,2,0.326,11.196,0.013,0,11.101,0.021,2,10.573,0.010,0,10.448,0.016,2,10.229,0.009,0,10.085,0.014,2,10.019,0.009,2,9.870,0.014,2,9.884,0.009,2,9.735,0.015,2,9.791,0.009,3,9.648,0.019,3,9.725,0.009,3,9.588,0.025,3,9.678,0.009,3,9.546,0.030,3,531006101351062642,0.410166,107.8,1,10.355,0.023,10.100,0.020,5.877,0.014,3.916,0.023,1320415920,0.244350,163.6,2,0.62,13.494,0.1180,12.693,0.1330,12.068,0.0910,0.6051532860827460,0.7902267854753110,-0.0965977632277876,102103023,9428215234721
52.5552401,-5.5432973,0.0343,0.0316,-0.0089,190.4382931,-46.5223321,48.6075920,-23.7634235,272.331,223.303,272.616,223.634,3081818176000032,30818r176-000032,176,30818r,32,10.345,0.016,67.4,131,10.393,0.018,59.6,57.3,92.1,1,0,0.00000,0.00000,0000,0000,3,AA,0,5,0.5,3.780,00,0101,0000,59437.43219593,0,,0,,22.011,3.655,0.000,63.891,4.210,0.000,1.466e+04,217.6,5015,84.21,7.50,7.50,10.352,0.009,2,0.260,10.115,0.014,2,0.326,11.259,0.012,2,11.083,0.019,2,10.612,0.009,2,10.441,0.014,2,10.255,0.008,2,10.086,0.012,2,10.039,0.007,2,9.874,0.012,2,9.898,0.007,2,9.741,0.015,2,9.802,0.007,2,9.654,0.020,2,9.733,0.007,2,9.594,0.026,2,9.682,0.007,3,9.550,0.028,3,531006101351062642,0.320059,106.6,1,10.355,0.023,10.100,0.020,5.877,0.014,3.916,0.023,1320415920,0.201057,-175.8,2,0.54,13.494,0.1180,12.693,0.1330,12.068,0.0910,0.6051529537130240,0.7902270200418030,-0.0965979265215051,102103023,9428215235410
52.5552489,-5.5433336,0.0360,0.0333,0.0124,190.4383439,-46.5223453,48.6075907,-23.7634608,525.296,881.260,526.780,880.570,3083618152000035,30836r152-000035,152,30836r,35,10.461,0.017,63.0,122,10.301,0.020,54.2,62.7,88.6,1,0,0.00000,0.00000,0000,0000,3,AA,0,10,1.0,82.364,00,0000,0000,59438.02049603,0,,0,,21.608,3.401,0.000,63.177,5.777,0.000,1.318e+04,209.3,5457,100.7,7.50,7.50,10.290,0.013,0,0.260,10.098,0.015,2,0.326,11.165,0.016,0,11.055,0.019,2,10.549,0.013,0,10.424,0.015,2,10.210,0.011,2,10.070,0.013,2,10.006,0.010,2,9.857,0.014,2,9.875,0.010,2,9.722,0.015,2,9.786,0.009,3,9.633,0.018,3,9.723,0.009,3,9.573,0.022,3,9.677,0.009,3,9.533,0.024,3,531006101351062642,0.277971,81.9,1,10.355,0.023,10.100,0.020,5.877,0.014,3.916,0.023,1320415920,0.083751,-146.5,2,0.42,13.494,0.1180,12.693,0.1330,12.068,0.0910,0.6051527951333430,0.7902270643972880,-0.0965985571131773,102103023,9428215235410
52.5552199,-5.5433100,0.0421,0.0358,-0.0093,190.4382919,-46.5223559,48.6075671,-23.7634304,704.015,314.967,701.990,313.434,3084018142000027,30840r142-000027,142,30840r,27,10.423,0.018,60.4,111,10.352,0.022,48.6,43.7,74.2,1,0,0.00000,0.00000,0000,0000,3,AA,0,10,1.0,44.251,00,0000,0000,59438.15063516,0,,0,,23.553,4.912,0.000,64.320,5.565,0.000,1.366e+04,225.9,5207,107.2,7.50,7.50,10.279,0.012,0,0.260,10.071,0.068,2,0.326,11.172,0.016,0,11.049,0.084,2,10.539,0.012,0,10.397,0.068,2,10.194,0.012,2,10.042,0.054,2,9.994,0.013,3,9.841,0.046,3,9.865,0.012,3,9.715,0.043,3,9.774,0.012,3,9.629,0.041,3,9.709,0.012,3,9.568,0.041,3,9.661,0.012,3,9.525,0.043,3,531006101351062642,0.381846,96.9,1,10.355,0.023,10.100,0.020,5.877,0.014,3.916,0.023,1320415920,0.165200,159.6,2,0.55,13.494,0.1180,12.693,0.1330,12.068,0.0910,0.6051532192944790,0.7902267896916120,-0.0965981471417365,102103023,9428215235410
52.5552235,-5.5433770,0.0377,0.0335,-0.0082,190.4383753,-46.5223906,48.6075516,-23.7634960,459.340,701.847,460.417,701.383,3082218176000031,30822r176-000031,176,30822r,31,10.568,0.017,63.2,121,10.318,0.021,52.5,62.8,85.8,1,0,0.00000,0.00000,0000,0000,3,AA,0,5,0.5,19.309,00,0000,0000,59437.56297168,0,,0,,22.851,3.890,0.000,64.178,6.085,0.000,1.195e+04,189.1,5372,102.3,7.50,7.50,10.305,0.012,2,0.260,10.103,0.040,0,0.326,11.194,0.015,2,11.080,0.053,0,10.564,0.012,2,10.429,0.040,0,10.219,0.010,2,10.067,0.037,2,10.009,0.009,2,9.855,0.036,2,9.872,0.009,2,9.722,0.035,2,9.780,0.008,2,9.632,0.034,2,9.715,0.008,3,9.566,0.034,3,9.666,0.008,3,9.518,0.035,3,531006101351062642,0.415108,61.9,1,10.355,0.023,10.100,0.020,5.877,0.014,3.916,0.023,1320415920,0.097319,27.4,2,0.38,13.494,0.1180,12.693,0.1330,12.068,0.0910,0.6051531009639560,0.7902267380313061,-0.0965993110436655,102103023,9428215235411
52.5552002,-5.5433257,0.0336,0.0308,0.0076,190.4382947,-46.5223809,48.6075419,-23.7634404,166.402,831.205,169.775,832.023,3082818152000028,30828r152-000028,152,30828r,28,10.421,0.016,69.7,134,10.228,0.018,58.8,59.7,94.9,1,0,0.00000,0.00000,0000,0000,3,AA,0,10,1.0,76.517,00,0000,0000,59437.75907170,0,,0,,26.263,5.656,0.000,63.514,5.367,0.000,1.368e+04,196.3,5835,99.26,7.50,7.50,10.258,0.013,2,0.260,10.117,0.027,2,0.326,11.139,0.018,0,11.083,0.025,2,10.518,0.013,2,10.443,0.027,2,10.181,0.011,2,10.086,0.028,2,9.981,0.012,2,9.873,0.028,2,9.853,0.012,2,9.743,0.029,2,9.764,0.012,2,9.660,0.030,2,9.699,0.012,3,9.600,0.030,3,9.653,0.012,3,9.557,0.030,3,531006101351062642,0.449817,88.6,1,10.355,0.023,10.100,0.020,5.877,0.014,3.916,0.023,1320415920,0.161598,127.5,2,0.56,13.494,0.1180,12.693,0.1330,12.068,0.0910,0.6051534749046150,0.7902265606066030,-0.0965984198769765,102103023,9428215235411
52.5551989,-5.5433360,0.0366,0.0331,-0.0123,190.4383060,-46.5223878,48.6075376,-23.7634500,968.395,286.696,964.564,284.081,3083418176000022,30834r176-000022,176,30834r,22,10.438,0.017,62.2,136,10.319,0.020,54.9,69.4,101,1,0,0.00000,0.00000,0000,0000,3,AA,0,5,0.5,103.589,00,0000,0000,59437.95504440,0,,0,,21.479,3.319,0.000,63.620,5.100,0.000,1.346e+04,216.5,5368,97.71,7.50,7.50,10.302,0.012,0,0.260,10.154,0.030,2,0.326,11.196,0.018,0,11.132,0.043,2,10.562,0.012,0,10.480,0.030,2,10.212,0.010,0,10.115,0.024,2,10.001,0.009,0,9.893,0.022,2,9.864,0.008,2,9.750,0.020,2,9.771,0.008,2,9.654,0.020,2,9.705,0.008,2,9.586,0.021,2,9.658,0.008,3,9.537,0.023,3,531006101351062642,0.456861,84.0,1,10.355,0.023,10.100,0.020,5.877,0.014,3.916,0.023,1320415920,0.146346,114.7,2,0.54,13.494,0.1180,12.693,0.1330,12.068,0.0910,0.6051534822761730,0.7902265330890220,-0.0965985988051873,102103023,9428215235411
