ra,dec,clon,clat,sigra,sigdec,sigradec,w1mpro,w1sigmpro,w1snr,w1rchi2,w2mpro,w2sigmpro,w2snr,w2rchi2,nb,na,cc_flags,ph_qual,qual_frame,mjd,allwise_cntr,w1mpro_allwise,w1sigmpro_allwise,w2mpro_allwise,w2sigmpro_allwise,w3mpro_allwise,w3sigmpro_allwise,w4mpro_allwise,w4sigmpro_allwise,tmass_key,j_m_2mass,j_msig_2mass,h_m_2mass,h_msig_2mass,k_m_2mass,k_msig_2mass,dist,angle
37.5662384,1.0522168,b'02h30m15.90s',b'01d03m07.98s',1.6492,1.5379,0.7488,17.049,,-0.3,1.488,14.842,0.468,2.3,0.904,1,0,b'0000',b'UC',5,59058.44069752,,,,,,,,,,,,,,,,,6.480666,293.464549
37.5662107,1.0525372,b'02h30m15.89s',b'01d03m09.13s',0.5234,0.5320,-0.1826,15.563,0.203,5.3,0.909,15.434,,-0.1,0.820,1,0,b'0000',b'BU',0,56869.75350939,,,,,,,,,,,,,,,,,7.104763,301.7054
37.5666590,1.0533654,b'02h30m16.00s',b'01d03m12.12s',0.5396,0.4809,0.1362,16.571,,-1.0,1.441,12.874,0.172,6.3,2.177,1,0,b'0000',b'UB',10,57405.35569970,,,,,,,,,,,,,,,,,8.04547,326.583153
37.5653639,1.0516264,b'02h30m15.69s',b'01d03m05.86s',1.3068,1.4136,-0.5857,16.863,,-0.9,1.039,14.665,0.415,2.6,0.366,1,0,b'0000',b'UC',10,56869.49042505,,,,,,,,,,,,,,,,,9.103808,272.865059
