ra,dec,clon,clat,sigra,sigdec,sigradec,w1mpro,w1sigmpro,w1snr,w1rchi2,w2mpro,w2sigmpro,w2snr,w2rchi2,nb,na,cc_flags,ph_qual,qual_frame,mjd,allwise_cntr,w1mpro_allwise,w1sigmpro_allwise,w2mpro_allwise,w2sigmpro_allwise,w3mpro_allwise,w3sigmpro_allwise,w4mpro_allwise,w4sigmpro_allwise,tmass_key,j_m_2mass,j_msig_2mass,h_m_2mass,h_msig_2mass,k_m_2mass,k_msig_2mass,dist,angle
47.9096720,-0.6237372,b'03h11m38.32s',b'-00d37m25.45s',0.0594,0.0507,-0.0086,11.273,0.024,44.3,89.380,15.100,0.317,3.4,2.176,1,0,b'0000',b'AB',10,58495.87335192,,,,,,,,,,,,,,,,,5.478449,283.79231
47.9098069,-0.6263666,b'03h11m38.35s',b'-00d37m34.92s',1.9766,1.7078,-0.9115,16.108,,0.5,0.442,14.286,,1.9,0.808,1,0,b'0000',b'UU',10,58133.33629745,,,,,,,,,,,,,,,,,9.484602,210.647848
47.9095062,-0.6262408,b'03h11m38.28s',b'-00d37m34.47s',0.5743,0.4925,-0.2311,15.588,0.178,6.1,2.467,15.398,,-0.3,1.221,1,0,b'0000',b'BU',10,58862.73137535,,,,,,,,,,,,,,,,,9.71652,217.516976
47.9094720,-0.6262389,b'03h11m38.27s',b'-00d37m34.46s',0.0819,0.0689,-0.0064,15.957,0.206,5.3,2.003,10.961,0.032,33.4,17.940,1,0,b'0000',b'BA',5,58863.18928292,,,,,,,,,,,,,,,,,9.7866,218.113065
